ARM GAS  C:\Users\ADMINI~1\AppData\Local\Temp\ccrv5aWF.s 			page 1


   1              		.cpu cortex-m0
   2              		.arch armv6s-m
   3              		.fpu softvfp
   4              		.eabi_attribute 20, 1
   5              		.eabi_attribute 21, 1
   6              		.eabi_attribute 23, 3
   7              		.eabi_attribute 24, 1
   8              		.eabi_attribute 25, 1
   9              		.eabi_attribute 26, 1
  10              		.eabi_attribute 30, 1
  11              		.eabi_attribute 34, 0
  12              		.eabi_attribute 18, 4
  13              		.file	"stm32f0xx_hal_spi.c"
  14              		.text
  15              	.Ltext0:
  16              		.cfi_sections	.debug_frame
  17              		.file 1 "Drivers/STM32F0xx_HAL_Driver/Src/stm32f0xx_hal_spi.c"
  18              		.section	.text.SPI_WaitFlagStateUntilTimeout,"ax",%progbits
  19              		.align	1
  20              		.syntax unified
  21              		.code	16
  22              		.thumb_func
  24              	SPI_WaitFlagStateUntilTimeout:
  25              	.LVL0:
  26              	.LFB87:
   1:Drivers/STM32F0xx_HAL_Driver/Src/stm32f0xx_hal_spi.c **** /**
   2:Drivers/STM32F0xx_HAL_Driver/Src/stm32f0xx_hal_spi.c ****   ******************************************************************************
   3:Drivers/STM32F0xx_HAL_Driver/Src/stm32f0xx_hal_spi.c ****   * @file    stm32f0xx_hal_spi.c
   4:Drivers/STM32F0xx_HAL_Driver/Src/stm32f0xx_hal_spi.c ****   * @author  MCD Application Team
   5:Drivers/STM32F0xx_HAL_Driver/Src/stm32f0xx_hal_spi.c ****   * @brief   SPI HAL module driver.
   6:Drivers/STM32F0xx_HAL_Driver/Src/stm32f0xx_hal_spi.c ****   *          This file provides firmware functions to manage the following
   7:Drivers/STM32F0xx_HAL_Driver/Src/stm32f0xx_hal_spi.c ****   *          functionalities of the Serial Peripheral Interface (SPI) peripheral:
   8:Drivers/STM32F0xx_HAL_Driver/Src/stm32f0xx_hal_spi.c ****   *           + Initialization and de-initialization functions
   9:Drivers/STM32F0xx_HAL_Driver/Src/stm32f0xx_hal_spi.c ****   *           + IO operation functions
  10:Drivers/STM32F0xx_HAL_Driver/Src/stm32f0xx_hal_spi.c ****   *           + Peripheral Control functions
  11:Drivers/STM32F0xx_HAL_Driver/Src/stm32f0xx_hal_spi.c ****   *           + Peripheral State functions
  12:Drivers/STM32F0xx_HAL_Driver/Src/stm32f0xx_hal_spi.c ****   ******************************************************************************
  13:Drivers/STM32F0xx_HAL_Driver/Src/stm32f0xx_hal_spi.c ****   * @attention
  14:Drivers/STM32F0xx_HAL_Driver/Src/stm32f0xx_hal_spi.c ****   *
  15:Drivers/STM32F0xx_HAL_Driver/Src/stm32f0xx_hal_spi.c ****   * Copyright (c) 2016 STMicroelectronics.
  16:Drivers/STM32F0xx_HAL_Driver/Src/stm32f0xx_hal_spi.c ****   * All rights reserved.
  17:Drivers/STM32F0xx_HAL_Driver/Src/stm32f0xx_hal_spi.c ****   *
  18:Drivers/STM32F0xx_HAL_Driver/Src/stm32f0xx_hal_spi.c ****   * This software is licensed under terms that can be found in the LICENSE file
  19:Drivers/STM32F0xx_HAL_Driver/Src/stm32f0xx_hal_spi.c ****   * in the root directory of this software component.
  20:Drivers/STM32F0xx_HAL_Driver/Src/stm32f0xx_hal_spi.c ****   * If no LICENSE file comes with this software, it is provided AS-IS.
  21:Drivers/STM32F0xx_HAL_Driver/Src/stm32f0xx_hal_spi.c ****   *
  22:Drivers/STM32F0xx_HAL_Driver/Src/stm32f0xx_hal_spi.c ****   ******************************************************************************
  23:Drivers/STM32F0xx_HAL_Driver/Src/stm32f0xx_hal_spi.c ****   @verbatim
  24:Drivers/STM32F0xx_HAL_Driver/Src/stm32f0xx_hal_spi.c ****   ==============================================================================
  25:Drivers/STM32F0xx_HAL_Driver/Src/stm32f0xx_hal_spi.c ****                         ##### How to use this driver #####
  26:Drivers/STM32F0xx_HAL_Driver/Src/stm32f0xx_hal_spi.c ****   ==============================================================================
  27:Drivers/STM32F0xx_HAL_Driver/Src/stm32f0xx_hal_spi.c ****     [..]
  28:Drivers/STM32F0xx_HAL_Driver/Src/stm32f0xx_hal_spi.c ****       The SPI HAL driver can be used as follows:
  29:Drivers/STM32F0xx_HAL_Driver/Src/stm32f0xx_hal_spi.c **** 
  30:Drivers/STM32F0xx_HAL_Driver/Src/stm32f0xx_hal_spi.c ****       (#) Declare a SPI_HandleTypeDef handle structure, for example:
  31:Drivers/STM32F0xx_HAL_Driver/Src/stm32f0xx_hal_spi.c ****           SPI_HandleTypeDef  hspi;
  32:Drivers/STM32F0xx_HAL_Driver/Src/stm32f0xx_hal_spi.c **** 
ARM GAS  C:\Users\ADMINI~1\AppData\Local\Temp\ccrv5aWF.s 			page 2


  33:Drivers/STM32F0xx_HAL_Driver/Src/stm32f0xx_hal_spi.c ****       (#)Initialize the SPI low level resources by implementing the HAL_SPI_MspInit() API:
  34:Drivers/STM32F0xx_HAL_Driver/Src/stm32f0xx_hal_spi.c ****           (##) Enable the SPIx interface clock
  35:Drivers/STM32F0xx_HAL_Driver/Src/stm32f0xx_hal_spi.c ****           (##) SPI pins configuration
  36:Drivers/STM32F0xx_HAL_Driver/Src/stm32f0xx_hal_spi.c ****               (+++) Enable the clock for the SPI GPIOs
  37:Drivers/STM32F0xx_HAL_Driver/Src/stm32f0xx_hal_spi.c ****               (+++) Configure these SPI pins as alternate function push-pull
  38:Drivers/STM32F0xx_HAL_Driver/Src/stm32f0xx_hal_spi.c ****           (##) NVIC configuration if you need to use interrupt process
  39:Drivers/STM32F0xx_HAL_Driver/Src/stm32f0xx_hal_spi.c ****               (+++) Configure the SPIx interrupt priority
  40:Drivers/STM32F0xx_HAL_Driver/Src/stm32f0xx_hal_spi.c ****               (+++) Enable the NVIC SPI IRQ handle
  41:Drivers/STM32F0xx_HAL_Driver/Src/stm32f0xx_hal_spi.c ****           (##) DMA Configuration if you need to use DMA process
  42:Drivers/STM32F0xx_HAL_Driver/Src/stm32f0xx_hal_spi.c ****               (+++) Declare a DMA_HandleTypeDef handle structure for the transmit or receive Stream
  43:Drivers/STM32F0xx_HAL_Driver/Src/stm32f0xx_hal_spi.c ****               (+++) Enable the DMAx clock
  44:Drivers/STM32F0xx_HAL_Driver/Src/stm32f0xx_hal_spi.c ****               (+++) Configure the DMA handle parameters
  45:Drivers/STM32F0xx_HAL_Driver/Src/stm32f0xx_hal_spi.c ****               (+++) Configure the DMA Tx or Rx Stream/Channel
  46:Drivers/STM32F0xx_HAL_Driver/Src/stm32f0xx_hal_spi.c ****               (+++) Associate the initialized hdma_tx(or _rx)  handle to the hspi DMA Tx or Rx hand
  47:Drivers/STM32F0xx_HAL_Driver/Src/stm32f0xx_hal_spi.c ****               (+++) Configure the priority and enable the NVIC for the transfer complete interrupt 
  48:Drivers/STM32F0xx_HAL_Driver/Src/stm32f0xx_hal_spi.c **** 
  49:Drivers/STM32F0xx_HAL_Driver/Src/stm32f0xx_hal_spi.c ****       (#) Program the Mode, BidirectionalMode , Data size, Baudrate Prescaler, NSS
  50:Drivers/STM32F0xx_HAL_Driver/Src/stm32f0xx_hal_spi.c ****           management, Clock polarity and phase, FirstBit and CRC configuration in the hspi Init str
  51:Drivers/STM32F0xx_HAL_Driver/Src/stm32f0xx_hal_spi.c **** 
  52:Drivers/STM32F0xx_HAL_Driver/Src/stm32f0xx_hal_spi.c ****       (#) Initialize the SPI registers by calling the HAL_SPI_Init() API:
  53:Drivers/STM32F0xx_HAL_Driver/Src/stm32f0xx_hal_spi.c ****           (++) This API configures also the low level Hardware GPIO, CLOCK, CORTEX...etc)
  54:Drivers/STM32F0xx_HAL_Driver/Src/stm32f0xx_hal_spi.c ****               by calling the customized HAL_SPI_MspInit() API.
  55:Drivers/STM32F0xx_HAL_Driver/Src/stm32f0xx_hal_spi.c ****      [..]
  56:Drivers/STM32F0xx_HAL_Driver/Src/stm32f0xx_hal_spi.c ****        Circular mode restriction:
  57:Drivers/STM32F0xx_HAL_Driver/Src/stm32f0xx_hal_spi.c ****       (#) The DMA circular mode cannot be used when the SPI is configured in these modes:
  58:Drivers/STM32F0xx_HAL_Driver/Src/stm32f0xx_hal_spi.c ****           (##) Master 2Lines RxOnly
  59:Drivers/STM32F0xx_HAL_Driver/Src/stm32f0xx_hal_spi.c ****           (##) Master 1Line Rx
  60:Drivers/STM32F0xx_HAL_Driver/Src/stm32f0xx_hal_spi.c ****       (#) The CRC feature is not managed when the DMA circular mode is enabled
  61:Drivers/STM32F0xx_HAL_Driver/Src/stm32f0xx_hal_spi.c ****       (#) When the SPI DMA Pause/Stop features are used, we must use the following APIs
  62:Drivers/STM32F0xx_HAL_Driver/Src/stm32f0xx_hal_spi.c ****           the HAL_SPI_DMAPause()/ HAL_SPI_DMAStop() only under the SPI callbacks
  63:Drivers/STM32F0xx_HAL_Driver/Src/stm32f0xx_hal_spi.c ****      [..]
  64:Drivers/STM32F0xx_HAL_Driver/Src/stm32f0xx_hal_spi.c ****        Master Receive mode restriction:
  65:Drivers/STM32F0xx_HAL_Driver/Src/stm32f0xx_hal_spi.c ****       (#) In Master unidirectional receive-only mode (MSTR =1, BIDIMODE=0, RXONLY=1) or
  66:Drivers/STM32F0xx_HAL_Driver/Src/stm32f0xx_hal_spi.c ****           bidirectional receive mode (MSTR=1, BIDIMODE=1, BIDIOE=0), to ensure that the SPI
  67:Drivers/STM32F0xx_HAL_Driver/Src/stm32f0xx_hal_spi.c ****           does not initiate a new transfer the following procedure has to be respected:
  68:Drivers/STM32F0xx_HAL_Driver/Src/stm32f0xx_hal_spi.c ****           (##) HAL_SPI_DeInit()
  69:Drivers/STM32F0xx_HAL_Driver/Src/stm32f0xx_hal_spi.c ****           (##) HAL_SPI_Init()
  70:Drivers/STM32F0xx_HAL_Driver/Src/stm32f0xx_hal_spi.c ****      [..]
  71:Drivers/STM32F0xx_HAL_Driver/Src/stm32f0xx_hal_spi.c ****        Callback registration:
  72:Drivers/STM32F0xx_HAL_Driver/Src/stm32f0xx_hal_spi.c **** 
  73:Drivers/STM32F0xx_HAL_Driver/Src/stm32f0xx_hal_spi.c ****       (#) The compilation flag USE_HAL_SPI_REGISTER_CALLBACKS when set to 1U
  74:Drivers/STM32F0xx_HAL_Driver/Src/stm32f0xx_hal_spi.c ****           allows the user to configure dynamically the driver callbacks.
  75:Drivers/STM32F0xx_HAL_Driver/Src/stm32f0xx_hal_spi.c ****           Use Functions HAL_SPI_RegisterCallback() to register an interrupt callback.
  76:Drivers/STM32F0xx_HAL_Driver/Src/stm32f0xx_hal_spi.c **** 
  77:Drivers/STM32F0xx_HAL_Driver/Src/stm32f0xx_hal_spi.c ****           Function HAL_SPI_RegisterCallback() allows to register following callbacks:
  78:Drivers/STM32F0xx_HAL_Driver/Src/stm32f0xx_hal_spi.c ****             (++) TxCpltCallback        : SPI Tx Completed callback
  79:Drivers/STM32F0xx_HAL_Driver/Src/stm32f0xx_hal_spi.c ****             (++) RxCpltCallback        : SPI Rx Completed callback
  80:Drivers/STM32F0xx_HAL_Driver/Src/stm32f0xx_hal_spi.c ****             (++) TxRxCpltCallback      : SPI TxRx Completed callback
  81:Drivers/STM32F0xx_HAL_Driver/Src/stm32f0xx_hal_spi.c ****             (++) TxHalfCpltCallback    : SPI Tx Half Completed callback
  82:Drivers/STM32F0xx_HAL_Driver/Src/stm32f0xx_hal_spi.c ****             (++) RxHalfCpltCallback    : SPI Rx Half Completed callback
  83:Drivers/STM32F0xx_HAL_Driver/Src/stm32f0xx_hal_spi.c ****             (++) TxRxHalfCpltCallback  : SPI TxRx Half Completed callback
  84:Drivers/STM32F0xx_HAL_Driver/Src/stm32f0xx_hal_spi.c ****             (++) ErrorCallback         : SPI Error callback
  85:Drivers/STM32F0xx_HAL_Driver/Src/stm32f0xx_hal_spi.c ****             (++) AbortCpltCallback     : SPI Abort callback
  86:Drivers/STM32F0xx_HAL_Driver/Src/stm32f0xx_hal_spi.c ****             (++) MspInitCallback       : SPI Msp Init callback
  87:Drivers/STM32F0xx_HAL_Driver/Src/stm32f0xx_hal_spi.c ****             (++) MspDeInitCallback     : SPI Msp DeInit callback
  88:Drivers/STM32F0xx_HAL_Driver/Src/stm32f0xx_hal_spi.c ****           This function takes as parameters the HAL peripheral handle, the Callback ID
  89:Drivers/STM32F0xx_HAL_Driver/Src/stm32f0xx_hal_spi.c ****           and a pointer to the user callback function.
ARM GAS  C:\Users\ADMINI~1\AppData\Local\Temp\ccrv5aWF.s 			page 3


  90:Drivers/STM32F0xx_HAL_Driver/Src/stm32f0xx_hal_spi.c **** 
  91:Drivers/STM32F0xx_HAL_Driver/Src/stm32f0xx_hal_spi.c **** 
  92:Drivers/STM32F0xx_HAL_Driver/Src/stm32f0xx_hal_spi.c ****       (#) Use function HAL_SPI_UnRegisterCallback to reset a callback to the default
  93:Drivers/STM32F0xx_HAL_Driver/Src/stm32f0xx_hal_spi.c ****           weak function.
  94:Drivers/STM32F0xx_HAL_Driver/Src/stm32f0xx_hal_spi.c ****           HAL_SPI_UnRegisterCallback takes as parameters the HAL peripheral handle,
  95:Drivers/STM32F0xx_HAL_Driver/Src/stm32f0xx_hal_spi.c ****           and the Callback ID.
  96:Drivers/STM32F0xx_HAL_Driver/Src/stm32f0xx_hal_spi.c ****           This function allows to reset following callbacks:
  97:Drivers/STM32F0xx_HAL_Driver/Src/stm32f0xx_hal_spi.c ****             (++) TxCpltCallback        : SPI Tx Completed callback
  98:Drivers/STM32F0xx_HAL_Driver/Src/stm32f0xx_hal_spi.c ****             (++) RxCpltCallback        : SPI Rx Completed callback
  99:Drivers/STM32F0xx_HAL_Driver/Src/stm32f0xx_hal_spi.c ****             (++) TxRxCpltCallback      : SPI TxRx Completed callback
 100:Drivers/STM32F0xx_HAL_Driver/Src/stm32f0xx_hal_spi.c ****             (++) TxHalfCpltCallback    : SPI Tx Half Completed callback
 101:Drivers/STM32F0xx_HAL_Driver/Src/stm32f0xx_hal_spi.c ****             (++) RxHalfCpltCallback    : SPI Rx Half Completed callback
 102:Drivers/STM32F0xx_HAL_Driver/Src/stm32f0xx_hal_spi.c ****             (++) TxRxHalfCpltCallback  : SPI TxRx Half Completed callback
 103:Drivers/STM32F0xx_HAL_Driver/Src/stm32f0xx_hal_spi.c ****             (++) ErrorCallback         : SPI Error callback
 104:Drivers/STM32F0xx_HAL_Driver/Src/stm32f0xx_hal_spi.c ****             (++) AbortCpltCallback     : SPI Abort callback
 105:Drivers/STM32F0xx_HAL_Driver/Src/stm32f0xx_hal_spi.c ****             (++) MspInitCallback       : SPI Msp Init callback
 106:Drivers/STM32F0xx_HAL_Driver/Src/stm32f0xx_hal_spi.c ****             (++) MspDeInitCallback     : SPI Msp DeInit callback
 107:Drivers/STM32F0xx_HAL_Driver/Src/stm32f0xx_hal_spi.c **** 
 108:Drivers/STM32F0xx_HAL_Driver/Src/stm32f0xx_hal_spi.c ****        [..]
 109:Drivers/STM32F0xx_HAL_Driver/Src/stm32f0xx_hal_spi.c ****        By default, after the HAL_SPI_Init() and when the state is HAL_SPI_STATE_RESET
 110:Drivers/STM32F0xx_HAL_Driver/Src/stm32f0xx_hal_spi.c ****        all callbacks are set to the corresponding weak functions:
 111:Drivers/STM32F0xx_HAL_Driver/Src/stm32f0xx_hal_spi.c ****        examples HAL_SPI_MasterTxCpltCallback(), HAL_SPI_MasterRxCpltCallback().
 112:Drivers/STM32F0xx_HAL_Driver/Src/stm32f0xx_hal_spi.c ****        Exception done for MspInit and MspDeInit functions that are
 113:Drivers/STM32F0xx_HAL_Driver/Src/stm32f0xx_hal_spi.c ****        reset to the legacy weak functions in the HAL_SPI_Init()/ HAL_SPI_DeInit() only when
 114:Drivers/STM32F0xx_HAL_Driver/Src/stm32f0xx_hal_spi.c ****        these callbacks are null (not registered beforehand).
 115:Drivers/STM32F0xx_HAL_Driver/Src/stm32f0xx_hal_spi.c ****        If MspInit or MspDeInit are not null, the HAL_SPI_Init()/ HAL_SPI_DeInit()
 116:Drivers/STM32F0xx_HAL_Driver/Src/stm32f0xx_hal_spi.c ****        keep and use the user MspInit/MspDeInit callbacks (registered beforehand) whatever the state
 117:Drivers/STM32F0xx_HAL_Driver/Src/stm32f0xx_hal_spi.c **** 
 118:Drivers/STM32F0xx_HAL_Driver/Src/stm32f0xx_hal_spi.c ****        [..]
 119:Drivers/STM32F0xx_HAL_Driver/Src/stm32f0xx_hal_spi.c ****        Callbacks can be registered/unregistered in HAL_SPI_STATE_READY state only.
 120:Drivers/STM32F0xx_HAL_Driver/Src/stm32f0xx_hal_spi.c ****        Exception done MspInit/MspDeInit functions that can be registered/unregistered
 121:Drivers/STM32F0xx_HAL_Driver/Src/stm32f0xx_hal_spi.c ****        in HAL_SPI_STATE_READY or HAL_SPI_STATE_RESET state,
 122:Drivers/STM32F0xx_HAL_Driver/Src/stm32f0xx_hal_spi.c ****        thus registered (user) MspInit/DeInit callbacks can be used during the Init/DeInit.
 123:Drivers/STM32F0xx_HAL_Driver/Src/stm32f0xx_hal_spi.c ****        Then, the user first registers the MspInit/MspDeInit user callbacks
 124:Drivers/STM32F0xx_HAL_Driver/Src/stm32f0xx_hal_spi.c ****        using HAL_SPI_RegisterCallback() before calling HAL_SPI_DeInit()
 125:Drivers/STM32F0xx_HAL_Driver/Src/stm32f0xx_hal_spi.c ****        or HAL_SPI_Init() function.
 126:Drivers/STM32F0xx_HAL_Driver/Src/stm32f0xx_hal_spi.c **** 
 127:Drivers/STM32F0xx_HAL_Driver/Src/stm32f0xx_hal_spi.c ****        [..]
 128:Drivers/STM32F0xx_HAL_Driver/Src/stm32f0xx_hal_spi.c ****        When the compilation define USE_HAL_PPP_REGISTER_CALLBACKS is set to 0 or
 129:Drivers/STM32F0xx_HAL_Driver/Src/stm32f0xx_hal_spi.c ****        not defined, the callback registering feature is not available
 130:Drivers/STM32F0xx_HAL_Driver/Src/stm32f0xx_hal_spi.c ****        and weak (surcharged) callbacks are used.
 131:Drivers/STM32F0xx_HAL_Driver/Src/stm32f0xx_hal_spi.c **** 
 132:Drivers/STM32F0xx_HAL_Driver/Src/stm32f0xx_hal_spi.c ****      [..]
 133:Drivers/STM32F0xx_HAL_Driver/Src/stm32f0xx_hal_spi.c ****        Using the HAL it is not possible to reach all supported SPI frequency with the different SPI
 134:Drivers/STM32F0xx_HAL_Driver/Src/stm32f0xx_hal_spi.c ****        the following table resume the max SPI frequency reached with data size 8bits/16bits,
 135:Drivers/STM32F0xx_HAL_Driver/Src/stm32f0xx_hal_spi.c ****          according to frequency of the APBx Peripheral Clock (fPCLK) used by the SPI instance.
 136:Drivers/STM32F0xx_HAL_Driver/Src/stm32f0xx_hal_spi.c **** 
 137:Drivers/STM32F0xx_HAL_Driver/Src/stm32f0xx_hal_spi.c ****   @endverbatim
 138:Drivers/STM32F0xx_HAL_Driver/Src/stm32f0xx_hal_spi.c **** 
 139:Drivers/STM32F0xx_HAL_Driver/Src/stm32f0xx_hal_spi.c ****   Additional table :
 140:Drivers/STM32F0xx_HAL_Driver/Src/stm32f0xx_hal_spi.c **** 
 141:Drivers/STM32F0xx_HAL_Driver/Src/stm32f0xx_hal_spi.c ****        DataSize = SPI_DATASIZE_8BIT:
 142:Drivers/STM32F0xx_HAL_Driver/Src/stm32f0xx_hal_spi.c ****        +-------------------------------------------------------------------------------------------
 143:Drivers/STM32F0xx_HAL_Driver/Src/stm32f0xx_hal_spi.c ****        |         |                | 2Lines Fullduplex   |     2Lines RxOnly    |         1Line     
 144:Drivers/STM32F0xx_HAL_Driver/Src/stm32f0xx_hal_spi.c ****        | Process | Transfer mode  |---------------------|----------------------|-------------------
 145:Drivers/STM32F0xx_HAL_Driver/Src/stm32f0xx_hal_spi.c ****        |         |                |  Master  |  Slave   |  Master   |  Slave   |  Master   |  Slave
 146:Drivers/STM32F0xx_HAL_Driver/Src/stm32f0xx_hal_spi.c ****        |===========================================================================================
ARM GAS  C:\Users\ADMINI~1\AppData\Local\Temp\ccrv5aWF.s 			page 4


 147:Drivers/STM32F0xx_HAL_Driver/Src/stm32f0xx_hal_spi.c ****        |    T    |     Polling    | Fpclk/4  | Fpclk/8  |    NA     |    NA    |    NA     |   NA  
 148:Drivers/STM32F0xx_HAL_Driver/Src/stm32f0xx_hal_spi.c ****        |    X    |----------------|----------|----------|-----------|----------|-----------|-------
 149:Drivers/STM32F0xx_HAL_Driver/Src/stm32f0xx_hal_spi.c ****        |    /    |     Interrupt  | Fpclk/4  | Fpclk/16 |    NA     |    NA    |    NA     |   NA  
 150:Drivers/STM32F0xx_HAL_Driver/Src/stm32f0xx_hal_spi.c ****        |    R    |----------------|----------|----------|-----------|----------|-----------|-------
 151:Drivers/STM32F0xx_HAL_Driver/Src/stm32f0xx_hal_spi.c ****        |    X    |       DMA      | Fpclk/2  | Fpclk/2  |    NA     |    NA    |    NA     |   NA  
 152:Drivers/STM32F0xx_HAL_Driver/Src/stm32f0xx_hal_spi.c ****        |=========|================|==========|==========|===========|==========|===========|=======
 153:Drivers/STM32F0xx_HAL_Driver/Src/stm32f0xx_hal_spi.c ****        |         |     Polling    | Fpclk/4  | Fpclk/8  | Fpclk/16  | Fpclk/8  | Fpclk/8   | Fpclk/
 154:Drivers/STM32F0xx_HAL_Driver/Src/stm32f0xx_hal_spi.c ****        |         |----------------|----------|----------|-----------|----------|-----------|-------
 155:Drivers/STM32F0xx_HAL_Driver/Src/stm32f0xx_hal_spi.c ****        |    R    |     Interrupt  | Fpclk/8  | Fpclk/16 | Fpclk/8   | Fpclk/8  | Fpclk/8   | Fpclk/
 156:Drivers/STM32F0xx_HAL_Driver/Src/stm32f0xx_hal_spi.c ****        |    X    |----------------|----------|----------|-----------|----------|-----------|-------
 157:Drivers/STM32F0xx_HAL_Driver/Src/stm32f0xx_hal_spi.c ****        |         |       DMA      | Fpclk/4  | Fpclk/2  | Fpclk/2   | Fpclk/16 | Fpclk/2   | Fpclk/
 158:Drivers/STM32F0xx_HAL_Driver/Src/stm32f0xx_hal_spi.c ****        |=========|================|==========|==========|===========|==========|===========|=======
 159:Drivers/STM32F0xx_HAL_Driver/Src/stm32f0xx_hal_spi.c ****        |         |     Polling    | Fpclk/8  | Fpclk/2  |     NA    |    NA    | Fpclk/8   | Fpclk/
 160:Drivers/STM32F0xx_HAL_Driver/Src/stm32f0xx_hal_spi.c ****        |         |----------------|----------|----------|-----------|----------|-----------|-------
 161:Drivers/STM32F0xx_HAL_Driver/Src/stm32f0xx_hal_spi.c ****        |    T    |     Interrupt  | Fpclk/2  | Fpclk/4  |     NA    |    NA    | Fpclk/16  | Fpclk/
 162:Drivers/STM32F0xx_HAL_Driver/Src/stm32f0xx_hal_spi.c ****        |    X    |----------------|----------|----------|-----------|----------|-----------|-------
 163:Drivers/STM32F0xx_HAL_Driver/Src/stm32f0xx_hal_spi.c ****        |         |       DMA      | Fpclk/2  | Fpclk/2  |     NA    |    NA    | Fpclk/8   | Fpclk/
 164:Drivers/STM32F0xx_HAL_Driver/Src/stm32f0xx_hal_spi.c ****        +-------------------------------------------------------------------------------------------
 165:Drivers/STM32F0xx_HAL_Driver/Src/stm32f0xx_hal_spi.c **** 
 166:Drivers/STM32F0xx_HAL_Driver/Src/stm32f0xx_hal_spi.c ****        DataSize = SPI_DATASIZE_16BIT:
 167:Drivers/STM32F0xx_HAL_Driver/Src/stm32f0xx_hal_spi.c ****        +-------------------------------------------------------------------------------------------
 168:Drivers/STM32F0xx_HAL_Driver/Src/stm32f0xx_hal_spi.c ****        |         |                | 2Lines Fullduplex   |     2Lines RxOnly    |         1Line     
 169:Drivers/STM32F0xx_HAL_Driver/Src/stm32f0xx_hal_spi.c ****        | Process | Transfer mode  |---------------------|----------------------|-------------------
 170:Drivers/STM32F0xx_HAL_Driver/Src/stm32f0xx_hal_spi.c ****        |         |                |  Master  |  Slave   |  Master   |  Slave   |  Master   |  Slave
 171:Drivers/STM32F0xx_HAL_Driver/Src/stm32f0xx_hal_spi.c ****        |===========================================================================================
 172:Drivers/STM32F0xx_HAL_Driver/Src/stm32f0xx_hal_spi.c ****        |    T    |     Polling    | Fpclk/4  | Fpclk/8  |    NA     |    NA    |    NA     |   NA  
 173:Drivers/STM32F0xx_HAL_Driver/Src/stm32f0xx_hal_spi.c ****        |    X    |----------------|----------|----------|-----------|----------|-----------|-------
 174:Drivers/STM32F0xx_HAL_Driver/Src/stm32f0xx_hal_spi.c ****        |    /    |     Interrupt  | Fpclk/4  | Fpclk/16 |    NA     |    NA    |    NA     |   NA  
 175:Drivers/STM32F0xx_HAL_Driver/Src/stm32f0xx_hal_spi.c ****        |    R    |----------------|----------|----------|-----------|----------|-----------|-------
 176:Drivers/STM32F0xx_HAL_Driver/Src/stm32f0xx_hal_spi.c ****        |    X    |       DMA      | Fpclk/2  | Fpclk/2  |    NA     |    NA    |    NA     |   NA  
 177:Drivers/STM32F0xx_HAL_Driver/Src/stm32f0xx_hal_spi.c ****        |=========|================|==========|==========|===========|==========|===========|=======
 178:Drivers/STM32F0xx_HAL_Driver/Src/stm32f0xx_hal_spi.c ****        |         |     Polling    | Fpclk/4  | Fpclk/8  | Fpclk/16  | Fpclk/8  | Fpclk/8   | Fpclk/
 179:Drivers/STM32F0xx_HAL_Driver/Src/stm32f0xx_hal_spi.c ****        |         |----------------|----------|----------|-----------|----------|-----------|-------
 180:Drivers/STM32F0xx_HAL_Driver/Src/stm32f0xx_hal_spi.c ****        |    R    |     Interrupt  | Fpclk/8  | Fpclk/16 | Fpclk/8   | Fpclk/8  | Fpclk/8   | Fpclk/
 181:Drivers/STM32F0xx_HAL_Driver/Src/stm32f0xx_hal_spi.c ****        |    X    |----------------|----------|----------|-----------|----------|-----------|-------
 182:Drivers/STM32F0xx_HAL_Driver/Src/stm32f0xx_hal_spi.c ****        |         |       DMA      | Fpclk/4  | Fpclk/2  | Fpclk/2   | Fpclk/16 | Fpclk/2   | Fpclk/
 183:Drivers/STM32F0xx_HAL_Driver/Src/stm32f0xx_hal_spi.c ****        |=========|================|==========|==========|===========|==========|===========|=======
 184:Drivers/STM32F0xx_HAL_Driver/Src/stm32f0xx_hal_spi.c ****        |         |     Polling    | Fpclk/8  | Fpclk/2  |     NA    |    NA    | Fpclk/8   | Fpclk/
 185:Drivers/STM32F0xx_HAL_Driver/Src/stm32f0xx_hal_spi.c ****        |         |----------------|----------|----------|-----------|----------|-----------|-------
 186:Drivers/STM32F0xx_HAL_Driver/Src/stm32f0xx_hal_spi.c ****        |    T    |     Interrupt  | Fpclk/2  | Fpclk/4  |     NA    |    NA    | Fpclk/16  | Fpclk/
 187:Drivers/STM32F0xx_HAL_Driver/Src/stm32f0xx_hal_spi.c ****        |    X    |----------------|----------|----------|-----------|----------|-----------|-------
 188:Drivers/STM32F0xx_HAL_Driver/Src/stm32f0xx_hal_spi.c ****        |         |       DMA      | Fpclk/2  | Fpclk/2  |     NA    |    NA    | Fpclk/8   | Fpclk/
 189:Drivers/STM32F0xx_HAL_Driver/Src/stm32f0xx_hal_spi.c ****        +-------------------------------------------------------------------------------------------
 190:Drivers/STM32F0xx_HAL_Driver/Src/stm32f0xx_hal_spi.c ****        @note The max SPI frequency depend on SPI data size (4bits, 5bits,..., 8bits,...15bits, 16bi
 191:Drivers/STM32F0xx_HAL_Driver/Src/stm32f0xx_hal_spi.c ****              SPI mode(2 Lines fullduplex, 2 lines RxOnly, 1 line TX/RX) and Process mode (Polling, 
 192:Drivers/STM32F0xx_HAL_Driver/Src/stm32f0xx_hal_spi.c ****        @note
 193:Drivers/STM32F0xx_HAL_Driver/Src/stm32f0xx_hal_spi.c ****             (#) TX/RX processes are HAL_SPI_TransmitReceive(), HAL_SPI_TransmitReceive_IT() and HAL
 194:Drivers/STM32F0xx_HAL_Driver/Src/stm32f0xx_hal_spi.c ****             (#) RX processes are HAL_SPI_Receive(), HAL_SPI_Receive_IT() and HAL_SPI_Receive_DMA()
 195:Drivers/STM32F0xx_HAL_Driver/Src/stm32f0xx_hal_spi.c ****             (#) TX processes are HAL_SPI_Transmit(), HAL_SPI_Transmit_IT() and HAL_SPI_Transmit_DMA
 196:Drivers/STM32F0xx_HAL_Driver/Src/stm32f0xx_hal_spi.c **** 
 197:Drivers/STM32F0xx_HAL_Driver/Src/stm32f0xx_hal_spi.c ****   */
 198:Drivers/STM32F0xx_HAL_Driver/Src/stm32f0xx_hal_spi.c **** 
 199:Drivers/STM32F0xx_HAL_Driver/Src/stm32f0xx_hal_spi.c **** /* Includes ------------------------------------------------------------------*/
 200:Drivers/STM32F0xx_HAL_Driver/Src/stm32f0xx_hal_spi.c **** #include "stm32f0xx_hal.h"
 201:Drivers/STM32F0xx_HAL_Driver/Src/stm32f0xx_hal_spi.c **** 
 202:Drivers/STM32F0xx_HAL_Driver/Src/stm32f0xx_hal_spi.c **** /** @addtogroup STM32F0xx_HAL_Driver
 203:Drivers/STM32F0xx_HAL_Driver/Src/stm32f0xx_hal_spi.c ****   * @{
ARM GAS  C:\Users\ADMINI~1\AppData\Local\Temp\ccrv5aWF.s 			page 5


 204:Drivers/STM32F0xx_HAL_Driver/Src/stm32f0xx_hal_spi.c ****   */
 205:Drivers/STM32F0xx_HAL_Driver/Src/stm32f0xx_hal_spi.c **** 
 206:Drivers/STM32F0xx_HAL_Driver/Src/stm32f0xx_hal_spi.c **** /** @defgroup SPI SPI
 207:Drivers/STM32F0xx_HAL_Driver/Src/stm32f0xx_hal_spi.c ****   * @brief SPI HAL module driver
 208:Drivers/STM32F0xx_HAL_Driver/Src/stm32f0xx_hal_spi.c ****   * @{
 209:Drivers/STM32F0xx_HAL_Driver/Src/stm32f0xx_hal_spi.c ****   */
 210:Drivers/STM32F0xx_HAL_Driver/Src/stm32f0xx_hal_spi.c **** #ifdef HAL_SPI_MODULE_ENABLED
 211:Drivers/STM32F0xx_HAL_Driver/Src/stm32f0xx_hal_spi.c **** 
 212:Drivers/STM32F0xx_HAL_Driver/Src/stm32f0xx_hal_spi.c **** /* Private typedef -----------------------------------------------------------*/
 213:Drivers/STM32F0xx_HAL_Driver/Src/stm32f0xx_hal_spi.c **** /* Private defines -----------------------------------------------------------*/
 214:Drivers/STM32F0xx_HAL_Driver/Src/stm32f0xx_hal_spi.c **** /** @defgroup SPI_Private_Constants SPI Private Constants
 215:Drivers/STM32F0xx_HAL_Driver/Src/stm32f0xx_hal_spi.c ****   * @{
 216:Drivers/STM32F0xx_HAL_Driver/Src/stm32f0xx_hal_spi.c ****   */
 217:Drivers/STM32F0xx_HAL_Driver/Src/stm32f0xx_hal_spi.c **** #define SPI_DEFAULT_TIMEOUT 100U
 218:Drivers/STM32F0xx_HAL_Driver/Src/stm32f0xx_hal_spi.c **** /**
 219:Drivers/STM32F0xx_HAL_Driver/Src/stm32f0xx_hal_spi.c ****   * @}
 220:Drivers/STM32F0xx_HAL_Driver/Src/stm32f0xx_hal_spi.c ****   */
 221:Drivers/STM32F0xx_HAL_Driver/Src/stm32f0xx_hal_spi.c **** 
 222:Drivers/STM32F0xx_HAL_Driver/Src/stm32f0xx_hal_spi.c **** /* Private macros ------------------------------------------------------------*/
 223:Drivers/STM32F0xx_HAL_Driver/Src/stm32f0xx_hal_spi.c **** /* Private variables ---------------------------------------------------------*/
 224:Drivers/STM32F0xx_HAL_Driver/Src/stm32f0xx_hal_spi.c **** /* Private function prototypes -----------------------------------------------*/
 225:Drivers/STM32F0xx_HAL_Driver/Src/stm32f0xx_hal_spi.c **** /** @defgroup SPI_Private_Functions SPI Private Functions
 226:Drivers/STM32F0xx_HAL_Driver/Src/stm32f0xx_hal_spi.c ****   * @{
 227:Drivers/STM32F0xx_HAL_Driver/Src/stm32f0xx_hal_spi.c ****   */
 228:Drivers/STM32F0xx_HAL_Driver/Src/stm32f0xx_hal_spi.c **** static void SPI_DMATransmitCplt(DMA_HandleTypeDef *hdma);
 229:Drivers/STM32F0xx_HAL_Driver/Src/stm32f0xx_hal_spi.c **** static void SPI_DMAReceiveCplt(DMA_HandleTypeDef *hdma);
 230:Drivers/STM32F0xx_HAL_Driver/Src/stm32f0xx_hal_spi.c **** static void SPI_DMATransmitReceiveCplt(DMA_HandleTypeDef *hdma);
 231:Drivers/STM32F0xx_HAL_Driver/Src/stm32f0xx_hal_spi.c **** static void SPI_DMAHalfTransmitCplt(DMA_HandleTypeDef *hdma);
 232:Drivers/STM32F0xx_HAL_Driver/Src/stm32f0xx_hal_spi.c **** static void SPI_DMAHalfReceiveCplt(DMA_HandleTypeDef *hdma);
 233:Drivers/STM32F0xx_HAL_Driver/Src/stm32f0xx_hal_spi.c **** static void SPI_DMAHalfTransmitReceiveCplt(DMA_HandleTypeDef *hdma);
 234:Drivers/STM32F0xx_HAL_Driver/Src/stm32f0xx_hal_spi.c **** static void SPI_DMAError(DMA_HandleTypeDef *hdma);
 235:Drivers/STM32F0xx_HAL_Driver/Src/stm32f0xx_hal_spi.c **** static void SPI_DMAAbortOnError(DMA_HandleTypeDef *hdma);
 236:Drivers/STM32F0xx_HAL_Driver/Src/stm32f0xx_hal_spi.c **** static void SPI_DMATxAbortCallback(DMA_HandleTypeDef *hdma);
 237:Drivers/STM32F0xx_HAL_Driver/Src/stm32f0xx_hal_spi.c **** static void SPI_DMARxAbortCallback(DMA_HandleTypeDef *hdma);
 238:Drivers/STM32F0xx_HAL_Driver/Src/stm32f0xx_hal_spi.c **** static HAL_StatusTypeDef SPI_WaitFlagStateUntilTimeout(SPI_HandleTypeDef *hspi, uint32_t Flag, Flag
 239:Drivers/STM32F0xx_HAL_Driver/Src/stm32f0xx_hal_spi.c ****                                                        uint32_t Timeout, uint32_t Tickstart);
 240:Drivers/STM32F0xx_HAL_Driver/Src/stm32f0xx_hal_spi.c **** static HAL_StatusTypeDef SPI_WaitFifoStateUntilTimeout(SPI_HandleTypeDef *hspi, uint32_t Fifo, uint
 241:Drivers/STM32F0xx_HAL_Driver/Src/stm32f0xx_hal_spi.c ****                                                        uint32_t Timeout, uint32_t Tickstart);
 242:Drivers/STM32F0xx_HAL_Driver/Src/stm32f0xx_hal_spi.c **** static void SPI_TxISR_8BIT(struct __SPI_HandleTypeDef *hspi);
 243:Drivers/STM32F0xx_HAL_Driver/Src/stm32f0xx_hal_spi.c **** static void SPI_TxISR_16BIT(struct __SPI_HandleTypeDef *hspi);
 244:Drivers/STM32F0xx_HAL_Driver/Src/stm32f0xx_hal_spi.c **** static void SPI_RxISR_8BIT(struct __SPI_HandleTypeDef *hspi);
 245:Drivers/STM32F0xx_HAL_Driver/Src/stm32f0xx_hal_spi.c **** static void SPI_RxISR_16BIT(struct __SPI_HandleTypeDef *hspi);
 246:Drivers/STM32F0xx_HAL_Driver/Src/stm32f0xx_hal_spi.c **** static void SPI_2linesRxISR_8BIT(struct __SPI_HandleTypeDef *hspi);
 247:Drivers/STM32F0xx_HAL_Driver/Src/stm32f0xx_hal_spi.c **** static void SPI_2linesTxISR_8BIT(struct __SPI_HandleTypeDef *hspi);
 248:Drivers/STM32F0xx_HAL_Driver/Src/stm32f0xx_hal_spi.c **** static void SPI_2linesTxISR_16BIT(struct __SPI_HandleTypeDef *hspi);
 249:Drivers/STM32F0xx_HAL_Driver/Src/stm32f0xx_hal_spi.c **** static void SPI_2linesRxISR_16BIT(struct __SPI_HandleTypeDef *hspi);
 250:Drivers/STM32F0xx_HAL_Driver/Src/stm32f0xx_hal_spi.c **** #if (USE_SPI_CRC != 0U)
 251:Drivers/STM32F0xx_HAL_Driver/Src/stm32f0xx_hal_spi.c **** static void SPI_RxISR_8BITCRC(struct __SPI_HandleTypeDef *hspi);
 252:Drivers/STM32F0xx_HAL_Driver/Src/stm32f0xx_hal_spi.c **** static void SPI_RxISR_16BITCRC(struct __SPI_HandleTypeDef *hspi);
 253:Drivers/STM32F0xx_HAL_Driver/Src/stm32f0xx_hal_spi.c **** static void SPI_2linesRxISR_8BITCRC(struct __SPI_HandleTypeDef *hspi);
 254:Drivers/STM32F0xx_HAL_Driver/Src/stm32f0xx_hal_spi.c **** static void SPI_2linesRxISR_16BITCRC(struct __SPI_HandleTypeDef *hspi);
 255:Drivers/STM32F0xx_HAL_Driver/Src/stm32f0xx_hal_spi.c **** #endif /* USE_SPI_CRC */
 256:Drivers/STM32F0xx_HAL_Driver/Src/stm32f0xx_hal_spi.c **** static void SPI_AbortRx_ISR(SPI_HandleTypeDef *hspi);
 257:Drivers/STM32F0xx_HAL_Driver/Src/stm32f0xx_hal_spi.c **** static void SPI_AbortTx_ISR(SPI_HandleTypeDef *hspi);
 258:Drivers/STM32F0xx_HAL_Driver/Src/stm32f0xx_hal_spi.c **** static void SPI_CloseRxTx_ISR(SPI_HandleTypeDef *hspi);
 259:Drivers/STM32F0xx_HAL_Driver/Src/stm32f0xx_hal_spi.c **** static void SPI_CloseRx_ISR(SPI_HandleTypeDef *hspi);
 260:Drivers/STM32F0xx_HAL_Driver/Src/stm32f0xx_hal_spi.c **** static void SPI_CloseTx_ISR(SPI_HandleTypeDef *hspi);
ARM GAS  C:\Users\ADMINI~1\AppData\Local\Temp\ccrv5aWF.s 			page 6


 261:Drivers/STM32F0xx_HAL_Driver/Src/stm32f0xx_hal_spi.c **** static HAL_StatusTypeDef SPI_EndRxTransaction(SPI_HandleTypeDef *hspi, uint32_t Timeout, uint32_t T
 262:Drivers/STM32F0xx_HAL_Driver/Src/stm32f0xx_hal_spi.c **** static HAL_StatusTypeDef SPI_EndRxTxTransaction(SPI_HandleTypeDef *hspi, uint32_t Timeout, uint32_t
 263:Drivers/STM32F0xx_HAL_Driver/Src/stm32f0xx_hal_spi.c **** /**
 264:Drivers/STM32F0xx_HAL_Driver/Src/stm32f0xx_hal_spi.c ****   * @}
 265:Drivers/STM32F0xx_HAL_Driver/Src/stm32f0xx_hal_spi.c ****   */
 266:Drivers/STM32F0xx_HAL_Driver/Src/stm32f0xx_hal_spi.c **** 
 267:Drivers/STM32F0xx_HAL_Driver/Src/stm32f0xx_hal_spi.c **** /* Exported functions --------------------------------------------------------*/
 268:Drivers/STM32F0xx_HAL_Driver/Src/stm32f0xx_hal_spi.c **** /** @defgroup SPI_Exported_Functions SPI Exported Functions
 269:Drivers/STM32F0xx_HAL_Driver/Src/stm32f0xx_hal_spi.c ****   * @{
 270:Drivers/STM32F0xx_HAL_Driver/Src/stm32f0xx_hal_spi.c ****   */
 271:Drivers/STM32F0xx_HAL_Driver/Src/stm32f0xx_hal_spi.c **** 
 272:Drivers/STM32F0xx_HAL_Driver/Src/stm32f0xx_hal_spi.c **** /** @defgroup SPI_Exported_Functions_Group1 Initialization and de-initialization functions
 273:Drivers/STM32F0xx_HAL_Driver/Src/stm32f0xx_hal_spi.c ****   *  @brief    Initialization and Configuration functions
 274:Drivers/STM32F0xx_HAL_Driver/Src/stm32f0xx_hal_spi.c ****   *
 275:Drivers/STM32F0xx_HAL_Driver/Src/stm32f0xx_hal_spi.c **** @verbatim
 276:Drivers/STM32F0xx_HAL_Driver/Src/stm32f0xx_hal_spi.c ****  ===============================================================================
 277:Drivers/STM32F0xx_HAL_Driver/Src/stm32f0xx_hal_spi.c ****               ##### Initialization and de-initialization functions #####
 278:Drivers/STM32F0xx_HAL_Driver/Src/stm32f0xx_hal_spi.c ****  ===============================================================================
 279:Drivers/STM32F0xx_HAL_Driver/Src/stm32f0xx_hal_spi.c ****     [..]  This subsection provides a set of functions allowing to initialize and
 280:Drivers/STM32F0xx_HAL_Driver/Src/stm32f0xx_hal_spi.c ****           de-initialize the SPIx peripheral:
 281:Drivers/STM32F0xx_HAL_Driver/Src/stm32f0xx_hal_spi.c **** 
 282:Drivers/STM32F0xx_HAL_Driver/Src/stm32f0xx_hal_spi.c ****       (+) User must implement HAL_SPI_MspInit() function in which he configures
 283:Drivers/STM32F0xx_HAL_Driver/Src/stm32f0xx_hal_spi.c ****           all related peripherals resources (CLOCK, GPIO, DMA, IT and NVIC ).
 284:Drivers/STM32F0xx_HAL_Driver/Src/stm32f0xx_hal_spi.c **** 
 285:Drivers/STM32F0xx_HAL_Driver/Src/stm32f0xx_hal_spi.c ****       (+) Call the function HAL_SPI_Init() to configure the selected device with
 286:Drivers/STM32F0xx_HAL_Driver/Src/stm32f0xx_hal_spi.c ****           the selected configuration:
 287:Drivers/STM32F0xx_HAL_Driver/Src/stm32f0xx_hal_spi.c ****         (++) Mode
 288:Drivers/STM32F0xx_HAL_Driver/Src/stm32f0xx_hal_spi.c ****         (++) Direction
 289:Drivers/STM32F0xx_HAL_Driver/Src/stm32f0xx_hal_spi.c ****         (++) Data Size
 290:Drivers/STM32F0xx_HAL_Driver/Src/stm32f0xx_hal_spi.c ****         (++) Clock Polarity and Phase
 291:Drivers/STM32F0xx_HAL_Driver/Src/stm32f0xx_hal_spi.c ****         (++) NSS Management
 292:Drivers/STM32F0xx_HAL_Driver/Src/stm32f0xx_hal_spi.c ****         (++) BaudRate Prescaler
 293:Drivers/STM32F0xx_HAL_Driver/Src/stm32f0xx_hal_spi.c ****         (++) FirstBit
 294:Drivers/STM32F0xx_HAL_Driver/Src/stm32f0xx_hal_spi.c ****         (++) TIMode
 295:Drivers/STM32F0xx_HAL_Driver/Src/stm32f0xx_hal_spi.c ****         (++) CRC Calculation
 296:Drivers/STM32F0xx_HAL_Driver/Src/stm32f0xx_hal_spi.c ****         (++) CRC Polynomial if CRC enabled
 297:Drivers/STM32F0xx_HAL_Driver/Src/stm32f0xx_hal_spi.c ****         (++) CRC Length, used only with Data8 and Data16
 298:Drivers/STM32F0xx_HAL_Driver/Src/stm32f0xx_hal_spi.c ****         (++) FIFO reception threshold
 299:Drivers/STM32F0xx_HAL_Driver/Src/stm32f0xx_hal_spi.c **** 
 300:Drivers/STM32F0xx_HAL_Driver/Src/stm32f0xx_hal_spi.c ****       (+) Call the function HAL_SPI_DeInit() to restore the default configuration
 301:Drivers/STM32F0xx_HAL_Driver/Src/stm32f0xx_hal_spi.c ****           of the selected SPIx peripheral.
 302:Drivers/STM32F0xx_HAL_Driver/Src/stm32f0xx_hal_spi.c **** 
 303:Drivers/STM32F0xx_HAL_Driver/Src/stm32f0xx_hal_spi.c **** @endverbatim
 304:Drivers/STM32F0xx_HAL_Driver/Src/stm32f0xx_hal_spi.c ****   * @{
 305:Drivers/STM32F0xx_HAL_Driver/Src/stm32f0xx_hal_spi.c ****   */
 306:Drivers/STM32F0xx_HAL_Driver/Src/stm32f0xx_hal_spi.c **** 
 307:Drivers/STM32F0xx_HAL_Driver/Src/stm32f0xx_hal_spi.c **** /**
 308:Drivers/STM32F0xx_HAL_Driver/Src/stm32f0xx_hal_spi.c ****   * @brief  Initialize the SPI according to the specified parameters
 309:Drivers/STM32F0xx_HAL_Driver/Src/stm32f0xx_hal_spi.c ****   *         in the SPI_InitTypeDef and initialize the associated handle.
 310:Drivers/STM32F0xx_HAL_Driver/Src/stm32f0xx_hal_spi.c ****   * @param  hspi pointer to a SPI_HandleTypeDef structure that contains
 311:Drivers/STM32F0xx_HAL_Driver/Src/stm32f0xx_hal_spi.c ****   *               the configuration information for SPI module.
 312:Drivers/STM32F0xx_HAL_Driver/Src/stm32f0xx_hal_spi.c ****   * @retval HAL status
 313:Drivers/STM32F0xx_HAL_Driver/Src/stm32f0xx_hal_spi.c ****   */
 314:Drivers/STM32F0xx_HAL_Driver/Src/stm32f0xx_hal_spi.c **** HAL_StatusTypeDef HAL_SPI_Init(SPI_HandleTypeDef *hspi)
 315:Drivers/STM32F0xx_HAL_Driver/Src/stm32f0xx_hal_spi.c **** {
 316:Drivers/STM32F0xx_HAL_Driver/Src/stm32f0xx_hal_spi.c ****   uint32_t frxth;
 317:Drivers/STM32F0xx_HAL_Driver/Src/stm32f0xx_hal_spi.c **** 
ARM GAS  C:\Users\ADMINI~1\AppData\Local\Temp\ccrv5aWF.s 			page 7


 318:Drivers/STM32F0xx_HAL_Driver/Src/stm32f0xx_hal_spi.c ****   /* Check the SPI handle allocation */
 319:Drivers/STM32F0xx_HAL_Driver/Src/stm32f0xx_hal_spi.c ****   if (hspi == NULL)
 320:Drivers/STM32F0xx_HAL_Driver/Src/stm32f0xx_hal_spi.c ****   {
 321:Drivers/STM32F0xx_HAL_Driver/Src/stm32f0xx_hal_spi.c ****     return HAL_ERROR;
 322:Drivers/STM32F0xx_HAL_Driver/Src/stm32f0xx_hal_spi.c ****   }
 323:Drivers/STM32F0xx_HAL_Driver/Src/stm32f0xx_hal_spi.c **** 
 324:Drivers/STM32F0xx_HAL_Driver/Src/stm32f0xx_hal_spi.c ****   /* Check the parameters */
 325:Drivers/STM32F0xx_HAL_Driver/Src/stm32f0xx_hal_spi.c ****   assert_param(IS_SPI_ALL_INSTANCE(hspi->Instance));
 326:Drivers/STM32F0xx_HAL_Driver/Src/stm32f0xx_hal_spi.c ****   assert_param(IS_SPI_MODE(hspi->Init.Mode));
 327:Drivers/STM32F0xx_HAL_Driver/Src/stm32f0xx_hal_spi.c ****   assert_param(IS_SPI_DIRECTION(hspi->Init.Direction));
 328:Drivers/STM32F0xx_HAL_Driver/Src/stm32f0xx_hal_spi.c ****   assert_param(IS_SPI_DATASIZE(hspi->Init.DataSize));
 329:Drivers/STM32F0xx_HAL_Driver/Src/stm32f0xx_hal_spi.c ****   assert_param(IS_SPI_NSS(hspi->Init.NSS));
 330:Drivers/STM32F0xx_HAL_Driver/Src/stm32f0xx_hal_spi.c ****   assert_param(IS_SPI_NSSP(hspi->Init.NSSPMode));
 331:Drivers/STM32F0xx_HAL_Driver/Src/stm32f0xx_hal_spi.c ****   assert_param(IS_SPI_BAUDRATE_PRESCALER(hspi->Init.BaudRatePrescaler));
 332:Drivers/STM32F0xx_HAL_Driver/Src/stm32f0xx_hal_spi.c ****   assert_param(IS_SPI_FIRST_BIT(hspi->Init.FirstBit));
 333:Drivers/STM32F0xx_HAL_Driver/Src/stm32f0xx_hal_spi.c ****   assert_param(IS_SPI_TIMODE(hspi->Init.TIMode));
 334:Drivers/STM32F0xx_HAL_Driver/Src/stm32f0xx_hal_spi.c ****   if (hspi->Init.TIMode == SPI_TIMODE_DISABLE)
 335:Drivers/STM32F0xx_HAL_Driver/Src/stm32f0xx_hal_spi.c ****   {
 336:Drivers/STM32F0xx_HAL_Driver/Src/stm32f0xx_hal_spi.c ****     assert_param(IS_SPI_CPOL(hspi->Init.CLKPolarity));
 337:Drivers/STM32F0xx_HAL_Driver/Src/stm32f0xx_hal_spi.c ****     assert_param(IS_SPI_CPHA(hspi->Init.CLKPhase));
 338:Drivers/STM32F0xx_HAL_Driver/Src/stm32f0xx_hal_spi.c **** 
 339:Drivers/STM32F0xx_HAL_Driver/Src/stm32f0xx_hal_spi.c ****     if (hspi->Init.Mode == SPI_MODE_MASTER)
 340:Drivers/STM32F0xx_HAL_Driver/Src/stm32f0xx_hal_spi.c ****     {
 341:Drivers/STM32F0xx_HAL_Driver/Src/stm32f0xx_hal_spi.c ****       assert_param(IS_SPI_BAUDRATE_PRESCALER(hspi->Init.BaudRatePrescaler));
 342:Drivers/STM32F0xx_HAL_Driver/Src/stm32f0xx_hal_spi.c ****     }
 343:Drivers/STM32F0xx_HAL_Driver/Src/stm32f0xx_hal_spi.c ****     else
 344:Drivers/STM32F0xx_HAL_Driver/Src/stm32f0xx_hal_spi.c ****     {
 345:Drivers/STM32F0xx_HAL_Driver/Src/stm32f0xx_hal_spi.c ****       /* Baudrate prescaler not use in Motoraola Slave mode. force to default value */
 346:Drivers/STM32F0xx_HAL_Driver/Src/stm32f0xx_hal_spi.c ****       hspi->Init.BaudRatePrescaler = SPI_BAUDRATEPRESCALER_2;
 347:Drivers/STM32F0xx_HAL_Driver/Src/stm32f0xx_hal_spi.c ****     }
 348:Drivers/STM32F0xx_HAL_Driver/Src/stm32f0xx_hal_spi.c ****   }
 349:Drivers/STM32F0xx_HAL_Driver/Src/stm32f0xx_hal_spi.c ****   else
 350:Drivers/STM32F0xx_HAL_Driver/Src/stm32f0xx_hal_spi.c ****   {
 351:Drivers/STM32F0xx_HAL_Driver/Src/stm32f0xx_hal_spi.c ****     assert_param(IS_SPI_BAUDRATE_PRESCALER(hspi->Init.BaudRatePrescaler));
 352:Drivers/STM32F0xx_HAL_Driver/Src/stm32f0xx_hal_spi.c **** 
 353:Drivers/STM32F0xx_HAL_Driver/Src/stm32f0xx_hal_spi.c ****     /* Force polarity and phase to TI protocaol requirements */
 354:Drivers/STM32F0xx_HAL_Driver/Src/stm32f0xx_hal_spi.c ****     hspi->Init.CLKPolarity = SPI_POLARITY_LOW;
 355:Drivers/STM32F0xx_HAL_Driver/Src/stm32f0xx_hal_spi.c ****     hspi->Init.CLKPhase    = SPI_PHASE_1EDGE;
 356:Drivers/STM32F0xx_HAL_Driver/Src/stm32f0xx_hal_spi.c ****   }
 357:Drivers/STM32F0xx_HAL_Driver/Src/stm32f0xx_hal_spi.c **** #if (USE_SPI_CRC != 0U)
 358:Drivers/STM32F0xx_HAL_Driver/Src/stm32f0xx_hal_spi.c ****   assert_param(IS_SPI_CRC_CALCULATION(hspi->Init.CRCCalculation));
 359:Drivers/STM32F0xx_HAL_Driver/Src/stm32f0xx_hal_spi.c ****   if (hspi->Init.CRCCalculation == SPI_CRCCALCULATION_ENABLE)
 360:Drivers/STM32F0xx_HAL_Driver/Src/stm32f0xx_hal_spi.c ****   {
 361:Drivers/STM32F0xx_HAL_Driver/Src/stm32f0xx_hal_spi.c ****     assert_param(IS_SPI_CRC_POLYNOMIAL(hspi->Init.CRCPolynomial));
 362:Drivers/STM32F0xx_HAL_Driver/Src/stm32f0xx_hal_spi.c ****     assert_param(IS_SPI_CRC_LENGTH(hspi->Init.CRCLength));
 363:Drivers/STM32F0xx_HAL_Driver/Src/stm32f0xx_hal_spi.c ****   }
 364:Drivers/STM32F0xx_HAL_Driver/Src/stm32f0xx_hal_spi.c **** #else
 365:Drivers/STM32F0xx_HAL_Driver/Src/stm32f0xx_hal_spi.c ****   hspi->Init.CRCCalculation = SPI_CRCCALCULATION_DISABLE;
 366:Drivers/STM32F0xx_HAL_Driver/Src/stm32f0xx_hal_spi.c **** #endif /* USE_SPI_CRC */
 367:Drivers/STM32F0xx_HAL_Driver/Src/stm32f0xx_hal_spi.c **** 
 368:Drivers/STM32F0xx_HAL_Driver/Src/stm32f0xx_hal_spi.c ****   if (hspi->State == HAL_SPI_STATE_RESET)
 369:Drivers/STM32F0xx_HAL_Driver/Src/stm32f0xx_hal_spi.c ****   {
 370:Drivers/STM32F0xx_HAL_Driver/Src/stm32f0xx_hal_spi.c ****     /* Allocate lock resource and initialize it */
 371:Drivers/STM32F0xx_HAL_Driver/Src/stm32f0xx_hal_spi.c ****     hspi->Lock = HAL_UNLOCKED;
 372:Drivers/STM32F0xx_HAL_Driver/Src/stm32f0xx_hal_spi.c **** 
 373:Drivers/STM32F0xx_HAL_Driver/Src/stm32f0xx_hal_spi.c **** #if (USE_HAL_SPI_REGISTER_CALLBACKS == 1U)
 374:Drivers/STM32F0xx_HAL_Driver/Src/stm32f0xx_hal_spi.c ****     /* Init the SPI Callback settings */
ARM GAS  C:\Users\ADMINI~1\AppData\Local\Temp\ccrv5aWF.s 			page 8


 375:Drivers/STM32F0xx_HAL_Driver/Src/stm32f0xx_hal_spi.c ****     hspi->TxCpltCallback       = HAL_SPI_TxCpltCallback;       /* Legacy weak TxCpltCallback       
 376:Drivers/STM32F0xx_HAL_Driver/Src/stm32f0xx_hal_spi.c ****     hspi->RxCpltCallback       = HAL_SPI_RxCpltCallback;       /* Legacy weak RxCpltCallback       
 377:Drivers/STM32F0xx_HAL_Driver/Src/stm32f0xx_hal_spi.c ****     hspi->TxRxCpltCallback     = HAL_SPI_TxRxCpltCallback;     /* Legacy weak TxRxCpltCallback     
 378:Drivers/STM32F0xx_HAL_Driver/Src/stm32f0xx_hal_spi.c ****     hspi->TxHalfCpltCallback   = HAL_SPI_TxHalfCpltCallback;   /* Legacy weak TxHalfCpltCallback   
 379:Drivers/STM32F0xx_HAL_Driver/Src/stm32f0xx_hal_spi.c ****     hspi->RxHalfCpltCallback   = HAL_SPI_RxHalfCpltCallback;   /* Legacy weak RxHalfCpltCallback   
 380:Drivers/STM32F0xx_HAL_Driver/Src/stm32f0xx_hal_spi.c ****     hspi->TxRxHalfCpltCallback = HAL_SPI_TxRxHalfCpltCallback; /* Legacy weak TxRxHalfCpltCallback 
 381:Drivers/STM32F0xx_HAL_Driver/Src/stm32f0xx_hal_spi.c ****     hspi->ErrorCallback        = HAL_SPI_ErrorCallback;        /* Legacy weak ErrorCallback        
 382:Drivers/STM32F0xx_HAL_Driver/Src/stm32f0xx_hal_spi.c ****     hspi->AbortCpltCallback    = HAL_SPI_AbortCpltCallback;    /* Legacy weak AbortCpltCallback    
 383:Drivers/STM32F0xx_HAL_Driver/Src/stm32f0xx_hal_spi.c **** 
 384:Drivers/STM32F0xx_HAL_Driver/Src/stm32f0xx_hal_spi.c ****     if (hspi->MspInitCallback == NULL)
 385:Drivers/STM32F0xx_HAL_Driver/Src/stm32f0xx_hal_spi.c ****     {
 386:Drivers/STM32F0xx_HAL_Driver/Src/stm32f0xx_hal_spi.c ****       hspi->MspInitCallback = HAL_SPI_MspInit; /* Legacy weak MspInit  */
 387:Drivers/STM32F0xx_HAL_Driver/Src/stm32f0xx_hal_spi.c ****     }
 388:Drivers/STM32F0xx_HAL_Driver/Src/stm32f0xx_hal_spi.c **** 
 389:Drivers/STM32F0xx_HAL_Driver/Src/stm32f0xx_hal_spi.c ****     /* Init the low level hardware : GPIO, CLOCK, NVIC... */
 390:Drivers/STM32F0xx_HAL_Driver/Src/stm32f0xx_hal_spi.c ****     hspi->MspInitCallback(hspi);
 391:Drivers/STM32F0xx_HAL_Driver/Src/stm32f0xx_hal_spi.c **** #else
 392:Drivers/STM32F0xx_HAL_Driver/Src/stm32f0xx_hal_spi.c ****     /* Init the low level hardware : GPIO, CLOCK, NVIC... */
 393:Drivers/STM32F0xx_HAL_Driver/Src/stm32f0xx_hal_spi.c ****     HAL_SPI_MspInit(hspi);
 394:Drivers/STM32F0xx_HAL_Driver/Src/stm32f0xx_hal_spi.c **** #endif /* USE_HAL_SPI_REGISTER_CALLBACKS */
 395:Drivers/STM32F0xx_HAL_Driver/Src/stm32f0xx_hal_spi.c ****   }
 396:Drivers/STM32F0xx_HAL_Driver/Src/stm32f0xx_hal_spi.c **** 
 397:Drivers/STM32F0xx_HAL_Driver/Src/stm32f0xx_hal_spi.c ****   hspi->State = HAL_SPI_STATE_BUSY;
 398:Drivers/STM32F0xx_HAL_Driver/Src/stm32f0xx_hal_spi.c **** 
 399:Drivers/STM32F0xx_HAL_Driver/Src/stm32f0xx_hal_spi.c ****   /* Disable the selected SPI peripheral */
 400:Drivers/STM32F0xx_HAL_Driver/Src/stm32f0xx_hal_spi.c ****   __HAL_SPI_DISABLE(hspi);
 401:Drivers/STM32F0xx_HAL_Driver/Src/stm32f0xx_hal_spi.c **** 
 402:Drivers/STM32F0xx_HAL_Driver/Src/stm32f0xx_hal_spi.c ****   /* Align by default the rs fifo threshold on the data size */
 403:Drivers/STM32F0xx_HAL_Driver/Src/stm32f0xx_hal_spi.c ****   if (hspi->Init.DataSize > SPI_DATASIZE_8BIT)
 404:Drivers/STM32F0xx_HAL_Driver/Src/stm32f0xx_hal_spi.c ****   {
 405:Drivers/STM32F0xx_HAL_Driver/Src/stm32f0xx_hal_spi.c ****     frxth = SPI_RXFIFO_THRESHOLD_HF;
 406:Drivers/STM32F0xx_HAL_Driver/Src/stm32f0xx_hal_spi.c ****   }
 407:Drivers/STM32F0xx_HAL_Driver/Src/stm32f0xx_hal_spi.c ****   else
 408:Drivers/STM32F0xx_HAL_Driver/Src/stm32f0xx_hal_spi.c ****   {
 409:Drivers/STM32F0xx_HAL_Driver/Src/stm32f0xx_hal_spi.c ****     frxth = SPI_RXFIFO_THRESHOLD_QF;
 410:Drivers/STM32F0xx_HAL_Driver/Src/stm32f0xx_hal_spi.c ****   }
 411:Drivers/STM32F0xx_HAL_Driver/Src/stm32f0xx_hal_spi.c **** 
 412:Drivers/STM32F0xx_HAL_Driver/Src/stm32f0xx_hal_spi.c ****   /* CRC calculation is valid only for 16Bit and 8 Bit */
 413:Drivers/STM32F0xx_HAL_Driver/Src/stm32f0xx_hal_spi.c ****   if ((hspi->Init.DataSize != SPI_DATASIZE_16BIT) && (hspi->Init.DataSize != SPI_DATASIZE_8BIT))
 414:Drivers/STM32F0xx_HAL_Driver/Src/stm32f0xx_hal_spi.c ****   {
 415:Drivers/STM32F0xx_HAL_Driver/Src/stm32f0xx_hal_spi.c ****     /* CRC must be disabled */
 416:Drivers/STM32F0xx_HAL_Driver/Src/stm32f0xx_hal_spi.c ****     hspi->Init.CRCCalculation = SPI_CRCCALCULATION_DISABLE;
 417:Drivers/STM32F0xx_HAL_Driver/Src/stm32f0xx_hal_spi.c ****   }
 418:Drivers/STM32F0xx_HAL_Driver/Src/stm32f0xx_hal_spi.c **** 
 419:Drivers/STM32F0xx_HAL_Driver/Src/stm32f0xx_hal_spi.c ****   /*----------------------- SPIx CR1 & CR2 Configuration ---------------------*/
 420:Drivers/STM32F0xx_HAL_Driver/Src/stm32f0xx_hal_spi.c ****   /* Configure : SPI Mode, Communication Mode, Clock polarity and phase, NSS management,
 421:Drivers/STM32F0xx_HAL_Driver/Src/stm32f0xx_hal_spi.c ****   Communication speed, First bit and CRC calculation state */
 422:Drivers/STM32F0xx_HAL_Driver/Src/stm32f0xx_hal_spi.c ****   WRITE_REG(hspi->Instance->CR1, ((hspi->Init.Mode & (SPI_CR1_MSTR | SPI_CR1_SSI)) |
 423:Drivers/STM32F0xx_HAL_Driver/Src/stm32f0xx_hal_spi.c ****                                   (hspi->Init.Direction & (SPI_CR1_RXONLY | SPI_CR1_BIDIMODE)) |
 424:Drivers/STM32F0xx_HAL_Driver/Src/stm32f0xx_hal_spi.c ****                                   (hspi->Init.CLKPolarity & SPI_CR1_CPOL) |
 425:Drivers/STM32F0xx_HAL_Driver/Src/stm32f0xx_hal_spi.c ****                                   (hspi->Init.CLKPhase & SPI_CR1_CPHA) |
 426:Drivers/STM32F0xx_HAL_Driver/Src/stm32f0xx_hal_spi.c ****                                   (hspi->Init.NSS & SPI_CR1_SSM) |
 427:Drivers/STM32F0xx_HAL_Driver/Src/stm32f0xx_hal_spi.c ****                                   (hspi->Init.BaudRatePrescaler & SPI_CR1_BR_Msk) |
 428:Drivers/STM32F0xx_HAL_Driver/Src/stm32f0xx_hal_spi.c ****                                   (hspi->Init.FirstBit  & SPI_CR1_LSBFIRST) |
 429:Drivers/STM32F0xx_HAL_Driver/Src/stm32f0xx_hal_spi.c ****                                   (hspi->Init.CRCCalculation & SPI_CR1_CRCEN)));
 430:Drivers/STM32F0xx_HAL_Driver/Src/stm32f0xx_hal_spi.c **** #if (USE_SPI_CRC != 0U)
 431:Drivers/STM32F0xx_HAL_Driver/Src/stm32f0xx_hal_spi.c ****   /*---------------------------- SPIx CRCL Configuration -------------------*/
ARM GAS  C:\Users\ADMINI~1\AppData\Local\Temp\ccrv5aWF.s 			page 9


 432:Drivers/STM32F0xx_HAL_Driver/Src/stm32f0xx_hal_spi.c ****   if (hspi->Init.CRCCalculation == SPI_CRCCALCULATION_ENABLE)
 433:Drivers/STM32F0xx_HAL_Driver/Src/stm32f0xx_hal_spi.c ****   {
 434:Drivers/STM32F0xx_HAL_Driver/Src/stm32f0xx_hal_spi.c ****     /* Align the CRC Length on the data size */
 435:Drivers/STM32F0xx_HAL_Driver/Src/stm32f0xx_hal_spi.c ****     if (hspi->Init.CRCLength == SPI_CRC_LENGTH_DATASIZE)
 436:Drivers/STM32F0xx_HAL_Driver/Src/stm32f0xx_hal_spi.c ****     {
 437:Drivers/STM32F0xx_HAL_Driver/Src/stm32f0xx_hal_spi.c ****       /* CRC Length aligned on the data size : value set by default */
 438:Drivers/STM32F0xx_HAL_Driver/Src/stm32f0xx_hal_spi.c ****       if (hspi->Init.DataSize > SPI_DATASIZE_8BIT)
 439:Drivers/STM32F0xx_HAL_Driver/Src/stm32f0xx_hal_spi.c ****       {
 440:Drivers/STM32F0xx_HAL_Driver/Src/stm32f0xx_hal_spi.c ****         hspi->Init.CRCLength = SPI_CRC_LENGTH_16BIT;
 441:Drivers/STM32F0xx_HAL_Driver/Src/stm32f0xx_hal_spi.c ****       }
 442:Drivers/STM32F0xx_HAL_Driver/Src/stm32f0xx_hal_spi.c ****       else
 443:Drivers/STM32F0xx_HAL_Driver/Src/stm32f0xx_hal_spi.c ****       {
 444:Drivers/STM32F0xx_HAL_Driver/Src/stm32f0xx_hal_spi.c ****         hspi->Init.CRCLength = SPI_CRC_LENGTH_8BIT;
 445:Drivers/STM32F0xx_HAL_Driver/Src/stm32f0xx_hal_spi.c ****       }
 446:Drivers/STM32F0xx_HAL_Driver/Src/stm32f0xx_hal_spi.c ****     }
 447:Drivers/STM32F0xx_HAL_Driver/Src/stm32f0xx_hal_spi.c **** 
 448:Drivers/STM32F0xx_HAL_Driver/Src/stm32f0xx_hal_spi.c ****     /* Configure : CRC Length */
 449:Drivers/STM32F0xx_HAL_Driver/Src/stm32f0xx_hal_spi.c ****     if (hspi->Init.CRCLength == SPI_CRC_LENGTH_16BIT)
 450:Drivers/STM32F0xx_HAL_Driver/Src/stm32f0xx_hal_spi.c ****     {
 451:Drivers/STM32F0xx_HAL_Driver/Src/stm32f0xx_hal_spi.c ****       SET_BIT(hspi->Instance->CR1, SPI_CR1_CRCL);
 452:Drivers/STM32F0xx_HAL_Driver/Src/stm32f0xx_hal_spi.c ****     }
 453:Drivers/STM32F0xx_HAL_Driver/Src/stm32f0xx_hal_spi.c ****   }
 454:Drivers/STM32F0xx_HAL_Driver/Src/stm32f0xx_hal_spi.c **** #endif /* USE_SPI_CRC */
 455:Drivers/STM32F0xx_HAL_Driver/Src/stm32f0xx_hal_spi.c **** 
 456:Drivers/STM32F0xx_HAL_Driver/Src/stm32f0xx_hal_spi.c ****   /* Configure : NSS management, TI Mode, NSS Pulse, Data size and Rx Fifo threshold */
 457:Drivers/STM32F0xx_HAL_Driver/Src/stm32f0xx_hal_spi.c ****   WRITE_REG(hspi->Instance->CR2, (((hspi->Init.NSS >> 16U) & SPI_CR2_SSOE) |
 458:Drivers/STM32F0xx_HAL_Driver/Src/stm32f0xx_hal_spi.c ****                                   (hspi->Init.TIMode & SPI_CR2_FRF) |
 459:Drivers/STM32F0xx_HAL_Driver/Src/stm32f0xx_hal_spi.c ****                                   (hspi->Init.NSSPMode & SPI_CR2_NSSP) |
 460:Drivers/STM32F0xx_HAL_Driver/Src/stm32f0xx_hal_spi.c ****                                   (hspi->Init.DataSize & SPI_CR2_DS_Msk) |
 461:Drivers/STM32F0xx_HAL_Driver/Src/stm32f0xx_hal_spi.c ****                                   (frxth & SPI_CR2_FRXTH)));
 462:Drivers/STM32F0xx_HAL_Driver/Src/stm32f0xx_hal_spi.c **** 
 463:Drivers/STM32F0xx_HAL_Driver/Src/stm32f0xx_hal_spi.c **** #if (USE_SPI_CRC != 0U)
 464:Drivers/STM32F0xx_HAL_Driver/Src/stm32f0xx_hal_spi.c ****   /*---------------------------- SPIx CRCPOLY Configuration ------------------*/
 465:Drivers/STM32F0xx_HAL_Driver/Src/stm32f0xx_hal_spi.c ****   /* Configure : CRC Polynomial */
 466:Drivers/STM32F0xx_HAL_Driver/Src/stm32f0xx_hal_spi.c ****   if (hspi->Init.CRCCalculation == SPI_CRCCALCULATION_ENABLE)
 467:Drivers/STM32F0xx_HAL_Driver/Src/stm32f0xx_hal_spi.c ****   {
 468:Drivers/STM32F0xx_HAL_Driver/Src/stm32f0xx_hal_spi.c ****     WRITE_REG(hspi->Instance->CRCPR, (hspi->Init.CRCPolynomial & SPI_CRCPR_CRCPOLY_Msk));
 469:Drivers/STM32F0xx_HAL_Driver/Src/stm32f0xx_hal_spi.c ****   }
 470:Drivers/STM32F0xx_HAL_Driver/Src/stm32f0xx_hal_spi.c **** #endif /* USE_SPI_CRC */
 471:Drivers/STM32F0xx_HAL_Driver/Src/stm32f0xx_hal_spi.c **** 
 472:Drivers/STM32F0xx_HAL_Driver/Src/stm32f0xx_hal_spi.c **** #if defined(SPI_I2SCFGR_I2SMOD)
 473:Drivers/STM32F0xx_HAL_Driver/Src/stm32f0xx_hal_spi.c ****   /* Activate the SPI mode (Make sure that I2SMOD bit in I2SCFGR register is reset) */
 474:Drivers/STM32F0xx_HAL_Driver/Src/stm32f0xx_hal_spi.c ****   CLEAR_BIT(hspi->Instance->I2SCFGR, SPI_I2SCFGR_I2SMOD);
 475:Drivers/STM32F0xx_HAL_Driver/Src/stm32f0xx_hal_spi.c **** #endif /* SPI_I2SCFGR_I2SMOD */
 476:Drivers/STM32F0xx_HAL_Driver/Src/stm32f0xx_hal_spi.c **** 
 477:Drivers/STM32F0xx_HAL_Driver/Src/stm32f0xx_hal_spi.c ****   hspi->ErrorCode = HAL_SPI_ERROR_NONE;
 478:Drivers/STM32F0xx_HAL_Driver/Src/stm32f0xx_hal_spi.c ****   hspi->State     = HAL_SPI_STATE_READY;
 479:Drivers/STM32F0xx_HAL_Driver/Src/stm32f0xx_hal_spi.c **** 
 480:Drivers/STM32F0xx_HAL_Driver/Src/stm32f0xx_hal_spi.c ****   return HAL_OK;
 481:Drivers/STM32F0xx_HAL_Driver/Src/stm32f0xx_hal_spi.c **** }
 482:Drivers/STM32F0xx_HAL_Driver/Src/stm32f0xx_hal_spi.c **** 
 483:Drivers/STM32F0xx_HAL_Driver/Src/stm32f0xx_hal_spi.c **** /**
 484:Drivers/STM32F0xx_HAL_Driver/Src/stm32f0xx_hal_spi.c ****   * @brief  De-Initialize the SPI peripheral.
 485:Drivers/STM32F0xx_HAL_Driver/Src/stm32f0xx_hal_spi.c ****   * @param  hspi pointer to a SPI_HandleTypeDef structure that contains
 486:Drivers/STM32F0xx_HAL_Driver/Src/stm32f0xx_hal_spi.c ****   *               the configuration information for SPI module.
 487:Drivers/STM32F0xx_HAL_Driver/Src/stm32f0xx_hal_spi.c ****   * @retval HAL status
 488:Drivers/STM32F0xx_HAL_Driver/Src/stm32f0xx_hal_spi.c ****   */
ARM GAS  C:\Users\ADMINI~1\AppData\Local\Temp\ccrv5aWF.s 			page 10


 489:Drivers/STM32F0xx_HAL_Driver/Src/stm32f0xx_hal_spi.c **** HAL_StatusTypeDef HAL_SPI_DeInit(SPI_HandleTypeDef *hspi)
 490:Drivers/STM32F0xx_HAL_Driver/Src/stm32f0xx_hal_spi.c **** {
 491:Drivers/STM32F0xx_HAL_Driver/Src/stm32f0xx_hal_spi.c ****   /* Check the SPI handle allocation */
 492:Drivers/STM32F0xx_HAL_Driver/Src/stm32f0xx_hal_spi.c ****   if (hspi == NULL)
 493:Drivers/STM32F0xx_HAL_Driver/Src/stm32f0xx_hal_spi.c ****   {
 494:Drivers/STM32F0xx_HAL_Driver/Src/stm32f0xx_hal_spi.c ****     return HAL_ERROR;
 495:Drivers/STM32F0xx_HAL_Driver/Src/stm32f0xx_hal_spi.c ****   }
 496:Drivers/STM32F0xx_HAL_Driver/Src/stm32f0xx_hal_spi.c **** 
 497:Drivers/STM32F0xx_HAL_Driver/Src/stm32f0xx_hal_spi.c ****   /* Check SPI Instance parameter */
 498:Drivers/STM32F0xx_HAL_Driver/Src/stm32f0xx_hal_spi.c ****   assert_param(IS_SPI_ALL_INSTANCE(hspi->Instance));
 499:Drivers/STM32F0xx_HAL_Driver/Src/stm32f0xx_hal_spi.c **** 
 500:Drivers/STM32F0xx_HAL_Driver/Src/stm32f0xx_hal_spi.c ****   hspi->State = HAL_SPI_STATE_BUSY;
 501:Drivers/STM32F0xx_HAL_Driver/Src/stm32f0xx_hal_spi.c **** 
 502:Drivers/STM32F0xx_HAL_Driver/Src/stm32f0xx_hal_spi.c ****   /* Disable the SPI Peripheral Clock */
 503:Drivers/STM32F0xx_HAL_Driver/Src/stm32f0xx_hal_spi.c ****   __HAL_SPI_DISABLE(hspi);
 504:Drivers/STM32F0xx_HAL_Driver/Src/stm32f0xx_hal_spi.c **** 
 505:Drivers/STM32F0xx_HAL_Driver/Src/stm32f0xx_hal_spi.c **** #if (USE_HAL_SPI_REGISTER_CALLBACKS == 1U)
 506:Drivers/STM32F0xx_HAL_Driver/Src/stm32f0xx_hal_spi.c ****   if (hspi->MspDeInitCallback == NULL)
 507:Drivers/STM32F0xx_HAL_Driver/Src/stm32f0xx_hal_spi.c ****   {
 508:Drivers/STM32F0xx_HAL_Driver/Src/stm32f0xx_hal_spi.c ****     hspi->MspDeInitCallback = HAL_SPI_MspDeInit; /* Legacy weak MspDeInit  */
 509:Drivers/STM32F0xx_HAL_Driver/Src/stm32f0xx_hal_spi.c ****   }
 510:Drivers/STM32F0xx_HAL_Driver/Src/stm32f0xx_hal_spi.c **** 
 511:Drivers/STM32F0xx_HAL_Driver/Src/stm32f0xx_hal_spi.c ****   /* DeInit the low level hardware: GPIO, CLOCK, NVIC... */
 512:Drivers/STM32F0xx_HAL_Driver/Src/stm32f0xx_hal_spi.c ****   hspi->MspDeInitCallback(hspi);
 513:Drivers/STM32F0xx_HAL_Driver/Src/stm32f0xx_hal_spi.c **** #else
 514:Drivers/STM32F0xx_HAL_Driver/Src/stm32f0xx_hal_spi.c ****   /* DeInit the low level hardware: GPIO, CLOCK, NVIC... */
 515:Drivers/STM32F0xx_HAL_Driver/Src/stm32f0xx_hal_spi.c ****   HAL_SPI_MspDeInit(hspi);
 516:Drivers/STM32F0xx_HAL_Driver/Src/stm32f0xx_hal_spi.c **** #endif /* USE_HAL_SPI_REGISTER_CALLBACKS */
 517:Drivers/STM32F0xx_HAL_Driver/Src/stm32f0xx_hal_spi.c **** 
 518:Drivers/STM32F0xx_HAL_Driver/Src/stm32f0xx_hal_spi.c ****   hspi->ErrorCode = HAL_SPI_ERROR_NONE;
 519:Drivers/STM32F0xx_HAL_Driver/Src/stm32f0xx_hal_spi.c ****   hspi->State = HAL_SPI_STATE_RESET;
 520:Drivers/STM32F0xx_HAL_Driver/Src/stm32f0xx_hal_spi.c **** 
 521:Drivers/STM32F0xx_HAL_Driver/Src/stm32f0xx_hal_spi.c ****   /* Release Lock */
 522:Drivers/STM32F0xx_HAL_Driver/Src/stm32f0xx_hal_spi.c ****   __HAL_UNLOCK(hspi);
 523:Drivers/STM32F0xx_HAL_Driver/Src/stm32f0xx_hal_spi.c **** 
 524:Drivers/STM32F0xx_HAL_Driver/Src/stm32f0xx_hal_spi.c ****   return HAL_OK;
 525:Drivers/STM32F0xx_HAL_Driver/Src/stm32f0xx_hal_spi.c **** }
 526:Drivers/STM32F0xx_HAL_Driver/Src/stm32f0xx_hal_spi.c **** 
 527:Drivers/STM32F0xx_HAL_Driver/Src/stm32f0xx_hal_spi.c **** /**
 528:Drivers/STM32F0xx_HAL_Driver/Src/stm32f0xx_hal_spi.c ****   * @brief  Initialize the SPI MSP.
 529:Drivers/STM32F0xx_HAL_Driver/Src/stm32f0xx_hal_spi.c ****   * @param  hspi pointer to a SPI_HandleTypeDef structure that contains
 530:Drivers/STM32F0xx_HAL_Driver/Src/stm32f0xx_hal_spi.c ****   *               the configuration information for SPI module.
 531:Drivers/STM32F0xx_HAL_Driver/Src/stm32f0xx_hal_spi.c ****   * @retval None
 532:Drivers/STM32F0xx_HAL_Driver/Src/stm32f0xx_hal_spi.c ****   */
 533:Drivers/STM32F0xx_HAL_Driver/Src/stm32f0xx_hal_spi.c **** __weak void HAL_SPI_MspInit(SPI_HandleTypeDef *hspi)
 534:Drivers/STM32F0xx_HAL_Driver/Src/stm32f0xx_hal_spi.c **** {
 535:Drivers/STM32F0xx_HAL_Driver/Src/stm32f0xx_hal_spi.c ****   /* Prevent unused argument(s) compilation warning */
 536:Drivers/STM32F0xx_HAL_Driver/Src/stm32f0xx_hal_spi.c ****   UNUSED(hspi);
 537:Drivers/STM32F0xx_HAL_Driver/Src/stm32f0xx_hal_spi.c **** 
 538:Drivers/STM32F0xx_HAL_Driver/Src/stm32f0xx_hal_spi.c ****   /* NOTE : This function should not be modified, when the callback is needed,
 539:Drivers/STM32F0xx_HAL_Driver/Src/stm32f0xx_hal_spi.c ****             the HAL_SPI_MspInit should be implemented in the user file
 540:Drivers/STM32F0xx_HAL_Driver/Src/stm32f0xx_hal_spi.c ****    */
 541:Drivers/STM32F0xx_HAL_Driver/Src/stm32f0xx_hal_spi.c **** }
 542:Drivers/STM32F0xx_HAL_Driver/Src/stm32f0xx_hal_spi.c **** 
 543:Drivers/STM32F0xx_HAL_Driver/Src/stm32f0xx_hal_spi.c **** /**
 544:Drivers/STM32F0xx_HAL_Driver/Src/stm32f0xx_hal_spi.c ****   * @brief  De-Initialize the SPI MSP.
 545:Drivers/STM32F0xx_HAL_Driver/Src/stm32f0xx_hal_spi.c ****   * @param  hspi pointer to a SPI_HandleTypeDef structure that contains
ARM GAS  C:\Users\ADMINI~1\AppData\Local\Temp\ccrv5aWF.s 			page 11


 546:Drivers/STM32F0xx_HAL_Driver/Src/stm32f0xx_hal_spi.c ****   *               the configuration information for SPI module.
 547:Drivers/STM32F0xx_HAL_Driver/Src/stm32f0xx_hal_spi.c ****   * @retval None
 548:Drivers/STM32F0xx_HAL_Driver/Src/stm32f0xx_hal_spi.c ****   */
 549:Drivers/STM32F0xx_HAL_Driver/Src/stm32f0xx_hal_spi.c **** __weak void HAL_SPI_MspDeInit(SPI_HandleTypeDef *hspi)
 550:Drivers/STM32F0xx_HAL_Driver/Src/stm32f0xx_hal_spi.c **** {
 551:Drivers/STM32F0xx_HAL_Driver/Src/stm32f0xx_hal_spi.c ****   /* Prevent unused argument(s) compilation warning */
 552:Drivers/STM32F0xx_HAL_Driver/Src/stm32f0xx_hal_spi.c ****   UNUSED(hspi);
 553:Drivers/STM32F0xx_HAL_Driver/Src/stm32f0xx_hal_spi.c **** 
 554:Drivers/STM32F0xx_HAL_Driver/Src/stm32f0xx_hal_spi.c ****   /* NOTE : This function should not be modified, when the callback is needed,
 555:Drivers/STM32F0xx_HAL_Driver/Src/stm32f0xx_hal_spi.c ****             the HAL_SPI_MspDeInit should be implemented in the user file
 556:Drivers/STM32F0xx_HAL_Driver/Src/stm32f0xx_hal_spi.c ****    */
 557:Drivers/STM32F0xx_HAL_Driver/Src/stm32f0xx_hal_spi.c **** }
 558:Drivers/STM32F0xx_HAL_Driver/Src/stm32f0xx_hal_spi.c **** 
 559:Drivers/STM32F0xx_HAL_Driver/Src/stm32f0xx_hal_spi.c **** #if (USE_HAL_SPI_REGISTER_CALLBACKS == 1U)
 560:Drivers/STM32F0xx_HAL_Driver/Src/stm32f0xx_hal_spi.c **** /**
 561:Drivers/STM32F0xx_HAL_Driver/Src/stm32f0xx_hal_spi.c ****   * @brief  Register a User SPI Callback
 562:Drivers/STM32F0xx_HAL_Driver/Src/stm32f0xx_hal_spi.c ****   *         To be used instead of the weak predefined callback
 563:Drivers/STM32F0xx_HAL_Driver/Src/stm32f0xx_hal_spi.c ****   * @param  hspi Pointer to a SPI_HandleTypeDef structure that contains
 564:Drivers/STM32F0xx_HAL_Driver/Src/stm32f0xx_hal_spi.c ****   *                the configuration information for the specified SPI.
 565:Drivers/STM32F0xx_HAL_Driver/Src/stm32f0xx_hal_spi.c ****   * @param  CallbackID ID of the callback to be registered
 566:Drivers/STM32F0xx_HAL_Driver/Src/stm32f0xx_hal_spi.c ****   * @param  pCallback pointer to the Callback function
 567:Drivers/STM32F0xx_HAL_Driver/Src/stm32f0xx_hal_spi.c ****   * @retval HAL status
 568:Drivers/STM32F0xx_HAL_Driver/Src/stm32f0xx_hal_spi.c ****   */
 569:Drivers/STM32F0xx_HAL_Driver/Src/stm32f0xx_hal_spi.c **** HAL_StatusTypeDef HAL_SPI_RegisterCallback(SPI_HandleTypeDef *hspi, HAL_SPI_CallbackIDTypeDef Callb
 570:Drivers/STM32F0xx_HAL_Driver/Src/stm32f0xx_hal_spi.c ****                                            pSPI_CallbackTypeDef pCallback)
 571:Drivers/STM32F0xx_HAL_Driver/Src/stm32f0xx_hal_spi.c **** {
 572:Drivers/STM32F0xx_HAL_Driver/Src/stm32f0xx_hal_spi.c ****   HAL_StatusTypeDef status = HAL_OK;
 573:Drivers/STM32F0xx_HAL_Driver/Src/stm32f0xx_hal_spi.c **** 
 574:Drivers/STM32F0xx_HAL_Driver/Src/stm32f0xx_hal_spi.c ****   if (pCallback == NULL)
 575:Drivers/STM32F0xx_HAL_Driver/Src/stm32f0xx_hal_spi.c ****   {
 576:Drivers/STM32F0xx_HAL_Driver/Src/stm32f0xx_hal_spi.c ****     /* Update the error code */
 577:Drivers/STM32F0xx_HAL_Driver/Src/stm32f0xx_hal_spi.c ****     hspi->ErrorCode |= HAL_SPI_ERROR_INVALID_CALLBACK;
 578:Drivers/STM32F0xx_HAL_Driver/Src/stm32f0xx_hal_spi.c **** 
 579:Drivers/STM32F0xx_HAL_Driver/Src/stm32f0xx_hal_spi.c ****     return HAL_ERROR;
 580:Drivers/STM32F0xx_HAL_Driver/Src/stm32f0xx_hal_spi.c ****   }
 581:Drivers/STM32F0xx_HAL_Driver/Src/stm32f0xx_hal_spi.c ****   /* Process locked */
 582:Drivers/STM32F0xx_HAL_Driver/Src/stm32f0xx_hal_spi.c ****   __HAL_LOCK(hspi);
 583:Drivers/STM32F0xx_HAL_Driver/Src/stm32f0xx_hal_spi.c **** 
 584:Drivers/STM32F0xx_HAL_Driver/Src/stm32f0xx_hal_spi.c ****   if (HAL_SPI_STATE_READY == hspi->State)
 585:Drivers/STM32F0xx_HAL_Driver/Src/stm32f0xx_hal_spi.c ****   {
 586:Drivers/STM32F0xx_HAL_Driver/Src/stm32f0xx_hal_spi.c ****     switch (CallbackID)
 587:Drivers/STM32F0xx_HAL_Driver/Src/stm32f0xx_hal_spi.c ****     {
 588:Drivers/STM32F0xx_HAL_Driver/Src/stm32f0xx_hal_spi.c ****       case HAL_SPI_TX_COMPLETE_CB_ID :
 589:Drivers/STM32F0xx_HAL_Driver/Src/stm32f0xx_hal_spi.c ****         hspi->TxCpltCallback = pCallback;
 590:Drivers/STM32F0xx_HAL_Driver/Src/stm32f0xx_hal_spi.c ****         break;
 591:Drivers/STM32F0xx_HAL_Driver/Src/stm32f0xx_hal_spi.c **** 
 592:Drivers/STM32F0xx_HAL_Driver/Src/stm32f0xx_hal_spi.c ****       case HAL_SPI_RX_COMPLETE_CB_ID :
 593:Drivers/STM32F0xx_HAL_Driver/Src/stm32f0xx_hal_spi.c ****         hspi->RxCpltCallback = pCallback;
 594:Drivers/STM32F0xx_HAL_Driver/Src/stm32f0xx_hal_spi.c ****         break;
 595:Drivers/STM32F0xx_HAL_Driver/Src/stm32f0xx_hal_spi.c **** 
 596:Drivers/STM32F0xx_HAL_Driver/Src/stm32f0xx_hal_spi.c ****       case HAL_SPI_TX_RX_COMPLETE_CB_ID :
 597:Drivers/STM32F0xx_HAL_Driver/Src/stm32f0xx_hal_spi.c ****         hspi->TxRxCpltCallback = pCallback;
 598:Drivers/STM32F0xx_HAL_Driver/Src/stm32f0xx_hal_spi.c ****         break;
 599:Drivers/STM32F0xx_HAL_Driver/Src/stm32f0xx_hal_spi.c **** 
 600:Drivers/STM32F0xx_HAL_Driver/Src/stm32f0xx_hal_spi.c ****       case HAL_SPI_TX_HALF_COMPLETE_CB_ID :
 601:Drivers/STM32F0xx_HAL_Driver/Src/stm32f0xx_hal_spi.c ****         hspi->TxHalfCpltCallback = pCallback;
 602:Drivers/STM32F0xx_HAL_Driver/Src/stm32f0xx_hal_spi.c ****         break;
ARM GAS  C:\Users\ADMINI~1\AppData\Local\Temp\ccrv5aWF.s 			page 12


 603:Drivers/STM32F0xx_HAL_Driver/Src/stm32f0xx_hal_spi.c **** 
 604:Drivers/STM32F0xx_HAL_Driver/Src/stm32f0xx_hal_spi.c ****       case HAL_SPI_RX_HALF_COMPLETE_CB_ID :
 605:Drivers/STM32F0xx_HAL_Driver/Src/stm32f0xx_hal_spi.c ****         hspi->RxHalfCpltCallback = pCallback;
 606:Drivers/STM32F0xx_HAL_Driver/Src/stm32f0xx_hal_spi.c ****         break;
 607:Drivers/STM32F0xx_HAL_Driver/Src/stm32f0xx_hal_spi.c **** 
 608:Drivers/STM32F0xx_HAL_Driver/Src/stm32f0xx_hal_spi.c ****       case HAL_SPI_TX_RX_HALF_COMPLETE_CB_ID :
 609:Drivers/STM32F0xx_HAL_Driver/Src/stm32f0xx_hal_spi.c ****         hspi->TxRxHalfCpltCallback = pCallback;
 610:Drivers/STM32F0xx_HAL_Driver/Src/stm32f0xx_hal_spi.c ****         break;
 611:Drivers/STM32F0xx_HAL_Driver/Src/stm32f0xx_hal_spi.c **** 
 612:Drivers/STM32F0xx_HAL_Driver/Src/stm32f0xx_hal_spi.c ****       case HAL_SPI_ERROR_CB_ID :
 613:Drivers/STM32F0xx_HAL_Driver/Src/stm32f0xx_hal_spi.c ****         hspi->ErrorCallback = pCallback;
 614:Drivers/STM32F0xx_HAL_Driver/Src/stm32f0xx_hal_spi.c ****         break;
 615:Drivers/STM32F0xx_HAL_Driver/Src/stm32f0xx_hal_spi.c **** 
 616:Drivers/STM32F0xx_HAL_Driver/Src/stm32f0xx_hal_spi.c ****       case HAL_SPI_ABORT_CB_ID :
 617:Drivers/STM32F0xx_HAL_Driver/Src/stm32f0xx_hal_spi.c ****         hspi->AbortCpltCallback = pCallback;
 618:Drivers/STM32F0xx_HAL_Driver/Src/stm32f0xx_hal_spi.c ****         break;
 619:Drivers/STM32F0xx_HAL_Driver/Src/stm32f0xx_hal_spi.c **** 
 620:Drivers/STM32F0xx_HAL_Driver/Src/stm32f0xx_hal_spi.c ****       case HAL_SPI_MSPINIT_CB_ID :
 621:Drivers/STM32F0xx_HAL_Driver/Src/stm32f0xx_hal_spi.c ****         hspi->MspInitCallback = pCallback;
 622:Drivers/STM32F0xx_HAL_Driver/Src/stm32f0xx_hal_spi.c ****         break;
 623:Drivers/STM32F0xx_HAL_Driver/Src/stm32f0xx_hal_spi.c **** 
 624:Drivers/STM32F0xx_HAL_Driver/Src/stm32f0xx_hal_spi.c ****       case HAL_SPI_MSPDEINIT_CB_ID :
 625:Drivers/STM32F0xx_HAL_Driver/Src/stm32f0xx_hal_spi.c ****         hspi->MspDeInitCallback = pCallback;
 626:Drivers/STM32F0xx_HAL_Driver/Src/stm32f0xx_hal_spi.c ****         break;
 627:Drivers/STM32F0xx_HAL_Driver/Src/stm32f0xx_hal_spi.c **** 
 628:Drivers/STM32F0xx_HAL_Driver/Src/stm32f0xx_hal_spi.c ****       default :
 629:Drivers/STM32F0xx_HAL_Driver/Src/stm32f0xx_hal_spi.c ****         /* Update the error code */
 630:Drivers/STM32F0xx_HAL_Driver/Src/stm32f0xx_hal_spi.c ****         SET_BIT(hspi->ErrorCode, HAL_SPI_ERROR_INVALID_CALLBACK);
 631:Drivers/STM32F0xx_HAL_Driver/Src/stm32f0xx_hal_spi.c **** 
 632:Drivers/STM32F0xx_HAL_Driver/Src/stm32f0xx_hal_spi.c ****         /* Return error status */
 633:Drivers/STM32F0xx_HAL_Driver/Src/stm32f0xx_hal_spi.c ****         status =  HAL_ERROR;
 634:Drivers/STM32F0xx_HAL_Driver/Src/stm32f0xx_hal_spi.c ****         break;
 635:Drivers/STM32F0xx_HAL_Driver/Src/stm32f0xx_hal_spi.c ****     }
 636:Drivers/STM32F0xx_HAL_Driver/Src/stm32f0xx_hal_spi.c ****   }
 637:Drivers/STM32F0xx_HAL_Driver/Src/stm32f0xx_hal_spi.c ****   else if (HAL_SPI_STATE_RESET == hspi->State)
 638:Drivers/STM32F0xx_HAL_Driver/Src/stm32f0xx_hal_spi.c ****   {
 639:Drivers/STM32F0xx_HAL_Driver/Src/stm32f0xx_hal_spi.c ****     switch (CallbackID)
 640:Drivers/STM32F0xx_HAL_Driver/Src/stm32f0xx_hal_spi.c ****     {
 641:Drivers/STM32F0xx_HAL_Driver/Src/stm32f0xx_hal_spi.c ****       case HAL_SPI_MSPINIT_CB_ID :
 642:Drivers/STM32F0xx_HAL_Driver/Src/stm32f0xx_hal_spi.c ****         hspi->MspInitCallback = pCallback;
 643:Drivers/STM32F0xx_HAL_Driver/Src/stm32f0xx_hal_spi.c ****         break;
 644:Drivers/STM32F0xx_HAL_Driver/Src/stm32f0xx_hal_spi.c **** 
 645:Drivers/STM32F0xx_HAL_Driver/Src/stm32f0xx_hal_spi.c ****       case HAL_SPI_MSPDEINIT_CB_ID :
 646:Drivers/STM32F0xx_HAL_Driver/Src/stm32f0xx_hal_spi.c ****         hspi->MspDeInitCallback = pCallback;
 647:Drivers/STM32F0xx_HAL_Driver/Src/stm32f0xx_hal_spi.c ****         break;
 648:Drivers/STM32F0xx_HAL_Driver/Src/stm32f0xx_hal_spi.c **** 
 649:Drivers/STM32F0xx_HAL_Driver/Src/stm32f0xx_hal_spi.c ****       default :
 650:Drivers/STM32F0xx_HAL_Driver/Src/stm32f0xx_hal_spi.c ****         /* Update the error code */
 651:Drivers/STM32F0xx_HAL_Driver/Src/stm32f0xx_hal_spi.c ****         SET_BIT(hspi->ErrorCode, HAL_SPI_ERROR_INVALID_CALLBACK);
 652:Drivers/STM32F0xx_HAL_Driver/Src/stm32f0xx_hal_spi.c **** 
 653:Drivers/STM32F0xx_HAL_Driver/Src/stm32f0xx_hal_spi.c ****         /* Return error status */
 654:Drivers/STM32F0xx_HAL_Driver/Src/stm32f0xx_hal_spi.c ****         status =  HAL_ERROR;
 655:Drivers/STM32F0xx_HAL_Driver/Src/stm32f0xx_hal_spi.c ****         break;
 656:Drivers/STM32F0xx_HAL_Driver/Src/stm32f0xx_hal_spi.c ****     }
 657:Drivers/STM32F0xx_HAL_Driver/Src/stm32f0xx_hal_spi.c ****   }
 658:Drivers/STM32F0xx_HAL_Driver/Src/stm32f0xx_hal_spi.c ****   else
 659:Drivers/STM32F0xx_HAL_Driver/Src/stm32f0xx_hal_spi.c ****   {
ARM GAS  C:\Users\ADMINI~1\AppData\Local\Temp\ccrv5aWF.s 			page 13


 660:Drivers/STM32F0xx_HAL_Driver/Src/stm32f0xx_hal_spi.c ****     /* Update the error code */
 661:Drivers/STM32F0xx_HAL_Driver/Src/stm32f0xx_hal_spi.c ****     SET_BIT(hspi->ErrorCode, HAL_SPI_ERROR_INVALID_CALLBACK);
 662:Drivers/STM32F0xx_HAL_Driver/Src/stm32f0xx_hal_spi.c **** 
 663:Drivers/STM32F0xx_HAL_Driver/Src/stm32f0xx_hal_spi.c ****     /* Return error status */
 664:Drivers/STM32F0xx_HAL_Driver/Src/stm32f0xx_hal_spi.c ****     status =  HAL_ERROR;
 665:Drivers/STM32F0xx_HAL_Driver/Src/stm32f0xx_hal_spi.c ****   }
 666:Drivers/STM32F0xx_HAL_Driver/Src/stm32f0xx_hal_spi.c **** 
 667:Drivers/STM32F0xx_HAL_Driver/Src/stm32f0xx_hal_spi.c ****   /* Release Lock */
 668:Drivers/STM32F0xx_HAL_Driver/Src/stm32f0xx_hal_spi.c ****   __HAL_UNLOCK(hspi);
 669:Drivers/STM32F0xx_HAL_Driver/Src/stm32f0xx_hal_spi.c ****   return status;
 670:Drivers/STM32F0xx_HAL_Driver/Src/stm32f0xx_hal_spi.c **** }
 671:Drivers/STM32F0xx_HAL_Driver/Src/stm32f0xx_hal_spi.c **** 
 672:Drivers/STM32F0xx_HAL_Driver/Src/stm32f0xx_hal_spi.c **** /**
 673:Drivers/STM32F0xx_HAL_Driver/Src/stm32f0xx_hal_spi.c ****   * @brief  Unregister an SPI Callback
 674:Drivers/STM32F0xx_HAL_Driver/Src/stm32f0xx_hal_spi.c ****   *         SPI callback is redirected to the weak predefined callback
 675:Drivers/STM32F0xx_HAL_Driver/Src/stm32f0xx_hal_spi.c ****   * @param  hspi Pointer to a SPI_HandleTypeDef structure that contains
 676:Drivers/STM32F0xx_HAL_Driver/Src/stm32f0xx_hal_spi.c ****   *                the configuration information for the specified SPI.
 677:Drivers/STM32F0xx_HAL_Driver/Src/stm32f0xx_hal_spi.c ****   * @param  CallbackID ID of the callback to be unregistered
 678:Drivers/STM32F0xx_HAL_Driver/Src/stm32f0xx_hal_spi.c ****   * @retval HAL status
 679:Drivers/STM32F0xx_HAL_Driver/Src/stm32f0xx_hal_spi.c ****   */
 680:Drivers/STM32F0xx_HAL_Driver/Src/stm32f0xx_hal_spi.c **** HAL_StatusTypeDef HAL_SPI_UnRegisterCallback(SPI_HandleTypeDef *hspi, HAL_SPI_CallbackIDTypeDef Cal
 681:Drivers/STM32F0xx_HAL_Driver/Src/stm32f0xx_hal_spi.c **** {
 682:Drivers/STM32F0xx_HAL_Driver/Src/stm32f0xx_hal_spi.c ****   HAL_StatusTypeDef status = HAL_OK;
 683:Drivers/STM32F0xx_HAL_Driver/Src/stm32f0xx_hal_spi.c **** 
 684:Drivers/STM32F0xx_HAL_Driver/Src/stm32f0xx_hal_spi.c ****   /* Process locked */
 685:Drivers/STM32F0xx_HAL_Driver/Src/stm32f0xx_hal_spi.c ****   __HAL_LOCK(hspi);
 686:Drivers/STM32F0xx_HAL_Driver/Src/stm32f0xx_hal_spi.c **** 
 687:Drivers/STM32F0xx_HAL_Driver/Src/stm32f0xx_hal_spi.c ****   if (HAL_SPI_STATE_READY == hspi->State)
 688:Drivers/STM32F0xx_HAL_Driver/Src/stm32f0xx_hal_spi.c ****   {
 689:Drivers/STM32F0xx_HAL_Driver/Src/stm32f0xx_hal_spi.c ****     switch (CallbackID)
 690:Drivers/STM32F0xx_HAL_Driver/Src/stm32f0xx_hal_spi.c ****     {
 691:Drivers/STM32F0xx_HAL_Driver/Src/stm32f0xx_hal_spi.c ****       case HAL_SPI_TX_COMPLETE_CB_ID :
 692:Drivers/STM32F0xx_HAL_Driver/Src/stm32f0xx_hal_spi.c ****         hspi->TxCpltCallback = HAL_SPI_TxCpltCallback;             /* Legacy weak TxCpltCallback   
 693:Drivers/STM32F0xx_HAL_Driver/Src/stm32f0xx_hal_spi.c ****         break;
 694:Drivers/STM32F0xx_HAL_Driver/Src/stm32f0xx_hal_spi.c **** 
 695:Drivers/STM32F0xx_HAL_Driver/Src/stm32f0xx_hal_spi.c ****       case HAL_SPI_RX_COMPLETE_CB_ID :
 696:Drivers/STM32F0xx_HAL_Driver/Src/stm32f0xx_hal_spi.c ****         hspi->RxCpltCallback = HAL_SPI_RxCpltCallback;             /* Legacy weak RxCpltCallback   
 697:Drivers/STM32F0xx_HAL_Driver/Src/stm32f0xx_hal_spi.c ****         break;
 698:Drivers/STM32F0xx_HAL_Driver/Src/stm32f0xx_hal_spi.c **** 
 699:Drivers/STM32F0xx_HAL_Driver/Src/stm32f0xx_hal_spi.c ****       case HAL_SPI_TX_RX_COMPLETE_CB_ID :
 700:Drivers/STM32F0xx_HAL_Driver/Src/stm32f0xx_hal_spi.c ****         hspi->TxRxCpltCallback = HAL_SPI_TxRxCpltCallback;         /* Legacy weak TxRxCpltCallback 
 701:Drivers/STM32F0xx_HAL_Driver/Src/stm32f0xx_hal_spi.c ****         break;
 702:Drivers/STM32F0xx_HAL_Driver/Src/stm32f0xx_hal_spi.c **** 
 703:Drivers/STM32F0xx_HAL_Driver/Src/stm32f0xx_hal_spi.c ****       case HAL_SPI_TX_HALF_COMPLETE_CB_ID :
 704:Drivers/STM32F0xx_HAL_Driver/Src/stm32f0xx_hal_spi.c ****         hspi->TxHalfCpltCallback = HAL_SPI_TxHalfCpltCallback;     /* Legacy weak TxHalfCpltCallbac
 705:Drivers/STM32F0xx_HAL_Driver/Src/stm32f0xx_hal_spi.c ****         break;
 706:Drivers/STM32F0xx_HAL_Driver/Src/stm32f0xx_hal_spi.c **** 
 707:Drivers/STM32F0xx_HAL_Driver/Src/stm32f0xx_hal_spi.c ****       case HAL_SPI_RX_HALF_COMPLETE_CB_ID :
 708:Drivers/STM32F0xx_HAL_Driver/Src/stm32f0xx_hal_spi.c ****         hspi->RxHalfCpltCallback = HAL_SPI_RxHalfCpltCallback;     /* Legacy weak RxHalfCpltCallbac
 709:Drivers/STM32F0xx_HAL_Driver/Src/stm32f0xx_hal_spi.c ****         break;
 710:Drivers/STM32F0xx_HAL_Driver/Src/stm32f0xx_hal_spi.c **** 
 711:Drivers/STM32F0xx_HAL_Driver/Src/stm32f0xx_hal_spi.c ****       case HAL_SPI_TX_RX_HALF_COMPLETE_CB_ID :
 712:Drivers/STM32F0xx_HAL_Driver/Src/stm32f0xx_hal_spi.c ****         hspi->TxRxHalfCpltCallback = HAL_SPI_TxRxHalfCpltCallback; /* Legacy weak TxRxHalfCpltCallb
 713:Drivers/STM32F0xx_HAL_Driver/Src/stm32f0xx_hal_spi.c ****         break;
 714:Drivers/STM32F0xx_HAL_Driver/Src/stm32f0xx_hal_spi.c **** 
 715:Drivers/STM32F0xx_HAL_Driver/Src/stm32f0xx_hal_spi.c ****       case HAL_SPI_ERROR_CB_ID :
 716:Drivers/STM32F0xx_HAL_Driver/Src/stm32f0xx_hal_spi.c ****         hspi->ErrorCallback = HAL_SPI_ErrorCallback;               /* Legacy weak ErrorCallback    
ARM GAS  C:\Users\ADMINI~1\AppData\Local\Temp\ccrv5aWF.s 			page 14


 717:Drivers/STM32F0xx_HAL_Driver/Src/stm32f0xx_hal_spi.c ****         break;
 718:Drivers/STM32F0xx_HAL_Driver/Src/stm32f0xx_hal_spi.c **** 
 719:Drivers/STM32F0xx_HAL_Driver/Src/stm32f0xx_hal_spi.c ****       case HAL_SPI_ABORT_CB_ID :
 720:Drivers/STM32F0xx_HAL_Driver/Src/stm32f0xx_hal_spi.c ****         hspi->AbortCpltCallback = HAL_SPI_AbortCpltCallback;       /* Legacy weak AbortCpltCallback
 721:Drivers/STM32F0xx_HAL_Driver/Src/stm32f0xx_hal_spi.c ****         break;
 722:Drivers/STM32F0xx_HAL_Driver/Src/stm32f0xx_hal_spi.c **** 
 723:Drivers/STM32F0xx_HAL_Driver/Src/stm32f0xx_hal_spi.c ****       case HAL_SPI_MSPINIT_CB_ID :
 724:Drivers/STM32F0xx_HAL_Driver/Src/stm32f0xx_hal_spi.c ****         hspi->MspInitCallback = HAL_SPI_MspInit;                   /* Legacy weak MspInit          
 725:Drivers/STM32F0xx_HAL_Driver/Src/stm32f0xx_hal_spi.c ****         break;
 726:Drivers/STM32F0xx_HAL_Driver/Src/stm32f0xx_hal_spi.c **** 
 727:Drivers/STM32F0xx_HAL_Driver/Src/stm32f0xx_hal_spi.c ****       case HAL_SPI_MSPDEINIT_CB_ID :
 728:Drivers/STM32F0xx_HAL_Driver/Src/stm32f0xx_hal_spi.c ****         hspi->MspDeInitCallback = HAL_SPI_MspDeInit;               /* Legacy weak MspDeInit        
 729:Drivers/STM32F0xx_HAL_Driver/Src/stm32f0xx_hal_spi.c ****         break;
 730:Drivers/STM32F0xx_HAL_Driver/Src/stm32f0xx_hal_spi.c **** 
 731:Drivers/STM32F0xx_HAL_Driver/Src/stm32f0xx_hal_spi.c ****       default :
 732:Drivers/STM32F0xx_HAL_Driver/Src/stm32f0xx_hal_spi.c ****         /* Update the error code */
 733:Drivers/STM32F0xx_HAL_Driver/Src/stm32f0xx_hal_spi.c ****         SET_BIT(hspi->ErrorCode, HAL_SPI_ERROR_INVALID_CALLBACK);
 734:Drivers/STM32F0xx_HAL_Driver/Src/stm32f0xx_hal_spi.c **** 
 735:Drivers/STM32F0xx_HAL_Driver/Src/stm32f0xx_hal_spi.c ****         /* Return error status */
 736:Drivers/STM32F0xx_HAL_Driver/Src/stm32f0xx_hal_spi.c ****         status =  HAL_ERROR;
 737:Drivers/STM32F0xx_HAL_Driver/Src/stm32f0xx_hal_spi.c ****         break;
 738:Drivers/STM32F0xx_HAL_Driver/Src/stm32f0xx_hal_spi.c ****     }
 739:Drivers/STM32F0xx_HAL_Driver/Src/stm32f0xx_hal_spi.c ****   }
 740:Drivers/STM32F0xx_HAL_Driver/Src/stm32f0xx_hal_spi.c ****   else if (HAL_SPI_STATE_RESET == hspi->State)
 741:Drivers/STM32F0xx_HAL_Driver/Src/stm32f0xx_hal_spi.c ****   {
 742:Drivers/STM32F0xx_HAL_Driver/Src/stm32f0xx_hal_spi.c ****     switch (CallbackID)
 743:Drivers/STM32F0xx_HAL_Driver/Src/stm32f0xx_hal_spi.c ****     {
 744:Drivers/STM32F0xx_HAL_Driver/Src/stm32f0xx_hal_spi.c ****       case HAL_SPI_MSPINIT_CB_ID :
 745:Drivers/STM32F0xx_HAL_Driver/Src/stm32f0xx_hal_spi.c ****         hspi->MspInitCallback = HAL_SPI_MspInit;                   /* Legacy weak MspInit          
 746:Drivers/STM32F0xx_HAL_Driver/Src/stm32f0xx_hal_spi.c ****         break;
 747:Drivers/STM32F0xx_HAL_Driver/Src/stm32f0xx_hal_spi.c **** 
 748:Drivers/STM32F0xx_HAL_Driver/Src/stm32f0xx_hal_spi.c ****       case HAL_SPI_MSPDEINIT_CB_ID :
 749:Drivers/STM32F0xx_HAL_Driver/Src/stm32f0xx_hal_spi.c ****         hspi->MspDeInitCallback = HAL_SPI_MspDeInit;               /* Legacy weak MspDeInit        
 750:Drivers/STM32F0xx_HAL_Driver/Src/stm32f0xx_hal_spi.c ****         break;
 751:Drivers/STM32F0xx_HAL_Driver/Src/stm32f0xx_hal_spi.c **** 
 752:Drivers/STM32F0xx_HAL_Driver/Src/stm32f0xx_hal_spi.c ****       default :
 753:Drivers/STM32F0xx_HAL_Driver/Src/stm32f0xx_hal_spi.c ****         /* Update the error code */
 754:Drivers/STM32F0xx_HAL_Driver/Src/stm32f0xx_hal_spi.c ****         SET_BIT(hspi->ErrorCode, HAL_SPI_ERROR_INVALID_CALLBACK);
 755:Drivers/STM32F0xx_HAL_Driver/Src/stm32f0xx_hal_spi.c **** 
 756:Drivers/STM32F0xx_HAL_Driver/Src/stm32f0xx_hal_spi.c ****         /* Return error status */
 757:Drivers/STM32F0xx_HAL_Driver/Src/stm32f0xx_hal_spi.c ****         status =  HAL_ERROR;
 758:Drivers/STM32F0xx_HAL_Driver/Src/stm32f0xx_hal_spi.c ****         break;
 759:Drivers/STM32F0xx_HAL_Driver/Src/stm32f0xx_hal_spi.c ****     }
 760:Drivers/STM32F0xx_HAL_Driver/Src/stm32f0xx_hal_spi.c ****   }
 761:Drivers/STM32F0xx_HAL_Driver/Src/stm32f0xx_hal_spi.c ****   else
 762:Drivers/STM32F0xx_HAL_Driver/Src/stm32f0xx_hal_spi.c ****   {
 763:Drivers/STM32F0xx_HAL_Driver/Src/stm32f0xx_hal_spi.c ****     /* Update the error code */
 764:Drivers/STM32F0xx_HAL_Driver/Src/stm32f0xx_hal_spi.c ****     SET_BIT(hspi->ErrorCode, HAL_SPI_ERROR_INVALID_CALLBACK);
 765:Drivers/STM32F0xx_HAL_Driver/Src/stm32f0xx_hal_spi.c **** 
 766:Drivers/STM32F0xx_HAL_Driver/Src/stm32f0xx_hal_spi.c ****     /* Return error status */
 767:Drivers/STM32F0xx_HAL_Driver/Src/stm32f0xx_hal_spi.c ****     status =  HAL_ERROR;
 768:Drivers/STM32F0xx_HAL_Driver/Src/stm32f0xx_hal_spi.c ****   }
 769:Drivers/STM32F0xx_HAL_Driver/Src/stm32f0xx_hal_spi.c **** 
 770:Drivers/STM32F0xx_HAL_Driver/Src/stm32f0xx_hal_spi.c ****   /* Release Lock */
 771:Drivers/STM32F0xx_HAL_Driver/Src/stm32f0xx_hal_spi.c ****   __HAL_UNLOCK(hspi);
 772:Drivers/STM32F0xx_HAL_Driver/Src/stm32f0xx_hal_spi.c ****   return status;
 773:Drivers/STM32F0xx_HAL_Driver/Src/stm32f0xx_hal_spi.c **** }
ARM GAS  C:\Users\ADMINI~1\AppData\Local\Temp\ccrv5aWF.s 			page 15


 774:Drivers/STM32F0xx_HAL_Driver/Src/stm32f0xx_hal_spi.c **** #endif /* USE_HAL_SPI_REGISTER_CALLBACKS */
 775:Drivers/STM32F0xx_HAL_Driver/Src/stm32f0xx_hal_spi.c **** /**
 776:Drivers/STM32F0xx_HAL_Driver/Src/stm32f0xx_hal_spi.c ****   * @}
 777:Drivers/STM32F0xx_HAL_Driver/Src/stm32f0xx_hal_spi.c ****   */
 778:Drivers/STM32F0xx_HAL_Driver/Src/stm32f0xx_hal_spi.c **** 
 779:Drivers/STM32F0xx_HAL_Driver/Src/stm32f0xx_hal_spi.c **** /** @defgroup SPI_Exported_Functions_Group2 IO operation functions
 780:Drivers/STM32F0xx_HAL_Driver/Src/stm32f0xx_hal_spi.c ****   *  @brief   Data transfers functions
 781:Drivers/STM32F0xx_HAL_Driver/Src/stm32f0xx_hal_spi.c ****   *
 782:Drivers/STM32F0xx_HAL_Driver/Src/stm32f0xx_hal_spi.c **** @verbatim
 783:Drivers/STM32F0xx_HAL_Driver/Src/stm32f0xx_hal_spi.c ****   ==============================================================================
 784:Drivers/STM32F0xx_HAL_Driver/Src/stm32f0xx_hal_spi.c ****                       ##### IO operation functions #####
 785:Drivers/STM32F0xx_HAL_Driver/Src/stm32f0xx_hal_spi.c ****  ===============================================================================
 786:Drivers/STM32F0xx_HAL_Driver/Src/stm32f0xx_hal_spi.c ****  [..]
 787:Drivers/STM32F0xx_HAL_Driver/Src/stm32f0xx_hal_spi.c ****     This subsection provides a set of functions allowing to manage the SPI
 788:Drivers/STM32F0xx_HAL_Driver/Src/stm32f0xx_hal_spi.c ****     data transfers.
 789:Drivers/STM32F0xx_HAL_Driver/Src/stm32f0xx_hal_spi.c **** 
 790:Drivers/STM32F0xx_HAL_Driver/Src/stm32f0xx_hal_spi.c ****     [..] The SPI supports master and slave mode :
 791:Drivers/STM32F0xx_HAL_Driver/Src/stm32f0xx_hal_spi.c **** 
 792:Drivers/STM32F0xx_HAL_Driver/Src/stm32f0xx_hal_spi.c ****     (#) There are two modes of transfer:
 793:Drivers/STM32F0xx_HAL_Driver/Src/stm32f0xx_hal_spi.c ****        (++) Blocking mode: The communication is performed in polling mode.
 794:Drivers/STM32F0xx_HAL_Driver/Src/stm32f0xx_hal_spi.c ****             The HAL status of all data processing is returned by the same function
 795:Drivers/STM32F0xx_HAL_Driver/Src/stm32f0xx_hal_spi.c ****             after finishing transfer.
 796:Drivers/STM32F0xx_HAL_Driver/Src/stm32f0xx_hal_spi.c ****        (++) No-Blocking mode: The communication is performed using Interrupts
 797:Drivers/STM32F0xx_HAL_Driver/Src/stm32f0xx_hal_spi.c ****             or DMA, These APIs return the HAL status.
 798:Drivers/STM32F0xx_HAL_Driver/Src/stm32f0xx_hal_spi.c ****             The end of the data processing will be indicated through the
 799:Drivers/STM32F0xx_HAL_Driver/Src/stm32f0xx_hal_spi.c ****             dedicated SPI IRQ when using Interrupt mode or the DMA IRQ when
 800:Drivers/STM32F0xx_HAL_Driver/Src/stm32f0xx_hal_spi.c ****             using DMA mode.
 801:Drivers/STM32F0xx_HAL_Driver/Src/stm32f0xx_hal_spi.c ****             The HAL_SPI_TxCpltCallback(), HAL_SPI_RxCpltCallback() and HAL_SPI_TxRxCpltCallback() u
 802:Drivers/STM32F0xx_HAL_Driver/Src/stm32f0xx_hal_spi.c ****             will be executed respectively at the end of the transmit or Receive process
 803:Drivers/STM32F0xx_HAL_Driver/Src/stm32f0xx_hal_spi.c ****             The HAL_SPI_ErrorCallback()user callback will be executed when a communication error is
 804:Drivers/STM32F0xx_HAL_Driver/Src/stm32f0xx_hal_spi.c **** 
 805:Drivers/STM32F0xx_HAL_Driver/Src/stm32f0xx_hal_spi.c ****     (#) APIs provided for these 2 transfer modes (Blocking mode or Non blocking mode using either I
 806:Drivers/STM32F0xx_HAL_Driver/Src/stm32f0xx_hal_spi.c ****         exist for 1Line (simplex) and 2Lines (full duplex) modes.
 807:Drivers/STM32F0xx_HAL_Driver/Src/stm32f0xx_hal_spi.c **** 
 808:Drivers/STM32F0xx_HAL_Driver/Src/stm32f0xx_hal_spi.c **** @endverbatim
 809:Drivers/STM32F0xx_HAL_Driver/Src/stm32f0xx_hal_spi.c ****   * @{
 810:Drivers/STM32F0xx_HAL_Driver/Src/stm32f0xx_hal_spi.c ****   */
 811:Drivers/STM32F0xx_HAL_Driver/Src/stm32f0xx_hal_spi.c **** 
 812:Drivers/STM32F0xx_HAL_Driver/Src/stm32f0xx_hal_spi.c **** /**
 813:Drivers/STM32F0xx_HAL_Driver/Src/stm32f0xx_hal_spi.c ****   * @brief  Transmit an amount of data in blocking mode.
 814:Drivers/STM32F0xx_HAL_Driver/Src/stm32f0xx_hal_spi.c ****   * @param  hspi pointer to a SPI_HandleTypeDef structure that contains
 815:Drivers/STM32F0xx_HAL_Driver/Src/stm32f0xx_hal_spi.c ****   *               the configuration information for SPI module.
 816:Drivers/STM32F0xx_HAL_Driver/Src/stm32f0xx_hal_spi.c ****   * @param  pData pointer to data buffer
 817:Drivers/STM32F0xx_HAL_Driver/Src/stm32f0xx_hal_spi.c ****   * @param  Size amount of data to be sent
 818:Drivers/STM32F0xx_HAL_Driver/Src/stm32f0xx_hal_spi.c ****   * @param  Timeout Timeout duration
 819:Drivers/STM32F0xx_HAL_Driver/Src/stm32f0xx_hal_spi.c ****   * @retval HAL status
 820:Drivers/STM32F0xx_HAL_Driver/Src/stm32f0xx_hal_spi.c ****   */
 821:Drivers/STM32F0xx_HAL_Driver/Src/stm32f0xx_hal_spi.c **** HAL_StatusTypeDef HAL_SPI_Transmit(SPI_HandleTypeDef *hspi, uint8_t *pData, uint16_t Size, uint32_t
 822:Drivers/STM32F0xx_HAL_Driver/Src/stm32f0xx_hal_spi.c **** {
 823:Drivers/STM32F0xx_HAL_Driver/Src/stm32f0xx_hal_spi.c ****   uint32_t tickstart;
 824:Drivers/STM32F0xx_HAL_Driver/Src/stm32f0xx_hal_spi.c ****   HAL_StatusTypeDef errorcode = HAL_OK;
 825:Drivers/STM32F0xx_HAL_Driver/Src/stm32f0xx_hal_spi.c ****   uint16_t initial_TxXferCount;
 826:Drivers/STM32F0xx_HAL_Driver/Src/stm32f0xx_hal_spi.c **** 
 827:Drivers/STM32F0xx_HAL_Driver/Src/stm32f0xx_hal_spi.c ****   /* Check Direction parameter */
 828:Drivers/STM32F0xx_HAL_Driver/Src/stm32f0xx_hal_spi.c ****   assert_param(IS_SPI_DIRECTION_2LINES_OR_1LINE(hspi->Init.Direction));
 829:Drivers/STM32F0xx_HAL_Driver/Src/stm32f0xx_hal_spi.c **** 
 830:Drivers/STM32F0xx_HAL_Driver/Src/stm32f0xx_hal_spi.c ****   /* Process Locked */
ARM GAS  C:\Users\ADMINI~1\AppData\Local\Temp\ccrv5aWF.s 			page 16


 831:Drivers/STM32F0xx_HAL_Driver/Src/stm32f0xx_hal_spi.c ****   __HAL_LOCK(hspi);
 832:Drivers/STM32F0xx_HAL_Driver/Src/stm32f0xx_hal_spi.c **** 
 833:Drivers/STM32F0xx_HAL_Driver/Src/stm32f0xx_hal_spi.c ****   /* Init tickstart for timeout management*/
 834:Drivers/STM32F0xx_HAL_Driver/Src/stm32f0xx_hal_spi.c ****   tickstart = HAL_GetTick();
 835:Drivers/STM32F0xx_HAL_Driver/Src/stm32f0xx_hal_spi.c ****   initial_TxXferCount = Size;
 836:Drivers/STM32F0xx_HAL_Driver/Src/stm32f0xx_hal_spi.c **** 
 837:Drivers/STM32F0xx_HAL_Driver/Src/stm32f0xx_hal_spi.c ****   if (hspi->State != HAL_SPI_STATE_READY)
 838:Drivers/STM32F0xx_HAL_Driver/Src/stm32f0xx_hal_spi.c ****   {
 839:Drivers/STM32F0xx_HAL_Driver/Src/stm32f0xx_hal_spi.c ****     errorcode = HAL_BUSY;
 840:Drivers/STM32F0xx_HAL_Driver/Src/stm32f0xx_hal_spi.c ****     goto error;
 841:Drivers/STM32F0xx_HAL_Driver/Src/stm32f0xx_hal_spi.c ****   }
 842:Drivers/STM32F0xx_HAL_Driver/Src/stm32f0xx_hal_spi.c **** 
 843:Drivers/STM32F0xx_HAL_Driver/Src/stm32f0xx_hal_spi.c ****   if ((pData == NULL) || (Size == 0U))
 844:Drivers/STM32F0xx_HAL_Driver/Src/stm32f0xx_hal_spi.c ****   {
 845:Drivers/STM32F0xx_HAL_Driver/Src/stm32f0xx_hal_spi.c ****     errorcode = HAL_ERROR;
 846:Drivers/STM32F0xx_HAL_Driver/Src/stm32f0xx_hal_spi.c ****     goto error;
 847:Drivers/STM32F0xx_HAL_Driver/Src/stm32f0xx_hal_spi.c ****   }
 848:Drivers/STM32F0xx_HAL_Driver/Src/stm32f0xx_hal_spi.c **** 
 849:Drivers/STM32F0xx_HAL_Driver/Src/stm32f0xx_hal_spi.c ****   /* Set the transaction information */
 850:Drivers/STM32F0xx_HAL_Driver/Src/stm32f0xx_hal_spi.c ****   hspi->State       = HAL_SPI_STATE_BUSY_TX;
 851:Drivers/STM32F0xx_HAL_Driver/Src/stm32f0xx_hal_spi.c ****   hspi->ErrorCode   = HAL_SPI_ERROR_NONE;
 852:Drivers/STM32F0xx_HAL_Driver/Src/stm32f0xx_hal_spi.c ****   hspi->pTxBuffPtr  = (uint8_t *)pData;
 853:Drivers/STM32F0xx_HAL_Driver/Src/stm32f0xx_hal_spi.c ****   hspi->TxXferSize  = Size;
 854:Drivers/STM32F0xx_HAL_Driver/Src/stm32f0xx_hal_spi.c ****   hspi->TxXferCount = Size;
 855:Drivers/STM32F0xx_HAL_Driver/Src/stm32f0xx_hal_spi.c **** 
 856:Drivers/STM32F0xx_HAL_Driver/Src/stm32f0xx_hal_spi.c ****   /*Init field not used in handle to zero */
 857:Drivers/STM32F0xx_HAL_Driver/Src/stm32f0xx_hal_spi.c ****   hspi->pRxBuffPtr  = (uint8_t *)NULL;
 858:Drivers/STM32F0xx_HAL_Driver/Src/stm32f0xx_hal_spi.c ****   hspi->RxXferSize  = 0U;
 859:Drivers/STM32F0xx_HAL_Driver/Src/stm32f0xx_hal_spi.c ****   hspi->RxXferCount = 0U;
 860:Drivers/STM32F0xx_HAL_Driver/Src/stm32f0xx_hal_spi.c ****   hspi->TxISR       = NULL;
 861:Drivers/STM32F0xx_HAL_Driver/Src/stm32f0xx_hal_spi.c ****   hspi->RxISR       = NULL;
 862:Drivers/STM32F0xx_HAL_Driver/Src/stm32f0xx_hal_spi.c **** 
 863:Drivers/STM32F0xx_HAL_Driver/Src/stm32f0xx_hal_spi.c ****   /* Configure communication direction : 1Line */
 864:Drivers/STM32F0xx_HAL_Driver/Src/stm32f0xx_hal_spi.c ****   if (hspi->Init.Direction == SPI_DIRECTION_1LINE)
 865:Drivers/STM32F0xx_HAL_Driver/Src/stm32f0xx_hal_spi.c ****   {
 866:Drivers/STM32F0xx_HAL_Driver/Src/stm32f0xx_hal_spi.c ****     /* Disable SPI Peripheral before set 1Line direction (BIDIOE bit) */
 867:Drivers/STM32F0xx_HAL_Driver/Src/stm32f0xx_hal_spi.c ****     __HAL_SPI_DISABLE(hspi);
 868:Drivers/STM32F0xx_HAL_Driver/Src/stm32f0xx_hal_spi.c ****     SPI_1LINE_TX(hspi);
 869:Drivers/STM32F0xx_HAL_Driver/Src/stm32f0xx_hal_spi.c ****   }
 870:Drivers/STM32F0xx_HAL_Driver/Src/stm32f0xx_hal_spi.c **** 
 871:Drivers/STM32F0xx_HAL_Driver/Src/stm32f0xx_hal_spi.c **** #if (USE_SPI_CRC != 0U)
 872:Drivers/STM32F0xx_HAL_Driver/Src/stm32f0xx_hal_spi.c ****   /* Reset CRC Calculation */
 873:Drivers/STM32F0xx_HAL_Driver/Src/stm32f0xx_hal_spi.c ****   if (hspi->Init.CRCCalculation == SPI_CRCCALCULATION_ENABLE)
 874:Drivers/STM32F0xx_HAL_Driver/Src/stm32f0xx_hal_spi.c ****   {
 875:Drivers/STM32F0xx_HAL_Driver/Src/stm32f0xx_hal_spi.c ****     SPI_RESET_CRC(hspi);
 876:Drivers/STM32F0xx_HAL_Driver/Src/stm32f0xx_hal_spi.c ****   }
 877:Drivers/STM32F0xx_HAL_Driver/Src/stm32f0xx_hal_spi.c **** #endif /* USE_SPI_CRC */
 878:Drivers/STM32F0xx_HAL_Driver/Src/stm32f0xx_hal_spi.c **** 
 879:Drivers/STM32F0xx_HAL_Driver/Src/stm32f0xx_hal_spi.c ****   /* Check if the SPI is already enabled */
 880:Drivers/STM32F0xx_HAL_Driver/Src/stm32f0xx_hal_spi.c ****   if ((hspi->Instance->CR1 & SPI_CR1_SPE) != SPI_CR1_SPE)
 881:Drivers/STM32F0xx_HAL_Driver/Src/stm32f0xx_hal_spi.c ****   {
 882:Drivers/STM32F0xx_HAL_Driver/Src/stm32f0xx_hal_spi.c ****     /* Enable SPI peripheral */
 883:Drivers/STM32F0xx_HAL_Driver/Src/stm32f0xx_hal_spi.c ****     __HAL_SPI_ENABLE(hspi);
 884:Drivers/STM32F0xx_HAL_Driver/Src/stm32f0xx_hal_spi.c ****   }
 885:Drivers/STM32F0xx_HAL_Driver/Src/stm32f0xx_hal_spi.c **** 
 886:Drivers/STM32F0xx_HAL_Driver/Src/stm32f0xx_hal_spi.c ****   /* Transmit data in 16 Bit mode */
 887:Drivers/STM32F0xx_HAL_Driver/Src/stm32f0xx_hal_spi.c ****   if (hspi->Init.DataSize > SPI_DATASIZE_8BIT)
ARM GAS  C:\Users\ADMINI~1\AppData\Local\Temp\ccrv5aWF.s 			page 17


 888:Drivers/STM32F0xx_HAL_Driver/Src/stm32f0xx_hal_spi.c ****   {
 889:Drivers/STM32F0xx_HAL_Driver/Src/stm32f0xx_hal_spi.c ****     if ((hspi->Init.Mode == SPI_MODE_SLAVE) || (initial_TxXferCount == 0x01U))
 890:Drivers/STM32F0xx_HAL_Driver/Src/stm32f0xx_hal_spi.c ****     {
 891:Drivers/STM32F0xx_HAL_Driver/Src/stm32f0xx_hal_spi.c ****       hspi->Instance->DR = *((uint16_t *)hspi->pTxBuffPtr);
 892:Drivers/STM32F0xx_HAL_Driver/Src/stm32f0xx_hal_spi.c ****       hspi->pTxBuffPtr += sizeof(uint16_t);
 893:Drivers/STM32F0xx_HAL_Driver/Src/stm32f0xx_hal_spi.c ****       hspi->TxXferCount--;
 894:Drivers/STM32F0xx_HAL_Driver/Src/stm32f0xx_hal_spi.c ****     }
 895:Drivers/STM32F0xx_HAL_Driver/Src/stm32f0xx_hal_spi.c ****     /* Transmit data in 16 Bit mode */
 896:Drivers/STM32F0xx_HAL_Driver/Src/stm32f0xx_hal_spi.c ****     while (hspi->TxXferCount > 0U)
 897:Drivers/STM32F0xx_HAL_Driver/Src/stm32f0xx_hal_spi.c ****     {
 898:Drivers/STM32F0xx_HAL_Driver/Src/stm32f0xx_hal_spi.c ****       /* Wait until TXE flag is set to send data */
 899:Drivers/STM32F0xx_HAL_Driver/Src/stm32f0xx_hal_spi.c ****       if (__HAL_SPI_GET_FLAG(hspi, SPI_FLAG_TXE))
 900:Drivers/STM32F0xx_HAL_Driver/Src/stm32f0xx_hal_spi.c ****       {
 901:Drivers/STM32F0xx_HAL_Driver/Src/stm32f0xx_hal_spi.c ****         hspi->Instance->DR = *((uint16_t *)hspi->pTxBuffPtr);
 902:Drivers/STM32F0xx_HAL_Driver/Src/stm32f0xx_hal_spi.c ****         hspi->pTxBuffPtr += sizeof(uint16_t);
 903:Drivers/STM32F0xx_HAL_Driver/Src/stm32f0xx_hal_spi.c ****         hspi->TxXferCount--;
 904:Drivers/STM32F0xx_HAL_Driver/Src/stm32f0xx_hal_spi.c ****       }
 905:Drivers/STM32F0xx_HAL_Driver/Src/stm32f0xx_hal_spi.c ****       else
 906:Drivers/STM32F0xx_HAL_Driver/Src/stm32f0xx_hal_spi.c ****       {
 907:Drivers/STM32F0xx_HAL_Driver/Src/stm32f0xx_hal_spi.c ****         /* Timeout management */
 908:Drivers/STM32F0xx_HAL_Driver/Src/stm32f0xx_hal_spi.c ****         if ((((HAL_GetTick() - tickstart) >=  Timeout) && (Timeout != HAL_MAX_DELAY)) || (Timeout =
 909:Drivers/STM32F0xx_HAL_Driver/Src/stm32f0xx_hal_spi.c ****         {
 910:Drivers/STM32F0xx_HAL_Driver/Src/stm32f0xx_hal_spi.c ****           errorcode = HAL_TIMEOUT;
 911:Drivers/STM32F0xx_HAL_Driver/Src/stm32f0xx_hal_spi.c ****           hspi->State = HAL_SPI_STATE_READY;
 912:Drivers/STM32F0xx_HAL_Driver/Src/stm32f0xx_hal_spi.c ****           goto error;
 913:Drivers/STM32F0xx_HAL_Driver/Src/stm32f0xx_hal_spi.c ****         }
 914:Drivers/STM32F0xx_HAL_Driver/Src/stm32f0xx_hal_spi.c ****       }
 915:Drivers/STM32F0xx_HAL_Driver/Src/stm32f0xx_hal_spi.c ****     }
 916:Drivers/STM32F0xx_HAL_Driver/Src/stm32f0xx_hal_spi.c ****   }
 917:Drivers/STM32F0xx_HAL_Driver/Src/stm32f0xx_hal_spi.c ****   /* Transmit data in 8 Bit mode */
 918:Drivers/STM32F0xx_HAL_Driver/Src/stm32f0xx_hal_spi.c ****   else
 919:Drivers/STM32F0xx_HAL_Driver/Src/stm32f0xx_hal_spi.c ****   {
 920:Drivers/STM32F0xx_HAL_Driver/Src/stm32f0xx_hal_spi.c ****     if ((hspi->Init.Mode == SPI_MODE_SLAVE) || (initial_TxXferCount == 0x01U))
 921:Drivers/STM32F0xx_HAL_Driver/Src/stm32f0xx_hal_spi.c ****     {
 922:Drivers/STM32F0xx_HAL_Driver/Src/stm32f0xx_hal_spi.c ****       *((__IO uint8_t *)&hspi->Instance->DR) = (*hspi->pTxBuffPtr);
 923:Drivers/STM32F0xx_HAL_Driver/Src/stm32f0xx_hal_spi.c ****       hspi->pTxBuffPtr += sizeof(uint8_t);
 924:Drivers/STM32F0xx_HAL_Driver/Src/stm32f0xx_hal_spi.c ****       hspi->TxXferCount--;
 925:Drivers/STM32F0xx_HAL_Driver/Src/stm32f0xx_hal_spi.c ****     }
 926:Drivers/STM32F0xx_HAL_Driver/Src/stm32f0xx_hal_spi.c ****     while (hspi->TxXferCount > 0U)
 927:Drivers/STM32F0xx_HAL_Driver/Src/stm32f0xx_hal_spi.c ****     {
 928:Drivers/STM32F0xx_HAL_Driver/Src/stm32f0xx_hal_spi.c ****       /* Wait until TXE flag is set to send data */
 929:Drivers/STM32F0xx_HAL_Driver/Src/stm32f0xx_hal_spi.c ****       if (__HAL_SPI_GET_FLAG(hspi, SPI_FLAG_TXE))
 930:Drivers/STM32F0xx_HAL_Driver/Src/stm32f0xx_hal_spi.c ****       {
 931:Drivers/STM32F0xx_HAL_Driver/Src/stm32f0xx_hal_spi.c ****         *((__IO uint8_t *)&hspi->Instance->DR) = (*hspi->pTxBuffPtr);
 932:Drivers/STM32F0xx_HAL_Driver/Src/stm32f0xx_hal_spi.c ****         hspi->pTxBuffPtr += sizeof(uint8_t);
 933:Drivers/STM32F0xx_HAL_Driver/Src/stm32f0xx_hal_spi.c ****         hspi->TxXferCount--;
 934:Drivers/STM32F0xx_HAL_Driver/Src/stm32f0xx_hal_spi.c ****       }
 935:Drivers/STM32F0xx_HAL_Driver/Src/stm32f0xx_hal_spi.c ****       else
 936:Drivers/STM32F0xx_HAL_Driver/Src/stm32f0xx_hal_spi.c ****       {
 937:Drivers/STM32F0xx_HAL_Driver/Src/stm32f0xx_hal_spi.c ****         /* Timeout management */
 938:Drivers/STM32F0xx_HAL_Driver/Src/stm32f0xx_hal_spi.c ****         if ((((HAL_GetTick() - tickstart) >=  Timeout) && (Timeout != HAL_MAX_DELAY)) || (Timeout =
 939:Drivers/STM32F0xx_HAL_Driver/Src/stm32f0xx_hal_spi.c ****         {
 940:Drivers/STM32F0xx_HAL_Driver/Src/stm32f0xx_hal_spi.c ****           errorcode = HAL_TIMEOUT;
 941:Drivers/STM32F0xx_HAL_Driver/Src/stm32f0xx_hal_spi.c ****           hspi->State = HAL_SPI_STATE_READY;
 942:Drivers/STM32F0xx_HAL_Driver/Src/stm32f0xx_hal_spi.c ****           goto error;
 943:Drivers/STM32F0xx_HAL_Driver/Src/stm32f0xx_hal_spi.c ****         }
 944:Drivers/STM32F0xx_HAL_Driver/Src/stm32f0xx_hal_spi.c ****       }
ARM GAS  C:\Users\ADMINI~1\AppData\Local\Temp\ccrv5aWF.s 			page 18


 945:Drivers/STM32F0xx_HAL_Driver/Src/stm32f0xx_hal_spi.c ****     }
 946:Drivers/STM32F0xx_HAL_Driver/Src/stm32f0xx_hal_spi.c ****   }
 947:Drivers/STM32F0xx_HAL_Driver/Src/stm32f0xx_hal_spi.c **** #if (USE_SPI_CRC != 0U)
 948:Drivers/STM32F0xx_HAL_Driver/Src/stm32f0xx_hal_spi.c ****   /* Enable CRC Transmission */
 949:Drivers/STM32F0xx_HAL_Driver/Src/stm32f0xx_hal_spi.c ****   if (hspi->Init.CRCCalculation == SPI_CRCCALCULATION_ENABLE)
 950:Drivers/STM32F0xx_HAL_Driver/Src/stm32f0xx_hal_spi.c ****   {
 951:Drivers/STM32F0xx_HAL_Driver/Src/stm32f0xx_hal_spi.c ****     SET_BIT(hspi->Instance->CR1, SPI_CR1_CRCNEXT);
 952:Drivers/STM32F0xx_HAL_Driver/Src/stm32f0xx_hal_spi.c ****   }
 953:Drivers/STM32F0xx_HAL_Driver/Src/stm32f0xx_hal_spi.c **** #endif /* USE_SPI_CRC */
 954:Drivers/STM32F0xx_HAL_Driver/Src/stm32f0xx_hal_spi.c **** 
 955:Drivers/STM32F0xx_HAL_Driver/Src/stm32f0xx_hal_spi.c ****   /* Check the end of the transaction */
 956:Drivers/STM32F0xx_HAL_Driver/Src/stm32f0xx_hal_spi.c ****   if (SPI_EndRxTxTransaction(hspi, Timeout, tickstart) != HAL_OK)
 957:Drivers/STM32F0xx_HAL_Driver/Src/stm32f0xx_hal_spi.c ****   {
 958:Drivers/STM32F0xx_HAL_Driver/Src/stm32f0xx_hal_spi.c ****     hspi->ErrorCode = HAL_SPI_ERROR_FLAG;
 959:Drivers/STM32F0xx_HAL_Driver/Src/stm32f0xx_hal_spi.c ****   }
 960:Drivers/STM32F0xx_HAL_Driver/Src/stm32f0xx_hal_spi.c **** 
 961:Drivers/STM32F0xx_HAL_Driver/Src/stm32f0xx_hal_spi.c ****   /* Clear overrun flag in 2 Lines communication mode because received is not read */
 962:Drivers/STM32F0xx_HAL_Driver/Src/stm32f0xx_hal_spi.c ****   if (hspi->Init.Direction == SPI_DIRECTION_2LINES)
 963:Drivers/STM32F0xx_HAL_Driver/Src/stm32f0xx_hal_spi.c ****   {
 964:Drivers/STM32F0xx_HAL_Driver/Src/stm32f0xx_hal_spi.c ****     __HAL_SPI_CLEAR_OVRFLAG(hspi);
 965:Drivers/STM32F0xx_HAL_Driver/Src/stm32f0xx_hal_spi.c ****   }
 966:Drivers/STM32F0xx_HAL_Driver/Src/stm32f0xx_hal_spi.c **** 
 967:Drivers/STM32F0xx_HAL_Driver/Src/stm32f0xx_hal_spi.c ****   if (hspi->ErrorCode != HAL_SPI_ERROR_NONE)
 968:Drivers/STM32F0xx_HAL_Driver/Src/stm32f0xx_hal_spi.c ****   {
 969:Drivers/STM32F0xx_HAL_Driver/Src/stm32f0xx_hal_spi.c ****     errorcode = HAL_ERROR;
 970:Drivers/STM32F0xx_HAL_Driver/Src/stm32f0xx_hal_spi.c ****   }
 971:Drivers/STM32F0xx_HAL_Driver/Src/stm32f0xx_hal_spi.c ****   else
 972:Drivers/STM32F0xx_HAL_Driver/Src/stm32f0xx_hal_spi.c ****   {
 973:Drivers/STM32F0xx_HAL_Driver/Src/stm32f0xx_hal_spi.c ****     hspi->State = HAL_SPI_STATE_READY;
 974:Drivers/STM32F0xx_HAL_Driver/Src/stm32f0xx_hal_spi.c ****   }
 975:Drivers/STM32F0xx_HAL_Driver/Src/stm32f0xx_hal_spi.c **** 
 976:Drivers/STM32F0xx_HAL_Driver/Src/stm32f0xx_hal_spi.c **** error:
 977:Drivers/STM32F0xx_HAL_Driver/Src/stm32f0xx_hal_spi.c ****   /* Process Unlocked */
 978:Drivers/STM32F0xx_HAL_Driver/Src/stm32f0xx_hal_spi.c ****   __HAL_UNLOCK(hspi);
 979:Drivers/STM32F0xx_HAL_Driver/Src/stm32f0xx_hal_spi.c ****   return errorcode;
 980:Drivers/STM32F0xx_HAL_Driver/Src/stm32f0xx_hal_spi.c **** }
 981:Drivers/STM32F0xx_HAL_Driver/Src/stm32f0xx_hal_spi.c **** 
 982:Drivers/STM32F0xx_HAL_Driver/Src/stm32f0xx_hal_spi.c **** /**
 983:Drivers/STM32F0xx_HAL_Driver/Src/stm32f0xx_hal_spi.c ****   * @brief  Receive an amount of data in blocking mode.
 984:Drivers/STM32F0xx_HAL_Driver/Src/stm32f0xx_hal_spi.c ****   * @param  hspi pointer to a SPI_HandleTypeDef structure that contains
 985:Drivers/STM32F0xx_HAL_Driver/Src/stm32f0xx_hal_spi.c ****   *               the configuration information for SPI module.
 986:Drivers/STM32F0xx_HAL_Driver/Src/stm32f0xx_hal_spi.c ****   * @param  pData pointer to data buffer
 987:Drivers/STM32F0xx_HAL_Driver/Src/stm32f0xx_hal_spi.c ****   * @param  Size amount of data to be received
 988:Drivers/STM32F0xx_HAL_Driver/Src/stm32f0xx_hal_spi.c ****   * @param  Timeout Timeout duration
 989:Drivers/STM32F0xx_HAL_Driver/Src/stm32f0xx_hal_spi.c ****   * @retval HAL status
 990:Drivers/STM32F0xx_HAL_Driver/Src/stm32f0xx_hal_spi.c ****   */
 991:Drivers/STM32F0xx_HAL_Driver/Src/stm32f0xx_hal_spi.c **** HAL_StatusTypeDef HAL_SPI_Receive(SPI_HandleTypeDef *hspi, uint8_t *pData, uint16_t Size, uint32_t 
 992:Drivers/STM32F0xx_HAL_Driver/Src/stm32f0xx_hal_spi.c **** {
 993:Drivers/STM32F0xx_HAL_Driver/Src/stm32f0xx_hal_spi.c **** #if (USE_SPI_CRC != 0U)
 994:Drivers/STM32F0xx_HAL_Driver/Src/stm32f0xx_hal_spi.c ****   __IO uint32_t tmpreg = 0U;
 995:Drivers/STM32F0xx_HAL_Driver/Src/stm32f0xx_hal_spi.c ****   __IO uint8_t  *ptmpreg8;
 996:Drivers/STM32F0xx_HAL_Driver/Src/stm32f0xx_hal_spi.c ****   __IO uint8_t  tmpreg8 = 0;
 997:Drivers/STM32F0xx_HAL_Driver/Src/stm32f0xx_hal_spi.c **** #endif /* USE_SPI_CRC */
 998:Drivers/STM32F0xx_HAL_Driver/Src/stm32f0xx_hal_spi.c ****   uint32_t tickstart;
 999:Drivers/STM32F0xx_HAL_Driver/Src/stm32f0xx_hal_spi.c ****   HAL_StatusTypeDef errorcode = HAL_OK;
1000:Drivers/STM32F0xx_HAL_Driver/Src/stm32f0xx_hal_spi.c **** 
1001:Drivers/STM32F0xx_HAL_Driver/Src/stm32f0xx_hal_spi.c ****   if (hspi->State != HAL_SPI_STATE_READY)
ARM GAS  C:\Users\ADMINI~1\AppData\Local\Temp\ccrv5aWF.s 			page 19


1002:Drivers/STM32F0xx_HAL_Driver/Src/stm32f0xx_hal_spi.c ****   {
1003:Drivers/STM32F0xx_HAL_Driver/Src/stm32f0xx_hal_spi.c ****     errorcode = HAL_BUSY;
1004:Drivers/STM32F0xx_HAL_Driver/Src/stm32f0xx_hal_spi.c ****     goto error;
1005:Drivers/STM32F0xx_HAL_Driver/Src/stm32f0xx_hal_spi.c ****   }
1006:Drivers/STM32F0xx_HAL_Driver/Src/stm32f0xx_hal_spi.c **** 
1007:Drivers/STM32F0xx_HAL_Driver/Src/stm32f0xx_hal_spi.c ****   if ((hspi->Init.Mode == SPI_MODE_MASTER) && (hspi->Init.Direction == SPI_DIRECTION_2LINES))
1008:Drivers/STM32F0xx_HAL_Driver/Src/stm32f0xx_hal_spi.c ****   {
1009:Drivers/STM32F0xx_HAL_Driver/Src/stm32f0xx_hal_spi.c ****     hspi->State = HAL_SPI_STATE_BUSY_RX;
1010:Drivers/STM32F0xx_HAL_Driver/Src/stm32f0xx_hal_spi.c ****     /* Call transmit-receive function to send Dummy data on Tx line and generate clock on CLK line 
1011:Drivers/STM32F0xx_HAL_Driver/Src/stm32f0xx_hal_spi.c ****     return HAL_SPI_TransmitReceive(hspi, pData, pData, Size, Timeout);
1012:Drivers/STM32F0xx_HAL_Driver/Src/stm32f0xx_hal_spi.c ****   }
1013:Drivers/STM32F0xx_HAL_Driver/Src/stm32f0xx_hal_spi.c **** 
1014:Drivers/STM32F0xx_HAL_Driver/Src/stm32f0xx_hal_spi.c ****   /* Process Locked */
1015:Drivers/STM32F0xx_HAL_Driver/Src/stm32f0xx_hal_spi.c ****   __HAL_LOCK(hspi);
1016:Drivers/STM32F0xx_HAL_Driver/Src/stm32f0xx_hal_spi.c **** 
1017:Drivers/STM32F0xx_HAL_Driver/Src/stm32f0xx_hal_spi.c ****   /* Init tickstart for timeout management*/
1018:Drivers/STM32F0xx_HAL_Driver/Src/stm32f0xx_hal_spi.c ****   tickstart = HAL_GetTick();
1019:Drivers/STM32F0xx_HAL_Driver/Src/stm32f0xx_hal_spi.c **** 
1020:Drivers/STM32F0xx_HAL_Driver/Src/stm32f0xx_hal_spi.c ****   if ((pData == NULL) || (Size == 0U))
1021:Drivers/STM32F0xx_HAL_Driver/Src/stm32f0xx_hal_spi.c ****   {
1022:Drivers/STM32F0xx_HAL_Driver/Src/stm32f0xx_hal_spi.c ****     errorcode = HAL_ERROR;
1023:Drivers/STM32F0xx_HAL_Driver/Src/stm32f0xx_hal_spi.c ****     goto error;
1024:Drivers/STM32F0xx_HAL_Driver/Src/stm32f0xx_hal_spi.c ****   }
1025:Drivers/STM32F0xx_HAL_Driver/Src/stm32f0xx_hal_spi.c **** 
1026:Drivers/STM32F0xx_HAL_Driver/Src/stm32f0xx_hal_spi.c ****   /* Set the transaction information */
1027:Drivers/STM32F0xx_HAL_Driver/Src/stm32f0xx_hal_spi.c ****   hspi->State       = HAL_SPI_STATE_BUSY_RX;
1028:Drivers/STM32F0xx_HAL_Driver/Src/stm32f0xx_hal_spi.c ****   hspi->ErrorCode   = HAL_SPI_ERROR_NONE;
1029:Drivers/STM32F0xx_HAL_Driver/Src/stm32f0xx_hal_spi.c ****   hspi->pRxBuffPtr  = (uint8_t *)pData;
1030:Drivers/STM32F0xx_HAL_Driver/Src/stm32f0xx_hal_spi.c ****   hspi->RxXferSize  = Size;
1031:Drivers/STM32F0xx_HAL_Driver/Src/stm32f0xx_hal_spi.c ****   hspi->RxXferCount = Size;
1032:Drivers/STM32F0xx_HAL_Driver/Src/stm32f0xx_hal_spi.c **** 
1033:Drivers/STM32F0xx_HAL_Driver/Src/stm32f0xx_hal_spi.c ****   /*Init field not used in handle to zero */
1034:Drivers/STM32F0xx_HAL_Driver/Src/stm32f0xx_hal_spi.c ****   hspi->pTxBuffPtr  = (uint8_t *)NULL;
1035:Drivers/STM32F0xx_HAL_Driver/Src/stm32f0xx_hal_spi.c ****   hspi->TxXferSize  = 0U;
1036:Drivers/STM32F0xx_HAL_Driver/Src/stm32f0xx_hal_spi.c ****   hspi->TxXferCount = 0U;
1037:Drivers/STM32F0xx_HAL_Driver/Src/stm32f0xx_hal_spi.c ****   hspi->RxISR       = NULL;
1038:Drivers/STM32F0xx_HAL_Driver/Src/stm32f0xx_hal_spi.c ****   hspi->TxISR       = NULL;
1039:Drivers/STM32F0xx_HAL_Driver/Src/stm32f0xx_hal_spi.c **** 
1040:Drivers/STM32F0xx_HAL_Driver/Src/stm32f0xx_hal_spi.c **** #if (USE_SPI_CRC != 0U)
1041:Drivers/STM32F0xx_HAL_Driver/Src/stm32f0xx_hal_spi.c ****   /* Reset CRC Calculation */
1042:Drivers/STM32F0xx_HAL_Driver/Src/stm32f0xx_hal_spi.c ****   if (hspi->Init.CRCCalculation == SPI_CRCCALCULATION_ENABLE)
1043:Drivers/STM32F0xx_HAL_Driver/Src/stm32f0xx_hal_spi.c ****   {
1044:Drivers/STM32F0xx_HAL_Driver/Src/stm32f0xx_hal_spi.c ****     SPI_RESET_CRC(hspi);
1045:Drivers/STM32F0xx_HAL_Driver/Src/stm32f0xx_hal_spi.c ****     /* this is done to handle the CRCNEXT before the latest data */
1046:Drivers/STM32F0xx_HAL_Driver/Src/stm32f0xx_hal_spi.c ****     hspi->RxXferCount--;
1047:Drivers/STM32F0xx_HAL_Driver/Src/stm32f0xx_hal_spi.c ****   }
1048:Drivers/STM32F0xx_HAL_Driver/Src/stm32f0xx_hal_spi.c **** #endif /* USE_SPI_CRC */
1049:Drivers/STM32F0xx_HAL_Driver/Src/stm32f0xx_hal_spi.c **** 
1050:Drivers/STM32F0xx_HAL_Driver/Src/stm32f0xx_hal_spi.c ****   /* Set the Rx Fifo threshold */
1051:Drivers/STM32F0xx_HAL_Driver/Src/stm32f0xx_hal_spi.c ****   if (hspi->Init.DataSize > SPI_DATASIZE_8BIT)
1052:Drivers/STM32F0xx_HAL_Driver/Src/stm32f0xx_hal_spi.c ****   {
1053:Drivers/STM32F0xx_HAL_Driver/Src/stm32f0xx_hal_spi.c ****     /* Set RX Fifo threshold according the reception data length: 16bit */
1054:Drivers/STM32F0xx_HAL_Driver/Src/stm32f0xx_hal_spi.c ****     CLEAR_BIT(hspi->Instance->CR2, SPI_RXFIFO_THRESHOLD);
1055:Drivers/STM32F0xx_HAL_Driver/Src/stm32f0xx_hal_spi.c ****   }
1056:Drivers/STM32F0xx_HAL_Driver/Src/stm32f0xx_hal_spi.c ****   else
1057:Drivers/STM32F0xx_HAL_Driver/Src/stm32f0xx_hal_spi.c ****   {
1058:Drivers/STM32F0xx_HAL_Driver/Src/stm32f0xx_hal_spi.c ****     /* Set RX Fifo threshold according the reception data length: 8bit */
ARM GAS  C:\Users\ADMINI~1\AppData\Local\Temp\ccrv5aWF.s 			page 20


1059:Drivers/STM32F0xx_HAL_Driver/Src/stm32f0xx_hal_spi.c ****     SET_BIT(hspi->Instance->CR2, SPI_RXFIFO_THRESHOLD);
1060:Drivers/STM32F0xx_HAL_Driver/Src/stm32f0xx_hal_spi.c ****   }
1061:Drivers/STM32F0xx_HAL_Driver/Src/stm32f0xx_hal_spi.c **** 
1062:Drivers/STM32F0xx_HAL_Driver/Src/stm32f0xx_hal_spi.c ****   /* Configure communication direction: 1Line */
1063:Drivers/STM32F0xx_HAL_Driver/Src/stm32f0xx_hal_spi.c ****   if (hspi->Init.Direction == SPI_DIRECTION_1LINE)
1064:Drivers/STM32F0xx_HAL_Driver/Src/stm32f0xx_hal_spi.c ****   {
1065:Drivers/STM32F0xx_HAL_Driver/Src/stm32f0xx_hal_spi.c ****     /* Disable SPI Peripheral before set 1Line direction (BIDIOE bit) */
1066:Drivers/STM32F0xx_HAL_Driver/Src/stm32f0xx_hal_spi.c ****     __HAL_SPI_DISABLE(hspi);
1067:Drivers/STM32F0xx_HAL_Driver/Src/stm32f0xx_hal_spi.c ****     SPI_1LINE_RX(hspi);
1068:Drivers/STM32F0xx_HAL_Driver/Src/stm32f0xx_hal_spi.c ****   }
1069:Drivers/STM32F0xx_HAL_Driver/Src/stm32f0xx_hal_spi.c **** 
1070:Drivers/STM32F0xx_HAL_Driver/Src/stm32f0xx_hal_spi.c ****   /* Check if the SPI is already enabled */
1071:Drivers/STM32F0xx_HAL_Driver/Src/stm32f0xx_hal_spi.c ****   if ((hspi->Instance->CR1 & SPI_CR1_SPE) != SPI_CR1_SPE)
1072:Drivers/STM32F0xx_HAL_Driver/Src/stm32f0xx_hal_spi.c ****   {
1073:Drivers/STM32F0xx_HAL_Driver/Src/stm32f0xx_hal_spi.c ****     /* Enable SPI peripheral */
1074:Drivers/STM32F0xx_HAL_Driver/Src/stm32f0xx_hal_spi.c ****     __HAL_SPI_ENABLE(hspi);
1075:Drivers/STM32F0xx_HAL_Driver/Src/stm32f0xx_hal_spi.c ****   }
1076:Drivers/STM32F0xx_HAL_Driver/Src/stm32f0xx_hal_spi.c **** 
1077:Drivers/STM32F0xx_HAL_Driver/Src/stm32f0xx_hal_spi.c ****   /* Receive data in 8 Bit mode */
1078:Drivers/STM32F0xx_HAL_Driver/Src/stm32f0xx_hal_spi.c ****   if (hspi->Init.DataSize <= SPI_DATASIZE_8BIT)
1079:Drivers/STM32F0xx_HAL_Driver/Src/stm32f0xx_hal_spi.c ****   {
1080:Drivers/STM32F0xx_HAL_Driver/Src/stm32f0xx_hal_spi.c ****     /* Transfer loop */
1081:Drivers/STM32F0xx_HAL_Driver/Src/stm32f0xx_hal_spi.c ****     while (hspi->RxXferCount > 0U)
1082:Drivers/STM32F0xx_HAL_Driver/Src/stm32f0xx_hal_spi.c ****     {
1083:Drivers/STM32F0xx_HAL_Driver/Src/stm32f0xx_hal_spi.c ****       /* Check the RXNE flag */
1084:Drivers/STM32F0xx_HAL_Driver/Src/stm32f0xx_hal_spi.c ****       if (__HAL_SPI_GET_FLAG(hspi, SPI_FLAG_RXNE))
1085:Drivers/STM32F0xx_HAL_Driver/Src/stm32f0xx_hal_spi.c ****       {
1086:Drivers/STM32F0xx_HAL_Driver/Src/stm32f0xx_hal_spi.c ****         /* read the received data */
1087:Drivers/STM32F0xx_HAL_Driver/Src/stm32f0xx_hal_spi.c ****         (* (uint8_t *)hspi->pRxBuffPtr) = *(__IO uint8_t *)&hspi->Instance->DR;
1088:Drivers/STM32F0xx_HAL_Driver/Src/stm32f0xx_hal_spi.c ****         hspi->pRxBuffPtr += sizeof(uint8_t);
1089:Drivers/STM32F0xx_HAL_Driver/Src/stm32f0xx_hal_spi.c ****         hspi->RxXferCount--;
1090:Drivers/STM32F0xx_HAL_Driver/Src/stm32f0xx_hal_spi.c ****       }
1091:Drivers/STM32F0xx_HAL_Driver/Src/stm32f0xx_hal_spi.c ****       else
1092:Drivers/STM32F0xx_HAL_Driver/Src/stm32f0xx_hal_spi.c ****       {
1093:Drivers/STM32F0xx_HAL_Driver/Src/stm32f0xx_hal_spi.c ****         /* Timeout management */
1094:Drivers/STM32F0xx_HAL_Driver/Src/stm32f0xx_hal_spi.c ****         if ((((HAL_GetTick() - tickstart) >=  Timeout) && (Timeout != HAL_MAX_DELAY)) || (Timeout =
1095:Drivers/STM32F0xx_HAL_Driver/Src/stm32f0xx_hal_spi.c ****         {
1096:Drivers/STM32F0xx_HAL_Driver/Src/stm32f0xx_hal_spi.c ****           errorcode = HAL_TIMEOUT;
1097:Drivers/STM32F0xx_HAL_Driver/Src/stm32f0xx_hal_spi.c ****           hspi->State = HAL_SPI_STATE_READY;
1098:Drivers/STM32F0xx_HAL_Driver/Src/stm32f0xx_hal_spi.c ****           goto error;
1099:Drivers/STM32F0xx_HAL_Driver/Src/stm32f0xx_hal_spi.c ****         }
1100:Drivers/STM32F0xx_HAL_Driver/Src/stm32f0xx_hal_spi.c ****       }
1101:Drivers/STM32F0xx_HAL_Driver/Src/stm32f0xx_hal_spi.c ****     }
1102:Drivers/STM32F0xx_HAL_Driver/Src/stm32f0xx_hal_spi.c ****   }
1103:Drivers/STM32F0xx_HAL_Driver/Src/stm32f0xx_hal_spi.c ****   else
1104:Drivers/STM32F0xx_HAL_Driver/Src/stm32f0xx_hal_spi.c ****   {
1105:Drivers/STM32F0xx_HAL_Driver/Src/stm32f0xx_hal_spi.c ****     /* Transfer loop */
1106:Drivers/STM32F0xx_HAL_Driver/Src/stm32f0xx_hal_spi.c ****     while (hspi->RxXferCount > 0U)
1107:Drivers/STM32F0xx_HAL_Driver/Src/stm32f0xx_hal_spi.c ****     {
1108:Drivers/STM32F0xx_HAL_Driver/Src/stm32f0xx_hal_spi.c ****       /* Check the RXNE flag */
1109:Drivers/STM32F0xx_HAL_Driver/Src/stm32f0xx_hal_spi.c ****       if (__HAL_SPI_GET_FLAG(hspi, SPI_FLAG_RXNE))
1110:Drivers/STM32F0xx_HAL_Driver/Src/stm32f0xx_hal_spi.c ****       {
1111:Drivers/STM32F0xx_HAL_Driver/Src/stm32f0xx_hal_spi.c ****         *((uint16_t *)hspi->pRxBuffPtr) = (uint16_t)hspi->Instance->DR;
1112:Drivers/STM32F0xx_HAL_Driver/Src/stm32f0xx_hal_spi.c ****         hspi->pRxBuffPtr += sizeof(uint16_t);
1113:Drivers/STM32F0xx_HAL_Driver/Src/stm32f0xx_hal_spi.c ****         hspi->RxXferCount--;
1114:Drivers/STM32F0xx_HAL_Driver/Src/stm32f0xx_hal_spi.c ****       }
1115:Drivers/STM32F0xx_HAL_Driver/Src/stm32f0xx_hal_spi.c ****       else
ARM GAS  C:\Users\ADMINI~1\AppData\Local\Temp\ccrv5aWF.s 			page 21


1116:Drivers/STM32F0xx_HAL_Driver/Src/stm32f0xx_hal_spi.c ****       {
1117:Drivers/STM32F0xx_HAL_Driver/Src/stm32f0xx_hal_spi.c ****         /* Timeout management */
1118:Drivers/STM32F0xx_HAL_Driver/Src/stm32f0xx_hal_spi.c ****         if ((((HAL_GetTick() - tickstart) >=  Timeout) && (Timeout != HAL_MAX_DELAY)) || (Timeout =
1119:Drivers/STM32F0xx_HAL_Driver/Src/stm32f0xx_hal_spi.c ****         {
1120:Drivers/STM32F0xx_HAL_Driver/Src/stm32f0xx_hal_spi.c ****           errorcode = HAL_TIMEOUT;
1121:Drivers/STM32F0xx_HAL_Driver/Src/stm32f0xx_hal_spi.c ****           hspi->State = HAL_SPI_STATE_READY;
1122:Drivers/STM32F0xx_HAL_Driver/Src/stm32f0xx_hal_spi.c ****           goto error;
1123:Drivers/STM32F0xx_HAL_Driver/Src/stm32f0xx_hal_spi.c ****         }
1124:Drivers/STM32F0xx_HAL_Driver/Src/stm32f0xx_hal_spi.c ****       }
1125:Drivers/STM32F0xx_HAL_Driver/Src/stm32f0xx_hal_spi.c ****     }
1126:Drivers/STM32F0xx_HAL_Driver/Src/stm32f0xx_hal_spi.c ****   }
1127:Drivers/STM32F0xx_HAL_Driver/Src/stm32f0xx_hal_spi.c **** 
1128:Drivers/STM32F0xx_HAL_Driver/Src/stm32f0xx_hal_spi.c **** #if (USE_SPI_CRC != 0U)
1129:Drivers/STM32F0xx_HAL_Driver/Src/stm32f0xx_hal_spi.c ****   /* Handle the CRC Transmission */
1130:Drivers/STM32F0xx_HAL_Driver/Src/stm32f0xx_hal_spi.c ****   if (hspi->Init.CRCCalculation == SPI_CRCCALCULATION_ENABLE)
1131:Drivers/STM32F0xx_HAL_Driver/Src/stm32f0xx_hal_spi.c ****   {
1132:Drivers/STM32F0xx_HAL_Driver/Src/stm32f0xx_hal_spi.c ****     /* freeze the CRC before the latest data */
1133:Drivers/STM32F0xx_HAL_Driver/Src/stm32f0xx_hal_spi.c ****     SET_BIT(hspi->Instance->CR1, SPI_CR1_CRCNEXT);
1134:Drivers/STM32F0xx_HAL_Driver/Src/stm32f0xx_hal_spi.c **** 
1135:Drivers/STM32F0xx_HAL_Driver/Src/stm32f0xx_hal_spi.c ****     /* Read the latest data */
1136:Drivers/STM32F0xx_HAL_Driver/Src/stm32f0xx_hal_spi.c ****     if (SPI_WaitFlagStateUntilTimeout(hspi, SPI_FLAG_RXNE, SET, Timeout, tickstart) != HAL_OK)
1137:Drivers/STM32F0xx_HAL_Driver/Src/stm32f0xx_hal_spi.c ****     {
1138:Drivers/STM32F0xx_HAL_Driver/Src/stm32f0xx_hal_spi.c ****       /* the latest data has not been received */
1139:Drivers/STM32F0xx_HAL_Driver/Src/stm32f0xx_hal_spi.c ****       errorcode = HAL_TIMEOUT;
1140:Drivers/STM32F0xx_HAL_Driver/Src/stm32f0xx_hal_spi.c ****       goto error;
1141:Drivers/STM32F0xx_HAL_Driver/Src/stm32f0xx_hal_spi.c ****     }
1142:Drivers/STM32F0xx_HAL_Driver/Src/stm32f0xx_hal_spi.c **** 
1143:Drivers/STM32F0xx_HAL_Driver/Src/stm32f0xx_hal_spi.c ****     /* Receive last data in 16 Bit mode */
1144:Drivers/STM32F0xx_HAL_Driver/Src/stm32f0xx_hal_spi.c ****     if (hspi->Init.DataSize > SPI_DATASIZE_8BIT)
1145:Drivers/STM32F0xx_HAL_Driver/Src/stm32f0xx_hal_spi.c ****     {
1146:Drivers/STM32F0xx_HAL_Driver/Src/stm32f0xx_hal_spi.c ****       *((uint16_t *)hspi->pRxBuffPtr) = (uint16_t)hspi->Instance->DR;
1147:Drivers/STM32F0xx_HAL_Driver/Src/stm32f0xx_hal_spi.c ****     }
1148:Drivers/STM32F0xx_HAL_Driver/Src/stm32f0xx_hal_spi.c ****     /* Receive last data in 8 Bit mode */
1149:Drivers/STM32F0xx_HAL_Driver/Src/stm32f0xx_hal_spi.c ****     else
1150:Drivers/STM32F0xx_HAL_Driver/Src/stm32f0xx_hal_spi.c ****     {
1151:Drivers/STM32F0xx_HAL_Driver/Src/stm32f0xx_hal_spi.c ****       (*(uint8_t *)hspi->pRxBuffPtr) = *(__IO uint8_t *)&hspi->Instance->DR;
1152:Drivers/STM32F0xx_HAL_Driver/Src/stm32f0xx_hal_spi.c ****     }
1153:Drivers/STM32F0xx_HAL_Driver/Src/stm32f0xx_hal_spi.c **** 
1154:Drivers/STM32F0xx_HAL_Driver/Src/stm32f0xx_hal_spi.c ****     /* Wait the CRC data */
1155:Drivers/STM32F0xx_HAL_Driver/Src/stm32f0xx_hal_spi.c ****     if (SPI_WaitFlagStateUntilTimeout(hspi, SPI_FLAG_RXNE, SET, Timeout, tickstart) != HAL_OK)
1156:Drivers/STM32F0xx_HAL_Driver/Src/stm32f0xx_hal_spi.c ****     {
1157:Drivers/STM32F0xx_HAL_Driver/Src/stm32f0xx_hal_spi.c ****       SET_BIT(hspi->ErrorCode, HAL_SPI_ERROR_CRC);
1158:Drivers/STM32F0xx_HAL_Driver/Src/stm32f0xx_hal_spi.c ****       errorcode = HAL_TIMEOUT;
1159:Drivers/STM32F0xx_HAL_Driver/Src/stm32f0xx_hal_spi.c ****       goto error;
1160:Drivers/STM32F0xx_HAL_Driver/Src/stm32f0xx_hal_spi.c ****     }
1161:Drivers/STM32F0xx_HAL_Driver/Src/stm32f0xx_hal_spi.c **** 
1162:Drivers/STM32F0xx_HAL_Driver/Src/stm32f0xx_hal_spi.c ****     /* Read CRC to Flush DR and RXNE flag */
1163:Drivers/STM32F0xx_HAL_Driver/Src/stm32f0xx_hal_spi.c ****     if (hspi->Init.DataSize == SPI_DATASIZE_16BIT)
1164:Drivers/STM32F0xx_HAL_Driver/Src/stm32f0xx_hal_spi.c ****     {
1165:Drivers/STM32F0xx_HAL_Driver/Src/stm32f0xx_hal_spi.c ****       /* Read 16bit CRC */
1166:Drivers/STM32F0xx_HAL_Driver/Src/stm32f0xx_hal_spi.c ****       tmpreg = READ_REG(hspi->Instance->DR);
1167:Drivers/STM32F0xx_HAL_Driver/Src/stm32f0xx_hal_spi.c ****       /* To avoid GCC warning */
1168:Drivers/STM32F0xx_HAL_Driver/Src/stm32f0xx_hal_spi.c ****       UNUSED(tmpreg);
1169:Drivers/STM32F0xx_HAL_Driver/Src/stm32f0xx_hal_spi.c ****     }
1170:Drivers/STM32F0xx_HAL_Driver/Src/stm32f0xx_hal_spi.c ****     else
1171:Drivers/STM32F0xx_HAL_Driver/Src/stm32f0xx_hal_spi.c ****     {
1172:Drivers/STM32F0xx_HAL_Driver/Src/stm32f0xx_hal_spi.c ****       /* Initialize the 8bit temporary pointer */
ARM GAS  C:\Users\ADMINI~1\AppData\Local\Temp\ccrv5aWF.s 			page 22


1173:Drivers/STM32F0xx_HAL_Driver/Src/stm32f0xx_hal_spi.c ****       ptmpreg8 = (__IO uint8_t *)&hspi->Instance->DR;
1174:Drivers/STM32F0xx_HAL_Driver/Src/stm32f0xx_hal_spi.c ****       /* Read 8bit CRC */
1175:Drivers/STM32F0xx_HAL_Driver/Src/stm32f0xx_hal_spi.c ****       tmpreg8 = *ptmpreg8;
1176:Drivers/STM32F0xx_HAL_Driver/Src/stm32f0xx_hal_spi.c ****       /* To avoid GCC warning */
1177:Drivers/STM32F0xx_HAL_Driver/Src/stm32f0xx_hal_spi.c ****       UNUSED(tmpreg8);
1178:Drivers/STM32F0xx_HAL_Driver/Src/stm32f0xx_hal_spi.c **** 
1179:Drivers/STM32F0xx_HAL_Driver/Src/stm32f0xx_hal_spi.c ****       if ((hspi->Init.DataSize == SPI_DATASIZE_8BIT) && (hspi->Init.CRCLength == SPI_CRC_LENGTH_16B
1180:Drivers/STM32F0xx_HAL_Driver/Src/stm32f0xx_hal_spi.c ****       {
1181:Drivers/STM32F0xx_HAL_Driver/Src/stm32f0xx_hal_spi.c ****         if (SPI_WaitFlagStateUntilTimeout(hspi, SPI_FLAG_RXNE, SET, Timeout, tickstart) != HAL_OK)
1182:Drivers/STM32F0xx_HAL_Driver/Src/stm32f0xx_hal_spi.c ****         {
1183:Drivers/STM32F0xx_HAL_Driver/Src/stm32f0xx_hal_spi.c ****           /* Error on the CRC reception */
1184:Drivers/STM32F0xx_HAL_Driver/Src/stm32f0xx_hal_spi.c ****           SET_BIT(hspi->ErrorCode, HAL_SPI_ERROR_CRC);
1185:Drivers/STM32F0xx_HAL_Driver/Src/stm32f0xx_hal_spi.c ****           errorcode = HAL_TIMEOUT;
1186:Drivers/STM32F0xx_HAL_Driver/Src/stm32f0xx_hal_spi.c ****           goto error;
1187:Drivers/STM32F0xx_HAL_Driver/Src/stm32f0xx_hal_spi.c ****         }
1188:Drivers/STM32F0xx_HAL_Driver/Src/stm32f0xx_hal_spi.c ****         /* Read 8bit CRC again in case of 16bit CRC in 8bit Data mode */
1189:Drivers/STM32F0xx_HAL_Driver/Src/stm32f0xx_hal_spi.c ****         tmpreg8 = *ptmpreg8;
1190:Drivers/STM32F0xx_HAL_Driver/Src/stm32f0xx_hal_spi.c ****         /* To avoid GCC warning */
1191:Drivers/STM32F0xx_HAL_Driver/Src/stm32f0xx_hal_spi.c ****         UNUSED(tmpreg8);
1192:Drivers/STM32F0xx_HAL_Driver/Src/stm32f0xx_hal_spi.c ****       }
1193:Drivers/STM32F0xx_HAL_Driver/Src/stm32f0xx_hal_spi.c ****     }
1194:Drivers/STM32F0xx_HAL_Driver/Src/stm32f0xx_hal_spi.c ****   }
1195:Drivers/STM32F0xx_HAL_Driver/Src/stm32f0xx_hal_spi.c **** #endif /* USE_SPI_CRC */
1196:Drivers/STM32F0xx_HAL_Driver/Src/stm32f0xx_hal_spi.c **** 
1197:Drivers/STM32F0xx_HAL_Driver/Src/stm32f0xx_hal_spi.c ****   /* Check the end of the transaction */
1198:Drivers/STM32F0xx_HAL_Driver/Src/stm32f0xx_hal_spi.c ****   if (SPI_EndRxTransaction(hspi, Timeout, tickstart) != HAL_OK)
1199:Drivers/STM32F0xx_HAL_Driver/Src/stm32f0xx_hal_spi.c ****   {
1200:Drivers/STM32F0xx_HAL_Driver/Src/stm32f0xx_hal_spi.c ****     hspi->ErrorCode = HAL_SPI_ERROR_FLAG;
1201:Drivers/STM32F0xx_HAL_Driver/Src/stm32f0xx_hal_spi.c ****   }
1202:Drivers/STM32F0xx_HAL_Driver/Src/stm32f0xx_hal_spi.c **** 
1203:Drivers/STM32F0xx_HAL_Driver/Src/stm32f0xx_hal_spi.c **** #if (USE_SPI_CRC != 0U)
1204:Drivers/STM32F0xx_HAL_Driver/Src/stm32f0xx_hal_spi.c ****   /* Check if CRC error occurred */
1205:Drivers/STM32F0xx_HAL_Driver/Src/stm32f0xx_hal_spi.c ****   if (__HAL_SPI_GET_FLAG(hspi, SPI_FLAG_CRCERR))
1206:Drivers/STM32F0xx_HAL_Driver/Src/stm32f0xx_hal_spi.c ****   {
1207:Drivers/STM32F0xx_HAL_Driver/Src/stm32f0xx_hal_spi.c ****     SET_BIT(hspi->ErrorCode, HAL_SPI_ERROR_CRC);
1208:Drivers/STM32F0xx_HAL_Driver/Src/stm32f0xx_hal_spi.c ****     __HAL_SPI_CLEAR_CRCERRFLAG(hspi);
1209:Drivers/STM32F0xx_HAL_Driver/Src/stm32f0xx_hal_spi.c ****   }
1210:Drivers/STM32F0xx_HAL_Driver/Src/stm32f0xx_hal_spi.c **** #endif /* USE_SPI_CRC */
1211:Drivers/STM32F0xx_HAL_Driver/Src/stm32f0xx_hal_spi.c **** 
1212:Drivers/STM32F0xx_HAL_Driver/Src/stm32f0xx_hal_spi.c ****   if (hspi->ErrorCode != HAL_SPI_ERROR_NONE)
1213:Drivers/STM32F0xx_HAL_Driver/Src/stm32f0xx_hal_spi.c ****   {
1214:Drivers/STM32F0xx_HAL_Driver/Src/stm32f0xx_hal_spi.c ****     errorcode = HAL_ERROR;
1215:Drivers/STM32F0xx_HAL_Driver/Src/stm32f0xx_hal_spi.c ****   }
1216:Drivers/STM32F0xx_HAL_Driver/Src/stm32f0xx_hal_spi.c ****   else
1217:Drivers/STM32F0xx_HAL_Driver/Src/stm32f0xx_hal_spi.c ****   {
1218:Drivers/STM32F0xx_HAL_Driver/Src/stm32f0xx_hal_spi.c ****     hspi->State = HAL_SPI_STATE_READY;
1219:Drivers/STM32F0xx_HAL_Driver/Src/stm32f0xx_hal_spi.c ****   }
1220:Drivers/STM32F0xx_HAL_Driver/Src/stm32f0xx_hal_spi.c **** 
1221:Drivers/STM32F0xx_HAL_Driver/Src/stm32f0xx_hal_spi.c **** error :
1222:Drivers/STM32F0xx_HAL_Driver/Src/stm32f0xx_hal_spi.c ****   __HAL_UNLOCK(hspi);
1223:Drivers/STM32F0xx_HAL_Driver/Src/stm32f0xx_hal_spi.c ****   return errorcode;
1224:Drivers/STM32F0xx_HAL_Driver/Src/stm32f0xx_hal_spi.c **** }
1225:Drivers/STM32F0xx_HAL_Driver/Src/stm32f0xx_hal_spi.c **** 
1226:Drivers/STM32F0xx_HAL_Driver/Src/stm32f0xx_hal_spi.c **** /**
1227:Drivers/STM32F0xx_HAL_Driver/Src/stm32f0xx_hal_spi.c ****   * @brief  Transmit and Receive an amount of data in blocking mode.
1228:Drivers/STM32F0xx_HAL_Driver/Src/stm32f0xx_hal_spi.c ****   * @param  hspi pointer to a SPI_HandleTypeDef structure that contains
1229:Drivers/STM32F0xx_HAL_Driver/Src/stm32f0xx_hal_spi.c ****   *               the configuration information for SPI module.
ARM GAS  C:\Users\ADMINI~1\AppData\Local\Temp\ccrv5aWF.s 			page 23


1230:Drivers/STM32F0xx_HAL_Driver/Src/stm32f0xx_hal_spi.c ****   * @param  pTxData pointer to transmission data buffer
1231:Drivers/STM32F0xx_HAL_Driver/Src/stm32f0xx_hal_spi.c ****   * @param  pRxData pointer to reception data buffer
1232:Drivers/STM32F0xx_HAL_Driver/Src/stm32f0xx_hal_spi.c ****   * @param  Size amount of data to be sent and received
1233:Drivers/STM32F0xx_HAL_Driver/Src/stm32f0xx_hal_spi.c ****   * @param  Timeout Timeout duration
1234:Drivers/STM32F0xx_HAL_Driver/Src/stm32f0xx_hal_spi.c ****   * @retval HAL status
1235:Drivers/STM32F0xx_HAL_Driver/Src/stm32f0xx_hal_spi.c ****   */
1236:Drivers/STM32F0xx_HAL_Driver/Src/stm32f0xx_hal_spi.c **** HAL_StatusTypeDef HAL_SPI_TransmitReceive(SPI_HandleTypeDef *hspi, uint8_t *pTxData, uint8_t *pRxDa
1237:Drivers/STM32F0xx_HAL_Driver/Src/stm32f0xx_hal_spi.c ****                                           uint32_t Timeout)
1238:Drivers/STM32F0xx_HAL_Driver/Src/stm32f0xx_hal_spi.c **** {
1239:Drivers/STM32F0xx_HAL_Driver/Src/stm32f0xx_hal_spi.c ****   uint16_t             initial_TxXferCount;
1240:Drivers/STM32F0xx_HAL_Driver/Src/stm32f0xx_hal_spi.c ****   uint32_t             tmp_mode;
1241:Drivers/STM32F0xx_HAL_Driver/Src/stm32f0xx_hal_spi.c ****   HAL_SPI_StateTypeDef tmp_state;
1242:Drivers/STM32F0xx_HAL_Driver/Src/stm32f0xx_hal_spi.c ****   uint32_t             tickstart;
1243:Drivers/STM32F0xx_HAL_Driver/Src/stm32f0xx_hal_spi.c **** #if (USE_SPI_CRC != 0U)
1244:Drivers/STM32F0xx_HAL_Driver/Src/stm32f0xx_hal_spi.c ****   __IO uint32_t tmpreg = 0U;
1245:Drivers/STM32F0xx_HAL_Driver/Src/stm32f0xx_hal_spi.c ****   uint32_t             spi_cr1;
1246:Drivers/STM32F0xx_HAL_Driver/Src/stm32f0xx_hal_spi.c ****   uint32_t             spi_cr2;
1247:Drivers/STM32F0xx_HAL_Driver/Src/stm32f0xx_hal_spi.c ****   __IO uint8_t  *ptmpreg8;
1248:Drivers/STM32F0xx_HAL_Driver/Src/stm32f0xx_hal_spi.c ****   __IO uint8_t  tmpreg8 = 0;
1249:Drivers/STM32F0xx_HAL_Driver/Src/stm32f0xx_hal_spi.c **** #endif /* USE_SPI_CRC */
1250:Drivers/STM32F0xx_HAL_Driver/Src/stm32f0xx_hal_spi.c **** 
1251:Drivers/STM32F0xx_HAL_Driver/Src/stm32f0xx_hal_spi.c ****   /* Variable used to alternate Rx and Tx during transfer */
1252:Drivers/STM32F0xx_HAL_Driver/Src/stm32f0xx_hal_spi.c ****   uint32_t             txallowed = 1U;
1253:Drivers/STM32F0xx_HAL_Driver/Src/stm32f0xx_hal_spi.c ****   HAL_StatusTypeDef    errorcode = HAL_OK;
1254:Drivers/STM32F0xx_HAL_Driver/Src/stm32f0xx_hal_spi.c **** 
1255:Drivers/STM32F0xx_HAL_Driver/Src/stm32f0xx_hal_spi.c ****   /* Check Direction parameter */
1256:Drivers/STM32F0xx_HAL_Driver/Src/stm32f0xx_hal_spi.c ****   assert_param(IS_SPI_DIRECTION_2LINES(hspi->Init.Direction));
1257:Drivers/STM32F0xx_HAL_Driver/Src/stm32f0xx_hal_spi.c **** 
1258:Drivers/STM32F0xx_HAL_Driver/Src/stm32f0xx_hal_spi.c ****   /* Process Locked */
1259:Drivers/STM32F0xx_HAL_Driver/Src/stm32f0xx_hal_spi.c ****   __HAL_LOCK(hspi);
1260:Drivers/STM32F0xx_HAL_Driver/Src/stm32f0xx_hal_spi.c **** 
1261:Drivers/STM32F0xx_HAL_Driver/Src/stm32f0xx_hal_spi.c ****   /* Init tickstart for timeout management*/
1262:Drivers/STM32F0xx_HAL_Driver/Src/stm32f0xx_hal_spi.c ****   tickstart = HAL_GetTick();
1263:Drivers/STM32F0xx_HAL_Driver/Src/stm32f0xx_hal_spi.c **** 
1264:Drivers/STM32F0xx_HAL_Driver/Src/stm32f0xx_hal_spi.c ****   /* Init temporary variables */
1265:Drivers/STM32F0xx_HAL_Driver/Src/stm32f0xx_hal_spi.c ****   tmp_state           = hspi->State;
1266:Drivers/STM32F0xx_HAL_Driver/Src/stm32f0xx_hal_spi.c ****   tmp_mode            = hspi->Init.Mode;
1267:Drivers/STM32F0xx_HAL_Driver/Src/stm32f0xx_hal_spi.c ****   initial_TxXferCount = Size;
1268:Drivers/STM32F0xx_HAL_Driver/Src/stm32f0xx_hal_spi.c **** #if (USE_SPI_CRC != 0U)
1269:Drivers/STM32F0xx_HAL_Driver/Src/stm32f0xx_hal_spi.c ****   spi_cr1             = READ_REG(hspi->Instance->CR1);
1270:Drivers/STM32F0xx_HAL_Driver/Src/stm32f0xx_hal_spi.c ****   spi_cr2             = READ_REG(hspi->Instance->CR2);
1271:Drivers/STM32F0xx_HAL_Driver/Src/stm32f0xx_hal_spi.c **** #endif /* USE_SPI_CRC */
1272:Drivers/STM32F0xx_HAL_Driver/Src/stm32f0xx_hal_spi.c **** 
1273:Drivers/STM32F0xx_HAL_Driver/Src/stm32f0xx_hal_spi.c ****   if (!((tmp_state == HAL_SPI_STATE_READY) || \
1274:Drivers/STM32F0xx_HAL_Driver/Src/stm32f0xx_hal_spi.c ****         ((tmp_mode == SPI_MODE_MASTER) && (hspi->Init.Direction == SPI_DIRECTION_2LINES) && (tmp_st
1275:Drivers/STM32F0xx_HAL_Driver/Src/stm32f0xx_hal_spi.c ****   {
1276:Drivers/STM32F0xx_HAL_Driver/Src/stm32f0xx_hal_spi.c ****     errorcode = HAL_BUSY;
1277:Drivers/STM32F0xx_HAL_Driver/Src/stm32f0xx_hal_spi.c ****     goto error;
1278:Drivers/STM32F0xx_HAL_Driver/Src/stm32f0xx_hal_spi.c ****   }
1279:Drivers/STM32F0xx_HAL_Driver/Src/stm32f0xx_hal_spi.c **** 
1280:Drivers/STM32F0xx_HAL_Driver/Src/stm32f0xx_hal_spi.c ****   if ((pTxData == NULL) || (pRxData == NULL) || (Size == 0U))
1281:Drivers/STM32F0xx_HAL_Driver/Src/stm32f0xx_hal_spi.c ****   {
1282:Drivers/STM32F0xx_HAL_Driver/Src/stm32f0xx_hal_spi.c ****     errorcode = HAL_ERROR;
1283:Drivers/STM32F0xx_HAL_Driver/Src/stm32f0xx_hal_spi.c ****     goto error;
1284:Drivers/STM32F0xx_HAL_Driver/Src/stm32f0xx_hal_spi.c ****   }
1285:Drivers/STM32F0xx_HAL_Driver/Src/stm32f0xx_hal_spi.c **** 
1286:Drivers/STM32F0xx_HAL_Driver/Src/stm32f0xx_hal_spi.c ****   /* Don't overwrite in case of HAL_SPI_STATE_BUSY_RX */
ARM GAS  C:\Users\ADMINI~1\AppData\Local\Temp\ccrv5aWF.s 			page 24


1287:Drivers/STM32F0xx_HAL_Driver/Src/stm32f0xx_hal_spi.c ****   if (hspi->State != HAL_SPI_STATE_BUSY_RX)
1288:Drivers/STM32F0xx_HAL_Driver/Src/stm32f0xx_hal_spi.c ****   {
1289:Drivers/STM32F0xx_HAL_Driver/Src/stm32f0xx_hal_spi.c ****     hspi->State = HAL_SPI_STATE_BUSY_TX_RX;
1290:Drivers/STM32F0xx_HAL_Driver/Src/stm32f0xx_hal_spi.c ****   }
1291:Drivers/STM32F0xx_HAL_Driver/Src/stm32f0xx_hal_spi.c **** 
1292:Drivers/STM32F0xx_HAL_Driver/Src/stm32f0xx_hal_spi.c ****   /* Set the transaction information */
1293:Drivers/STM32F0xx_HAL_Driver/Src/stm32f0xx_hal_spi.c ****   hspi->ErrorCode   = HAL_SPI_ERROR_NONE;
1294:Drivers/STM32F0xx_HAL_Driver/Src/stm32f0xx_hal_spi.c ****   hspi->pRxBuffPtr  = (uint8_t *)pRxData;
1295:Drivers/STM32F0xx_HAL_Driver/Src/stm32f0xx_hal_spi.c ****   hspi->RxXferCount = Size;
1296:Drivers/STM32F0xx_HAL_Driver/Src/stm32f0xx_hal_spi.c ****   hspi->RxXferSize  = Size;
1297:Drivers/STM32F0xx_HAL_Driver/Src/stm32f0xx_hal_spi.c ****   hspi->pTxBuffPtr  = (uint8_t *)pTxData;
1298:Drivers/STM32F0xx_HAL_Driver/Src/stm32f0xx_hal_spi.c ****   hspi->TxXferCount = Size;
1299:Drivers/STM32F0xx_HAL_Driver/Src/stm32f0xx_hal_spi.c ****   hspi->TxXferSize  = Size;
1300:Drivers/STM32F0xx_HAL_Driver/Src/stm32f0xx_hal_spi.c **** 
1301:Drivers/STM32F0xx_HAL_Driver/Src/stm32f0xx_hal_spi.c ****   /*Init field not used in handle to zero */
1302:Drivers/STM32F0xx_HAL_Driver/Src/stm32f0xx_hal_spi.c ****   hspi->RxISR       = NULL;
1303:Drivers/STM32F0xx_HAL_Driver/Src/stm32f0xx_hal_spi.c ****   hspi->TxISR       = NULL;
1304:Drivers/STM32F0xx_HAL_Driver/Src/stm32f0xx_hal_spi.c **** 
1305:Drivers/STM32F0xx_HAL_Driver/Src/stm32f0xx_hal_spi.c **** #if (USE_SPI_CRC != 0U)
1306:Drivers/STM32F0xx_HAL_Driver/Src/stm32f0xx_hal_spi.c ****   /* Reset CRC Calculation */
1307:Drivers/STM32F0xx_HAL_Driver/Src/stm32f0xx_hal_spi.c ****   if (hspi->Init.CRCCalculation == SPI_CRCCALCULATION_ENABLE)
1308:Drivers/STM32F0xx_HAL_Driver/Src/stm32f0xx_hal_spi.c ****   {
1309:Drivers/STM32F0xx_HAL_Driver/Src/stm32f0xx_hal_spi.c ****     SPI_RESET_CRC(hspi);
1310:Drivers/STM32F0xx_HAL_Driver/Src/stm32f0xx_hal_spi.c ****   }
1311:Drivers/STM32F0xx_HAL_Driver/Src/stm32f0xx_hal_spi.c **** #endif /* USE_SPI_CRC */
1312:Drivers/STM32F0xx_HAL_Driver/Src/stm32f0xx_hal_spi.c **** 
1313:Drivers/STM32F0xx_HAL_Driver/Src/stm32f0xx_hal_spi.c ****   /* Set the Rx Fifo threshold */
1314:Drivers/STM32F0xx_HAL_Driver/Src/stm32f0xx_hal_spi.c ****   if (hspi->Init.DataSize > SPI_DATASIZE_8BIT)
1315:Drivers/STM32F0xx_HAL_Driver/Src/stm32f0xx_hal_spi.c ****   {
1316:Drivers/STM32F0xx_HAL_Driver/Src/stm32f0xx_hal_spi.c ****     /* Set fiforxthreshold according the reception data length: 16bit */
1317:Drivers/STM32F0xx_HAL_Driver/Src/stm32f0xx_hal_spi.c ****     CLEAR_BIT(hspi->Instance->CR2, SPI_RXFIFO_THRESHOLD);
1318:Drivers/STM32F0xx_HAL_Driver/Src/stm32f0xx_hal_spi.c ****   }
1319:Drivers/STM32F0xx_HAL_Driver/Src/stm32f0xx_hal_spi.c ****   else
1320:Drivers/STM32F0xx_HAL_Driver/Src/stm32f0xx_hal_spi.c ****   {
1321:Drivers/STM32F0xx_HAL_Driver/Src/stm32f0xx_hal_spi.c ****     /* Set fiforxthreshold according the reception data length: 8bit */
1322:Drivers/STM32F0xx_HAL_Driver/Src/stm32f0xx_hal_spi.c ****     SET_BIT(hspi->Instance->CR2, SPI_RXFIFO_THRESHOLD);
1323:Drivers/STM32F0xx_HAL_Driver/Src/stm32f0xx_hal_spi.c ****   }
1324:Drivers/STM32F0xx_HAL_Driver/Src/stm32f0xx_hal_spi.c **** 
1325:Drivers/STM32F0xx_HAL_Driver/Src/stm32f0xx_hal_spi.c ****   /* Check if the SPI is already enabled */
1326:Drivers/STM32F0xx_HAL_Driver/Src/stm32f0xx_hal_spi.c ****   if ((hspi->Instance->CR1 & SPI_CR1_SPE) != SPI_CR1_SPE)
1327:Drivers/STM32F0xx_HAL_Driver/Src/stm32f0xx_hal_spi.c ****   {
1328:Drivers/STM32F0xx_HAL_Driver/Src/stm32f0xx_hal_spi.c ****     /* Enable SPI peripheral */
1329:Drivers/STM32F0xx_HAL_Driver/Src/stm32f0xx_hal_spi.c ****     __HAL_SPI_ENABLE(hspi);
1330:Drivers/STM32F0xx_HAL_Driver/Src/stm32f0xx_hal_spi.c ****   }
1331:Drivers/STM32F0xx_HAL_Driver/Src/stm32f0xx_hal_spi.c **** 
1332:Drivers/STM32F0xx_HAL_Driver/Src/stm32f0xx_hal_spi.c ****   /* Transmit and Receive data in 16 Bit mode */
1333:Drivers/STM32F0xx_HAL_Driver/Src/stm32f0xx_hal_spi.c ****   if (hspi->Init.DataSize > SPI_DATASIZE_8BIT)
1334:Drivers/STM32F0xx_HAL_Driver/Src/stm32f0xx_hal_spi.c ****   {
1335:Drivers/STM32F0xx_HAL_Driver/Src/stm32f0xx_hal_spi.c ****     if ((hspi->Init.Mode == SPI_MODE_SLAVE) || (initial_TxXferCount == 0x01U))
1336:Drivers/STM32F0xx_HAL_Driver/Src/stm32f0xx_hal_spi.c ****     {
1337:Drivers/STM32F0xx_HAL_Driver/Src/stm32f0xx_hal_spi.c ****       hspi->Instance->DR = *((uint16_t *)hspi->pTxBuffPtr);
1338:Drivers/STM32F0xx_HAL_Driver/Src/stm32f0xx_hal_spi.c ****       hspi->pTxBuffPtr += sizeof(uint16_t);
1339:Drivers/STM32F0xx_HAL_Driver/Src/stm32f0xx_hal_spi.c ****       hspi->TxXferCount--;
1340:Drivers/STM32F0xx_HAL_Driver/Src/stm32f0xx_hal_spi.c **** 
1341:Drivers/STM32F0xx_HAL_Driver/Src/stm32f0xx_hal_spi.c **** #if (USE_SPI_CRC != 0U)
1342:Drivers/STM32F0xx_HAL_Driver/Src/stm32f0xx_hal_spi.c ****       /* Enable CRC Transmission */
1343:Drivers/STM32F0xx_HAL_Driver/Src/stm32f0xx_hal_spi.c ****       if ((hspi->TxXferCount == 0U) && (hspi->Init.CRCCalculation == SPI_CRCCALCULATION_ENABLE))
ARM GAS  C:\Users\ADMINI~1\AppData\Local\Temp\ccrv5aWF.s 			page 25


1344:Drivers/STM32F0xx_HAL_Driver/Src/stm32f0xx_hal_spi.c ****       {
1345:Drivers/STM32F0xx_HAL_Driver/Src/stm32f0xx_hal_spi.c ****         /* Set NSS Soft to received correctly the CRC on slave mode with NSS pulse activated */
1346:Drivers/STM32F0xx_HAL_Driver/Src/stm32f0xx_hal_spi.c ****         if ((READ_BIT(spi_cr1, SPI_CR1_MSTR) == 0U) && (READ_BIT(spi_cr2, SPI_CR2_NSSP) == SPI_CR2_
1347:Drivers/STM32F0xx_HAL_Driver/Src/stm32f0xx_hal_spi.c ****         {
1348:Drivers/STM32F0xx_HAL_Driver/Src/stm32f0xx_hal_spi.c ****           SET_BIT(hspi->Instance->CR1, SPI_CR1_SSM);
1349:Drivers/STM32F0xx_HAL_Driver/Src/stm32f0xx_hal_spi.c ****         }
1350:Drivers/STM32F0xx_HAL_Driver/Src/stm32f0xx_hal_spi.c ****         SET_BIT(hspi->Instance->CR1, SPI_CR1_CRCNEXT);
1351:Drivers/STM32F0xx_HAL_Driver/Src/stm32f0xx_hal_spi.c ****       }
1352:Drivers/STM32F0xx_HAL_Driver/Src/stm32f0xx_hal_spi.c **** #endif /* USE_SPI_CRC */
1353:Drivers/STM32F0xx_HAL_Driver/Src/stm32f0xx_hal_spi.c **** 
1354:Drivers/STM32F0xx_HAL_Driver/Src/stm32f0xx_hal_spi.c ****     }
1355:Drivers/STM32F0xx_HAL_Driver/Src/stm32f0xx_hal_spi.c ****     while ((hspi->TxXferCount > 0U) || (hspi->RxXferCount > 0U))
1356:Drivers/STM32F0xx_HAL_Driver/Src/stm32f0xx_hal_spi.c ****     {
1357:Drivers/STM32F0xx_HAL_Driver/Src/stm32f0xx_hal_spi.c ****       /* Check TXE flag */
1358:Drivers/STM32F0xx_HAL_Driver/Src/stm32f0xx_hal_spi.c ****       if ((__HAL_SPI_GET_FLAG(hspi, SPI_FLAG_TXE)) && (hspi->TxXferCount > 0U) && (txallowed == 1U)
1359:Drivers/STM32F0xx_HAL_Driver/Src/stm32f0xx_hal_spi.c ****       {
1360:Drivers/STM32F0xx_HAL_Driver/Src/stm32f0xx_hal_spi.c ****         hspi->Instance->DR = *((uint16_t *)hspi->pTxBuffPtr);
1361:Drivers/STM32F0xx_HAL_Driver/Src/stm32f0xx_hal_spi.c ****         hspi->pTxBuffPtr += sizeof(uint16_t);
1362:Drivers/STM32F0xx_HAL_Driver/Src/stm32f0xx_hal_spi.c ****         hspi->TxXferCount--;
1363:Drivers/STM32F0xx_HAL_Driver/Src/stm32f0xx_hal_spi.c ****         /* Next Data is a reception (Rx). Tx not allowed */
1364:Drivers/STM32F0xx_HAL_Driver/Src/stm32f0xx_hal_spi.c ****         txallowed = 0U;
1365:Drivers/STM32F0xx_HAL_Driver/Src/stm32f0xx_hal_spi.c **** 
1366:Drivers/STM32F0xx_HAL_Driver/Src/stm32f0xx_hal_spi.c **** #if (USE_SPI_CRC != 0U)
1367:Drivers/STM32F0xx_HAL_Driver/Src/stm32f0xx_hal_spi.c ****         /* Enable CRC Transmission */
1368:Drivers/STM32F0xx_HAL_Driver/Src/stm32f0xx_hal_spi.c ****         if ((hspi->TxXferCount == 0U) && (hspi->Init.CRCCalculation == SPI_CRCCALCULATION_ENABLE))
1369:Drivers/STM32F0xx_HAL_Driver/Src/stm32f0xx_hal_spi.c ****         {
1370:Drivers/STM32F0xx_HAL_Driver/Src/stm32f0xx_hal_spi.c ****           /* Set NSS Soft to received correctly the CRC on slave mode with NSS pulse activated */
1371:Drivers/STM32F0xx_HAL_Driver/Src/stm32f0xx_hal_spi.c ****           if ((READ_BIT(spi_cr1, SPI_CR1_MSTR) == 0U) && (READ_BIT(spi_cr2, SPI_CR2_NSSP) == SPI_CR
1372:Drivers/STM32F0xx_HAL_Driver/Src/stm32f0xx_hal_spi.c ****           {
1373:Drivers/STM32F0xx_HAL_Driver/Src/stm32f0xx_hal_spi.c ****             SET_BIT(hspi->Instance->CR1, SPI_CR1_SSM);
1374:Drivers/STM32F0xx_HAL_Driver/Src/stm32f0xx_hal_spi.c ****           }
1375:Drivers/STM32F0xx_HAL_Driver/Src/stm32f0xx_hal_spi.c ****           SET_BIT(hspi->Instance->CR1, SPI_CR1_CRCNEXT);
1376:Drivers/STM32F0xx_HAL_Driver/Src/stm32f0xx_hal_spi.c ****         }
1377:Drivers/STM32F0xx_HAL_Driver/Src/stm32f0xx_hal_spi.c **** #endif /* USE_SPI_CRC */
1378:Drivers/STM32F0xx_HAL_Driver/Src/stm32f0xx_hal_spi.c ****       }
1379:Drivers/STM32F0xx_HAL_Driver/Src/stm32f0xx_hal_spi.c **** 
1380:Drivers/STM32F0xx_HAL_Driver/Src/stm32f0xx_hal_spi.c ****       /* Check RXNE flag */
1381:Drivers/STM32F0xx_HAL_Driver/Src/stm32f0xx_hal_spi.c ****       if ((__HAL_SPI_GET_FLAG(hspi, SPI_FLAG_RXNE)) && (hspi->RxXferCount > 0U))
1382:Drivers/STM32F0xx_HAL_Driver/Src/stm32f0xx_hal_spi.c ****       {
1383:Drivers/STM32F0xx_HAL_Driver/Src/stm32f0xx_hal_spi.c ****         *((uint16_t *)hspi->pRxBuffPtr) = (uint16_t)hspi->Instance->DR;
1384:Drivers/STM32F0xx_HAL_Driver/Src/stm32f0xx_hal_spi.c ****         hspi->pRxBuffPtr += sizeof(uint16_t);
1385:Drivers/STM32F0xx_HAL_Driver/Src/stm32f0xx_hal_spi.c ****         hspi->RxXferCount--;
1386:Drivers/STM32F0xx_HAL_Driver/Src/stm32f0xx_hal_spi.c ****         /* Next Data is a Transmission (Tx). Tx is allowed */
1387:Drivers/STM32F0xx_HAL_Driver/Src/stm32f0xx_hal_spi.c ****         txallowed = 1U;
1388:Drivers/STM32F0xx_HAL_Driver/Src/stm32f0xx_hal_spi.c ****       }
1389:Drivers/STM32F0xx_HAL_Driver/Src/stm32f0xx_hal_spi.c ****       if (((HAL_GetTick() - tickstart) >=  Timeout) && (Timeout != HAL_MAX_DELAY))
1390:Drivers/STM32F0xx_HAL_Driver/Src/stm32f0xx_hal_spi.c ****       {
1391:Drivers/STM32F0xx_HAL_Driver/Src/stm32f0xx_hal_spi.c ****         errorcode = HAL_TIMEOUT;
1392:Drivers/STM32F0xx_HAL_Driver/Src/stm32f0xx_hal_spi.c ****         hspi->State = HAL_SPI_STATE_READY;
1393:Drivers/STM32F0xx_HAL_Driver/Src/stm32f0xx_hal_spi.c ****         goto error;
1394:Drivers/STM32F0xx_HAL_Driver/Src/stm32f0xx_hal_spi.c ****       }
1395:Drivers/STM32F0xx_HAL_Driver/Src/stm32f0xx_hal_spi.c ****     }
1396:Drivers/STM32F0xx_HAL_Driver/Src/stm32f0xx_hal_spi.c ****   }
1397:Drivers/STM32F0xx_HAL_Driver/Src/stm32f0xx_hal_spi.c ****   /* Transmit and Receive data in 8 Bit mode */
1398:Drivers/STM32F0xx_HAL_Driver/Src/stm32f0xx_hal_spi.c ****   else
1399:Drivers/STM32F0xx_HAL_Driver/Src/stm32f0xx_hal_spi.c ****   {
1400:Drivers/STM32F0xx_HAL_Driver/Src/stm32f0xx_hal_spi.c ****     if ((hspi->Init.Mode == SPI_MODE_SLAVE) || (initial_TxXferCount == 0x01U))
ARM GAS  C:\Users\ADMINI~1\AppData\Local\Temp\ccrv5aWF.s 			page 26


1401:Drivers/STM32F0xx_HAL_Driver/Src/stm32f0xx_hal_spi.c ****     {
1402:Drivers/STM32F0xx_HAL_Driver/Src/stm32f0xx_hal_spi.c ****       *((__IO uint8_t *)&hspi->Instance->DR) = (*hspi->pTxBuffPtr);
1403:Drivers/STM32F0xx_HAL_Driver/Src/stm32f0xx_hal_spi.c ****       hspi->pTxBuffPtr += sizeof(uint8_t);
1404:Drivers/STM32F0xx_HAL_Driver/Src/stm32f0xx_hal_spi.c ****       hspi->TxXferCount--;
1405:Drivers/STM32F0xx_HAL_Driver/Src/stm32f0xx_hal_spi.c **** 
1406:Drivers/STM32F0xx_HAL_Driver/Src/stm32f0xx_hal_spi.c **** #if (USE_SPI_CRC != 0U)
1407:Drivers/STM32F0xx_HAL_Driver/Src/stm32f0xx_hal_spi.c ****       /* Enable CRC Transmission */
1408:Drivers/STM32F0xx_HAL_Driver/Src/stm32f0xx_hal_spi.c ****       if ((hspi->TxXferCount == 0U) && (hspi->Init.CRCCalculation == SPI_CRCCALCULATION_ENABLE))
1409:Drivers/STM32F0xx_HAL_Driver/Src/stm32f0xx_hal_spi.c ****       {
1410:Drivers/STM32F0xx_HAL_Driver/Src/stm32f0xx_hal_spi.c ****         /* Set NSS Soft to received correctly the CRC on slave mode with NSS pulse activated */
1411:Drivers/STM32F0xx_HAL_Driver/Src/stm32f0xx_hal_spi.c ****         if ((READ_BIT(spi_cr1, SPI_CR1_MSTR) == 0U) && (READ_BIT(spi_cr2, SPI_CR2_NSSP) == SPI_CR2_
1412:Drivers/STM32F0xx_HAL_Driver/Src/stm32f0xx_hal_spi.c ****         {
1413:Drivers/STM32F0xx_HAL_Driver/Src/stm32f0xx_hal_spi.c ****           SET_BIT(hspi->Instance->CR1, SPI_CR1_SSM);
1414:Drivers/STM32F0xx_HAL_Driver/Src/stm32f0xx_hal_spi.c ****         }
1415:Drivers/STM32F0xx_HAL_Driver/Src/stm32f0xx_hal_spi.c ****         SET_BIT(hspi->Instance->CR1, SPI_CR1_CRCNEXT);
1416:Drivers/STM32F0xx_HAL_Driver/Src/stm32f0xx_hal_spi.c ****       }
1417:Drivers/STM32F0xx_HAL_Driver/Src/stm32f0xx_hal_spi.c **** #endif /* USE_SPI_CRC */
1418:Drivers/STM32F0xx_HAL_Driver/Src/stm32f0xx_hal_spi.c ****     }
1419:Drivers/STM32F0xx_HAL_Driver/Src/stm32f0xx_hal_spi.c ****     while ((hspi->TxXferCount > 0U) || (hspi->RxXferCount > 0U))
1420:Drivers/STM32F0xx_HAL_Driver/Src/stm32f0xx_hal_spi.c ****     {
1421:Drivers/STM32F0xx_HAL_Driver/Src/stm32f0xx_hal_spi.c ****       /* Check TXE flag */
1422:Drivers/STM32F0xx_HAL_Driver/Src/stm32f0xx_hal_spi.c ****       if ((__HAL_SPI_GET_FLAG(hspi, SPI_FLAG_TXE)) && (hspi->TxXferCount > 0U) && (txallowed == 1U)
1423:Drivers/STM32F0xx_HAL_Driver/Src/stm32f0xx_hal_spi.c ****       {
1424:Drivers/STM32F0xx_HAL_Driver/Src/stm32f0xx_hal_spi.c ****         *(__IO uint8_t *)&hspi->Instance->DR = (*hspi->pTxBuffPtr);
1425:Drivers/STM32F0xx_HAL_Driver/Src/stm32f0xx_hal_spi.c ****         hspi->pTxBuffPtr++;
1426:Drivers/STM32F0xx_HAL_Driver/Src/stm32f0xx_hal_spi.c ****         hspi->TxXferCount--;
1427:Drivers/STM32F0xx_HAL_Driver/Src/stm32f0xx_hal_spi.c ****         /* Next Data is a reception (Rx). Tx not allowed */
1428:Drivers/STM32F0xx_HAL_Driver/Src/stm32f0xx_hal_spi.c ****         txallowed = 0U;
1429:Drivers/STM32F0xx_HAL_Driver/Src/stm32f0xx_hal_spi.c **** 
1430:Drivers/STM32F0xx_HAL_Driver/Src/stm32f0xx_hal_spi.c **** #if (USE_SPI_CRC != 0U)
1431:Drivers/STM32F0xx_HAL_Driver/Src/stm32f0xx_hal_spi.c ****         /* Enable CRC Transmission */
1432:Drivers/STM32F0xx_HAL_Driver/Src/stm32f0xx_hal_spi.c ****         if ((hspi->TxXferCount == 0U) && (hspi->Init.CRCCalculation == SPI_CRCCALCULATION_ENABLE))
1433:Drivers/STM32F0xx_HAL_Driver/Src/stm32f0xx_hal_spi.c ****         {
1434:Drivers/STM32F0xx_HAL_Driver/Src/stm32f0xx_hal_spi.c ****           /* Set NSS Soft to received correctly the CRC on slave mode with NSS pulse activated */
1435:Drivers/STM32F0xx_HAL_Driver/Src/stm32f0xx_hal_spi.c ****           if ((READ_BIT(spi_cr1, SPI_CR1_MSTR) == 0U) && (READ_BIT(spi_cr2, SPI_CR2_NSSP) == SPI_CR
1436:Drivers/STM32F0xx_HAL_Driver/Src/stm32f0xx_hal_spi.c ****           {
1437:Drivers/STM32F0xx_HAL_Driver/Src/stm32f0xx_hal_spi.c ****             SET_BIT(hspi->Instance->CR1, SPI_CR1_SSM);
1438:Drivers/STM32F0xx_HAL_Driver/Src/stm32f0xx_hal_spi.c ****           }
1439:Drivers/STM32F0xx_HAL_Driver/Src/stm32f0xx_hal_spi.c ****           SET_BIT(hspi->Instance->CR1, SPI_CR1_CRCNEXT);
1440:Drivers/STM32F0xx_HAL_Driver/Src/stm32f0xx_hal_spi.c ****         }
1441:Drivers/STM32F0xx_HAL_Driver/Src/stm32f0xx_hal_spi.c **** #endif /* USE_SPI_CRC */
1442:Drivers/STM32F0xx_HAL_Driver/Src/stm32f0xx_hal_spi.c ****       }
1443:Drivers/STM32F0xx_HAL_Driver/Src/stm32f0xx_hal_spi.c **** 
1444:Drivers/STM32F0xx_HAL_Driver/Src/stm32f0xx_hal_spi.c ****       /* Wait until RXNE flag is reset */
1445:Drivers/STM32F0xx_HAL_Driver/Src/stm32f0xx_hal_spi.c ****       if ((__HAL_SPI_GET_FLAG(hspi, SPI_FLAG_RXNE)) && (hspi->RxXferCount > 0U))
1446:Drivers/STM32F0xx_HAL_Driver/Src/stm32f0xx_hal_spi.c ****       {
1447:Drivers/STM32F0xx_HAL_Driver/Src/stm32f0xx_hal_spi.c ****         (*(uint8_t *)hspi->pRxBuffPtr) = *(__IO uint8_t *)&hspi->Instance->DR;
1448:Drivers/STM32F0xx_HAL_Driver/Src/stm32f0xx_hal_spi.c ****         hspi->pRxBuffPtr++;
1449:Drivers/STM32F0xx_HAL_Driver/Src/stm32f0xx_hal_spi.c ****         hspi->RxXferCount--;
1450:Drivers/STM32F0xx_HAL_Driver/Src/stm32f0xx_hal_spi.c ****         /* Next Data is a Transmission (Tx). Tx is allowed */
1451:Drivers/STM32F0xx_HAL_Driver/Src/stm32f0xx_hal_spi.c ****         txallowed = 1U;
1452:Drivers/STM32F0xx_HAL_Driver/Src/stm32f0xx_hal_spi.c ****       }
1453:Drivers/STM32F0xx_HAL_Driver/Src/stm32f0xx_hal_spi.c ****       if ((((HAL_GetTick() - tickstart) >=  Timeout) && ((Timeout != HAL_MAX_DELAY))) || (Timeout =
1454:Drivers/STM32F0xx_HAL_Driver/Src/stm32f0xx_hal_spi.c ****       {
1455:Drivers/STM32F0xx_HAL_Driver/Src/stm32f0xx_hal_spi.c ****         errorcode = HAL_TIMEOUT;
1456:Drivers/STM32F0xx_HAL_Driver/Src/stm32f0xx_hal_spi.c ****         hspi->State = HAL_SPI_STATE_READY;
1457:Drivers/STM32F0xx_HAL_Driver/Src/stm32f0xx_hal_spi.c ****         goto error;
ARM GAS  C:\Users\ADMINI~1\AppData\Local\Temp\ccrv5aWF.s 			page 27


1458:Drivers/STM32F0xx_HAL_Driver/Src/stm32f0xx_hal_spi.c ****       }
1459:Drivers/STM32F0xx_HAL_Driver/Src/stm32f0xx_hal_spi.c ****     }
1460:Drivers/STM32F0xx_HAL_Driver/Src/stm32f0xx_hal_spi.c ****   }
1461:Drivers/STM32F0xx_HAL_Driver/Src/stm32f0xx_hal_spi.c **** 
1462:Drivers/STM32F0xx_HAL_Driver/Src/stm32f0xx_hal_spi.c **** #if (USE_SPI_CRC != 0U)
1463:Drivers/STM32F0xx_HAL_Driver/Src/stm32f0xx_hal_spi.c ****   /* Read CRC from DR to close CRC calculation process */
1464:Drivers/STM32F0xx_HAL_Driver/Src/stm32f0xx_hal_spi.c ****   if (hspi->Init.CRCCalculation == SPI_CRCCALCULATION_ENABLE)
1465:Drivers/STM32F0xx_HAL_Driver/Src/stm32f0xx_hal_spi.c ****   {
1466:Drivers/STM32F0xx_HAL_Driver/Src/stm32f0xx_hal_spi.c ****     /* Wait until TXE flag */
1467:Drivers/STM32F0xx_HAL_Driver/Src/stm32f0xx_hal_spi.c ****     if (SPI_WaitFlagStateUntilTimeout(hspi, SPI_FLAG_RXNE, SET, Timeout, tickstart) != HAL_OK)
1468:Drivers/STM32F0xx_HAL_Driver/Src/stm32f0xx_hal_spi.c ****     {
1469:Drivers/STM32F0xx_HAL_Driver/Src/stm32f0xx_hal_spi.c ****       /* Error on the CRC reception */
1470:Drivers/STM32F0xx_HAL_Driver/Src/stm32f0xx_hal_spi.c ****       SET_BIT(hspi->ErrorCode, HAL_SPI_ERROR_CRC);
1471:Drivers/STM32F0xx_HAL_Driver/Src/stm32f0xx_hal_spi.c ****       errorcode = HAL_TIMEOUT;
1472:Drivers/STM32F0xx_HAL_Driver/Src/stm32f0xx_hal_spi.c ****       goto error;
1473:Drivers/STM32F0xx_HAL_Driver/Src/stm32f0xx_hal_spi.c ****     }
1474:Drivers/STM32F0xx_HAL_Driver/Src/stm32f0xx_hal_spi.c ****     /* Read CRC */
1475:Drivers/STM32F0xx_HAL_Driver/Src/stm32f0xx_hal_spi.c ****     if (hspi->Init.DataSize == SPI_DATASIZE_16BIT)
1476:Drivers/STM32F0xx_HAL_Driver/Src/stm32f0xx_hal_spi.c ****     {
1477:Drivers/STM32F0xx_HAL_Driver/Src/stm32f0xx_hal_spi.c ****       /* Read 16bit CRC */
1478:Drivers/STM32F0xx_HAL_Driver/Src/stm32f0xx_hal_spi.c ****       tmpreg = READ_REG(hspi->Instance->DR);
1479:Drivers/STM32F0xx_HAL_Driver/Src/stm32f0xx_hal_spi.c ****       /* To avoid GCC warning */
1480:Drivers/STM32F0xx_HAL_Driver/Src/stm32f0xx_hal_spi.c ****       UNUSED(tmpreg);
1481:Drivers/STM32F0xx_HAL_Driver/Src/stm32f0xx_hal_spi.c ****     }
1482:Drivers/STM32F0xx_HAL_Driver/Src/stm32f0xx_hal_spi.c ****     else
1483:Drivers/STM32F0xx_HAL_Driver/Src/stm32f0xx_hal_spi.c ****     {
1484:Drivers/STM32F0xx_HAL_Driver/Src/stm32f0xx_hal_spi.c ****       /* Initialize the 8bit temporary pointer */
1485:Drivers/STM32F0xx_HAL_Driver/Src/stm32f0xx_hal_spi.c ****       ptmpreg8 = (__IO uint8_t *)&hspi->Instance->DR;
1486:Drivers/STM32F0xx_HAL_Driver/Src/stm32f0xx_hal_spi.c ****       /* Read 8bit CRC */
1487:Drivers/STM32F0xx_HAL_Driver/Src/stm32f0xx_hal_spi.c ****       tmpreg8 = *ptmpreg8;
1488:Drivers/STM32F0xx_HAL_Driver/Src/stm32f0xx_hal_spi.c ****       /* To avoid GCC warning */
1489:Drivers/STM32F0xx_HAL_Driver/Src/stm32f0xx_hal_spi.c ****       UNUSED(tmpreg8);
1490:Drivers/STM32F0xx_HAL_Driver/Src/stm32f0xx_hal_spi.c **** 
1491:Drivers/STM32F0xx_HAL_Driver/Src/stm32f0xx_hal_spi.c ****       if (hspi->Init.CRCLength == SPI_CRC_LENGTH_16BIT)
1492:Drivers/STM32F0xx_HAL_Driver/Src/stm32f0xx_hal_spi.c ****       {
1493:Drivers/STM32F0xx_HAL_Driver/Src/stm32f0xx_hal_spi.c ****         if (SPI_WaitFlagStateUntilTimeout(hspi, SPI_FLAG_RXNE, SET, Timeout, tickstart) != HAL_OK)
1494:Drivers/STM32F0xx_HAL_Driver/Src/stm32f0xx_hal_spi.c ****         {
1495:Drivers/STM32F0xx_HAL_Driver/Src/stm32f0xx_hal_spi.c ****           /* Error on the CRC reception */
1496:Drivers/STM32F0xx_HAL_Driver/Src/stm32f0xx_hal_spi.c ****           SET_BIT(hspi->ErrorCode, HAL_SPI_ERROR_CRC);
1497:Drivers/STM32F0xx_HAL_Driver/Src/stm32f0xx_hal_spi.c ****           errorcode = HAL_TIMEOUT;
1498:Drivers/STM32F0xx_HAL_Driver/Src/stm32f0xx_hal_spi.c ****           goto error;
1499:Drivers/STM32F0xx_HAL_Driver/Src/stm32f0xx_hal_spi.c ****         }
1500:Drivers/STM32F0xx_HAL_Driver/Src/stm32f0xx_hal_spi.c ****         /* Read 8bit CRC again in case of 16bit CRC in 8bit Data mode */
1501:Drivers/STM32F0xx_HAL_Driver/Src/stm32f0xx_hal_spi.c ****         tmpreg8 = *ptmpreg8;
1502:Drivers/STM32F0xx_HAL_Driver/Src/stm32f0xx_hal_spi.c ****         /* To avoid GCC warning */
1503:Drivers/STM32F0xx_HAL_Driver/Src/stm32f0xx_hal_spi.c ****         UNUSED(tmpreg8);
1504:Drivers/STM32F0xx_HAL_Driver/Src/stm32f0xx_hal_spi.c ****       }
1505:Drivers/STM32F0xx_HAL_Driver/Src/stm32f0xx_hal_spi.c ****     }
1506:Drivers/STM32F0xx_HAL_Driver/Src/stm32f0xx_hal_spi.c ****   }
1507:Drivers/STM32F0xx_HAL_Driver/Src/stm32f0xx_hal_spi.c **** 
1508:Drivers/STM32F0xx_HAL_Driver/Src/stm32f0xx_hal_spi.c ****   /* Check if CRC error occurred */
1509:Drivers/STM32F0xx_HAL_Driver/Src/stm32f0xx_hal_spi.c ****   if (__HAL_SPI_GET_FLAG(hspi, SPI_FLAG_CRCERR))
1510:Drivers/STM32F0xx_HAL_Driver/Src/stm32f0xx_hal_spi.c ****   {
1511:Drivers/STM32F0xx_HAL_Driver/Src/stm32f0xx_hal_spi.c ****     SET_BIT(hspi->ErrorCode, HAL_SPI_ERROR_CRC);
1512:Drivers/STM32F0xx_HAL_Driver/Src/stm32f0xx_hal_spi.c ****     /* Clear CRC Flag */
1513:Drivers/STM32F0xx_HAL_Driver/Src/stm32f0xx_hal_spi.c ****     __HAL_SPI_CLEAR_CRCERRFLAG(hspi);
1514:Drivers/STM32F0xx_HAL_Driver/Src/stm32f0xx_hal_spi.c **** 
ARM GAS  C:\Users\ADMINI~1\AppData\Local\Temp\ccrv5aWF.s 			page 28


1515:Drivers/STM32F0xx_HAL_Driver/Src/stm32f0xx_hal_spi.c ****     errorcode = HAL_ERROR;
1516:Drivers/STM32F0xx_HAL_Driver/Src/stm32f0xx_hal_spi.c ****   }
1517:Drivers/STM32F0xx_HAL_Driver/Src/stm32f0xx_hal_spi.c **** #endif /* USE_SPI_CRC */
1518:Drivers/STM32F0xx_HAL_Driver/Src/stm32f0xx_hal_spi.c **** 
1519:Drivers/STM32F0xx_HAL_Driver/Src/stm32f0xx_hal_spi.c ****   /* Check the end of the transaction */
1520:Drivers/STM32F0xx_HAL_Driver/Src/stm32f0xx_hal_spi.c ****   if (SPI_EndRxTxTransaction(hspi, Timeout, tickstart) != HAL_OK)
1521:Drivers/STM32F0xx_HAL_Driver/Src/stm32f0xx_hal_spi.c ****   {
1522:Drivers/STM32F0xx_HAL_Driver/Src/stm32f0xx_hal_spi.c ****     errorcode = HAL_ERROR;
1523:Drivers/STM32F0xx_HAL_Driver/Src/stm32f0xx_hal_spi.c ****     hspi->ErrorCode = HAL_SPI_ERROR_FLAG;
1524:Drivers/STM32F0xx_HAL_Driver/Src/stm32f0xx_hal_spi.c ****   }
1525:Drivers/STM32F0xx_HAL_Driver/Src/stm32f0xx_hal_spi.c **** 
1526:Drivers/STM32F0xx_HAL_Driver/Src/stm32f0xx_hal_spi.c ****   if (hspi->ErrorCode != HAL_SPI_ERROR_NONE)
1527:Drivers/STM32F0xx_HAL_Driver/Src/stm32f0xx_hal_spi.c ****   {
1528:Drivers/STM32F0xx_HAL_Driver/Src/stm32f0xx_hal_spi.c ****     errorcode = HAL_ERROR;
1529:Drivers/STM32F0xx_HAL_Driver/Src/stm32f0xx_hal_spi.c ****   }
1530:Drivers/STM32F0xx_HAL_Driver/Src/stm32f0xx_hal_spi.c ****   else
1531:Drivers/STM32F0xx_HAL_Driver/Src/stm32f0xx_hal_spi.c ****   {
1532:Drivers/STM32F0xx_HAL_Driver/Src/stm32f0xx_hal_spi.c ****     hspi->State = HAL_SPI_STATE_READY;
1533:Drivers/STM32F0xx_HAL_Driver/Src/stm32f0xx_hal_spi.c ****   }
1534:Drivers/STM32F0xx_HAL_Driver/Src/stm32f0xx_hal_spi.c ****   
1535:Drivers/STM32F0xx_HAL_Driver/Src/stm32f0xx_hal_spi.c **** error :
1536:Drivers/STM32F0xx_HAL_Driver/Src/stm32f0xx_hal_spi.c ****   __HAL_UNLOCK(hspi);
1537:Drivers/STM32F0xx_HAL_Driver/Src/stm32f0xx_hal_spi.c ****   return errorcode;
1538:Drivers/STM32F0xx_HAL_Driver/Src/stm32f0xx_hal_spi.c **** }
1539:Drivers/STM32F0xx_HAL_Driver/Src/stm32f0xx_hal_spi.c **** 
1540:Drivers/STM32F0xx_HAL_Driver/Src/stm32f0xx_hal_spi.c **** /**
1541:Drivers/STM32F0xx_HAL_Driver/Src/stm32f0xx_hal_spi.c ****   * @brief  Transmit an amount of data in non-blocking mode with Interrupt.
1542:Drivers/STM32F0xx_HAL_Driver/Src/stm32f0xx_hal_spi.c ****   * @param  hspi pointer to a SPI_HandleTypeDef structure that contains
1543:Drivers/STM32F0xx_HAL_Driver/Src/stm32f0xx_hal_spi.c ****   *               the configuration information for SPI module.
1544:Drivers/STM32F0xx_HAL_Driver/Src/stm32f0xx_hal_spi.c ****   * @param  pData pointer to data buffer
1545:Drivers/STM32F0xx_HAL_Driver/Src/stm32f0xx_hal_spi.c ****   * @param  Size amount of data to be sent
1546:Drivers/STM32F0xx_HAL_Driver/Src/stm32f0xx_hal_spi.c ****   * @retval HAL status
1547:Drivers/STM32F0xx_HAL_Driver/Src/stm32f0xx_hal_spi.c ****   */
1548:Drivers/STM32F0xx_HAL_Driver/Src/stm32f0xx_hal_spi.c **** HAL_StatusTypeDef HAL_SPI_Transmit_IT(SPI_HandleTypeDef *hspi, uint8_t *pData, uint16_t Size)
1549:Drivers/STM32F0xx_HAL_Driver/Src/stm32f0xx_hal_spi.c **** {
1550:Drivers/STM32F0xx_HAL_Driver/Src/stm32f0xx_hal_spi.c ****   HAL_StatusTypeDef errorcode = HAL_OK;
1551:Drivers/STM32F0xx_HAL_Driver/Src/stm32f0xx_hal_spi.c **** 
1552:Drivers/STM32F0xx_HAL_Driver/Src/stm32f0xx_hal_spi.c ****   /* Check Direction parameter */
1553:Drivers/STM32F0xx_HAL_Driver/Src/stm32f0xx_hal_spi.c ****   assert_param(IS_SPI_DIRECTION_2LINES_OR_1LINE(hspi->Init.Direction));
1554:Drivers/STM32F0xx_HAL_Driver/Src/stm32f0xx_hal_spi.c **** 
1555:Drivers/STM32F0xx_HAL_Driver/Src/stm32f0xx_hal_spi.c **** 
1556:Drivers/STM32F0xx_HAL_Driver/Src/stm32f0xx_hal_spi.c ****   if ((pData == NULL) || (Size == 0U))
1557:Drivers/STM32F0xx_HAL_Driver/Src/stm32f0xx_hal_spi.c ****   {
1558:Drivers/STM32F0xx_HAL_Driver/Src/stm32f0xx_hal_spi.c ****     errorcode = HAL_ERROR;
1559:Drivers/STM32F0xx_HAL_Driver/Src/stm32f0xx_hal_spi.c ****     goto error;
1560:Drivers/STM32F0xx_HAL_Driver/Src/stm32f0xx_hal_spi.c ****   }
1561:Drivers/STM32F0xx_HAL_Driver/Src/stm32f0xx_hal_spi.c **** 
1562:Drivers/STM32F0xx_HAL_Driver/Src/stm32f0xx_hal_spi.c ****   if (hspi->State != HAL_SPI_STATE_READY)
1563:Drivers/STM32F0xx_HAL_Driver/Src/stm32f0xx_hal_spi.c ****   {
1564:Drivers/STM32F0xx_HAL_Driver/Src/stm32f0xx_hal_spi.c ****     errorcode = HAL_BUSY;
1565:Drivers/STM32F0xx_HAL_Driver/Src/stm32f0xx_hal_spi.c ****     goto error;
1566:Drivers/STM32F0xx_HAL_Driver/Src/stm32f0xx_hal_spi.c ****   }
1567:Drivers/STM32F0xx_HAL_Driver/Src/stm32f0xx_hal_spi.c **** 
1568:Drivers/STM32F0xx_HAL_Driver/Src/stm32f0xx_hal_spi.c ****   /* Process Locked */
1569:Drivers/STM32F0xx_HAL_Driver/Src/stm32f0xx_hal_spi.c ****   __HAL_LOCK(hspi);
1570:Drivers/STM32F0xx_HAL_Driver/Src/stm32f0xx_hal_spi.c **** 
1571:Drivers/STM32F0xx_HAL_Driver/Src/stm32f0xx_hal_spi.c ****   /* Set the transaction information */
ARM GAS  C:\Users\ADMINI~1\AppData\Local\Temp\ccrv5aWF.s 			page 29


1572:Drivers/STM32F0xx_HAL_Driver/Src/stm32f0xx_hal_spi.c ****   hspi->State       = HAL_SPI_STATE_BUSY_TX;
1573:Drivers/STM32F0xx_HAL_Driver/Src/stm32f0xx_hal_spi.c ****   hspi->ErrorCode   = HAL_SPI_ERROR_NONE;
1574:Drivers/STM32F0xx_HAL_Driver/Src/stm32f0xx_hal_spi.c ****   hspi->pTxBuffPtr  = (uint8_t *)pData;
1575:Drivers/STM32F0xx_HAL_Driver/Src/stm32f0xx_hal_spi.c ****   hspi->TxXferSize  = Size;
1576:Drivers/STM32F0xx_HAL_Driver/Src/stm32f0xx_hal_spi.c ****   hspi->TxXferCount = Size;
1577:Drivers/STM32F0xx_HAL_Driver/Src/stm32f0xx_hal_spi.c **** 
1578:Drivers/STM32F0xx_HAL_Driver/Src/stm32f0xx_hal_spi.c ****   /* Init field not used in handle to zero */
1579:Drivers/STM32F0xx_HAL_Driver/Src/stm32f0xx_hal_spi.c ****   hspi->pRxBuffPtr  = (uint8_t *)NULL;
1580:Drivers/STM32F0xx_HAL_Driver/Src/stm32f0xx_hal_spi.c ****   hspi->RxXferSize  = 0U;
1581:Drivers/STM32F0xx_HAL_Driver/Src/stm32f0xx_hal_spi.c ****   hspi->RxXferCount = 0U;
1582:Drivers/STM32F0xx_HAL_Driver/Src/stm32f0xx_hal_spi.c ****   hspi->RxISR       = NULL;
1583:Drivers/STM32F0xx_HAL_Driver/Src/stm32f0xx_hal_spi.c **** 
1584:Drivers/STM32F0xx_HAL_Driver/Src/stm32f0xx_hal_spi.c ****   /* Set the function for IT treatment */
1585:Drivers/STM32F0xx_HAL_Driver/Src/stm32f0xx_hal_spi.c ****   if (hspi->Init.DataSize > SPI_DATASIZE_8BIT)
1586:Drivers/STM32F0xx_HAL_Driver/Src/stm32f0xx_hal_spi.c ****   {
1587:Drivers/STM32F0xx_HAL_Driver/Src/stm32f0xx_hal_spi.c ****     hspi->TxISR = SPI_TxISR_16BIT;
1588:Drivers/STM32F0xx_HAL_Driver/Src/stm32f0xx_hal_spi.c ****   }
1589:Drivers/STM32F0xx_HAL_Driver/Src/stm32f0xx_hal_spi.c ****   else
1590:Drivers/STM32F0xx_HAL_Driver/Src/stm32f0xx_hal_spi.c ****   {
1591:Drivers/STM32F0xx_HAL_Driver/Src/stm32f0xx_hal_spi.c ****     hspi->TxISR = SPI_TxISR_8BIT;
1592:Drivers/STM32F0xx_HAL_Driver/Src/stm32f0xx_hal_spi.c ****   }
1593:Drivers/STM32F0xx_HAL_Driver/Src/stm32f0xx_hal_spi.c **** 
1594:Drivers/STM32F0xx_HAL_Driver/Src/stm32f0xx_hal_spi.c ****   /* Configure communication direction : 1Line */
1595:Drivers/STM32F0xx_HAL_Driver/Src/stm32f0xx_hal_spi.c ****   if (hspi->Init.Direction == SPI_DIRECTION_1LINE)
1596:Drivers/STM32F0xx_HAL_Driver/Src/stm32f0xx_hal_spi.c ****   {
1597:Drivers/STM32F0xx_HAL_Driver/Src/stm32f0xx_hal_spi.c ****     /* Disable SPI Peripheral before set 1Line direction (BIDIOE bit) */
1598:Drivers/STM32F0xx_HAL_Driver/Src/stm32f0xx_hal_spi.c ****     __HAL_SPI_DISABLE(hspi);
1599:Drivers/STM32F0xx_HAL_Driver/Src/stm32f0xx_hal_spi.c ****     SPI_1LINE_TX(hspi);
1600:Drivers/STM32F0xx_HAL_Driver/Src/stm32f0xx_hal_spi.c ****   }
1601:Drivers/STM32F0xx_HAL_Driver/Src/stm32f0xx_hal_spi.c **** 
1602:Drivers/STM32F0xx_HAL_Driver/Src/stm32f0xx_hal_spi.c **** #if (USE_SPI_CRC != 0U)
1603:Drivers/STM32F0xx_HAL_Driver/Src/stm32f0xx_hal_spi.c ****   /* Reset CRC Calculation */
1604:Drivers/STM32F0xx_HAL_Driver/Src/stm32f0xx_hal_spi.c ****   if (hspi->Init.CRCCalculation == SPI_CRCCALCULATION_ENABLE)
1605:Drivers/STM32F0xx_HAL_Driver/Src/stm32f0xx_hal_spi.c ****   {
1606:Drivers/STM32F0xx_HAL_Driver/Src/stm32f0xx_hal_spi.c ****     SPI_RESET_CRC(hspi);
1607:Drivers/STM32F0xx_HAL_Driver/Src/stm32f0xx_hal_spi.c ****   }
1608:Drivers/STM32F0xx_HAL_Driver/Src/stm32f0xx_hal_spi.c **** #endif /* USE_SPI_CRC */
1609:Drivers/STM32F0xx_HAL_Driver/Src/stm32f0xx_hal_spi.c **** 
1610:Drivers/STM32F0xx_HAL_Driver/Src/stm32f0xx_hal_spi.c ****   /* Check if the SPI is already enabled */
1611:Drivers/STM32F0xx_HAL_Driver/Src/stm32f0xx_hal_spi.c ****   if ((hspi->Instance->CR1 & SPI_CR1_SPE) != SPI_CR1_SPE)
1612:Drivers/STM32F0xx_HAL_Driver/Src/stm32f0xx_hal_spi.c ****   {
1613:Drivers/STM32F0xx_HAL_Driver/Src/stm32f0xx_hal_spi.c ****     /* Enable SPI peripheral */
1614:Drivers/STM32F0xx_HAL_Driver/Src/stm32f0xx_hal_spi.c ****     __HAL_SPI_ENABLE(hspi);
1615:Drivers/STM32F0xx_HAL_Driver/Src/stm32f0xx_hal_spi.c ****   }
1616:Drivers/STM32F0xx_HAL_Driver/Src/stm32f0xx_hal_spi.c **** 
1617:Drivers/STM32F0xx_HAL_Driver/Src/stm32f0xx_hal_spi.c ****   /* Process Unlocked */
1618:Drivers/STM32F0xx_HAL_Driver/Src/stm32f0xx_hal_spi.c ****   __HAL_UNLOCK(hspi);
1619:Drivers/STM32F0xx_HAL_Driver/Src/stm32f0xx_hal_spi.c ****   /* Enable TXE and ERR interrupt */
1620:Drivers/STM32F0xx_HAL_Driver/Src/stm32f0xx_hal_spi.c ****   __HAL_SPI_ENABLE_IT(hspi, (SPI_IT_TXE | SPI_IT_ERR));
1621:Drivers/STM32F0xx_HAL_Driver/Src/stm32f0xx_hal_spi.c **** 
1622:Drivers/STM32F0xx_HAL_Driver/Src/stm32f0xx_hal_spi.c **** error :
1623:Drivers/STM32F0xx_HAL_Driver/Src/stm32f0xx_hal_spi.c ****   return errorcode;
1624:Drivers/STM32F0xx_HAL_Driver/Src/stm32f0xx_hal_spi.c **** }
1625:Drivers/STM32F0xx_HAL_Driver/Src/stm32f0xx_hal_spi.c **** 
1626:Drivers/STM32F0xx_HAL_Driver/Src/stm32f0xx_hal_spi.c **** /**
1627:Drivers/STM32F0xx_HAL_Driver/Src/stm32f0xx_hal_spi.c ****   * @brief  Receive an amount of data in non-blocking mode with Interrupt.
1628:Drivers/STM32F0xx_HAL_Driver/Src/stm32f0xx_hal_spi.c ****   * @param  hspi pointer to a SPI_HandleTypeDef structure that contains
ARM GAS  C:\Users\ADMINI~1\AppData\Local\Temp\ccrv5aWF.s 			page 30


1629:Drivers/STM32F0xx_HAL_Driver/Src/stm32f0xx_hal_spi.c ****   *               the configuration information for SPI module.
1630:Drivers/STM32F0xx_HAL_Driver/Src/stm32f0xx_hal_spi.c ****   * @param  pData pointer to data buffer
1631:Drivers/STM32F0xx_HAL_Driver/Src/stm32f0xx_hal_spi.c ****   * @param  Size amount of data to be sent
1632:Drivers/STM32F0xx_HAL_Driver/Src/stm32f0xx_hal_spi.c ****   * @retval HAL status
1633:Drivers/STM32F0xx_HAL_Driver/Src/stm32f0xx_hal_spi.c ****   */
1634:Drivers/STM32F0xx_HAL_Driver/Src/stm32f0xx_hal_spi.c **** HAL_StatusTypeDef HAL_SPI_Receive_IT(SPI_HandleTypeDef *hspi, uint8_t *pData, uint16_t Size)
1635:Drivers/STM32F0xx_HAL_Driver/Src/stm32f0xx_hal_spi.c **** {
1636:Drivers/STM32F0xx_HAL_Driver/Src/stm32f0xx_hal_spi.c ****   HAL_StatusTypeDef errorcode = HAL_OK;
1637:Drivers/STM32F0xx_HAL_Driver/Src/stm32f0xx_hal_spi.c **** 
1638:Drivers/STM32F0xx_HAL_Driver/Src/stm32f0xx_hal_spi.c **** 
1639:Drivers/STM32F0xx_HAL_Driver/Src/stm32f0xx_hal_spi.c ****   if (hspi->State != HAL_SPI_STATE_READY)
1640:Drivers/STM32F0xx_HAL_Driver/Src/stm32f0xx_hal_spi.c ****   {
1641:Drivers/STM32F0xx_HAL_Driver/Src/stm32f0xx_hal_spi.c ****     errorcode = HAL_BUSY;
1642:Drivers/STM32F0xx_HAL_Driver/Src/stm32f0xx_hal_spi.c ****     goto error;
1643:Drivers/STM32F0xx_HAL_Driver/Src/stm32f0xx_hal_spi.c ****   }
1644:Drivers/STM32F0xx_HAL_Driver/Src/stm32f0xx_hal_spi.c **** 
1645:Drivers/STM32F0xx_HAL_Driver/Src/stm32f0xx_hal_spi.c ****   if ((hspi->Init.Direction == SPI_DIRECTION_2LINES) && (hspi->Init.Mode == SPI_MODE_MASTER))
1646:Drivers/STM32F0xx_HAL_Driver/Src/stm32f0xx_hal_spi.c ****   {
1647:Drivers/STM32F0xx_HAL_Driver/Src/stm32f0xx_hal_spi.c ****     hspi->State = HAL_SPI_STATE_BUSY_RX;
1648:Drivers/STM32F0xx_HAL_Driver/Src/stm32f0xx_hal_spi.c ****     /* Call transmit-receive function to send Dummy data on Tx line and generate clock on CLK line 
1649:Drivers/STM32F0xx_HAL_Driver/Src/stm32f0xx_hal_spi.c ****     return HAL_SPI_TransmitReceive_IT(hspi, pData, pData, Size);
1650:Drivers/STM32F0xx_HAL_Driver/Src/stm32f0xx_hal_spi.c ****   }
1651:Drivers/STM32F0xx_HAL_Driver/Src/stm32f0xx_hal_spi.c **** 
1652:Drivers/STM32F0xx_HAL_Driver/Src/stm32f0xx_hal_spi.c **** 
1653:Drivers/STM32F0xx_HAL_Driver/Src/stm32f0xx_hal_spi.c ****   if ((pData == NULL) || (Size == 0U))
1654:Drivers/STM32F0xx_HAL_Driver/Src/stm32f0xx_hal_spi.c ****   {
1655:Drivers/STM32F0xx_HAL_Driver/Src/stm32f0xx_hal_spi.c ****     errorcode = HAL_ERROR;
1656:Drivers/STM32F0xx_HAL_Driver/Src/stm32f0xx_hal_spi.c ****     goto error;
1657:Drivers/STM32F0xx_HAL_Driver/Src/stm32f0xx_hal_spi.c ****   }
1658:Drivers/STM32F0xx_HAL_Driver/Src/stm32f0xx_hal_spi.c **** 
1659:Drivers/STM32F0xx_HAL_Driver/Src/stm32f0xx_hal_spi.c ****   /* Process Locked */
1660:Drivers/STM32F0xx_HAL_Driver/Src/stm32f0xx_hal_spi.c ****   __HAL_LOCK(hspi);
1661:Drivers/STM32F0xx_HAL_Driver/Src/stm32f0xx_hal_spi.c **** 
1662:Drivers/STM32F0xx_HAL_Driver/Src/stm32f0xx_hal_spi.c ****   /* Set the transaction information */
1663:Drivers/STM32F0xx_HAL_Driver/Src/stm32f0xx_hal_spi.c ****   hspi->State       = HAL_SPI_STATE_BUSY_RX;
1664:Drivers/STM32F0xx_HAL_Driver/Src/stm32f0xx_hal_spi.c ****   hspi->ErrorCode   = HAL_SPI_ERROR_NONE;
1665:Drivers/STM32F0xx_HAL_Driver/Src/stm32f0xx_hal_spi.c ****   hspi->pRxBuffPtr  = (uint8_t *)pData;
1666:Drivers/STM32F0xx_HAL_Driver/Src/stm32f0xx_hal_spi.c ****   hspi->RxXferSize  = Size;
1667:Drivers/STM32F0xx_HAL_Driver/Src/stm32f0xx_hal_spi.c ****   hspi->RxXferCount = Size;
1668:Drivers/STM32F0xx_HAL_Driver/Src/stm32f0xx_hal_spi.c **** 
1669:Drivers/STM32F0xx_HAL_Driver/Src/stm32f0xx_hal_spi.c ****   /* Init field not used in handle to zero */
1670:Drivers/STM32F0xx_HAL_Driver/Src/stm32f0xx_hal_spi.c ****   hspi->pTxBuffPtr  = (uint8_t *)NULL;
1671:Drivers/STM32F0xx_HAL_Driver/Src/stm32f0xx_hal_spi.c ****   hspi->TxXferSize  = 0U;
1672:Drivers/STM32F0xx_HAL_Driver/Src/stm32f0xx_hal_spi.c ****   hspi->TxXferCount = 0U;
1673:Drivers/STM32F0xx_HAL_Driver/Src/stm32f0xx_hal_spi.c ****   hspi->TxISR       = NULL;
1674:Drivers/STM32F0xx_HAL_Driver/Src/stm32f0xx_hal_spi.c **** 
1675:Drivers/STM32F0xx_HAL_Driver/Src/stm32f0xx_hal_spi.c ****   /* Check the data size to adapt Rx threshold and the set the function for IT treatment */
1676:Drivers/STM32F0xx_HAL_Driver/Src/stm32f0xx_hal_spi.c ****   if (hspi->Init.DataSize > SPI_DATASIZE_8BIT)
1677:Drivers/STM32F0xx_HAL_Driver/Src/stm32f0xx_hal_spi.c ****   {
1678:Drivers/STM32F0xx_HAL_Driver/Src/stm32f0xx_hal_spi.c ****     /* Set RX Fifo threshold according the reception data length: 16 bit */
1679:Drivers/STM32F0xx_HAL_Driver/Src/stm32f0xx_hal_spi.c ****     CLEAR_BIT(hspi->Instance->CR2, SPI_RXFIFO_THRESHOLD);
1680:Drivers/STM32F0xx_HAL_Driver/Src/stm32f0xx_hal_spi.c ****     hspi->RxISR = SPI_RxISR_16BIT;
1681:Drivers/STM32F0xx_HAL_Driver/Src/stm32f0xx_hal_spi.c ****   }
1682:Drivers/STM32F0xx_HAL_Driver/Src/stm32f0xx_hal_spi.c ****   else
1683:Drivers/STM32F0xx_HAL_Driver/Src/stm32f0xx_hal_spi.c ****   {
1684:Drivers/STM32F0xx_HAL_Driver/Src/stm32f0xx_hal_spi.c ****     /* Set RX Fifo threshold according the reception data length: 8 bit */
1685:Drivers/STM32F0xx_HAL_Driver/Src/stm32f0xx_hal_spi.c ****     SET_BIT(hspi->Instance->CR2, SPI_RXFIFO_THRESHOLD);
ARM GAS  C:\Users\ADMINI~1\AppData\Local\Temp\ccrv5aWF.s 			page 31


1686:Drivers/STM32F0xx_HAL_Driver/Src/stm32f0xx_hal_spi.c ****     hspi->RxISR = SPI_RxISR_8BIT;
1687:Drivers/STM32F0xx_HAL_Driver/Src/stm32f0xx_hal_spi.c ****   }
1688:Drivers/STM32F0xx_HAL_Driver/Src/stm32f0xx_hal_spi.c **** 
1689:Drivers/STM32F0xx_HAL_Driver/Src/stm32f0xx_hal_spi.c ****   /* Configure communication direction : 1Line */
1690:Drivers/STM32F0xx_HAL_Driver/Src/stm32f0xx_hal_spi.c ****   if (hspi->Init.Direction == SPI_DIRECTION_1LINE)
1691:Drivers/STM32F0xx_HAL_Driver/Src/stm32f0xx_hal_spi.c ****   {
1692:Drivers/STM32F0xx_HAL_Driver/Src/stm32f0xx_hal_spi.c ****     /* Disable SPI Peripheral before set 1Line direction (BIDIOE bit) */
1693:Drivers/STM32F0xx_HAL_Driver/Src/stm32f0xx_hal_spi.c ****     __HAL_SPI_DISABLE(hspi);
1694:Drivers/STM32F0xx_HAL_Driver/Src/stm32f0xx_hal_spi.c ****     SPI_1LINE_RX(hspi);
1695:Drivers/STM32F0xx_HAL_Driver/Src/stm32f0xx_hal_spi.c ****   }
1696:Drivers/STM32F0xx_HAL_Driver/Src/stm32f0xx_hal_spi.c **** 
1697:Drivers/STM32F0xx_HAL_Driver/Src/stm32f0xx_hal_spi.c **** #if (USE_SPI_CRC != 0U)
1698:Drivers/STM32F0xx_HAL_Driver/Src/stm32f0xx_hal_spi.c ****   /* Reset CRC Calculation */
1699:Drivers/STM32F0xx_HAL_Driver/Src/stm32f0xx_hal_spi.c ****   if (hspi->Init.CRCCalculation == SPI_CRCCALCULATION_ENABLE)
1700:Drivers/STM32F0xx_HAL_Driver/Src/stm32f0xx_hal_spi.c ****   {
1701:Drivers/STM32F0xx_HAL_Driver/Src/stm32f0xx_hal_spi.c ****     hspi->CRCSize = 1U;
1702:Drivers/STM32F0xx_HAL_Driver/Src/stm32f0xx_hal_spi.c ****     if ((hspi->Init.DataSize <= SPI_DATASIZE_8BIT) && (hspi->Init.CRCLength == SPI_CRC_LENGTH_16BIT
1703:Drivers/STM32F0xx_HAL_Driver/Src/stm32f0xx_hal_spi.c ****     {
1704:Drivers/STM32F0xx_HAL_Driver/Src/stm32f0xx_hal_spi.c ****       hspi->CRCSize = 2U;
1705:Drivers/STM32F0xx_HAL_Driver/Src/stm32f0xx_hal_spi.c ****     }
1706:Drivers/STM32F0xx_HAL_Driver/Src/stm32f0xx_hal_spi.c ****     SPI_RESET_CRC(hspi);
1707:Drivers/STM32F0xx_HAL_Driver/Src/stm32f0xx_hal_spi.c ****   }
1708:Drivers/STM32F0xx_HAL_Driver/Src/stm32f0xx_hal_spi.c ****   else
1709:Drivers/STM32F0xx_HAL_Driver/Src/stm32f0xx_hal_spi.c ****   {
1710:Drivers/STM32F0xx_HAL_Driver/Src/stm32f0xx_hal_spi.c ****     hspi->CRCSize = 0U;
1711:Drivers/STM32F0xx_HAL_Driver/Src/stm32f0xx_hal_spi.c ****   }
1712:Drivers/STM32F0xx_HAL_Driver/Src/stm32f0xx_hal_spi.c **** #endif /* USE_SPI_CRC */
1713:Drivers/STM32F0xx_HAL_Driver/Src/stm32f0xx_hal_spi.c **** 
1714:Drivers/STM32F0xx_HAL_Driver/Src/stm32f0xx_hal_spi.c ****   /* Note : The SPI must be enabled after unlocking current process
1715:Drivers/STM32F0xx_HAL_Driver/Src/stm32f0xx_hal_spi.c ****             to avoid the risk of SPI interrupt handle execution before current
1716:Drivers/STM32F0xx_HAL_Driver/Src/stm32f0xx_hal_spi.c ****             process unlock */
1717:Drivers/STM32F0xx_HAL_Driver/Src/stm32f0xx_hal_spi.c **** 
1718:Drivers/STM32F0xx_HAL_Driver/Src/stm32f0xx_hal_spi.c ****   /* Check if the SPI is already enabled */
1719:Drivers/STM32F0xx_HAL_Driver/Src/stm32f0xx_hal_spi.c ****   if ((hspi->Instance->CR1 & SPI_CR1_SPE) != SPI_CR1_SPE)
1720:Drivers/STM32F0xx_HAL_Driver/Src/stm32f0xx_hal_spi.c ****   {
1721:Drivers/STM32F0xx_HAL_Driver/Src/stm32f0xx_hal_spi.c ****     /* Enable SPI peripheral */
1722:Drivers/STM32F0xx_HAL_Driver/Src/stm32f0xx_hal_spi.c ****     __HAL_SPI_ENABLE(hspi);
1723:Drivers/STM32F0xx_HAL_Driver/Src/stm32f0xx_hal_spi.c ****   }
1724:Drivers/STM32F0xx_HAL_Driver/Src/stm32f0xx_hal_spi.c **** 
1725:Drivers/STM32F0xx_HAL_Driver/Src/stm32f0xx_hal_spi.c ****   /* Process Unlocked */
1726:Drivers/STM32F0xx_HAL_Driver/Src/stm32f0xx_hal_spi.c ****   __HAL_UNLOCK(hspi);
1727:Drivers/STM32F0xx_HAL_Driver/Src/stm32f0xx_hal_spi.c ****   /* Enable RXNE and ERR interrupt */
1728:Drivers/STM32F0xx_HAL_Driver/Src/stm32f0xx_hal_spi.c ****   __HAL_SPI_ENABLE_IT(hspi, (SPI_IT_RXNE | SPI_IT_ERR));
1729:Drivers/STM32F0xx_HAL_Driver/Src/stm32f0xx_hal_spi.c **** 
1730:Drivers/STM32F0xx_HAL_Driver/Src/stm32f0xx_hal_spi.c **** error :
1731:Drivers/STM32F0xx_HAL_Driver/Src/stm32f0xx_hal_spi.c ****   return errorcode;
1732:Drivers/STM32F0xx_HAL_Driver/Src/stm32f0xx_hal_spi.c **** }
1733:Drivers/STM32F0xx_HAL_Driver/Src/stm32f0xx_hal_spi.c **** 
1734:Drivers/STM32F0xx_HAL_Driver/Src/stm32f0xx_hal_spi.c **** /**
1735:Drivers/STM32F0xx_HAL_Driver/Src/stm32f0xx_hal_spi.c ****   * @brief  Transmit and Receive an amount of data in non-blocking mode with Interrupt.
1736:Drivers/STM32F0xx_HAL_Driver/Src/stm32f0xx_hal_spi.c ****   * @param  hspi pointer to a SPI_HandleTypeDef structure that contains
1737:Drivers/STM32F0xx_HAL_Driver/Src/stm32f0xx_hal_spi.c ****   *               the configuration information for SPI module.
1738:Drivers/STM32F0xx_HAL_Driver/Src/stm32f0xx_hal_spi.c ****   * @param  pTxData pointer to transmission data buffer
1739:Drivers/STM32F0xx_HAL_Driver/Src/stm32f0xx_hal_spi.c ****   * @param  pRxData pointer to reception data buffer
1740:Drivers/STM32F0xx_HAL_Driver/Src/stm32f0xx_hal_spi.c ****   * @param  Size amount of data to be sent and received
1741:Drivers/STM32F0xx_HAL_Driver/Src/stm32f0xx_hal_spi.c ****   * @retval HAL status
1742:Drivers/STM32F0xx_HAL_Driver/Src/stm32f0xx_hal_spi.c ****   */
ARM GAS  C:\Users\ADMINI~1\AppData\Local\Temp\ccrv5aWF.s 			page 32


1743:Drivers/STM32F0xx_HAL_Driver/Src/stm32f0xx_hal_spi.c **** HAL_StatusTypeDef HAL_SPI_TransmitReceive_IT(SPI_HandleTypeDef *hspi, uint8_t *pTxData, uint8_t *pR
1744:Drivers/STM32F0xx_HAL_Driver/Src/stm32f0xx_hal_spi.c **** {
1745:Drivers/STM32F0xx_HAL_Driver/Src/stm32f0xx_hal_spi.c ****   uint32_t             tmp_mode;
1746:Drivers/STM32F0xx_HAL_Driver/Src/stm32f0xx_hal_spi.c ****   HAL_SPI_StateTypeDef tmp_state;
1747:Drivers/STM32F0xx_HAL_Driver/Src/stm32f0xx_hal_spi.c ****   HAL_StatusTypeDef    errorcode = HAL_OK;
1748:Drivers/STM32F0xx_HAL_Driver/Src/stm32f0xx_hal_spi.c **** 
1749:Drivers/STM32F0xx_HAL_Driver/Src/stm32f0xx_hal_spi.c ****   /* Check Direction parameter */
1750:Drivers/STM32F0xx_HAL_Driver/Src/stm32f0xx_hal_spi.c ****   assert_param(IS_SPI_DIRECTION_2LINES(hspi->Init.Direction));
1751:Drivers/STM32F0xx_HAL_Driver/Src/stm32f0xx_hal_spi.c **** 
1752:Drivers/STM32F0xx_HAL_Driver/Src/stm32f0xx_hal_spi.c ****   /* Init temporary variables */
1753:Drivers/STM32F0xx_HAL_Driver/Src/stm32f0xx_hal_spi.c ****   tmp_state           = hspi->State;
1754:Drivers/STM32F0xx_HAL_Driver/Src/stm32f0xx_hal_spi.c ****   tmp_mode            = hspi->Init.Mode;
1755:Drivers/STM32F0xx_HAL_Driver/Src/stm32f0xx_hal_spi.c **** 
1756:Drivers/STM32F0xx_HAL_Driver/Src/stm32f0xx_hal_spi.c ****   if (!((tmp_state == HAL_SPI_STATE_READY) || \
1757:Drivers/STM32F0xx_HAL_Driver/Src/stm32f0xx_hal_spi.c ****         ((tmp_mode == SPI_MODE_MASTER) && (hspi->Init.Direction == SPI_DIRECTION_2LINES) && (tmp_st
1758:Drivers/STM32F0xx_HAL_Driver/Src/stm32f0xx_hal_spi.c ****   {
1759:Drivers/STM32F0xx_HAL_Driver/Src/stm32f0xx_hal_spi.c ****     errorcode = HAL_BUSY;
1760:Drivers/STM32F0xx_HAL_Driver/Src/stm32f0xx_hal_spi.c ****     goto error;
1761:Drivers/STM32F0xx_HAL_Driver/Src/stm32f0xx_hal_spi.c ****   }
1762:Drivers/STM32F0xx_HAL_Driver/Src/stm32f0xx_hal_spi.c **** 
1763:Drivers/STM32F0xx_HAL_Driver/Src/stm32f0xx_hal_spi.c ****   if ((pTxData == NULL) || (pRxData == NULL) || (Size == 0U))
1764:Drivers/STM32F0xx_HAL_Driver/Src/stm32f0xx_hal_spi.c ****   {
1765:Drivers/STM32F0xx_HAL_Driver/Src/stm32f0xx_hal_spi.c ****     errorcode = HAL_ERROR;
1766:Drivers/STM32F0xx_HAL_Driver/Src/stm32f0xx_hal_spi.c ****     goto error;
1767:Drivers/STM32F0xx_HAL_Driver/Src/stm32f0xx_hal_spi.c ****   }
1768:Drivers/STM32F0xx_HAL_Driver/Src/stm32f0xx_hal_spi.c **** 
1769:Drivers/STM32F0xx_HAL_Driver/Src/stm32f0xx_hal_spi.c ****   /* Process locked */
1770:Drivers/STM32F0xx_HAL_Driver/Src/stm32f0xx_hal_spi.c ****   __HAL_LOCK(hspi);
1771:Drivers/STM32F0xx_HAL_Driver/Src/stm32f0xx_hal_spi.c **** 
1772:Drivers/STM32F0xx_HAL_Driver/Src/stm32f0xx_hal_spi.c ****   /* Don't overwrite in case of HAL_SPI_STATE_BUSY_RX */
1773:Drivers/STM32F0xx_HAL_Driver/Src/stm32f0xx_hal_spi.c ****   if (hspi->State != HAL_SPI_STATE_BUSY_RX)
1774:Drivers/STM32F0xx_HAL_Driver/Src/stm32f0xx_hal_spi.c ****   {
1775:Drivers/STM32F0xx_HAL_Driver/Src/stm32f0xx_hal_spi.c ****     hspi->State = HAL_SPI_STATE_BUSY_TX_RX;
1776:Drivers/STM32F0xx_HAL_Driver/Src/stm32f0xx_hal_spi.c ****   }
1777:Drivers/STM32F0xx_HAL_Driver/Src/stm32f0xx_hal_spi.c **** 
1778:Drivers/STM32F0xx_HAL_Driver/Src/stm32f0xx_hal_spi.c ****   /* Set the transaction information */
1779:Drivers/STM32F0xx_HAL_Driver/Src/stm32f0xx_hal_spi.c ****   hspi->ErrorCode   = HAL_SPI_ERROR_NONE;
1780:Drivers/STM32F0xx_HAL_Driver/Src/stm32f0xx_hal_spi.c ****   hspi->pTxBuffPtr  = (uint8_t *)pTxData;
1781:Drivers/STM32F0xx_HAL_Driver/Src/stm32f0xx_hal_spi.c ****   hspi->TxXferSize  = Size;
1782:Drivers/STM32F0xx_HAL_Driver/Src/stm32f0xx_hal_spi.c ****   hspi->TxXferCount = Size;
1783:Drivers/STM32F0xx_HAL_Driver/Src/stm32f0xx_hal_spi.c ****   hspi->pRxBuffPtr  = (uint8_t *)pRxData;
1784:Drivers/STM32F0xx_HAL_Driver/Src/stm32f0xx_hal_spi.c ****   hspi->RxXferSize  = Size;
1785:Drivers/STM32F0xx_HAL_Driver/Src/stm32f0xx_hal_spi.c ****   hspi->RxXferCount = Size;
1786:Drivers/STM32F0xx_HAL_Driver/Src/stm32f0xx_hal_spi.c **** 
1787:Drivers/STM32F0xx_HAL_Driver/Src/stm32f0xx_hal_spi.c ****   /* Set the function for IT treatment */
1788:Drivers/STM32F0xx_HAL_Driver/Src/stm32f0xx_hal_spi.c ****   if (hspi->Init.DataSize > SPI_DATASIZE_8BIT)
1789:Drivers/STM32F0xx_HAL_Driver/Src/stm32f0xx_hal_spi.c ****   {
1790:Drivers/STM32F0xx_HAL_Driver/Src/stm32f0xx_hal_spi.c ****     hspi->RxISR     = SPI_2linesRxISR_16BIT;
1791:Drivers/STM32F0xx_HAL_Driver/Src/stm32f0xx_hal_spi.c ****     hspi->TxISR     = SPI_2linesTxISR_16BIT;
1792:Drivers/STM32F0xx_HAL_Driver/Src/stm32f0xx_hal_spi.c ****   }
1793:Drivers/STM32F0xx_HAL_Driver/Src/stm32f0xx_hal_spi.c ****   else
1794:Drivers/STM32F0xx_HAL_Driver/Src/stm32f0xx_hal_spi.c ****   {
1795:Drivers/STM32F0xx_HAL_Driver/Src/stm32f0xx_hal_spi.c ****     hspi->RxISR     = SPI_2linesRxISR_8BIT;
1796:Drivers/STM32F0xx_HAL_Driver/Src/stm32f0xx_hal_spi.c ****     hspi->TxISR     = SPI_2linesTxISR_8BIT;
1797:Drivers/STM32F0xx_HAL_Driver/Src/stm32f0xx_hal_spi.c ****   }
1798:Drivers/STM32F0xx_HAL_Driver/Src/stm32f0xx_hal_spi.c **** 
1799:Drivers/STM32F0xx_HAL_Driver/Src/stm32f0xx_hal_spi.c **** #if (USE_SPI_CRC != 0U)
ARM GAS  C:\Users\ADMINI~1\AppData\Local\Temp\ccrv5aWF.s 			page 33


1800:Drivers/STM32F0xx_HAL_Driver/Src/stm32f0xx_hal_spi.c ****   /* Reset CRC Calculation */
1801:Drivers/STM32F0xx_HAL_Driver/Src/stm32f0xx_hal_spi.c ****   if (hspi->Init.CRCCalculation == SPI_CRCCALCULATION_ENABLE)
1802:Drivers/STM32F0xx_HAL_Driver/Src/stm32f0xx_hal_spi.c ****   {
1803:Drivers/STM32F0xx_HAL_Driver/Src/stm32f0xx_hal_spi.c ****     hspi->CRCSize = 1U;
1804:Drivers/STM32F0xx_HAL_Driver/Src/stm32f0xx_hal_spi.c ****     if ((hspi->Init.DataSize <= SPI_DATASIZE_8BIT) && (hspi->Init.CRCLength == SPI_CRC_LENGTH_16BIT
1805:Drivers/STM32F0xx_HAL_Driver/Src/stm32f0xx_hal_spi.c ****     {
1806:Drivers/STM32F0xx_HAL_Driver/Src/stm32f0xx_hal_spi.c ****       hspi->CRCSize = 2U;
1807:Drivers/STM32F0xx_HAL_Driver/Src/stm32f0xx_hal_spi.c ****     }
1808:Drivers/STM32F0xx_HAL_Driver/Src/stm32f0xx_hal_spi.c ****     SPI_RESET_CRC(hspi);
1809:Drivers/STM32F0xx_HAL_Driver/Src/stm32f0xx_hal_spi.c ****   }
1810:Drivers/STM32F0xx_HAL_Driver/Src/stm32f0xx_hal_spi.c ****   else
1811:Drivers/STM32F0xx_HAL_Driver/Src/stm32f0xx_hal_spi.c ****   {
1812:Drivers/STM32F0xx_HAL_Driver/Src/stm32f0xx_hal_spi.c ****     hspi->CRCSize = 0U;
1813:Drivers/STM32F0xx_HAL_Driver/Src/stm32f0xx_hal_spi.c ****   }
1814:Drivers/STM32F0xx_HAL_Driver/Src/stm32f0xx_hal_spi.c **** #endif /* USE_SPI_CRC */
1815:Drivers/STM32F0xx_HAL_Driver/Src/stm32f0xx_hal_spi.c **** 
1816:Drivers/STM32F0xx_HAL_Driver/Src/stm32f0xx_hal_spi.c ****   /* Check if packing mode is enabled and if there is more than 2 data to receive */
1817:Drivers/STM32F0xx_HAL_Driver/Src/stm32f0xx_hal_spi.c ****   if ((hspi->Init.DataSize > SPI_DATASIZE_8BIT) || (Size >= 2U))
1818:Drivers/STM32F0xx_HAL_Driver/Src/stm32f0xx_hal_spi.c ****   {
1819:Drivers/STM32F0xx_HAL_Driver/Src/stm32f0xx_hal_spi.c ****     /* Set RX Fifo threshold according the reception data length: 16 bit */
1820:Drivers/STM32F0xx_HAL_Driver/Src/stm32f0xx_hal_spi.c ****     CLEAR_BIT(hspi->Instance->CR2, SPI_RXFIFO_THRESHOLD);
1821:Drivers/STM32F0xx_HAL_Driver/Src/stm32f0xx_hal_spi.c ****   }
1822:Drivers/STM32F0xx_HAL_Driver/Src/stm32f0xx_hal_spi.c ****   else
1823:Drivers/STM32F0xx_HAL_Driver/Src/stm32f0xx_hal_spi.c ****   {
1824:Drivers/STM32F0xx_HAL_Driver/Src/stm32f0xx_hal_spi.c ****     /* Set RX Fifo threshold according the reception data length: 8 bit */
1825:Drivers/STM32F0xx_HAL_Driver/Src/stm32f0xx_hal_spi.c ****     SET_BIT(hspi->Instance->CR2, SPI_RXFIFO_THRESHOLD);
1826:Drivers/STM32F0xx_HAL_Driver/Src/stm32f0xx_hal_spi.c ****   }
1827:Drivers/STM32F0xx_HAL_Driver/Src/stm32f0xx_hal_spi.c **** 
1828:Drivers/STM32F0xx_HAL_Driver/Src/stm32f0xx_hal_spi.c **** 
1829:Drivers/STM32F0xx_HAL_Driver/Src/stm32f0xx_hal_spi.c ****   /* Check if the SPI is already enabled */
1830:Drivers/STM32F0xx_HAL_Driver/Src/stm32f0xx_hal_spi.c ****   if ((hspi->Instance->CR1 & SPI_CR1_SPE) != SPI_CR1_SPE)
1831:Drivers/STM32F0xx_HAL_Driver/Src/stm32f0xx_hal_spi.c ****   {
1832:Drivers/STM32F0xx_HAL_Driver/Src/stm32f0xx_hal_spi.c ****     /* Enable SPI peripheral */
1833:Drivers/STM32F0xx_HAL_Driver/Src/stm32f0xx_hal_spi.c ****     __HAL_SPI_ENABLE(hspi);
1834:Drivers/STM32F0xx_HAL_Driver/Src/stm32f0xx_hal_spi.c ****   }
1835:Drivers/STM32F0xx_HAL_Driver/Src/stm32f0xx_hal_spi.c **** 
1836:Drivers/STM32F0xx_HAL_Driver/Src/stm32f0xx_hal_spi.c ****   /* Process Unlocked */
1837:Drivers/STM32F0xx_HAL_Driver/Src/stm32f0xx_hal_spi.c ****   __HAL_UNLOCK(hspi);
1838:Drivers/STM32F0xx_HAL_Driver/Src/stm32f0xx_hal_spi.c ****   /* Enable TXE, RXNE and ERR interrupt */
1839:Drivers/STM32F0xx_HAL_Driver/Src/stm32f0xx_hal_spi.c ****   __HAL_SPI_ENABLE_IT(hspi, (SPI_IT_TXE | SPI_IT_RXNE | SPI_IT_ERR));
1840:Drivers/STM32F0xx_HAL_Driver/Src/stm32f0xx_hal_spi.c **** 
1841:Drivers/STM32F0xx_HAL_Driver/Src/stm32f0xx_hal_spi.c **** error :
1842:Drivers/STM32F0xx_HAL_Driver/Src/stm32f0xx_hal_spi.c ****   return errorcode;
1843:Drivers/STM32F0xx_HAL_Driver/Src/stm32f0xx_hal_spi.c **** }
1844:Drivers/STM32F0xx_HAL_Driver/Src/stm32f0xx_hal_spi.c **** 
1845:Drivers/STM32F0xx_HAL_Driver/Src/stm32f0xx_hal_spi.c **** /**
1846:Drivers/STM32F0xx_HAL_Driver/Src/stm32f0xx_hal_spi.c ****   * @brief  Transmit an amount of data in non-blocking mode with DMA.
1847:Drivers/STM32F0xx_HAL_Driver/Src/stm32f0xx_hal_spi.c ****   * @param  hspi pointer to a SPI_HandleTypeDef structure that contains
1848:Drivers/STM32F0xx_HAL_Driver/Src/stm32f0xx_hal_spi.c ****   *               the configuration information for SPI module.
1849:Drivers/STM32F0xx_HAL_Driver/Src/stm32f0xx_hal_spi.c ****   * @param  pData pointer to data buffer
1850:Drivers/STM32F0xx_HAL_Driver/Src/stm32f0xx_hal_spi.c ****   * @param  Size amount of data to be sent
1851:Drivers/STM32F0xx_HAL_Driver/Src/stm32f0xx_hal_spi.c ****   * @retval HAL status
1852:Drivers/STM32F0xx_HAL_Driver/Src/stm32f0xx_hal_spi.c ****   */
1853:Drivers/STM32F0xx_HAL_Driver/Src/stm32f0xx_hal_spi.c **** HAL_StatusTypeDef HAL_SPI_Transmit_DMA(SPI_HandleTypeDef *hspi, uint8_t *pData, uint16_t Size)
1854:Drivers/STM32F0xx_HAL_Driver/Src/stm32f0xx_hal_spi.c **** {
1855:Drivers/STM32F0xx_HAL_Driver/Src/stm32f0xx_hal_spi.c ****   HAL_StatusTypeDef errorcode = HAL_OK;
1856:Drivers/STM32F0xx_HAL_Driver/Src/stm32f0xx_hal_spi.c **** 
ARM GAS  C:\Users\ADMINI~1\AppData\Local\Temp\ccrv5aWF.s 			page 34


1857:Drivers/STM32F0xx_HAL_Driver/Src/stm32f0xx_hal_spi.c ****   /* Check tx dma handle */
1858:Drivers/STM32F0xx_HAL_Driver/Src/stm32f0xx_hal_spi.c ****   assert_param(IS_SPI_DMA_HANDLE(hspi->hdmatx));
1859:Drivers/STM32F0xx_HAL_Driver/Src/stm32f0xx_hal_spi.c **** 
1860:Drivers/STM32F0xx_HAL_Driver/Src/stm32f0xx_hal_spi.c ****   /* Check Direction parameter */
1861:Drivers/STM32F0xx_HAL_Driver/Src/stm32f0xx_hal_spi.c ****   assert_param(IS_SPI_DIRECTION_2LINES_OR_1LINE(hspi->Init.Direction));
1862:Drivers/STM32F0xx_HAL_Driver/Src/stm32f0xx_hal_spi.c **** 
1863:Drivers/STM32F0xx_HAL_Driver/Src/stm32f0xx_hal_spi.c ****   /* Process Locked */
1864:Drivers/STM32F0xx_HAL_Driver/Src/stm32f0xx_hal_spi.c ****   __HAL_LOCK(hspi);
1865:Drivers/STM32F0xx_HAL_Driver/Src/stm32f0xx_hal_spi.c **** 
1866:Drivers/STM32F0xx_HAL_Driver/Src/stm32f0xx_hal_spi.c ****   if (hspi->State != HAL_SPI_STATE_READY)
1867:Drivers/STM32F0xx_HAL_Driver/Src/stm32f0xx_hal_spi.c ****   {
1868:Drivers/STM32F0xx_HAL_Driver/Src/stm32f0xx_hal_spi.c ****     errorcode = HAL_BUSY;
1869:Drivers/STM32F0xx_HAL_Driver/Src/stm32f0xx_hal_spi.c ****     goto error;
1870:Drivers/STM32F0xx_HAL_Driver/Src/stm32f0xx_hal_spi.c ****   }
1871:Drivers/STM32F0xx_HAL_Driver/Src/stm32f0xx_hal_spi.c **** 
1872:Drivers/STM32F0xx_HAL_Driver/Src/stm32f0xx_hal_spi.c ****   if ((pData == NULL) || (Size == 0U))
1873:Drivers/STM32F0xx_HAL_Driver/Src/stm32f0xx_hal_spi.c ****   {
1874:Drivers/STM32F0xx_HAL_Driver/Src/stm32f0xx_hal_spi.c ****     errorcode = HAL_ERROR;
1875:Drivers/STM32F0xx_HAL_Driver/Src/stm32f0xx_hal_spi.c ****     goto error;
1876:Drivers/STM32F0xx_HAL_Driver/Src/stm32f0xx_hal_spi.c ****   }
1877:Drivers/STM32F0xx_HAL_Driver/Src/stm32f0xx_hal_spi.c **** 
1878:Drivers/STM32F0xx_HAL_Driver/Src/stm32f0xx_hal_spi.c ****   /* Set the transaction information */
1879:Drivers/STM32F0xx_HAL_Driver/Src/stm32f0xx_hal_spi.c ****   hspi->State       = HAL_SPI_STATE_BUSY_TX;
1880:Drivers/STM32F0xx_HAL_Driver/Src/stm32f0xx_hal_spi.c ****   hspi->ErrorCode   = HAL_SPI_ERROR_NONE;
1881:Drivers/STM32F0xx_HAL_Driver/Src/stm32f0xx_hal_spi.c ****   hspi->pTxBuffPtr  = (uint8_t *)pData;
1882:Drivers/STM32F0xx_HAL_Driver/Src/stm32f0xx_hal_spi.c ****   hspi->TxXferSize  = Size;
1883:Drivers/STM32F0xx_HAL_Driver/Src/stm32f0xx_hal_spi.c ****   hspi->TxXferCount = Size;
1884:Drivers/STM32F0xx_HAL_Driver/Src/stm32f0xx_hal_spi.c **** 
1885:Drivers/STM32F0xx_HAL_Driver/Src/stm32f0xx_hal_spi.c ****   /* Init field not used in handle to zero */
1886:Drivers/STM32F0xx_HAL_Driver/Src/stm32f0xx_hal_spi.c ****   hspi->pRxBuffPtr  = (uint8_t *)NULL;
1887:Drivers/STM32F0xx_HAL_Driver/Src/stm32f0xx_hal_spi.c ****   hspi->TxISR       = NULL;
1888:Drivers/STM32F0xx_HAL_Driver/Src/stm32f0xx_hal_spi.c ****   hspi->RxISR       = NULL;
1889:Drivers/STM32F0xx_HAL_Driver/Src/stm32f0xx_hal_spi.c ****   hspi->RxXferSize  = 0U;
1890:Drivers/STM32F0xx_HAL_Driver/Src/stm32f0xx_hal_spi.c ****   hspi->RxXferCount = 0U;
1891:Drivers/STM32F0xx_HAL_Driver/Src/stm32f0xx_hal_spi.c **** 
1892:Drivers/STM32F0xx_HAL_Driver/Src/stm32f0xx_hal_spi.c ****   /* Configure communication direction : 1Line */
1893:Drivers/STM32F0xx_HAL_Driver/Src/stm32f0xx_hal_spi.c ****   if (hspi->Init.Direction == SPI_DIRECTION_1LINE)
1894:Drivers/STM32F0xx_HAL_Driver/Src/stm32f0xx_hal_spi.c ****   {
1895:Drivers/STM32F0xx_HAL_Driver/Src/stm32f0xx_hal_spi.c ****     /* Disable SPI Peripheral before set 1Line direction (BIDIOE bit) */
1896:Drivers/STM32F0xx_HAL_Driver/Src/stm32f0xx_hal_spi.c ****     __HAL_SPI_DISABLE(hspi);
1897:Drivers/STM32F0xx_HAL_Driver/Src/stm32f0xx_hal_spi.c ****     SPI_1LINE_TX(hspi);
1898:Drivers/STM32F0xx_HAL_Driver/Src/stm32f0xx_hal_spi.c ****   }
1899:Drivers/STM32F0xx_HAL_Driver/Src/stm32f0xx_hal_spi.c **** 
1900:Drivers/STM32F0xx_HAL_Driver/Src/stm32f0xx_hal_spi.c **** #if (USE_SPI_CRC != 0U)
1901:Drivers/STM32F0xx_HAL_Driver/Src/stm32f0xx_hal_spi.c ****   /* Reset CRC Calculation */
1902:Drivers/STM32F0xx_HAL_Driver/Src/stm32f0xx_hal_spi.c ****   if (hspi->Init.CRCCalculation == SPI_CRCCALCULATION_ENABLE)
1903:Drivers/STM32F0xx_HAL_Driver/Src/stm32f0xx_hal_spi.c ****   {
1904:Drivers/STM32F0xx_HAL_Driver/Src/stm32f0xx_hal_spi.c ****     SPI_RESET_CRC(hspi);
1905:Drivers/STM32F0xx_HAL_Driver/Src/stm32f0xx_hal_spi.c ****   }
1906:Drivers/STM32F0xx_HAL_Driver/Src/stm32f0xx_hal_spi.c **** #endif /* USE_SPI_CRC */
1907:Drivers/STM32F0xx_HAL_Driver/Src/stm32f0xx_hal_spi.c **** 
1908:Drivers/STM32F0xx_HAL_Driver/Src/stm32f0xx_hal_spi.c ****   /* Set the SPI TxDMA Half transfer complete callback */
1909:Drivers/STM32F0xx_HAL_Driver/Src/stm32f0xx_hal_spi.c ****   hspi->hdmatx->XferHalfCpltCallback = SPI_DMAHalfTransmitCplt;
1910:Drivers/STM32F0xx_HAL_Driver/Src/stm32f0xx_hal_spi.c **** 
1911:Drivers/STM32F0xx_HAL_Driver/Src/stm32f0xx_hal_spi.c ****   /* Set the SPI TxDMA transfer complete callback */
1912:Drivers/STM32F0xx_HAL_Driver/Src/stm32f0xx_hal_spi.c ****   hspi->hdmatx->XferCpltCallback = SPI_DMATransmitCplt;
1913:Drivers/STM32F0xx_HAL_Driver/Src/stm32f0xx_hal_spi.c **** 
ARM GAS  C:\Users\ADMINI~1\AppData\Local\Temp\ccrv5aWF.s 			page 35


1914:Drivers/STM32F0xx_HAL_Driver/Src/stm32f0xx_hal_spi.c ****   /* Set the DMA error callback */
1915:Drivers/STM32F0xx_HAL_Driver/Src/stm32f0xx_hal_spi.c ****   hspi->hdmatx->XferErrorCallback = SPI_DMAError;
1916:Drivers/STM32F0xx_HAL_Driver/Src/stm32f0xx_hal_spi.c **** 
1917:Drivers/STM32F0xx_HAL_Driver/Src/stm32f0xx_hal_spi.c ****   /* Set the DMA AbortCpltCallback */
1918:Drivers/STM32F0xx_HAL_Driver/Src/stm32f0xx_hal_spi.c ****   hspi->hdmatx->XferAbortCallback = NULL;
1919:Drivers/STM32F0xx_HAL_Driver/Src/stm32f0xx_hal_spi.c **** 
1920:Drivers/STM32F0xx_HAL_Driver/Src/stm32f0xx_hal_spi.c ****   CLEAR_BIT(hspi->Instance->CR2, SPI_CR2_LDMATX);
1921:Drivers/STM32F0xx_HAL_Driver/Src/stm32f0xx_hal_spi.c ****   /* Packing mode is enabled only if the DMA setting is HALWORD */
1922:Drivers/STM32F0xx_HAL_Driver/Src/stm32f0xx_hal_spi.c ****   if ((hspi->Init.DataSize <= SPI_DATASIZE_8BIT) && (hspi->hdmatx->Init.MemDataAlignment == DMA_MDA
1923:Drivers/STM32F0xx_HAL_Driver/Src/stm32f0xx_hal_spi.c ****   {
1924:Drivers/STM32F0xx_HAL_Driver/Src/stm32f0xx_hal_spi.c ****     /* Check the even/odd of the data size + crc if enabled */
1925:Drivers/STM32F0xx_HAL_Driver/Src/stm32f0xx_hal_spi.c ****     if ((hspi->TxXferCount & 0x1U) == 0U)
1926:Drivers/STM32F0xx_HAL_Driver/Src/stm32f0xx_hal_spi.c ****     {
1927:Drivers/STM32F0xx_HAL_Driver/Src/stm32f0xx_hal_spi.c ****       CLEAR_BIT(hspi->Instance->CR2, SPI_CR2_LDMATX);
1928:Drivers/STM32F0xx_HAL_Driver/Src/stm32f0xx_hal_spi.c ****       hspi->TxXferCount = (hspi->TxXferCount >> 1U);
1929:Drivers/STM32F0xx_HAL_Driver/Src/stm32f0xx_hal_spi.c ****     }
1930:Drivers/STM32F0xx_HAL_Driver/Src/stm32f0xx_hal_spi.c ****     else
1931:Drivers/STM32F0xx_HAL_Driver/Src/stm32f0xx_hal_spi.c ****     {
1932:Drivers/STM32F0xx_HAL_Driver/Src/stm32f0xx_hal_spi.c ****       SET_BIT(hspi->Instance->CR2, SPI_CR2_LDMATX);
1933:Drivers/STM32F0xx_HAL_Driver/Src/stm32f0xx_hal_spi.c ****       hspi->TxXferCount = (hspi->TxXferCount >> 1U) + 1U;
1934:Drivers/STM32F0xx_HAL_Driver/Src/stm32f0xx_hal_spi.c ****     }
1935:Drivers/STM32F0xx_HAL_Driver/Src/stm32f0xx_hal_spi.c ****   }
1936:Drivers/STM32F0xx_HAL_Driver/Src/stm32f0xx_hal_spi.c **** 
1937:Drivers/STM32F0xx_HAL_Driver/Src/stm32f0xx_hal_spi.c ****   /* Enable the Tx DMA Stream/Channel */
1938:Drivers/STM32F0xx_HAL_Driver/Src/stm32f0xx_hal_spi.c ****   if (HAL_OK != HAL_DMA_Start_IT(hspi->hdmatx, (uint32_t)hspi->pTxBuffPtr, (uint32_t)&hspi->Instanc
1939:Drivers/STM32F0xx_HAL_Driver/Src/stm32f0xx_hal_spi.c ****                                  hspi->TxXferCount))
1940:Drivers/STM32F0xx_HAL_Driver/Src/stm32f0xx_hal_spi.c ****   {
1941:Drivers/STM32F0xx_HAL_Driver/Src/stm32f0xx_hal_spi.c ****     /* Update SPI error code */
1942:Drivers/STM32F0xx_HAL_Driver/Src/stm32f0xx_hal_spi.c ****     SET_BIT(hspi->ErrorCode, HAL_SPI_ERROR_DMA);
1943:Drivers/STM32F0xx_HAL_Driver/Src/stm32f0xx_hal_spi.c ****     errorcode = HAL_ERROR;
1944:Drivers/STM32F0xx_HAL_Driver/Src/stm32f0xx_hal_spi.c **** 
1945:Drivers/STM32F0xx_HAL_Driver/Src/stm32f0xx_hal_spi.c ****     goto error;
1946:Drivers/STM32F0xx_HAL_Driver/Src/stm32f0xx_hal_spi.c ****   }
1947:Drivers/STM32F0xx_HAL_Driver/Src/stm32f0xx_hal_spi.c **** 
1948:Drivers/STM32F0xx_HAL_Driver/Src/stm32f0xx_hal_spi.c ****   /* Check if the SPI is already enabled */
1949:Drivers/STM32F0xx_HAL_Driver/Src/stm32f0xx_hal_spi.c ****   if ((hspi->Instance->CR1 & SPI_CR1_SPE) != SPI_CR1_SPE)
1950:Drivers/STM32F0xx_HAL_Driver/Src/stm32f0xx_hal_spi.c ****   {
1951:Drivers/STM32F0xx_HAL_Driver/Src/stm32f0xx_hal_spi.c ****     /* Enable SPI peripheral */
1952:Drivers/STM32F0xx_HAL_Driver/Src/stm32f0xx_hal_spi.c ****     __HAL_SPI_ENABLE(hspi);
1953:Drivers/STM32F0xx_HAL_Driver/Src/stm32f0xx_hal_spi.c ****   }
1954:Drivers/STM32F0xx_HAL_Driver/Src/stm32f0xx_hal_spi.c **** 
1955:Drivers/STM32F0xx_HAL_Driver/Src/stm32f0xx_hal_spi.c ****   /* Enable the SPI Error Interrupt Bit */
1956:Drivers/STM32F0xx_HAL_Driver/Src/stm32f0xx_hal_spi.c ****   __HAL_SPI_ENABLE_IT(hspi, (SPI_IT_ERR));
1957:Drivers/STM32F0xx_HAL_Driver/Src/stm32f0xx_hal_spi.c **** 
1958:Drivers/STM32F0xx_HAL_Driver/Src/stm32f0xx_hal_spi.c ****   /* Enable Tx DMA Request */
1959:Drivers/STM32F0xx_HAL_Driver/Src/stm32f0xx_hal_spi.c ****   SET_BIT(hspi->Instance->CR2, SPI_CR2_TXDMAEN);
1960:Drivers/STM32F0xx_HAL_Driver/Src/stm32f0xx_hal_spi.c **** 
1961:Drivers/STM32F0xx_HAL_Driver/Src/stm32f0xx_hal_spi.c **** error :
1962:Drivers/STM32F0xx_HAL_Driver/Src/stm32f0xx_hal_spi.c ****   /* Process Unlocked */
1963:Drivers/STM32F0xx_HAL_Driver/Src/stm32f0xx_hal_spi.c ****   __HAL_UNLOCK(hspi);
1964:Drivers/STM32F0xx_HAL_Driver/Src/stm32f0xx_hal_spi.c ****   return errorcode;
1965:Drivers/STM32F0xx_HAL_Driver/Src/stm32f0xx_hal_spi.c **** }
1966:Drivers/STM32F0xx_HAL_Driver/Src/stm32f0xx_hal_spi.c **** 
1967:Drivers/STM32F0xx_HAL_Driver/Src/stm32f0xx_hal_spi.c **** /**
1968:Drivers/STM32F0xx_HAL_Driver/Src/stm32f0xx_hal_spi.c ****   * @brief  Receive an amount of data in non-blocking mode with DMA.
1969:Drivers/STM32F0xx_HAL_Driver/Src/stm32f0xx_hal_spi.c ****   * @note   In case of MASTER mode and SPI_DIRECTION_2LINES direction, hdmatx shall be defined.
1970:Drivers/STM32F0xx_HAL_Driver/Src/stm32f0xx_hal_spi.c ****   * @param  hspi pointer to a SPI_HandleTypeDef structure that contains
ARM GAS  C:\Users\ADMINI~1\AppData\Local\Temp\ccrv5aWF.s 			page 36


1971:Drivers/STM32F0xx_HAL_Driver/Src/stm32f0xx_hal_spi.c ****   *               the configuration information for SPI module.
1972:Drivers/STM32F0xx_HAL_Driver/Src/stm32f0xx_hal_spi.c ****   * @param  pData pointer to data buffer
1973:Drivers/STM32F0xx_HAL_Driver/Src/stm32f0xx_hal_spi.c ****   * @note   When the CRC feature is enabled the pData Length must be Size + 1.
1974:Drivers/STM32F0xx_HAL_Driver/Src/stm32f0xx_hal_spi.c ****   * @param  Size amount of data to be sent
1975:Drivers/STM32F0xx_HAL_Driver/Src/stm32f0xx_hal_spi.c ****   * @retval HAL status
1976:Drivers/STM32F0xx_HAL_Driver/Src/stm32f0xx_hal_spi.c ****   */
1977:Drivers/STM32F0xx_HAL_Driver/Src/stm32f0xx_hal_spi.c **** HAL_StatusTypeDef HAL_SPI_Receive_DMA(SPI_HandleTypeDef *hspi, uint8_t *pData, uint16_t Size)
1978:Drivers/STM32F0xx_HAL_Driver/Src/stm32f0xx_hal_spi.c **** {
1979:Drivers/STM32F0xx_HAL_Driver/Src/stm32f0xx_hal_spi.c ****   HAL_StatusTypeDef errorcode = HAL_OK;
1980:Drivers/STM32F0xx_HAL_Driver/Src/stm32f0xx_hal_spi.c **** 
1981:Drivers/STM32F0xx_HAL_Driver/Src/stm32f0xx_hal_spi.c ****   /* Check rx dma handle */
1982:Drivers/STM32F0xx_HAL_Driver/Src/stm32f0xx_hal_spi.c ****   assert_param(IS_SPI_DMA_HANDLE(hspi->hdmarx));
1983:Drivers/STM32F0xx_HAL_Driver/Src/stm32f0xx_hal_spi.c **** 
1984:Drivers/STM32F0xx_HAL_Driver/Src/stm32f0xx_hal_spi.c ****   if (hspi->State != HAL_SPI_STATE_READY)
1985:Drivers/STM32F0xx_HAL_Driver/Src/stm32f0xx_hal_spi.c ****   {
1986:Drivers/STM32F0xx_HAL_Driver/Src/stm32f0xx_hal_spi.c ****     errorcode = HAL_BUSY;
1987:Drivers/STM32F0xx_HAL_Driver/Src/stm32f0xx_hal_spi.c ****     goto error;
1988:Drivers/STM32F0xx_HAL_Driver/Src/stm32f0xx_hal_spi.c ****   }
1989:Drivers/STM32F0xx_HAL_Driver/Src/stm32f0xx_hal_spi.c **** 
1990:Drivers/STM32F0xx_HAL_Driver/Src/stm32f0xx_hal_spi.c ****   if ((hspi->Init.Direction == SPI_DIRECTION_2LINES) && (hspi->Init.Mode == SPI_MODE_MASTER))
1991:Drivers/STM32F0xx_HAL_Driver/Src/stm32f0xx_hal_spi.c ****   {
1992:Drivers/STM32F0xx_HAL_Driver/Src/stm32f0xx_hal_spi.c ****     hspi->State = HAL_SPI_STATE_BUSY_RX;
1993:Drivers/STM32F0xx_HAL_Driver/Src/stm32f0xx_hal_spi.c **** 
1994:Drivers/STM32F0xx_HAL_Driver/Src/stm32f0xx_hal_spi.c ****     /* Check tx dma handle */
1995:Drivers/STM32F0xx_HAL_Driver/Src/stm32f0xx_hal_spi.c ****     assert_param(IS_SPI_DMA_HANDLE(hspi->hdmatx));
1996:Drivers/STM32F0xx_HAL_Driver/Src/stm32f0xx_hal_spi.c **** 
1997:Drivers/STM32F0xx_HAL_Driver/Src/stm32f0xx_hal_spi.c ****     /* Call transmit-receive function to send Dummy data on Tx line and generate clock on CLK line 
1998:Drivers/STM32F0xx_HAL_Driver/Src/stm32f0xx_hal_spi.c ****     return HAL_SPI_TransmitReceive_DMA(hspi, pData, pData, Size);
1999:Drivers/STM32F0xx_HAL_Driver/Src/stm32f0xx_hal_spi.c ****   }
2000:Drivers/STM32F0xx_HAL_Driver/Src/stm32f0xx_hal_spi.c **** 
2001:Drivers/STM32F0xx_HAL_Driver/Src/stm32f0xx_hal_spi.c ****   /* Process Locked */
2002:Drivers/STM32F0xx_HAL_Driver/Src/stm32f0xx_hal_spi.c ****   __HAL_LOCK(hspi);
2003:Drivers/STM32F0xx_HAL_Driver/Src/stm32f0xx_hal_spi.c **** 
2004:Drivers/STM32F0xx_HAL_Driver/Src/stm32f0xx_hal_spi.c ****   if ((pData == NULL) || (Size == 0U))
2005:Drivers/STM32F0xx_HAL_Driver/Src/stm32f0xx_hal_spi.c ****   {
2006:Drivers/STM32F0xx_HAL_Driver/Src/stm32f0xx_hal_spi.c ****     errorcode = HAL_ERROR;
2007:Drivers/STM32F0xx_HAL_Driver/Src/stm32f0xx_hal_spi.c ****     goto error;
2008:Drivers/STM32F0xx_HAL_Driver/Src/stm32f0xx_hal_spi.c ****   }
2009:Drivers/STM32F0xx_HAL_Driver/Src/stm32f0xx_hal_spi.c **** 
2010:Drivers/STM32F0xx_HAL_Driver/Src/stm32f0xx_hal_spi.c ****   /* Set the transaction information */
2011:Drivers/STM32F0xx_HAL_Driver/Src/stm32f0xx_hal_spi.c ****   hspi->State       = HAL_SPI_STATE_BUSY_RX;
2012:Drivers/STM32F0xx_HAL_Driver/Src/stm32f0xx_hal_spi.c ****   hspi->ErrorCode   = HAL_SPI_ERROR_NONE;
2013:Drivers/STM32F0xx_HAL_Driver/Src/stm32f0xx_hal_spi.c ****   hspi->pRxBuffPtr  = (uint8_t *)pData;
2014:Drivers/STM32F0xx_HAL_Driver/Src/stm32f0xx_hal_spi.c ****   hspi->RxXferSize  = Size;
2015:Drivers/STM32F0xx_HAL_Driver/Src/stm32f0xx_hal_spi.c ****   hspi->RxXferCount = Size;
2016:Drivers/STM32F0xx_HAL_Driver/Src/stm32f0xx_hal_spi.c **** 
2017:Drivers/STM32F0xx_HAL_Driver/Src/stm32f0xx_hal_spi.c ****   /*Init field not used in handle to zero */
2018:Drivers/STM32F0xx_HAL_Driver/Src/stm32f0xx_hal_spi.c ****   hspi->RxISR       = NULL;
2019:Drivers/STM32F0xx_HAL_Driver/Src/stm32f0xx_hal_spi.c ****   hspi->TxISR       = NULL;
2020:Drivers/STM32F0xx_HAL_Driver/Src/stm32f0xx_hal_spi.c ****   hspi->TxXferSize  = 0U;
2021:Drivers/STM32F0xx_HAL_Driver/Src/stm32f0xx_hal_spi.c ****   hspi->TxXferCount = 0U;
2022:Drivers/STM32F0xx_HAL_Driver/Src/stm32f0xx_hal_spi.c **** 
2023:Drivers/STM32F0xx_HAL_Driver/Src/stm32f0xx_hal_spi.c ****   /* Configure communication direction : 1Line */
2024:Drivers/STM32F0xx_HAL_Driver/Src/stm32f0xx_hal_spi.c ****   if (hspi->Init.Direction == SPI_DIRECTION_1LINE)
2025:Drivers/STM32F0xx_HAL_Driver/Src/stm32f0xx_hal_spi.c ****   {
2026:Drivers/STM32F0xx_HAL_Driver/Src/stm32f0xx_hal_spi.c ****     /* Disable SPI Peripheral before set 1Line direction (BIDIOE bit) */
2027:Drivers/STM32F0xx_HAL_Driver/Src/stm32f0xx_hal_spi.c ****     __HAL_SPI_DISABLE(hspi);
ARM GAS  C:\Users\ADMINI~1\AppData\Local\Temp\ccrv5aWF.s 			page 37


2028:Drivers/STM32F0xx_HAL_Driver/Src/stm32f0xx_hal_spi.c ****     SPI_1LINE_RX(hspi);
2029:Drivers/STM32F0xx_HAL_Driver/Src/stm32f0xx_hal_spi.c ****   }
2030:Drivers/STM32F0xx_HAL_Driver/Src/stm32f0xx_hal_spi.c **** 
2031:Drivers/STM32F0xx_HAL_Driver/Src/stm32f0xx_hal_spi.c **** #if (USE_SPI_CRC != 0U)
2032:Drivers/STM32F0xx_HAL_Driver/Src/stm32f0xx_hal_spi.c ****   /* Reset CRC Calculation */
2033:Drivers/STM32F0xx_HAL_Driver/Src/stm32f0xx_hal_spi.c ****   if (hspi->Init.CRCCalculation == SPI_CRCCALCULATION_ENABLE)
2034:Drivers/STM32F0xx_HAL_Driver/Src/stm32f0xx_hal_spi.c ****   {
2035:Drivers/STM32F0xx_HAL_Driver/Src/stm32f0xx_hal_spi.c ****     SPI_RESET_CRC(hspi);
2036:Drivers/STM32F0xx_HAL_Driver/Src/stm32f0xx_hal_spi.c ****   }
2037:Drivers/STM32F0xx_HAL_Driver/Src/stm32f0xx_hal_spi.c **** #endif /* USE_SPI_CRC */
2038:Drivers/STM32F0xx_HAL_Driver/Src/stm32f0xx_hal_spi.c **** 
2039:Drivers/STM32F0xx_HAL_Driver/Src/stm32f0xx_hal_spi.c **** #if defined (STM32F030x6) || defined (STM32F030x8) || defined (STM32F031x6)|| defined (STM32F038xx)
2040:Drivers/STM32F0xx_HAL_Driver/Src/stm32f0xx_hal_spi.c ****   /* Packing mode management is enabled by the DMA settings */
2041:Drivers/STM32F0xx_HAL_Driver/Src/stm32f0xx_hal_spi.c ****   if ((hspi->Init.DataSize <= SPI_DATASIZE_8BIT) && (hspi->hdmarx->Init.MemDataAlignment == DMA_MDA
2042:Drivers/STM32F0xx_HAL_Driver/Src/stm32f0xx_hal_spi.c ****   {
2043:Drivers/STM32F0xx_HAL_Driver/Src/stm32f0xx_hal_spi.c ****     /* Restriction the DMA data received is not allowed in this mode */
2044:Drivers/STM32F0xx_HAL_Driver/Src/stm32f0xx_hal_spi.c ****     errorcode = HAL_ERROR;
2045:Drivers/STM32F0xx_HAL_Driver/Src/stm32f0xx_hal_spi.c ****     goto error;
2046:Drivers/STM32F0xx_HAL_Driver/Src/stm32f0xx_hal_spi.c ****   }
2047:Drivers/STM32F0xx_HAL_Driver/Src/stm32f0xx_hal_spi.c **** #endif /* STM32F030x6 || STM32F030x8 || STM32F031x6 || STM32F038xx || STM32F051x8 || STM32F058xx */
2048:Drivers/STM32F0xx_HAL_Driver/Src/stm32f0xx_hal_spi.c **** 
2049:Drivers/STM32F0xx_HAL_Driver/Src/stm32f0xx_hal_spi.c ****   CLEAR_BIT(hspi->Instance->CR2, SPI_CR2_LDMARX);
2050:Drivers/STM32F0xx_HAL_Driver/Src/stm32f0xx_hal_spi.c ****   if (hspi->Init.DataSize > SPI_DATASIZE_8BIT)
2051:Drivers/STM32F0xx_HAL_Driver/Src/stm32f0xx_hal_spi.c ****   {
2052:Drivers/STM32F0xx_HAL_Driver/Src/stm32f0xx_hal_spi.c ****     /* Set RX Fifo threshold according the reception data length: 16bit */
2053:Drivers/STM32F0xx_HAL_Driver/Src/stm32f0xx_hal_spi.c ****     CLEAR_BIT(hspi->Instance->CR2, SPI_RXFIFO_THRESHOLD);
2054:Drivers/STM32F0xx_HAL_Driver/Src/stm32f0xx_hal_spi.c ****   }
2055:Drivers/STM32F0xx_HAL_Driver/Src/stm32f0xx_hal_spi.c ****   else
2056:Drivers/STM32F0xx_HAL_Driver/Src/stm32f0xx_hal_spi.c ****   {
2057:Drivers/STM32F0xx_HAL_Driver/Src/stm32f0xx_hal_spi.c ****     /* Set RX Fifo threshold according the reception data length: 8bit */
2058:Drivers/STM32F0xx_HAL_Driver/Src/stm32f0xx_hal_spi.c ****     SET_BIT(hspi->Instance->CR2, SPI_RXFIFO_THRESHOLD);
2059:Drivers/STM32F0xx_HAL_Driver/Src/stm32f0xx_hal_spi.c **** 
2060:Drivers/STM32F0xx_HAL_Driver/Src/stm32f0xx_hal_spi.c ****     if (hspi->hdmarx->Init.MemDataAlignment == DMA_MDATAALIGN_HALFWORD)
2061:Drivers/STM32F0xx_HAL_Driver/Src/stm32f0xx_hal_spi.c ****     {
2062:Drivers/STM32F0xx_HAL_Driver/Src/stm32f0xx_hal_spi.c ****       /* Set RX Fifo threshold according the reception data length: 16bit */
2063:Drivers/STM32F0xx_HAL_Driver/Src/stm32f0xx_hal_spi.c ****       CLEAR_BIT(hspi->Instance->CR2, SPI_RXFIFO_THRESHOLD);
2064:Drivers/STM32F0xx_HAL_Driver/Src/stm32f0xx_hal_spi.c **** 
2065:Drivers/STM32F0xx_HAL_Driver/Src/stm32f0xx_hal_spi.c ****       if ((hspi->RxXferCount & 0x1U) == 0x0U)
2066:Drivers/STM32F0xx_HAL_Driver/Src/stm32f0xx_hal_spi.c ****       {
2067:Drivers/STM32F0xx_HAL_Driver/Src/stm32f0xx_hal_spi.c ****         CLEAR_BIT(hspi->Instance->CR2, SPI_CR2_LDMARX);
2068:Drivers/STM32F0xx_HAL_Driver/Src/stm32f0xx_hal_spi.c ****         hspi->RxXferCount = hspi->RxXferCount >> 1U;
2069:Drivers/STM32F0xx_HAL_Driver/Src/stm32f0xx_hal_spi.c ****       }
2070:Drivers/STM32F0xx_HAL_Driver/Src/stm32f0xx_hal_spi.c ****       else
2071:Drivers/STM32F0xx_HAL_Driver/Src/stm32f0xx_hal_spi.c ****       {
2072:Drivers/STM32F0xx_HAL_Driver/Src/stm32f0xx_hal_spi.c ****         SET_BIT(hspi->Instance->CR2, SPI_CR2_LDMARX);
2073:Drivers/STM32F0xx_HAL_Driver/Src/stm32f0xx_hal_spi.c ****         hspi->RxXferCount = (hspi->RxXferCount >> 1U) + 1U;
2074:Drivers/STM32F0xx_HAL_Driver/Src/stm32f0xx_hal_spi.c ****       }
2075:Drivers/STM32F0xx_HAL_Driver/Src/stm32f0xx_hal_spi.c ****     }
2076:Drivers/STM32F0xx_HAL_Driver/Src/stm32f0xx_hal_spi.c ****   }
2077:Drivers/STM32F0xx_HAL_Driver/Src/stm32f0xx_hal_spi.c **** 
2078:Drivers/STM32F0xx_HAL_Driver/Src/stm32f0xx_hal_spi.c ****   /* Set the SPI RxDMA Half transfer complete callback */
2079:Drivers/STM32F0xx_HAL_Driver/Src/stm32f0xx_hal_spi.c ****   hspi->hdmarx->XferHalfCpltCallback = SPI_DMAHalfReceiveCplt;
2080:Drivers/STM32F0xx_HAL_Driver/Src/stm32f0xx_hal_spi.c **** 
2081:Drivers/STM32F0xx_HAL_Driver/Src/stm32f0xx_hal_spi.c ****   /* Set the SPI Rx DMA transfer complete callback */
2082:Drivers/STM32F0xx_HAL_Driver/Src/stm32f0xx_hal_spi.c ****   hspi->hdmarx->XferCpltCallback = SPI_DMAReceiveCplt;
2083:Drivers/STM32F0xx_HAL_Driver/Src/stm32f0xx_hal_spi.c **** 
2084:Drivers/STM32F0xx_HAL_Driver/Src/stm32f0xx_hal_spi.c ****   /* Set the DMA error callback */
ARM GAS  C:\Users\ADMINI~1\AppData\Local\Temp\ccrv5aWF.s 			page 38


2085:Drivers/STM32F0xx_HAL_Driver/Src/stm32f0xx_hal_spi.c ****   hspi->hdmarx->XferErrorCallback = SPI_DMAError;
2086:Drivers/STM32F0xx_HAL_Driver/Src/stm32f0xx_hal_spi.c **** 
2087:Drivers/STM32F0xx_HAL_Driver/Src/stm32f0xx_hal_spi.c ****   /* Set the DMA AbortCpltCallback */
2088:Drivers/STM32F0xx_HAL_Driver/Src/stm32f0xx_hal_spi.c ****   hspi->hdmarx->XferAbortCallback = NULL;
2089:Drivers/STM32F0xx_HAL_Driver/Src/stm32f0xx_hal_spi.c **** 
2090:Drivers/STM32F0xx_HAL_Driver/Src/stm32f0xx_hal_spi.c ****   /* Enable the Rx DMA Stream/Channel  */
2091:Drivers/STM32F0xx_HAL_Driver/Src/stm32f0xx_hal_spi.c ****   if (HAL_OK != HAL_DMA_Start_IT(hspi->hdmarx, (uint32_t)&hspi->Instance->DR, (uint32_t)hspi->pRxBu
2092:Drivers/STM32F0xx_HAL_Driver/Src/stm32f0xx_hal_spi.c ****                                  hspi->RxXferCount))
2093:Drivers/STM32F0xx_HAL_Driver/Src/stm32f0xx_hal_spi.c ****   {
2094:Drivers/STM32F0xx_HAL_Driver/Src/stm32f0xx_hal_spi.c ****     /* Update SPI error code */
2095:Drivers/STM32F0xx_HAL_Driver/Src/stm32f0xx_hal_spi.c ****     SET_BIT(hspi->ErrorCode, HAL_SPI_ERROR_DMA);
2096:Drivers/STM32F0xx_HAL_Driver/Src/stm32f0xx_hal_spi.c ****     errorcode = HAL_ERROR;
2097:Drivers/STM32F0xx_HAL_Driver/Src/stm32f0xx_hal_spi.c **** 
2098:Drivers/STM32F0xx_HAL_Driver/Src/stm32f0xx_hal_spi.c ****     goto error;
2099:Drivers/STM32F0xx_HAL_Driver/Src/stm32f0xx_hal_spi.c ****   }
2100:Drivers/STM32F0xx_HAL_Driver/Src/stm32f0xx_hal_spi.c **** 
2101:Drivers/STM32F0xx_HAL_Driver/Src/stm32f0xx_hal_spi.c ****   /* Check if the SPI is already enabled */
2102:Drivers/STM32F0xx_HAL_Driver/Src/stm32f0xx_hal_spi.c ****   if ((hspi->Instance->CR1 & SPI_CR1_SPE) != SPI_CR1_SPE)
2103:Drivers/STM32F0xx_HAL_Driver/Src/stm32f0xx_hal_spi.c ****   {
2104:Drivers/STM32F0xx_HAL_Driver/Src/stm32f0xx_hal_spi.c ****     /* Enable SPI peripheral */
2105:Drivers/STM32F0xx_HAL_Driver/Src/stm32f0xx_hal_spi.c ****     __HAL_SPI_ENABLE(hspi);
2106:Drivers/STM32F0xx_HAL_Driver/Src/stm32f0xx_hal_spi.c ****   }
2107:Drivers/STM32F0xx_HAL_Driver/Src/stm32f0xx_hal_spi.c **** 
2108:Drivers/STM32F0xx_HAL_Driver/Src/stm32f0xx_hal_spi.c ****   /* Enable the SPI Error Interrupt Bit */
2109:Drivers/STM32F0xx_HAL_Driver/Src/stm32f0xx_hal_spi.c ****   __HAL_SPI_ENABLE_IT(hspi, (SPI_IT_ERR));
2110:Drivers/STM32F0xx_HAL_Driver/Src/stm32f0xx_hal_spi.c **** 
2111:Drivers/STM32F0xx_HAL_Driver/Src/stm32f0xx_hal_spi.c ****   /* Enable Rx DMA Request */
2112:Drivers/STM32F0xx_HAL_Driver/Src/stm32f0xx_hal_spi.c ****   SET_BIT(hspi->Instance->CR2, SPI_CR2_RXDMAEN);
2113:Drivers/STM32F0xx_HAL_Driver/Src/stm32f0xx_hal_spi.c **** 
2114:Drivers/STM32F0xx_HAL_Driver/Src/stm32f0xx_hal_spi.c **** error:
2115:Drivers/STM32F0xx_HAL_Driver/Src/stm32f0xx_hal_spi.c ****   /* Process Unlocked */
2116:Drivers/STM32F0xx_HAL_Driver/Src/stm32f0xx_hal_spi.c ****   __HAL_UNLOCK(hspi);
2117:Drivers/STM32F0xx_HAL_Driver/Src/stm32f0xx_hal_spi.c ****   return errorcode;
2118:Drivers/STM32F0xx_HAL_Driver/Src/stm32f0xx_hal_spi.c **** }
2119:Drivers/STM32F0xx_HAL_Driver/Src/stm32f0xx_hal_spi.c **** 
2120:Drivers/STM32F0xx_HAL_Driver/Src/stm32f0xx_hal_spi.c **** /**
2121:Drivers/STM32F0xx_HAL_Driver/Src/stm32f0xx_hal_spi.c ****   * @brief  Transmit and Receive an amount of data in non-blocking mode with DMA.
2122:Drivers/STM32F0xx_HAL_Driver/Src/stm32f0xx_hal_spi.c ****   * @param  hspi pointer to a SPI_HandleTypeDef structure that contains
2123:Drivers/STM32F0xx_HAL_Driver/Src/stm32f0xx_hal_spi.c ****   *               the configuration information for SPI module.
2124:Drivers/STM32F0xx_HAL_Driver/Src/stm32f0xx_hal_spi.c ****   * @param  pTxData pointer to transmission data buffer
2125:Drivers/STM32F0xx_HAL_Driver/Src/stm32f0xx_hal_spi.c ****   * @param  pRxData pointer to reception data buffer
2126:Drivers/STM32F0xx_HAL_Driver/Src/stm32f0xx_hal_spi.c ****   * @note   When the CRC feature is enabled the pRxData Length must be Size + 1
2127:Drivers/STM32F0xx_HAL_Driver/Src/stm32f0xx_hal_spi.c ****   * @param  Size amount of data to be sent
2128:Drivers/STM32F0xx_HAL_Driver/Src/stm32f0xx_hal_spi.c ****   * @retval HAL status
2129:Drivers/STM32F0xx_HAL_Driver/Src/stm32f0xx_hal_spi.c ****   */
2130:Drivers/STM32F0xx_HAL_Driver/Src/stm32f0xx_hal_spi.c **** HAL_StatusTypeDef HAL_SPI_TransmitReceive_DMA(SPI_HandleTypeDef *hspi, uint8_t *pTxData, uint8_t *p
2131:Drivers/STM32F0xx_HAL_Driver/Src/stm32f0xx_hal_spi.c ****                                               uint16_t Size)
2132:Drivers/STM32F0xx_HAL_Driver/Src/stm32f0xx_hal_spi.c **** {
2133:Drivers/STM32F0xx_HAL_Driver/Src/stm32f0xx_hal_spi.c ****   uint32_t             tmp_mode;
2134:Drivers/STM32F0xx_HAL_Driver/Src/stm32f0xx_hal_spi.c ****   HAL_SPI_StateTypeDef tmp_state;
2135:Drivers/STM32F0xx_HAL_Driver/Src/stm32f0xx_hal_spi.c ****   HAL_StatusTypeDef errorcode = HAL_OK;
2136:Drivers/STM32F0xx_HAL_Driver/Src/stm32f0xx_hal_spi.c **** 
2137:Drivers/STM32F0xx_HAL_Driver/Src/stm32f0xx_hal_spi.c ****   /* Check rx & tx dma handles */
2138:Drivers/STM32F0xx_HAL_Driver/Src/stm32f0xx_hal_spi.c ****   assert_param(IS_SPI_DMA_HANDLE(hspi->hdmarx));
2139:Drivers/STM32F0xx_HAL_Driver/Src/stm32f0xx_hal_spi.c ****   assert_param(IS_SPI_DMA_HANDLE(hspi->hdmatx));
2140:Drivers/STM32F0xx_HAL_Driver/Src/stm32f0xx_hal_spi.c **** 
2141:Drivers/STM32F0xx_HAL_Driver/Src/stm32f0xx_hal_spi.c ****   /* Check Direction parameter */
ARM GAS  C:\Users\ADMINI~1\AppData\Local\Temp\ccrv5aWF.s 			page 39


2142:Drivers/STM32F0xx_HAL_Driver/Src/stm32f0xx_hal_spi.c ****   assert_param(IS_SPI_DIRECTION_2LINES(hspi->Init.Direction));
2143:Drivers/STM32F0xx_HAL_Driver/Src/stm32f0xx_hal_spi.c **** 
2144:Drivers/STM32F0xx_HAL_Driver/Src/stm32f0xx_hal_spi.c ****   /* Process locked */
2145:Drivers/STM32F0xx_HAL_Driver/Src/stm32f0xx_hal_spi.c ****   __HAL_LOCK(hspi);
2146:Drivers/STM32F0xx_HAL_Driver/Src/stm32f0xx_hal_spi.c **** 
2147:Drivers/STM32F0xx_HAL_Driver/Src/stm32f0xx_hal_spi.c ****   /* Init temporary variables */
2148:Drivers/STM32F0xx_HAL_Driver/Src/stm32f0xx_hal_spi.c ****   tmp_state           = hspi->State;
2149:Drivers/STM32F0xx_HAL_Driver/Src/stm32f0xx_hal_spi.c ****   tmp_mode            = hspi->Init.Mode;
2150:Drivers/STM32F0xx_HAL_Driver/Src/stm32f0xx_hal_spi.c **** 
2151:Drivers/STM32F0xx_HAL_Driver/Src/stm32f0xx_hal_spi.c ****   if (!((tmp_state == HAL_SPI_STATE_READY) ||
2152:Drivers/STM32F0xx_HAL_Driver/Src/stm32f0xx_hal_spi.c ****         ((tmp_mode == SPI_MODE_MASTER) && (hspi->Init.Direction == SPI_DIRECTION_2LINES) && (tmp_st
2153:Drivers/STM32F0xx_HAL_Driver/Src/stm32f0xx_hal_spi.c ****   {
2154:Drivers/STM32F0xx_HAL_Driver/Src/stm32f0xx_hal_spi.c ****     errorcode = HAL_BUSY;
2155:Drivers/STM32F0xx_HAL_Driver/Src/stm32f0xx_hal_spi.c ****     goto error;
2156:Drivers/STM32F0xx_HAL_Driver/Src/stm32f0xx_hal_spi.c ****   }
2157:Drivers/STM32F0xx_HAL_Driver/Src/stm32f0xx_hal_spi.c **** 
2158:Drivers/STM32F0xx_HAL_Driver/Src/stm32f0xx_hal_spi.c ****   if ((pTxData == NULL) || (pRxData == NULL) || (Size == 0U))
2159:Drivers/STM32F0xx_HAL_Driver/Src/stm32f0xx_hal_spi.c ****   {
2160:Drivers/STM32F0xx_HAL_Driver/Src/stm32f0xx_hal_spi.c ****     errorcode = HAL_ERROR;
2161:Drivers/STM32F0xx_HAL_Driver/Src/stm32f0xx_hal_spi.c ****     goto error;
2162:Drivers/STM32F0xx_HAL_Driver/Src/stm32f0xx_hal_spi.c ****   }
2163:Drivers/STM32F0xx_HAL_Driver/Src/stm32f0xx_hal_spi.c **** 
2164:Drivers/STM32F0xx_HAL_Driver/Src/stm32f0xx_hal_spi.c ****   /* Don't overwrite in case of HAL_SPI_STATE_BUSY_RX */
2165:Drivers/STM32F0xx_HAL_Driver/Src/stm32f0xx_hal_spi.c ****   if (hspi->State != HAL_SPI_STATE_BUSY_RX)
2166:Drivers/STM32F0xx_HAL_Driver/Src/stm32f0xx_hal_spi.c ****   {
2167:Drivers/STM32F0xx_HAL_Driver/Src/stm32f0xx_hal_spi.c ****     hspi->State = HAL_SPI_STATE_BUSY_TX_RX;
2168:Drivers/STM32F0xx_HAL_Driver/Src/stm32f0xx_hal_spi.c ****   }
2169:Drivers/STM32F0xx_HAL_Driver/Src/stm32f0xx_hal_spi.c **** 
2170:Drivers/STM32F0xx_HAL_Driver/Src/stm32f0xx_hal_spi.c ****   /* Set the transaction information */
2171:Drivers/STM32F0xx_HAL_Driver/Src/stm32f0xx_hal_spi.c ****   hspi->ErrorCode   = HAL_SPI_ERROR_NONE;
2172:Drivers/STM32F0xx_HAL_Driver/Src/stm32f0xx_hal_spi.c ****   hspi->pTxBuffPtr  = (uint8_t *)pTxData;
2173:Drivers/STM32F0xx_HAL_Driver/Src/stm32f0xx_hal_spi.c ****   hspi->TxXferSize  = Size;
2174:Drivers/STM32F0xx_HAL_Driver/Src/stm32f0xx_hal_spi.c ****   hspi->TxXferCount = Size;
2175:Drivers/STM32F0xx_HAL_Driver/Src/stm32f0xx_hal_spi.c ****   hspi->pRxBuffPtr  = (uint8_t *)pRxData;
2176:Drivers/STM32F0xx_HAL_Driver/Src/stm32f0xx_hal_spi.c ****   hspi->RxXferSize  = Size;
2177:Drivers/STM32F0xx_HAL_Driver/Src/stm32f0xx_hal_spi.c ****   hspi->RxXferCount = Size;
2178:Drivers/STM32F0xx_HAL_Driver/Src/stm32f0xx_hal_spi.c **** 
2179:Drivers/STM32F0xx_HAL_Driver/Src/stm32f0xx_hal_spi.c ****   /* Init field not used in handle to zero */
2180:Drivers/STM32F0xx_HAL_Driver/Src/stm32f0xx_hal_spi.c ****   hspi->RxISR       = NULL;
2181:Drivers/STM32F0xx_HAL_Driver/Src/stm32f0xx_hal_spi.c ****   hspi->TxISR       = NULL;
2182:Drivers/STM32F0xx_HAL_Driver/Src/stm32f0xx_hal_spi.c **** 
2183:Drivers/STM32F0xx_HAL_Driver/Src/stm32f0xx_hal_spi.c **** #if (USE_SPI_CRC != 0U)
2184:Drivers/STM32F0xx_HAL_Driver/Src/stm32f0xx_hal_spi.c ****   /* Reset CRC Calculation */
2185:Drivers/STM32F0xx_HAL_Driver/Src/stm32f0xx_hal_spi.c ****   if (hspi->Init.CRCCalculation == SPI_CRCCALCULATION_ENABLE)
2186:Drivers/STM32F0xx_HAL_Driver/Src/stm32f0xx_hal_spi.c ****   {
2187:Drivers/STM32F0xx_HAL_Driver/Src/stm32f0xx_hal_spi.c ****     SPI_RESET_CRC(hspi);
2188:Drivers/STM32F0xx_HAL_Driver/Src/stm32f0xx_hal_spi.c ****   }
2189:Drivers/STM32F0xx_HAL_Driver/Src/stm32f0xx_hal_spi.c **** #endif /* USE_SPI_CRC */
2190:Drivers/STM32F0xx_HAL_Driver/Src/stm32f0xx_hal_spi.c **** 
2191:Drivers/STM32F0xx_HAL_Driver/Src/stm32f0xx_hal_spi.c **** #if defined (STM32F030x6) || defined (STM32F030x8) || defined (STM32F031x6) || defined (STM32F038xx
2192:Drivers/STM32F0xx_HAL_Driver/Src/stm32f0xx_hal_spi.c ****   /* Packing mode management is enabled by the DMA settings */
2193:Drivers/STM32F0xx_HAL_Driver/Src/stm32f0xx_hal_spi.c ****   if ((hspi->Init.DataSize <= SPI_DATASIZE_8BIT) && (hspi->hdmarx->Init.MemDataAlignment == DMA_MDA
2194:Drivers/STM32F0xx_HAL_Driver/Src/stm32f0xx_hal_spi.c ****   {
2195:Drivers/STM32F0xx_HAL_Driver/Src/stm32f0xx_hal_spi.c ****     /* Restriction the DMA data received is not allowed in this mode */
2196:Drivers/STM32F0xx_HAL_Driver/Src/stm32f0xx_hal_spi.c ****     errorcode = HAL_ERROR;
2197:Drivers/STM32F0xx_HAL_Driver/Src/stm32f0xx_hal_spi.c ****     goto error;
2198:Drivers/STM32F0xx_HAL_Driver/Src/stm32f0xx_hal_spi.c ****   }
ARM GAS  C:\Users\ADMINI~1\AppData\Local\Temp\ccrv5aWF.s 			page 40


2199:Drivers/STM32F0xx_HAL_Driver/Src/stm32f0xx_hal_spi.c **** #endif /* STM32F030x6 || STM32F030x8 || STM32F031x6 || STM32F038xx || STM32F051x8 || STM32F058xx */
2200:Drivers/STM32F0xx_HAL_Driver/Src/stm32f0xx_hal_spi.c **** 
2201:Drivers/STM32F0xx_HAL_Driver/Src/stm32f0xx_hal_spi.c ****   /* Reset the threshold bit */
2202:Drivers/STM32F0xx_HAL_Driver/Src/stm32f0xx_hal_spi.c ****   CLEAR_BIT(hspi->Instance->CR2, SPI_CR2_LDMATX | SPI_CR2_LDMARX);
2203:Drivers/STM32F0xx_HAL_Driver/Src/stm32f0xx_hal_spi.c **** 
2204:Drivers/STM32F0xx_HAL_Driver/Src/stm32f0xx_hal_spi.c ****   /* The packing mode management is enabled by the DMA settings according the spi data size */
2205:Drivers/STM32F0xx_HAL_Driver/Src/stm32f0xx_hal_spi.c ****   if (hspi->Init.DataSize > SPI_DATASIZE_8BIT)
2206:Drivers/STM32F0xx_HAL_Driver/Src/stm32f0xx_hal_spi.c ****   {
2207:Drivers/STM32F0xx_HAL_Driver/Src/stm32f0xx_hal_spi.c ****     /* Set fiforxthreshold according the reception data length: 16bit */
2208:Drivers/STM32F0xx_HAL_Driver/Src/stm32f0xx_hal_spi.c ****     CLEAR_BIT(hspi->Instance->CR2, SPI_RXFIFO_THRESHOLD);
2209:Drivers/STM32F0xx_HAL_Driver/Src/stm32f0xx_hal_spi.c ****   }
2210:Drivers/STM32F0xx_HAL_Driver/Src/stm32f0xx_hal_spi.c ****   else
2211:Drivers/STM32F0xx_HAL_Driver/Src/stm32f0xx_hal_spi.c ****   {
2212:Drivers/STM32F0xx_HAL_Driver/Src/stm32f0xx_hal_spi.c ****     /* Set RX Fifo threshold according the reception data length: 8bit */
2213:Drivers/STM32F0xx_HAL_Driver/Src/stm32f0xx_hal_spi.c ****     SET_BIT(hspi->Instance->CR2, SPI_RXFIFO_THRESHOLD);
2214:Drivers/STM32F0xx_HAL_Driver/Src/stm32f0xx_hal_spi.c **** 
2215:Drivers/STM32F0xx_HAL_Driver/Src/stm32f0xx_hal_spi.c ****     if (hspi->hdmatx->Init.MemDataAlignment == DMA_MDATAALIGN_HALFWORD)
2216:Drivers/STM32F0xx_HAL_Driver/Src/stm32f0xx_hal_spi.c ****     {
2217:Drivers/STM32F0xx_HAL_Driver/Src/stm32f0xx_hal_spi.c ****       if ((hspi->TxXferSize & 0x1U) == 0x0U)
2218:Drivers/STM32F0xx_HAL_Driver/Src/stm32f0xx_hal_spi.c ****       {
2219:Drivers/STM32F0xx_HAL_Driver/Src/stm32f0xx_hal_spi.c ****         CLEAR_BIT(hspi->Instance->CR2, SPI_CR2_LDMATX);
2220:Drivers/STM32F0xx_HAL_Driver/Src/stm32f0xx_hal_spi.c ****         hspi->TxXferCount = hspi->TxXferCount >> 1U;
2221:Drivers/STM32F0xx_HAL_Driver/Src/stm32f0xx_hal_spi.c ****       }
2222:Drivers/STM32F0xx_HAL_Driver/Src/stm32f0xx_hal_spi.c ****       else
2223:Drivers/STM32F0xx_HAL_Driver/Src/stm32f0xx_hal_spi.c ****       {
2224:Drivers/STM32F0xx_HAL_Driver/Src/stm32f0xx_hal_spi.c ****         SET_BIT(hspi->Instance->CR2, SPI_CR2_LDMATX);
2225:Drivers/STM32F0xx_HAL_Driver/Src/stm32f0xx_hal_spi.c ****         hspi->TxXferCount = (hspi->TxXferCount >> 1U) + 1U;
2226:Drivers/STM32F0xx_HAL_Driver/Src/stm32f0xx_hal_spi.c ****       }
2227:Drivers/STM32F0xx_HAL_Driver/Src/stm32f0xx_hal_spi.c ****     }
2228:Drivers/STM32F0xx_HAL_Driver/Src/stm32f0xx_hal_spi.c **** 
2229:Drivers/STM32F0xx_HAL_Driver/Src/stm32f0xx_hal_spi.c ****     if (hspi->hdmarx->Init.MemDataAlignment == DMA_MDATAALIGN_HALFWORD)
2230:Drivers/STM32F0xx_HAL_Driver/Src/stm32f0xx_hal_spi.c ****     {
2231:Drivers/STM32F0xx_HAL_Driver/Src/stm32f0xx_hal_spi.c ****       /* Set RX Fifo threshold according the reception data length: 16bit */
2232:Drivers/STM32F0xx_HAL_Driver/Src/stm32f0xx_hal_spi.c ****       CLEAR_BIT(hspi->Instance->CR2, SPI_RXFIFO_THRESHOLD);
2233:Drivers/STM32F0xx_HAL_Driver/Src/stm32f0xx_hal_spi.c **** 
2234:Drivers/STM32F0xx_HAL_Driver/Src/stm32f0xx_hal_spi.c ****       if ((hspi->RxXferCount & 0x1U) == 0x0U)
2235:Drivers/STM32F0xx_HAL_Driver/Src/stm32f0xx_hal_spi.c ****       {
2236:Drivers/STM32F0xx_HAL_Driver/Src/stm32f0xx_hal_spi.c ****         CLEAR_BIT(hspi->Instance->CR2, SPI_CR2_LDMARX);
2237:Drivers/STM32F0xx_HAL_Driver/Src/stm32f0xx_hal_spi.c ****         hspi->RxXferCount = hspi->RxXferCount >> 1U;
2238:Drivers/STM32F0xx_HAL_Driver/Src/stm32f0xx_hal_spi.c ****       }
2239:Drivers/STM32F0xx_HAL_Driver/Src/stm32f0xx_hal_spi.c ****       else
2240:Drivers/STM32F0xx_HAL_Driver/Src/stm32f0xx_hal_spi.c ****       {
2241:Drivers/STM32F0xx_HAL_Driver/Src/stm32f0xx_hal_spi.c ****         SET_BIT(hspi->Instance->CR2, SPI_CR2_LDMARX);
2242:Drivers/STM32F0xx_HAL_Driver/Src/stm32f0xx_hal_spi.c ****         hspi->RxXferCount = (hspi->RxXferCount >> 1U) + 1U;
2243:Drivers/STM32F0xx_HAL_Driver/Src/stm32f0xx_hal_spi.c ****       }
2244:Drivers/STM32F0xx_HAL_Driver/Src/stm32f0xx_hal_spi.c ****     }
2245:Drivers/STM32F0xx_HAL_Driver/Src/stm32f0xx_hal_spi.c ****   }
2246:Drivers/STM32F0xx_HAL_Driver/Src/stm32f0xx_hal_spi.c **** 
2247:Drivers/STM32F0xx_HAL_Driver/Src/stm32f0xx_hal_spi.c ****   /* Check if we are in Rx only or in Rx/Tx Mode and configure the DMA transfer complete callback *
2248:Drivers/STM32F0xx_HAL_Driver/Src/stm32f0xx_hal_spi.c ****   if (hspi->State == HAL_SPI_STATE_BUSY_RX)
2249:Drivers/STM32F0xx_HAL_Driver/Src/stm32f0xx_hal_spi.c ****   {
2250:Drivers/STM32F0xx_HAL_Driver/Src/stm32f0xx_hal_spi.c ****     /* Set the SPI Rx DMA Half transfer complete callback */
2251:Drivers/STM32F0xx_HAL_Driver/Src/stm32f0xx_hal_spi.c ****     hspi->hdmarx->XferHalfCpltCallback = SPI_DMAHalfReceiveCplt;
2252:Drivers/STM32F0xx_HAL_Driver/Src/stm32f0xx_hal_spi.c ****     hspi->hdmarx->XferCpltCallback     = SPI_DMAReceiveCplt;
2253:Drivers/STM32F0xx_HAL_Driver/Src/stm32f0xx_hal_spi.c ****   }
2254:Drivers/STM32F0xx_HAL_Driver/Src/stm32f0xx_hal_spi.c ****   else
2255:Drivers/STM32F0xx_HAL_Driver/Src/stm32f0xx_hal_spi.c ****   {
ARM GAS  C:\Users\ADMINI~1\AppData\Local\Temp\ccrv5aWF.s 			page 41


2256:Drivers/STM32F0xx_HAL_Driver/Src/stm32f0xx_hal_spi.c ****     /* Set the SPI Tx/Rx DMA Half transfer complete callback */
2257:Drivers/STM32F0xx_HAL_Driver/Src/stm32f0xx_hal_spi.c ****     hspi->hdmarx->XferHalfCpltCallback = SPI_DMAHalfTransmitReceiveCplt;
2258:Drivers/STM32F0xx_HAL_Driver/Src/stm32f0xx_hal_spi.c ****     hspi->hdmarx->XferCpltCallback     = SPI_DMATransmitReceiveCplt;
2259:Drivers/STM32F0xx_HAL_Driver/Src/stm32f0xx_hal_spi.c ****   }
2260:Drivers/STM32F0xx_HAL_Driver/Src/stm32f0xx_hal_spi.c **** 
2261:Drivers/STM32F0xx_HAL_Driver/Src/stm32f0xx_hal_spi.c ****   /* Set the DMA error callback */
2262:Drivers/STM32F0xx_HAL_Driver/Src/stm32f0xx_hal_spi.c ****   hspi->hdmarx->XferErrorCallback = SPI_DMAError;
2263:Drivers/STM32F0xx_HAL_Driver/Src/stm32f0xx_hal_spi.c **** 
2264:Drivers/STM32F0xx_HAL_Driver/Src/stm32f0xx_hal_spi.c ****   /* Set the DMA AbortCpltCallback */
2265:Drivers/STM32F0xx_HAL_Driver/Src/stm32f0xx_hal_spi.c ****   hspi->hdmarx->XferAbortCallback = NULL;
2266:Drivers/STM32F0xx_HAL_Driver/Src/stm32f0xx_hal_spi.c **** 
2267:Drivers/STM32F0xx_HAL_Driver/Src/stm32f0xx_hal_spi.c ****   /* Enable the Rx DMA Stream/Channel  */
2268:Drivers/STM32F0xx_HAL_Driver/Src/stm32f0xx_hal_spi.c ****   if (HAL_OK != HAL_DMA_Start_IT(hspi->hdmarx, (uint32_t)&hspi->Instance->DR, (uint32_t)hspi->pRxBu
2269:Drivers/STM32F0xx_HAL_Driver/Src/stm32f0xx_hal_spi.c ****                                  hspi->RxXferCount))
2270:Drivers/STM32F0xx_HAL_Driver/Src/stm32f0xx_hal_spi.c ****   {
2271:Drivers/STM32F0xx_HAL_Driver/Src/stm32f0xx_hal_spi.c ****     /* Update SPI error code */
2272:Drivers/STM32F0xx_HAL_Driver/Src/stm32f0xx_hal_spi.c ****     SET_BIT(hspi->ErrorCode, HAL_SPI_ERROR_DMA);
2273:Drivers/STM32F0xx_HAL_Driver/Src/stm32f0xx_hal_spi.c ****     errorcode = HAL_ERROR;
2274:Drivers/STM32F0xx_HAL_Driver/Src/stm32f0xx_hal_spi.c **** 
2275:Drivers/STM32F0xx_HAL_Driver/Src/stm32f0xx_hal_spi.c ****     goto error;
2276:Drivers/STM32F0xx_HAL_Driver/Src/stm32f0xx_hal_spi.c ****   }
2277:Drivers/STM32F0xx_HAL_Driver/Src/stm32f0xx_hal_spi.c **** 
2278:Drivers/STM32F0xx_HAL_Driver/Src/stm32f0xx_hal_spi.c ****   /* Enable Rx DMA Request */
2279:Drivers/STM32F0xx_HAL_Driver/Src/stm32f0xx_hal_spi.c ****   SET_BIT(hspi->Instance->CR2, SPI_CR2_RXDMAEN);
2280:Drivers/STM32F0xx_HAL_Driver/Src/stm32f0xx_hal_spi.c **** 
2281:Drivers/STM32F0xx_HAL_Driver/Src/stm32f0xx_hal_spi.c ****   /* Set the SPI Tx DMA transfer complete callback as NULL because the communication closing
2282:Drivers/STM32F0xx_HAL_Driver/Src/stm32f0xx_hal_spi.c ****   is performed in DMA reception complete callback  */
2283:Drivers/STM32F0xx_HAL_Driver/Src/stm32f0xx_hal_spi.c ****   hspi->hdmatx->XferHalfCpltCallback = NULL;
2284:Drivers/STM32F0xx_HAL_Driver/Src/stm32f0xx_hal_spi.c ****   hspi->hdmatx->XferCpltCallback     = NULL;
2285:Drivers/STM32F0xx_HAL_Driver/Src/stm32f0xx_hal_spi.c ****   hspi->hdmatx->XferErrorCallback    = NULL;
2286:Drivers/STM32F0xx_HAL_Driver/Src/stm32f0xx_hal_spi.c ****   hspi->hdmatx->XferAbortCallback    = NULL;
2287:Drivers/STM32F0xx_HAL_Driver/Src/stm32f0xx_hal_spi.c **** 
2288:Drivers/STM32F0xx_HAL_Driver/Src/stm32f0xx_hal_spi.c ****   /* Enable the Tx DMA Stream/Channel  */
2289:Drivers/STM32F0xx_HAL_Driver/Src/stm32f0xx_hal_spi.c ****   if (HAL_OK != HAL_DMA_Start_IT(hspi->hdmatx, (uint32_t)hspi->pTxBuffPtr, (uint32_t)&hspi->Instanc
2290:Drivers/STM32F0xx_HAL_Driver/Src/stm32f0xx_hal_spi.c ****                                  hspi->TxXferCount))
2291:Drivers/STM32F0xx_HAL_Driver/Src/stm32f0xx_hal_spi.c ****   {
2292:Drivers/STM32F0xx_HAL_Driver/Src/stm32f0xx_hal_spi.c ****     /* Update SPI error code */
2293:Drivers/STM32F0xx_HAL_Driver/Src/stm32f0xx_hal_spi.c ****     SET_BIT(hspi->ErrorCode, HAL_SPI_ERROR_DMA);
2294:Drivers/STM32F0xx_HAL_Driver/Src/stm32f0xx_hal_spi.c ****     errorcode = HAL_ERROR;
2295:Drivers/STM32F0xx_HAL_Driver/Src/stm32f0xx_hal_spi.c **** 
2296:Drivers/STM32F0xx_HAL_Driver/Src/stm32f0xx_hal_spi.c ****     goto error;
2297:Drivers/STM32F0xx_HAL_Driver/Src/stm32f0xx_hal_spi.c ****   }
2298:Drivers/STM32F0xx_HAL_Driver/Src/stm32f0xx_hal_spi.c **** 
2299:Drivers/STM32F0xx_HAL_Driver/Src/stm32f0xx_hal_spi.c ****   /* Check if the SPI is already enabled */
2300:Drivers/STM32F0xx_HAL_Driver/Src/stm32f0xx_hal_spi.c ****   if ((hspi->Instance->CR1 & SPI_CR1_SPE) != SPI_CR1_SPE)
2301:Drivers/STM32F0xx_HAL_Driver/Src/stm32f0xx_hal_spi.c ****   {
2302:Drivers/STM32F0xx_HAL_Driver/Src/stm32f0xx_hal_spi.c ****     /* Enable SPI peripheral */
2303:Drivers/STM32F0xx_HAL_Driver/Src/stm32f0xx_hal_spi.c ****     __HAL_SPI_ENABLE(hspi);
2304:Drivers/STM32F0xx_HAL_Driver/Src/stm32f0xx_hal_spi.c ****   }
2305:Drivers/STM32F0xx_HAL_Driver/Src/stm32f0xx_hal_spi.c ****   /* Enable the SPI Error Interrupt Bit */
2306:Drivers/STM32F0xx_HAL_Driver/Src/stm32f0xx_hal_spi.c ****   __HAL_SPI_ENABLE_IT(hspi, (SPI_IT_ERR));
2307:Drivers/STM32F0xx_HAL_Driver/Src/stm32f0xx_hal_spi.c **** 
2308:Drivers/STM32F0xx_HAL_Driver/Src/stm32f0xx_hal_spi.c ****   /* Enable Tx DMA Request */
2309:Drivers/STM32F0xx_HAL_Driver/Src/stm32f0xx_hal_spi.c ****   SET_BIT(hspi->Instance->CR2, SPI_CR2_TXDMAEN);
2310:Drivers/STM32F0xx_HAL_Driver/Src/stm32f0xx_hal_spi.c **** 
2311:Drivers/STM32F0xx_HAL_Driver/Src/stm32f0xx_hal_spi.c **** error :
2312:Drivers/STM32F0xx_HAL_Driver/Src/stm32f0xx_hal_spi.c ****   /* Process Unlocked */
ARM GAS  C:\Users\ADMINI~1\AppData\Local\Temp\ccrv5aWF.s 			page 42


2313:Drivers/STM32F0xx_HAL_Driver/Src/stm32f0xx_hal_spi.c ****   __HAL_UNLOCK(hspi);
2314:Drivers/STM32F0xx_HAL_Driver/Src/stm32f0xx_hal_spi.c ****   return errorcode;
2315:Drivers/STM32F0xx_HAL_Driver/Src/stm32f0xx_hal_spi.c **** }
2316:Drivers/STM32F0xx_HAL_Driver/Src/stm32f0xx_hal_spi.c **** 
2317:Drivers/STM32F0xx_HAL_Driver/Src/stm32f0xx_hal_spi.c **** /**
2318:Drivers/STM32F0xx_HAL_Driver/Src/stm32f0xx_hal_spi.c ****   * @brief  Abort ongoing transfer (blocking mode).
2319:Drivers/STM32F0xx_HAL_Driver/Src/stm32f0xx_hal_spi.c ****   * @param  hspi SPI handle.
2320:Drivers/STM32F0xx_HAL_Driver/Src/stm32f0xx_hal_spi.c ****   * @note   This procedure could be used for aborting any ongoing transfer (Tx and Rx),
2321:Drivers/STM32F0xx_HAL_Driver/Src/stm32f0xx_hal_spi.c ****   *         started in Interrupt or DMA mode.
2322:Drivers/STM32F0xx_HAL_Driver/Src/stm32f0xx_hal_spi.c ****   *         This procedure performs following operations :
2323:Drivers/STM32F0xx_HAL_Driver/Src/stm32f0xx_hal_spi.c ****   *           - Disable SPI Interrupts (depending of transfer direction)
2324:Drivers/STM32F0xx_HAL_Driver/Src/stm32f0xx_hal_spi.c ****   *           - Disable the DMA transfer in the peripheral register (if enabled)
2325:Drivers/STM32F0xx_HAL_Driver/Src/stm32f0xx_hal_spi.c ****   *           - Abort DMA transfer by calling HAL_DMA_Abort (in case of transfer in DMA mode)
2326:Drivers/STM32F0xx_HAL_Driver/Src/stm32f0xx_hal_spi.c ****   *           - Set handle State to READY
2327:Drivers/STM32F0xx_HAL_Driver/Src/stm32f0xx_hal_spi.c ****   * @note   This procedure is executed in blocking mode : when exiting function, Abort is considere
2328:Drivers/STM32F0xx_HAL_Driver/Src/stm32f0xx_hal_spi.c ****   * @retval HAL status
2329:Drivers/STM32F0xx_HAL_Driver/Src/stm32f0xx_hal_spi.c ****   */
2330:Drivers/STM32F0xx_HAL_Driver/Src/stm32f0xx_hal_spi.c **** HAL_StatusTypeDef HAL_SPI_Abort(SPI_HandleTypeDef *hspi)
2331:Drivers/STM32F0xx_HAL_Driver/Src/stm32f0xx_hal_spi.c **** {
2332:Drivers/STM32F0xx_HAL_Driver/Src/stm32f0xx_hal_spi.c ****   HAL_StatusTypeDef errorcode;
2333:Drivers/STM32F0xx_HAL_Driver/Src/stm32f0xx_hal_spi.c ****   __IO uint32_t count;
2334:Drivers/STM32F0xx_HAL_Driver/Src/stm32f0xx_hal_spi.c ****   __IO uint32_t resetcount;
2335:Drivers/STM32F0xx_HAL_Driver/Src/stm32f0xx_hal_spi.c **** 
2336:Drivers/STM32F0xx_HAL_Driver/Src/stm32f0xx_hal_spi.c ****   /* Initialized local variable  */
2337:Drivers/STM32F0xx_HAL_Driver/Src/stm32f0xx_hal_spi.c ****   errorcode = HAL_OK;
2338:Drivers/STM32F0xx_HAL_Driver/Src/stm32f0xx_hal_spi.c ****   resetcount = SPI_DEFAULT_TIMEOUT * (SystemCoreClock / 24U / 1000U);
2339:Drivers/STM32F0xx_HAL_Driver/Src/stm32f0xx_hal_spi.c ****   count = resetcount;
2340:Drivers/STM32F0xx_HAL_Driver/Src/stm32f0xx_hal_spi.c **** 
2341:Drivers/STM32F0xx_HAL_Driver/Src/stm32f0xx_hal_spi.c ****   /* Clear ERRIE interrupt to avoid error interrupts generation during Abort procedure */
2342:Drivers/STM32F0xx_HAL_Driver/Src/stm32f0xx_hal_spi.c ****   CLEAR_BIT(hspi->Instance->CR2, SPI_CR2_ERRIE);
2343:Drivers/STM32F0xx_HAL_Driver/Src/stm32f0xx_hal_spi.c **** 
2344:Drivers/STM32F0xx_HAL_Driver/Src/stm32f0xx_hal_spi.c ****   /* Disable TXEIE, RXNEIE and ERRIE(mode fault event, overrun error, TI frame error) interrupts */
2345:Drivers/STM32F0xx_HAL_Driver/Src/stm32f0xx_hal_spi.c ****   if (HAL_IS_BIT_SET(hspi->Instance->CR2, SPI_CR2_TXEIE))
2346:Drivers/STM32F0xx_HAL_Driver/Src/stm32f0xx_hal_spi.c ****   {
2347:Drivers/STM32F0xx_HAL_Driver/Src/stm32f0xx_hal_spi.c ****     hspi->TxISR = SPI_AbortTx_ISR;
2348:Drivers/STM32F0xx_HAL_Driver/Src/stm32f0xx_hal_spi.c ****     /* Wait HAL_SPI_STATE_ABORT state */
2349:Drivers/STM32F0xx_HAL_Driver/Src/stm32f0xx_hal_spi.c ****     do
2350:Drivers/STM32F0xx_HAL_Driver/Src/stm32f0xx_hal_spi.c ****     {
2351:Drivers/STM32F0xx_HAL_Driver/Src/stm32f0xx_hal_spi.c ****       if (count == 0U)
2352:Drivers/STM32F0xx_HAL_Driver/Src/stm32f0xx_hal_spi.c ****       {
2353:Drivers/STM32F0xx_HAL_Driver/Src/stm32f0xx_hal_spi.c ****         SET_BIT(hspi->ErrorCode, HAL_SPI_ERROR_ABORT);
2354:Drivers/STM32F0xx_HAL_Driver/Src/stm32f0xx_hal_spi.c ****         break;
2355:Drivers/STM32F0xx_HAL_Driver/Src/stm32f0xx_hal_spi.c ****       }
2356:Drivers/STM32F0xx_HAL_Driver/Src/stm32f0xx_hal_spi.c ****       count--;
2357:Drivers/STM32F0xx_HAL_Driver/Src/stm32f0xx_hal_spi.c ****     } while (hspi->State != HAL_SPI_STATE_ABORT);
2358:Drivers/STM32F0xx_HAL_Driver/Src/stm32f0xx_hal_spi.c ****     /* Reset Timeout Counter */
2359:Drivers/STM32F0xx_HAL_Driver/Src/stm32f0xx_hal_spi.c ****     count = resetcount;
2360:Drivers/STM32F0xx_HAL_Driver/Src/stm32f0xx_hal_spi.c ****   }
2361:Drivers/STM32F0xx_HAL_Driver/Src/stm32f0xx_hal_spi.c **** 
2362:Drivers/STM32F0xx_HAL_Driver/Src/stm32f0xx_hal_spi.c ****   if (HAL_IS_BIT_SET(hspi->Instance->CR2, SPI_CR2_RXNEIE))
2363:Drivers/STM32F0xx_HAL_Driver/Src/stm32f0xx_hal_spi.c ****   {
2364:Drivers/STM32F0xx_HAL_Driver/Src/stm32f0xx_hal_spi.c ****     hspi->RxISR = SPI_AbortRx_ISR;
2365:Drivers/STM32F0xx_HAL_Driver/Src/stm32f0xx_hal_spi.c ****     /* Wait HAL_SPI_STATE_ABORT state */
2366:Drivers/STM32F0xx_HAL_Driver/Src/stm32f0xx_hal_spi.c ****     do
2367:Drivers/STM32F0xx_HAL_Driver/Src/stm32f0xx_hal_spi.c ****     {
2368:Drivers/STM32F0xx_HAL_Driver/Src/stm32f0xx_hal_spi.c ****       if (count == 0U)
2369:Drivers/STM32F0xx_HAL_Driver/Src/stm32f0xx_hal_spi.c ****       {
ARM GAS  C:\Users\ADMINI~1\AppData\Local\Temp\ccrv5aWF.s 			page 43


2370:Drivers/STM32F0xx_HAL_Driver/Src/stm32f0xx_hal_spi.c ****         SET_BIT(hspi->ErrorCode, HAL_SPI_ERROR_ABORT);
2371:Drivers/STM32F0xx_HAL_Driver/Src/stm32f0xx_hal_spi.c ****         break;
2372:Drivers/STM32F0xx_HAL_Driver/Src/stm32f0xx_hal_spi.c ****       }
2373:Drivers/STM32F0xx_HAL_Driver/Src/stm32f0xx_hal_spi.c ****       count--;
2374:Drivers/STM32F0xx_HAL_Driver/Src/stm32f0xx_hal_spi.c ****     } while (hspi->State != HAL_SPI_STATE_ABORT);
2375:Drivers/STM32F0xx_HAL_Driver/Src/stm32f0xx_hal_spi.c ****     /* Reset Timeout Counter */
2376:Drivers/STM32F0xx_HAL_Driver/Src/stm32f0xx_hal_spi.c ****     count = resetcount;
2377:Drivers/STM32F0xx_HAL_Driver/Src/stm32f0xx_hal_spi.c ****   }
2378:Drivers/STM32F0xx_HAL_Driver/Src/stm32f0xx_hal_spi.c **** 
2379:Drivers/STM32F0xx_HAL_Driver/Src/stm32f0xx_hal_spi.c ****   /* Disable the SPI DMA Tx request if enabled */
2380:Drivers/STM32F0xx_HAL_Driver/Src/stm32f0xx_hal_spi.c ****   if (HAL_IS_BIT_SET(hspi->Instance->CR2, SPI_CR2_TXDMAEN))
2381:Drivers/STM32F0xx_HAL_Driver/Src/stm32f0xx_hal_spi.c ****   {
2382:Drivers/STM32F0xx_HAL_Driver/Src/stm32f0xx_hal_spi.c ****     /* Abort the SPI DMA Tx Stream/Channel : use blocking DMA Abort API (no callback) */
2383:Drivers/STM32F0xx_HAL_Driver/Src/stm32f0xx_hal_spi.c ****     if (hspi->hdmatx != NULL)
2384:Drivers/STM32F0xx_HAL_Driver/Src/stm32f0xx_hal_spi.c ****     {
2385:Drivers/STM32F0xx_HAL_Driver/Src/stm32f0xx_hal_spi.c ****       /* Set the SPI DMA Abort callback :
2386:Drivers/STM32F0xx_HAL_Driver/Src/stm32f0xx_hal_spi.c ****       will lead to call HAL_SPI_AbortCpltCallback() at end of DMA abort procedure */
2387:Drivers/STM32F0xx_HAL_Driver/Src/stm32f0xx_hal_spi.c ****       hspi->hdmatx->XferAbortCallback = NULL;
2388:Drivers/STM32F0xx_HAL_Driver/Src/stm32f0xx_hal_spi.c **** 
2389:Drivers/STM32F0xx_HAL_Driver/Src/stm32f0xx_hal_spi.c ****       /* Abort DMA Tx Handle linked to SPI Peripheral */
2390:Drivers/STM32F0xx_HAL_Driver/Src/stm32f0xx_hal_spi.c ****       if (HAL_DMA_Abort(hspi->hdmatx) != HAL_OK)
2391:Drivers/STM32F0xx_HAL_Driver/Src/stm32f0xx_hal_spi.c ****       {
2392:Drivers/STM32F0xx_HAL_Driver/Src/stm32f0xx_hal_spi.c ****         hspi->ErrorCode = HAL_SPI_ERROR_ABORT;
2393:Drivers/STM32F0xx_HAL_Driver/Src/stm32f0xx_hal_spi.c ****       }
2394:Drivers/STM32F0xx_HAL_Driver/Src/stm32f0xx_hal_spi.c **** 
2395:Drivers/STM32F0xx_HAL_Driver/Src/stm32f0xx_hal_spi.c ****       /* Disable Tx DMA Request */
2396:Drivers/STM32F0xx_HAL_Driver/Src/stm32f0xx_hal_spi.c ****       CLEAR_BIT(hspi->Instance->CR2, (SPI_CR2_TXDMAEN));
2397:Drivers/STM32F0xx_HAL_Driver/Src/stm32f0xx_hal_spi.c **** 
2398:Drivers/STM32F0xx_HAL_Driver/Src/stm32f0xx_hal_spi.c ****       if (SPI_EndRxTxTransaction(hspi, SPI_DEFAULT_TIMEOUT, HAL_GetTick()) != HAL_OK)
2399:Drivers/STM32F0xx_HAL_Driver/Src/stm32f0xx_hal_spi.c ****       {
2400:Drivers/STM32F0xx_HAL_Driver/Src/stm32f0xx_hal_spi.c ****         hspi->ErrorCode = HAL_SPI_ERROR_ABORT;
2401:Drivers/STM32F0xx_HAL_Driver/Src/stm32f0xx_hal_spi.c ****       }
2402:Drivers/STM32F0xx_HAL_Driver/Src/stm32f0xx_hal_spi.c **** 
2403:Drivers/STM32F0xx_HAL_Driver/Src/stm32f0xx_hal_spi.c ****       /* Disable SPI Peripheral */
2404:Drivers/STM32F0xx_HAL_Driver/Src/stm32f0xx_hal_spi.c ****       __HAL_SPI_DISABLE(hspi);
2405:Drivers/STM32F0xx_HAL_Driver/Src/stm32f0xx_hal_spi.c **** 
2406:Drivers/STM32F0xx_HAL_Driver/Src/stm32f0xx_hal_spi.c ****       /* Empty the FRLVL fifo */
2407:Drivers/STM32F0xx_HAL_Driver/Src/stm32f0xx_hal_spi.c ****       if (SPI_WaitFifoStateUntilTimeout(hspi, SPI_FLAG_FRLVL, SPI_FRLVL_EMPTY, SPI_DEFAULT_TIMEOUT,
2408:Drivers/STM32F0xx_HAL_Driver/Src/stm32f0xx_hal_spi.c ****       {
2409:Drivers/STM32F0xx_HAL_Driver/Src/stm32f0xx_hal_spi.c ****         hspi->ErrorCode = HAL_SPI_ERROR_ABORT;
2410:Drivers/STM32F0xx_HAL_Driver/Src/stm32f0xx_hal_spi.c ****       }
2411:Drivers/STM32F0xx_HAL_Driver/Src/stm32f0xx_hal_spi.c ****     }
2412:Drivers/STM32F0xx_HAL_Driver/Src/stm32f0xx_hal_spi.c ****   }
2413:Drivers/STM32F0xx_HAL_Driver/Src/stm32f0xx_hal_spi.c **** 
2414:Drivers/STM32F0xx_HAL_Driver/Src/stm32f0xx_hal_spi.c ****   /* Disable the SPI DMA Rx request if enabled */
2415:Drivers/STM32F0xx_HAL_Driver/Src/stm32f0xx_hal_spi.c ****   if (HAL_IS_BIT_SET(hspi->Instance->CR2, SPI_CR2_RXDMAEN))
2416:Drivers/STM32F0xx_HAL_Driver/Src/stm32f0xx_hal_spi.c ****   {
2417:Drivers/STM32F0xx_HAL_Driver/Src/stm32f0xx_hal_spi.c ****     /* Abort the SPI DMA Rx Stream/Channel : use blocking DMA Abort API (no callback) */
2418:Drivers/STM32F0xx_HAL_Driver/Src/stm32f0xx_hal_spi.c ****     if (hspi->hdmarx != NULL)
2419:Drivers/STM32F0xx_HAL_Driver/Src/stm32f0xx_hal_spi.c ****     {
2420:Drivers/STM32F0xx_HAL_Driver/Src/stm32f0xx_hal_spi.c ****       /* Set the SPI DMA Abort callback :
2421:Drivers/STM32F0xx_HAL_Driver/Src/stm32f0xx_hal_spi.c ****       will lead to call HAL_SPI_AbortCpltCallback() at end of DMA abort procedure */
2422:Drivers/STM32F0xx_HAL_Driver/Src/stm32f0xx_hal_spi.c ****       hspi->hdmarx->XferAbortCallback = NULL;
2423:Drivers/STM32F0xx_HAL_Driver/Src/stm32f0xx_hal_spi.c **** 
2424:Drivers/STM32F0xx_HAL_Driver/Src/stm32f0xx_hal_spi.c ****       /* Abort DMA Rx Handle linked to SPI Peripheral */
2425:Drivers/STM32F0xx_HAL_Driver/Src/stm32f0xx_hal_spi.c ****       if (HAL_DMA_Abort(hspi->hdmarx) != HAL_OK)
2426:Drivers/STM32F0xx_HAL_Driver/Src/stm32f0xx_hal_spi.c ****       {
ARM GAS  C:\Users\ADMINI~1\AppData\Local\Temp\ccrv5aWF.s 			page 44


2427:Drivers/STM32F0xx_HAL_Driver/Src/stm32f0xx_hal_spi.c ****         hspi->ErrorCode = HAL_SPI_ERROR_ABORT;
2428:Drivers/STM32F0xx_HAL_Driver/Src/stm32f0xx_hal_spi.c ****       }
2429:Drivers/STM32F0xx_HAL_Driver/Src/stm32f0xx_hal_spi.c **** 
2430:Drivers/STM32F0xx_HAL_Driver/Src/stm32f0xx_hal_spi.c ****       /* Disable peripheral */
2431:Drivers/STM32F0xx_HAL_Driver/Src/stm32f0xx_hal_spi.c ****       __HAL_SPI_DISABLE(hspi);
2432:Drivers/STM32F0xx_HAL_Driver/Src/stm32f0xx_hal_spi.c **** 
2433:Drivers/STM32F0xx_HAL_Driver/Src/stm32f0xx_hal_spi.c ****       /* Control the BSY flag */
2434:Drivers/STM32F0xx_HAL_Driver/Src/stm32f0xx_hal_spi.c ****       if (SPI_WaitFlagStateUntilTimeout(hspi, SPI_FLAG_BSY, RESET, SPI_DEFAULT_TIMEOUT, HAL_GetTick
2435:Drivers/STM32F0xx_HAL_Driver/Src/stm32f0xx_hal_spi.c ****       {
2436:Drivers/STM32F0xx_HAL_Driver/Src/stm32f0xx_hal_spi.c ****         hspi->ErrorCode = HAL_SPI_ERROR_ABORT;
2437:Drivers/STM32F0xx_HAL_Driver/Src/stm32f0xx_hal_spi.c ****       }
2438:Drivers/STM32F0xx_HAL_Driver/Src/stm32f0xx_hal_spi.c **** 
2439:Drivers/STM32F0xx_HAL_Driver/Src/stm32f0xx_hal_spi.c ****       /* Empty the FRLVL fifo */
2440:Drivers/STM32F0xx_HAL_Driver/Src/stm32f0xx_hal_spi.c ****       if (SPI_WaitFifoStateUntilTimeout(hspi, SPI_FLAG_FRLVL, SPI_FRLVL_EMPTY, SPI_DEFAULT_TIMEOUT,
2441:Drivers/STM32F0xx_HAL_Driver/Src/stm32f0xx_hal_spi.c ****       {
2442:Drivers/STM32F0xx_HAL_Driver/Src/stm32f0xx_hal_spi.c ****         hspi->ErrorCode = HAL_SPI_ERROR_ABORT;
2443:Drivers/STM32F0xx_HAL_Driver/Src/stm32f0xx_hal_spi.c ****       }
2444:Drivers/STM32F0xx_HAL_Driver/Src/stm32f0xx_hal_spi.c **** 
2445:Drivers/STM32F0xx_HAL_Driver/Src/stm32f0xx_hal_spi.c ****       /* Disable Rx DMA Request */
2446:Drivers/STM32F0xx_HAL_Driver/Src/stm32f0xx_hal_spi.c ****       CLEAR_BIT(hspi->Instance->CR2, (SPI_CR2_RXDMAEN));
2447:Drivers/STM32F0xx_HAL_Driver/Src/stm32f0xx_hal_spi.c ****     }
2448:Drivers/STM32F0xx_HAL_Driver/Src/stm32f0xx_hal_spi.c ****   }
2449:Drivers/STM32F0xx_HAL_Driver/Src/stm32f0xx_hal_spi.c ****   /* Reset Tx and Rx transfer counters */
2450:Drivers/STM32F0xx_HAL_Driver/Src/stm32f0xx_hal_spi.c ****   hspi->RxXferCount = 0U;
2451:Drivers/STM32F0xx_HAL_Driver/Src/stm32f0xx_hal_spi.c ****   hspi->TxXferCount = 0U;
2452:Drivers/STM32F0xx_HAL_Driver/Src/stm32f0xx_hal_spi.c **** 
2453:Drivers/STM32F0xx_HAL_Driver/Src/stm32f0xx_hal_spi.c ****   /* Check error during Abort procedure */
2454:Drivers/STM32F0xx_HAL_Driver/Src/stm32f0xx_hal_spi.c ****   if (hspi->ErrorCode == HAL_SPI_ERROR_ABORT)
2455:Drivers/STM32F0xx_HAL_Driver/Src/stm32f0xx_hal_spi.c ****   {
2456:Drivers/STM32F0xx_HAL_Driver/Src/stm32f0xx_hal_spi.c ****     /* return HAL_Error in case of error during Abort procedure */
2457:Drivers/STM32F0xx_HAL_Driver/Src/stm32f0xx_hal_spi.c ****     errorcode = HAL_ERROR;
2458:Drivers/STM32F0xx_HAL_Driver/Src/stm32f0xx_hal_spi.c ****   }
2459:Drivers/STM32F0xx_HAL_Driver/Src/stm32f0xx_hal_spi.c ****   else
2460:Drivers/STM32F0xx_HAL_Driver/Src/stm32f0xx_hal_spi.c ****   {
2461:Drivers/STM32F0xx_HAL_Driver/Src/stm32f0xx_hal_spi.c ****     /* Reset errorCode */
2462:Drivers/STM32F0xx_HAL_Driver/Src/stm32f0xx_hal_spi.c ****     hspi->ErrorCode = HAL_SPI_ERROR_NONE;
2463:Drivers/STM32F0xx_HAL_Driver/Src/stm32f0xx_hal_spi.c ****   }
2464:Drivers/STM32F0xx_HAL_Driver/Src/stm32f0xx_hal_spi.c **** 
2465:Drivers/STM32F0xx_HAL_Driver/Src/stm32f0xx_hal_spi.c ****   /* Clear the Error flags in the SR register */
2466:Drivers/STM32F0xx_HAL_Driver/Src/stm32f0xx_hal_spi.c ****   __HAL_SPI_CLEAR_OVRFLAG(hspi);
2467:Drivers/STM32F0xx_HAL_Driver/Src/stm32f0xx_hal_spi.c ****   __HAL_SPI_CLEAR_FREFLAG(hspi);
2468:Drivers/STM32F0xx_HAL_Driver/Src/stm32f0xx_hal_spi.c **** 
2469:Drivers/STM32F0xx_HAL_Driver/Src/stm32f0xx_hal_spi.c ****   /* Restore hspi->state to ready */
2470:Drivers/STM32F0xx_HAL_Driver/Src/stm32f0xx_hal_spi.c ****   hspi->State = HAL_SPI_STATE_READY;
2471:Drivers/STM32F0xx_HAL_Driver/Src/stm32f0xx_hal_spi.c **** 
2472:Drivers/STM32F0xx_HAL_Driver/Src/stm32f0xx_hal_spi.c ****   return errorcode;
2473:Drivers/STM32F0xx_HAL_Driver/Src/stm32f0xx_hal_spi.c **** }
2474:Drivers/STM32F0xx_HAL_Driver/Src/stm32f0xx_hal_spi.c **** 
2475:Drivers/STM32F0xx_HAL_Driver/Src/stm32f0xx_hal_spi.c **** /**
2476:Drivers/STM32F0xx_HAL_Driver/Src/stm32f0xx_hal_spi.c ****   * @brief  Abort ongoing transfer (Interrupt mode).
2477:Drivers/STM32F0xx_HAL_Driver/Src/stm32f0xx_hal_spi.c ****   * @param  hspi SPI handle.
2478:Drivers/STM32F0xx_HAL_Driver/Src/stm32f0xx_hal_spi.c ****   * @note   This procedure could be used for aborting any ongoing transfer (Tx and Rx),
2479:Drivers/STM32F0xx_HAL_Driver/Src/stm32f0xx_hal_spi.c ****   *         started in Interrupt or DMA mode.
2480:Drivers/STM32F0xx_HAL_Driver/Src/stm32f0xx_hal_spi.c ****   *         This procedure performs following operations :
2481:Drivers/STM32F0xx_HAL_Driver/Src/stm32f0xx_hal_spi.c ****   *           - Disable SPI Interrupts (depending of transfer direction)
2482:Drivers/STM32F0xx_HAL_Driver/Src/stm32f0xx_hal_spi.c ****   *           - Disable the DMA transfer in the peripheral register (if enabled)
2483:Drivers/STM32F0xx_HAL_Driver/Src/stm32f0xx_hal_spi.c ****   *           - Abort DMA transfer by calling HAL_DMA_Abort_IT (in case of transfer in DMA mode)
ARM GAS  C:\Users\ADMINI~1\AppData\Local\Temp\ccrv5aWF.s 			page 45


2484:Drivers/STM32F0xx_HAL_Driver/Src/stm32f0xx_hal_spi.c ****   *           - Set handle State to READY
2485:Drivers/STM32F0xx_HAL_Driver/Src/stm32f0xx_hal_spi.c ****   *           - At abort completion, call user abort complete callback
2486:Drivers/STM32F0xx_HAL_Driver/Src/stm32f0xx_hal_spi.c ****   * @note   This procedure is executed in Interrupt mode, meaning that abort procedure could be
2487:Drivers/STM32F0xx_HAL_Driver/Src/stm32f0xx_hal_spi.c ****   *         considered as completed only when user abort complete callback is executed (not when ex
2488:Drivers/STM32F0xx_HAL_Driver/Src/stm32f0xx_hal_spi.c ****   * @retval HAL status
2489:Drivers/STM32F0xx_HAL_Driver/Src/stm32f0xx_hal_spi.c ****   */
2490:Drivers/STM32F0xx_HAL_Driver/Src/stm32f0xx_hal_spi.c **** HAL_StatusTypeDef HAL_SPI_Abort_IT(SPI_HandleTypeDef *hspi)
2491:Drivers/STM32F0xx_HAL_Driver/Src/stm32f0xx_hal_spi.c **** {
2492:Drivers/STM32F0xx_HAL_Driver/Src/stm32f0xx_hal_spi.c ****   HAL_StatusTypeDef errorcode;
2493:Drivers/STM32F0xx_HAL_Driver/Src/stm32f0xx_hal_spi.c ****   uint32_t abortcplt ;
2494:Drivers/STM32F0xx_HAL_Driver/Src/stm32f0xx_hal_spi.c ****   __IO uint32_t count;
2495:Drivers/STM32F0xx_HAL_Driver/Src/stm32f0xx_hal_spi.c ****   __IO uint32_t resetcount;
2496:Drivers/STM32F0xx_HAL_Driver/Src/stm32f0xx_hal_spi.c **** 
2497:Drivers/STM32F0xx_HAL_Driver/Src/stm32f0xx_hal_spi.c ****   /* Initialized local variable  */
2498:Drivers/STM32F0xx_HAL_Driver/Src/stm32f0xx_hal_spi.c ****   errorcode = HAL_OK;
2499:Drivers/STM32F0xx_HAL_Driver/Src/stm32f0xx_hal_spi.c ****   abortcplt = 1U;
2500:Drivers/STM32F0xx_HAL_Driver/Src/stm32f0xx_hal_spi.c ****   resetcount = SPI_DEFAULT_TIMEOUT * (SystemCoreClock / 24U / 1000U);
2501:Drivers/STM32F0xx_HAL_Driver/Src/stm32f0xx_hal_spi.c ****   count = resetcount;
2502:Drivers/STM32F0xx_HAL_Driver/Src/stm32f0xx_hal_spi.c **** 
2503:Drivers/STM32F0xx_HAL_Driver/Src/stm32f0xx_hal_spi.c ****   /* Clear ERRIE interrupt to avoid error interrupts generation during Abort procedure */
2504:Drivers/STM32F0xx_HAL_Driver/Src/stm32f0xx_hal_spi.c ****   CLEAR_BIT(hspi->Instance->CR2, SPI_CR2_ERRIE);
2505:Drivers/STM32F0xx_HAL_Driver/Src/stm32f0xx_hal_spi.c **** 
2506:Drivers/STM32F0xx_HAL_Driver/Src/stm32f0xx_hal_spi.c ****   /* Change Rx and Tx Irq Handler to Disable TXEIE, RXNEIE and ERRIE interrupts */
2507:Drivers/STM32F0xx_HAL_Driver/Src/stm32f0xx_hal_spi.c ****   if (HAL_IS_BIT_SET(hspi->Instance->CR2, SPI_CR2_TXEIE))
2508:Drivers/STM32F0xx_HAL_Driver/Src/stm32f0xx_hal_spi.c ****   {
2509:Drivers/STM32F0xx_HAL_Driver/Src/stm32f0xx_hal_spi.c ****     hspi->TxISR = SPI_AbortTx_ISR;
2510:Drivers/STM32F0xx_HAL_Driver/Src/stm32f0xx_hal_spi.c ****     /* Wait HAL_SPI_STATE_ABORT state */
2511:Drivers/STM32F0xx_HAL_Driver/Src/stm32f0xx_hal_spi.c ****     do
2512:Drivers/STM32F0xx_HAL_Driver/Src/stm32f0xx_hal_spi.c ****     {
2513:Drivers/STM32F0xx_HAL_Driver/Src/stm32f0xx_hal_spi.c ****       if (count == 0U)
2514:Drivers/STM32F0xx_HAL_Driver/Src/stm32f0xx_hal_spi.c ****       {
2515:Drivers/STM32F0xx_HAL_Driver/Src/stm32f0xx_hal_spi.c ****         SET_BIT(hspi->ErrorCode, HAL_SPI_ERROR_ABORT);
2516:Drivers/STM32F0xx_HAL_Driver/Src/stm32f0xx_hal_spi.c ****         break;
2517:Drivers/STM32F0xx_HAL_Driver/Src/stm32f0xx_hal_spi.c ****       }
2518:Drivers/STM32F0xx_HAL_Driver/Src/stm32f0xx_hal_spi.c ****       count--;
2519:Drivers/STM32F0xx_HAL_Driver/Src/stm32f0xx_hal_spi.c ****     } while (hspi->State != HAL_SPI_STATE_ABORT);
2520:Drivers/STM32F0xx_HAL_Driver/Src/stm32f0xx_hal_spi.c ****     /* Reset Timeout Counter */
2521:Drivers/STM32F0xx_HAL_Driver/Src/stm32f0xx_hal_spi.c ****     count = resetcount;
2522:Drivers/STM32F0xx_HAL_Driver/Src/stm32f0xx_hal_spi.c ****   }
2523:Drivers/STM32F0xx_HAL_Driver/Src/stm32f0xx_hal_spi.c **** 
2524:Drivers/STM32F0xx_HAL_Driver/Src/stm32f0xx_hal_spi.c ****   if (HAL_IS_BIT_SET(hspi->Instance->CR2, SPI_CR2_RXNEIE))
2525:Drivers/STM32F0xx_HAL_Driver/Src/stm32f0xx_hal_spi.c ****   {
2526:Drivers/STM32F0xx_HAL_Driver/Src/stm32f0xx_hal_spi.c ****     hspi->RxISR = SPI_AbortRx_ISR;
2527:Drivers/STM32F0xx_HAL_Driver/Src/stm32f0xx_hal_spi.c ****     /* Wait HAL_SPI_STATE_ABORT state */
2528:Drivers/STM32F0xx_HAL_Driver/Src/stm32f0xx_hal_spi.c ****     do
2529:Drivers/STM32F0xx_HAL_Driver/Src/stm32f0xx_hal_spi.c ****     {
2530:Drivers/STM32F0xx_HAL_Driver/Src/stm32f0xx_hal_spi.c ****       if (count == 0U)
2531:Drivers/STM32F0xx_HAL_Driver/Src/stm32f0xx_hal_spi.c ****       {
2532:Drivers/STM32F0xx_HAL_Driver/Src/stm32f0xx_hal_spi.c ****         SET_BIT(hspi->ErrorCode, HAL_SPI_ERROR_ABORT);
2533:Drivers/STM32F0xx_HAL_Driver/Src/stm32f0xx_hal_spi.c ****         break;
2534:Drivers/STM32F0xx_HAL_Driver/Src/stm32f0xx_hal_spi.c ****       }
2535:Drivers/STM32F0xx_HAL_Driver/Src/stm32f0xx_hal_spi.c ****       count--;
2536:Drivers/STM32F0xx_HAL_Driver/Src/stm32f0xx_hal_spi.c ****     } while (hspi->State != HAL_SPI_STATE_ABORT);
2537:Drivers/STM32F0xx_HAL_Driver/Src/stm32f0xx_hal_spi.c ****     /* Reset Timeout Counter */
2538:Drivers/STM32F0xx_HAL_Driver/Src/stm32f0xx_hal_spi.c ****     count = resetcount;
2539:Drivers/STM32F0xx_HAL_Driver/Src/stm32f0xx_hal_spi.c ****   }
2540:Drivers/STM32F0xx_HAL_Driver/Src/stm32f0xx_hal_spi.c **** 
ARM GAS  C:\Users\ADMINI~1\AppData\Local\Temp\ccrv5aWF.s 			page 46


2541:Drivers/STM32F0xx_HAL_Driver/Src/stm32f0xx_hal_spi.c ****   /* If DMA Tx and/or DMA Rx Handles are associated to SPI Handle, DMA Abort complete callbacks sho
2542:Drivers/STM32F0xx_HAL_Driver/Src/stm32f0xx_hal_spi.c ****      before any call to DMA Abort functions */
2543:Drivers/STM32F0xx_HAL_Driver/Src/stm32f0xx_hal_spi.c ****   /* DMA Tx Handle is valid */
2544:Drivers/STM32F0xx_HAL_Driver/Src/stm32f0xx_hal_spi.c ****   if (hspi->hdmatx != NULL)
2545:Drivers/STM32F0xx_HAL_Driver/Src/stm32f0xx_hal_spi.c ****   {
2546:Drivers/STM32F0xx_HAL_Driver/Src/stm32f0xx_hal_spi.c ****     /* Set DMA Abort Complete callback if UART DMA Tx request if enabled.
2547:Drivers/STM32F0xx_HAL_Driver/Src/stm32f0xx_hal_spi.c ****        Otherwise, set it to NULL */
2548:Drivers/STM32F0xx_HAL_Driver/Src/stm32f0xx_hal_spi.c ****     if (HAL_IS_BIT_SET(hspi->Instance->CR2, SPI_CR2_TXDMAEN))
2549:Drivers/STM32F0xx_HAL_Driver/Src/stm32f0xx_hal_spi.c ****     {
2550:Drivers/STM32F0xx_HAL_Driver/Src/stm32f0xx_hal_spi.c ****       hspi->hdmatx->XferAbortCallback = SPI_DMATxAbortCallback;
2551:Drivers/STM32F0xx_HAL_Driver/Src/stm32f0xx_hal_spi.c ****     }
2552:Drivers/STM32F0xx_HAL_Driver/Src/stm32f0xx_hal_spi.c ****     else
2553:Drivers/STM32F0xx_HAL_Driver/Src/stm32f0xx_hal_spi.c ****     {
2554:Drivers/STM32F0xx_HAL_Driver/Src/stm32f0xx_hal_spi.c ****       hspi->hdmatx->XferAbortCallback = NULL;
2555:Drivers/STM32F0xx_HAL_Driver/Src/stm32f0xx_hal_spi.c ****     }
2556:Drivers/STM32F0xx_HAL_Driver/Src/stm32f0xx_hal_spi.c ****   }
2557:Drivers/STM32F0xx_HAL_Driver/Src/stm32f0xx_hal_spi.c ****   /* DMA Rx Handle is valid */
2558:Drivers/STM32F0xx_HAL_Driver/Src/stm32f0xx_hal_spi.c ****   if (hspi->hdmarx != NULL)
2559:Drivers/STM32F0xx_HAL_Driver/Src/stm32f0xx_hal_spi.c ****   {
2560:Drivers/STM32F0xx_HAL_Driver/Src/stm32f0xx_hal_spi.c ****     /* Set DMA Abort Complete callback if UART DMA Rx request if enabled.
2561:Drivers/STM32F0xx_HAL_Driver/Src/stm32f0xx_hal_spi.c ****        Otherwise, set it to NULL */
2562:Drivers/STM32F0xx_HAL_Driver/Src/stm32f0xx_hal_spi.c ****     if (HAL_IS_BIT_SET(hspi->Instance->CR2, SPI_CR2_RXDMAEN))
2563:Drivers/STM32F0xx_HAL_Driver/Src/stm32f0xx_hal_spi.c ****     {
2564:Drivers/STM32F0xx_HAL_Driver/Src/stm32f0xx_hal_spi.c ****       hspi->hdmarx->XferAbortCallback = SPI_DMARxAbortCallback;
2565:Drivers/STM32F0xx_HAL_Driver/Src/stm32f0xx_hal_spi.c ****     }
2566:Drivers/STM32F0xx_HAL_Driver/Src/stm32f0xx_hal_spi.c ****     else
2567:Drivers/STM32F0xx_HAL_Driver/Src/stm32f0xx_hal_spi.c ****     {
2568:Drivers/STM32F0xx_HAL_Driver/Src/stm32f0xx_hal_spi.c ****       hspi->hdmarx->XferAbortCallback = NULL;
2569:Drivers/STM32F0xx_HAL_Driver/Src/stm32f0xx_hal_spi.c ****     }
2570:Drivers/STM32F0xx_HAL_Driver/Src/stm32f0xx_hal_spi.c ****   }
2571:Drivers/STM32F0xx_HAL_Driver/Src/stm32f0xx_hal_spi.c **** 
2572:Drivers/STM32F0xx_HAL_Driver/Src/stm32f0xx_hal_spi.c ****   /* Disable the SPI DMA Tx request if enabled */
2573:Drivers/STM32F0xx_HAL_Driver/Src/stm32f0xx_hal_spi.c ****   if (HAL_IS_BIT_SET(hspi->Instance->CR2, SPI_CR2_TXDMAEN))
2574:Drivers/STM32F0xx_HAL_Driver/Src/stm32f0xx_hal_spi.c ****   {
2575:Drivers/STM32F0xx_HAL_Driver/Src/stm32f0xx_hal_spi.c ****     /* Abort the SPI DMA Tx Stream/Channel */
2576:Drivers/STM32F0xx_HAL_Driver/Src/stm32f0xx_hal_spi.c ****     if (hspi->hdmatx != NULL)
2577:Drivers/STM32F0xx_HAL_Driver/Src/stm32f0xx_hal_spi.c ****     {
2578:Drivers/STM32F0xx_HAL_Driver/Src/stm32f0xx_hal_spi.c ****       /* Abort DMA Tx Handle linked to SPI Peripheral */
2579:Drivers/STM32F0xx_HAL_Driver/Src/stm32f0xx_hal_spi.c ****       if (HAL_DMA_Abort_IT(hspi->hdmatx) != HAL_OK)
2580:Drivers/STM32F0xx_HAL_Driver/Src/stm32f0xx_hal_spi.c ****       {
2581:Drivers/STM32F0xx_HAL_Driver/Src/stm32f0xx_hal_spi.c ****         hspi->hdmatx->XferAbortCallback = NULL;
2582:Drivers/STM32F0xx_HAL_Driver/Src/stm32f0xx_hal_spi.c ****         hspi->ErrorCode = HAL_SPI_ERROR_ABORT;
2583:Drivers/STM32F0xx_HAL_Driver/Src/stm32f0xx_hal_spi.c ****       }
2584:Drivers/STM32F0xx_HAL_Driver/Src/stm32f0xx_hal_spi.c ****       else
2585:Drivers/STM32F0xx_HAL_Driver/Src/stm32f0xx_hal_spi.c ****       {
2586:Drivers/STM32F0xx_HAL_Driver/Src/stm32f0xx_hal_spi.c ****         abortcplt = 0U;
2587:Drivers/STM32F0xx_HAL_Driver/Src/stm32f0xx_hal_spi.c ****       }
2588:Drivers/STM32F0xx_HAL_Driver/Src/stm32f0xx_hal_spi.c ****     }
2589:Drivers/STM32F0xx_HAL_Driver/Src/stm32f0xx_hal_spi.c ****   }
2590:Drivers/STM32F0xx_HAL_Driver/Src/stm32f0xx_hal_spi.c ****   /* Disable the SPI DMA Rx request if enabled */
2591:Drivers/STM32F0xx_HAL_Driver/Src/stm32f0xx_hal_spi.c ****   if (HAL_IS_BIT_SET(hspi->Instance->CR2, SPI_CR2_RXDMAEN))
2592:Drivers/STM32F0xx_HAL_Driver/Src/stm32f0xx_hal_spi.c ****   {
2593:Drivers/STM32F0xx_HAL_Driver/Src/stm32f0xx_hal_spi.c ****     /* Abort the SPI DMA Rx Stream/Channel */
2594:Drivers/STM32F0xx_HAL_Driver/Src/stm32f0xx_hal_spi.c ****     if (hspi->hdmarx != NULL)
2595:Drivers/STM32F0xx_HAL_Driver/Src/stm32f0xx_hal_spi.c ****     {
2596:Drivers/STM32F0xx_HAL_Driver/Src/stm32f0xx_hal_spi.c ****       /* Abort DMA Rx Handle linked to SPI Peripheral */
2597:Drivers/STM32F0xx_HAL_Driver/Src/stm32f0xx_hal_spi.c ****       if (HAL_DMA_Abort_IT(hspi->hdmarx) !=  HAL_OK)
ARM GAS  C:\Users\ADMINI~1\AppData\Local\Temp\ccrv5aWF.s 			page 47


2598:Drivers/STM32F0xx_HAL_Driver/Src/stm32f0xx_hal_spi.c ****       {
2599:Drivers/STM32F0xx_HAL_Driver/Src/stm32f0xx_hal_spi.c ****         hspi->hdmarx->XferAbortCallback = NULL;
2600:Drivers/STM32F0xx_HAL_Driver/Src/stm32f0xx_hal_spi.c ****         hspi->ErrorCode = HAL_SPI_ERROR_ABORT;
2601:Drivers/STM32F0xx_HAL_Driver/Src/stm32f0xx_hal_spi.c ****       }
2602:Drivers/STM32F0xx_HAL_Driver/Src/stm32f0xx_hal_spi.c ****       else
2603:Drivers/STM32F0xx_HAL_Driver/Src/stm32f0xx_hal_spi.c ****       {
2604:Drivers/STM32F0xx_HAL_Driver/Src/stm32f0xx_hal_spi.c ****         abortcplt = 0U;
2605:Drivers/STM32F0xx_HAL_Driver/Src/stm32f0xx_hal_spi.c ****       }
2606:Drivers/STM32F0xx_HAL_Driver/Src/stm32f0xx_hal_spi.c ****     }
2607:Drivers/STM32F0xx_HAL_Driver/Src/stm32f0xx_hal_spi.c ****   }
2608:Drivers/STM32F0xx_HAL_Driver/Src/stm32f0xx_hal_spi.c **** 
2609:Drivers/STM32F0xx_HAL_Driver/Src/stm32f0xx_hal_spi.c ****   if (abortcplt == 1U)
2610:Drivers/STM32F0xx_HAL_Driver/Src/stm32f0xx_hal_spi.c ****   {
2611:Drivers/STM32F0xx_HAL_Driver/Src/stm32f0xx_hal_spi.c ****     /* Reset Tx and Rx transfer counters */
2612:Drivers/STM32F0xx_HAL_Driver/Src/stm32f0xx_hal_spi.c ****     hspi->RxXferCount = 0U;
2613:Drivers/STM32F0xx_HAL_Driver/Src/stm32f0xx_hal_spi.c ****     hspi->TxXferCount = 0U;
2614:Drivers/STM32F0xx_HAL_Driver/Src/stm32f0xx_hal_spi.c **** 
2615:Drivers/STM32F0xx_HAL_Driver/Src/stm32f0xx_hal_spi.c ****     /* Check error during Abort procedure */
2616:Drivers/STM32F0xx_HAL_Driver/Src/stm32f0xx_hal_spi.c ****     if (hspi->ErrorCode == HAL_SPI_ERROR_ABORT)
2617:Drivers/STM32F0xx_HAL_Driver/Src/stm32f0xx_hal_spi.c ****     {
2618:Drivers/STM32F0xx_HAL_Driver/Src/stm32f0xx_hal_spi.c ****       /* return HAL_Error in case of error during Abort procedure */
2619:Drivers/STM32F0xx_HAL_Driver/Src/stm32f0xx_hal_spi.c ****       errorcode = HAL_ERROR;
2620:Drivers/STM32F0xx_HAL_Driver/Src/stm32f0xx_hal_spi.c ****     }
2621:Drivers/STM32F0xx_HAL_Driver/Src/stm32f0xx_hal_spi.c ****     else
2622:Drivers/STM32F0xx_HAL_Driver/Src/stm32f0xx_hal_spi.c ****     {
2623:Drivers/STM32F0xx_HAL_Driver/Src/stm32f0xx_hal_spi.c ****       /* Reset errorCode */
2624:Drivers/STM32F0xx_HAL_Driver/Src/stm32f0xx_hal_spi.c ****       hspi->ErrorCode = HAL_SPI_ERROR_NONE;
2625:Drivers/STM32F0xx_HAL_Driver/Src/stm32f0xx_hal_spi.c ****     }
2626:Drivers/STM32F0xx_HAL_Driver/Src/stm32f0xx_hal_spi.c **** 
2627:Drivers/STM32F0xx_HAL_Driver/Src/stm32f0xx_hal_spi.c ****     /* Clear the Error flags in the SR register */
2628:Drivers/STM32F0xx_HAL_Driver/Src/stm32f0xx_hal_spi.c ****     __HAL_SPI_CLEAR_OVRFLAG(hspi);
2629:Drivers/STM32F0xx_HAL_Driver/Src/stm32f0xx_hal_spi.c ****     __HAL_SPI_CLEAR_FREFLAG(hspi);
2630:Drivers/STM32F0xx_HAL_Driver/Src/stm32f0xx_hal_spi.c **** 
2631:Drivers/STM32F0xx_HAL_Driver/Src/stm32f0xx_hal_spi.c ****     /* Restore hspi->State to Ready */
2632:Drivers/STM32F0xx_HAL_Driver/Src/stm32f0xx_hal_spi.c ****     hspi->State = HAL_SPI_STATE_READY;
2633:Drivers/STM32F0xx_HAL_Driver/Src/stm32f0xx_hal_spi.c **** 
2634:Drivers/STM32F0xx_HAL_Driver/Src/stm32f0xx_hal_spi.c ****     /* As no DMA to be aborted, call directly user Abort complete callback */
2635:Drivers/STM32F0xx_HAL_Driver/Src/stm32f0xx_hal_spi.c **** #if (USE_HAL_SPI_REGISTER_CALLBACKS == 1U)
2636:Drivers/STM32F0xx_HAL_Driver/Src/stm32f0xx_hal_spi.c ****     hspi->AbortCpltCallback(hspi);
2637:Drivers/STM32F0xx_HAL_Driver/Src/stm32f0xx_hal_spi.c **** #else
2638:Drivers/STM32F0xx_HAL_Driver/Src/stm32f0xx_hal_spi.c ****     HAL_SPI_AbortCpltCallback(hspi);
2639:Drivers/STM32F0xx_HAL_Driver/Src/stm32f0xx_hal_spi.c **** #endif /* USE_HAL_SPI_REGISTER_CALLBACKS */
2640:Drivers/STM32F0xx_HAL_Driver/Src/stm32f0xx_hal_spi.c ****   }
2641:Drivers/STM32F0xx_HAL_Driver/Src/stm32f0xx_hal_spi.c **** 
2642:Drivers/STM32F0xx_HAL_Driver/Src/stm32f0xx_hal_spi.c ****   return errorcode;
2643:Drivers/STM32F0xx_HAL_Driver/Src/stm32f0xx_hal_spi.c **** }
2644:Drivers/STM32F0xx_HAL_Driver/Src/stm32f0xx_hal_spi.c **** 
2645:Drivers/STM32F0xx_HAL_Driver/Src/stm32f0xx_hal_spi.c **** /**
2646:Drivers/STM32F0xx_HAL_Driver/Src/stm32f0xx_hal_spi.c ****   * @brief  Pause the DMA Transfer.
2647:Drivers/STM32F0xx_HAL_Driver/Src/stm32f0xx_hal_spi.c ****   * @param  hspi pointer to a SPI_HandleTypeDef structure that contains
2648:Drivers/STM32F0xx_HAL_Driver/Src/stm32f0xx_hal_spi.c ****   *               the configuration information for the specified SPI module.
2649:Drivers/STM32F0xx_HAL_Driver/Src/stm32f0xx_hal_spi.c ****   * @retval HAL status
2650:Drivers/STM32F0xx_HAL_Driver/Src/stm32f0xx_hal_spi.c ****   */
2651:Drivers/STM32F0xx_HAL_Driver/Src/stm32f0xx_hal_spi.c **** HAL_StatusTypeDef HAL_SPI_DMAPause(SPI_HandleTypeDef *hspi)
2652:Drivers/STM32F0xx_HAL_Driver/Src/stm32f0xx_hal_spi.c **** {
2653:Drivers/STM32F0xx_HAL_Driver/Src/stm32f0xx_hal_spi.c ****   /* Process Locked */
2654:Drivers/STM32F0xx_HAL_Driver/Src/stm32f0xx_hal_spi.c ****   __HAL_LOCK(hspi);
ARM GAS  C:\Users\ADMINI~1\AppData\Local\Temp\ccrv5aWF.s 			page 48


2655:Drivers/STM32F0xx_HAL_Driver/Src/stm32f0xx_hal_spi.c **** 
2656:Drivers/STM32F0xx_HAL_Driver/Src/stm32f0xx_hal_spi.c ****   /* Disable the SPI DMA Tx & Rx requests */
2657:Drivers/STM32F0xx_HAL_Driver/Src/stm32f0xx_hal_spi.c ****   CLEAR_BIT(hspi->Instance->CR2, SPI_CR2_TXDMAEN | SPI_CR2_RXDMAEN);
2658:Drivers/STM32F0xx_HAL_Driver/Src/stm32f0xx_hal_spi.c **** 
2659:Drivers/STM32F0xx_HAL_Driver/Src/stm32f0xx_hal_spi.c ****   /* Process Unlocked */
2660:Drivers/STM32F0xx_HAL_Driver/Src/stm32f0xx_hal_spi.c ****   __HAL_UNLOCK(hspi);
2661:Drivers/STM32F0xx_HAL_Driver/Src/stm32f0xx_hal_spi.c **** 
2662:Drivers/STM32F0xx_HAL_Driver/Src/stm32f0xx_hal_spi.c ****   return HAL_OK;
2663:Drivers/STM32F0xx_HAL_Driver/Src/stm32f0xx_hal_spi.c **** }
2664:Drivers/STM32F0xx_HAL_Driver/Src/stm32f0xx_hal_spi.c **** 
2665:Drivers/STM32F0xx_HAL_Driver/Src/stm32f0xx_hal_spi.c **** /**
2666:Drivers/STM32F0xx_HAL_Driver/Src/stm32f0xx_hal_spi.c ****   * @brief  Resume the DMA Transfer.
2667:Drivers/STM32F0xx_HAL_Driver/Src/stm32f0xx_hal_spi.c ****   * @param  hspi pointer to a SPI_HandleTypeDef structure that contains
2668:Drivers/STM32F0xx_HAL_Driver/Src/stm32f0xx_hal_spi.c ****   *               the configuration information for the specified SPI module.
2669:Drivers/STM32F0xx_HAL_Driver/Src/stm32f0xx_hal_spi.c ****   * @retval HAL status
2670:Drivers/STM32F0xx_HAL_Driver/Src/stm32f0xx_hal_spi.c ****   */
2671:Drivers/STM32F0xx_HAL_Driver/Src/stm32f0xx_hal_spi.c **** HAL_StatusTypeDef HAL_SPI_DMAResume(SPI_HandleTypeDef *hspi)
2672:Drivers/STM32F0xx_HAL_Driver/Src/stm32f0xx_hal_spi.c **** {
2673:Drivers/STM32F0xx_HAL_Driver/Src/stm32f0xx_hal_spi.c ****   /* Process Locked */
2674:Drivers/STM32F0xx_HAL_Driver/Src/stm32f0xx_hal_spi.c ****   __HAL_LOCK(hspi);
2675:Drivers/STM32F0xx_HAL_Driver/Src/stm32f0xx_hal_spi.c **** 
2676:Drivers/STM32F0xx_HAL_Driver/Src/stm32f0xx_hal_spi.c ****   /* Enable the SPI DMA Tx & Rx requests */
2677:Drivers/STM32F0xx_HAL_Driver/Src/stm32f0xx_hal_spi.c ****   SET_BIT(hspi->Instance->CR2, SPI_CR2_TXDMAEN | SPI_CR2_RXDMAEN);
2678:Drivers/STM32F0xx_HAL_Driver/Src/stm32f0xx_hal_spi.c **** 
2679:Drivers/STM32F0xx_HAL_Driver/Src/stm32f0xx_hal_spi.c ****   /* Process Unlocked */
2680:Drivers/STM32F0xx_HAL_Driver/Src/stm32f0xx_hal_spi.c ****   __HAL_UNLOCK(hspi);
2681:Drivers/STM32F0xx_HAL_Driver/Src/stm32f0xx_hal_spi.c **** 
2682:Drivers/STM32F0xx_HAL_Driver/Src/stm32f0xx_hal_spi.c ****   return HAL_OK;
2683:Drivers/STM32F0xx_HAL_Driver/Src/stm32f0xx_hal_spi.c **** }
2684:Drivers/STM32F0xx_HAL_Driver/Src/stm32f0xx_hal_spi.c **** 
2685:Drivers/STM32F0xx_HAL_Driver/Src/stm32f0xx_hal_spi.c **** /**
2686:Drivers/STM32F0xx_HAL_Driver/Src/stm32f0xx_hal_spi.c ****   * @brief  Stop the DMA Transfer.
2687:Drivers/STM32F0xx_HAL_Driver/Src/stm32f0xx_hal_spi.c ****   * @param  hspi pointer to a SPI_HandleTypeDef structure that contains
2688:Drivers/STM32F0xx_HAL_Driver/Src/stm32f0xx_hal_spi.c ****   *               the configuration information for the specified SPI module.
2689:Drivers/STM32F0xx_HAL_Driver/Src/stm32f0xx_hal_spi.c ****   * @retval HAL status
2690:Drivers/STM32F0xx_HAL_Driver/Src/stm32f0xx_hal_spi.c ****   */
2691:Drivers/STM32F0xx_HAL_Driver/Src/stm32f0xx_hal_spi.c **** HAL_StatusTypeDef HAL_SPI_DMAStop(SPI_HandleTypeDef *hspi)
2692:Drivers/STM32F0xx_HAL_Driver/Src/stm32f0xx_hal_spi.c **** {
2693:Drivers/STM32F0xx_HAL_Driver/Src/stm32f0xx_hal_spi.c ****   HAL_StatusTypeDef errorcode = HAL_OK;
2694:Drivers/STM32F0xx_HAL_Driver/Src/stm32f0xx_hal_spi.c ****   /* The Lock is not implemented on this API to allow the user application
2695:Drivers/STM32F0xx_HAL_Driver/Src/stm32f0xx_hal_spi.c ****      to call the HAL SPI API under callbacks HAL_SPI_TxCpltCallback() or HAL_SPI_RxCpltCallback() o
2696:Drivers/STM32F0xx_HAL_Driver/Src/stm32f0xx_hal_spi.c ****      when calling HAL_DMA_Abort() API the DMA TX/RX Transfer complete interrupt is generated
2697:Drivers/STM32F0xx_HAL_Driver/Src/stm32f0xx_hal_spi.c ****      and the correspond call back is executed HAL_SPI_TxCpltCallback() or HAL_SPI_RxCpltCallback() 
2698:Drivers/STM32F0xx_HAL_Driver/Src/stm32f0xx_hal_spi.c ****      */
2699:Drivers/STM32F0xx_HAL_Driver/Src/stm32f0xx_hal_spi.c **** 
2700:Drivers/STM32F0xx_HAL_Driver/Src/stm32f0xx_hal_spi.c ****   /* Abort the SPI DMA tx Stream/Channel  */
2701:Drivers/STM32F0xx_HAL_Driver/Src/stm32f0xx_hal_spi.c ****   if (hspi->hdmatx != NULL)
2702:Drivers/STM32F0xx_HAL_Driver/Src/stm32f0xx_hal_spi.c ****   {
2703:Drivers/STM32F0xx_HAL_Driver/Src/stm32f0xx_hal_spi.c ****     if (HAL_OK != HAL_DMA_Abort(hspi->hdmatx))
2704:Drivers/STM32F0xx_HAL_Driver/Src/stm32f0xx_hal_spi.c ****     {
2705:Drivers/STM32F0xx_HAL_Driver/Src/stm32f0xx_hal_spi.c ****       SET_BIT(hspi->ErrorCode, HAL_SPI_ERROR_DMA);
2706:Drivers/STM32F0xx_HAL_Driver/Src/stm32f0xx_hal_spi.c ****       errorcode = HAL_ERROR;
2707:Drivers/STM32F0xx_HAL_Driver/Src/stm32f0xx_hal_spi.c ****     }
2708:Drivers/STM32F0xx_HAL_Driver/Src/stm32f0xx_hal_spi.c ****   }
2709:Drivers/STM32F0xx_HAL_Driver/Src/stm32f0xx_hal_spi.c ****   /* Abort the SPI DMA rx Stream/Channel  */
2710:Drivers/STM32F0xx_HAL_Driver/Src/stm32f0xx_hal_spi.c ****   if (hspi->hdmarx != NULL)
2711:Drivers/STM32F0xx_HAL_Driver/Src/stm32f0xx_hal_spi.c ****   {
ARM GAS  C:\Users\ADMINI~1\AppData\Local\Temp\ccrv5aWF.s 			page 49


2712:Drivers/STM32F0xx_HAL_Driver/Src/stm32f0xx_hal_spi.c ****     if (HAL_OK != HAL_DMA_Abort(hspi->hdmarx))
2713:Drivers/STM32F0xx_HAL_Driver/Src/stm32f0xx_hal_spi.c ****     {
2714:Drivers/STM32F0xx_HAL_Driver/Src/stm32f0xx_hal_spi.c ****       SET_BIT(hspi->ErrorCode, HAL_SPI_ERROR_DMA);
2715:Drivers/STM32F0xx_HAL_Driver/Src/stm32f0xx_hal_spi.c ****       errorcode = HAL_ERROR;
2716:Drivers/STM32F0xx_HAL_Driver/Src/stm32f0xx_hal_spi.c ****     }
2717:Drivers/STM32F0xx_HAL_Driver/Src/stm32f0xx_hal_spi.c ****   }
2718:Drivers/STM32F0xx_HAL_Driver/Src/stm32f0xx_hal_spi.c **** 
2719:Drivers/STM32F0xx_HAL_Driver/Src/stm32f0xx_hal_spi.c ****   /* Disable the SPI DMA Tx & Rx requests */
2720:Drivers/STM32F0xx_HAL_Driver/Src/stm32f0xx_hal_spi.c ****   CLEAR_BIT(hspi->Instance->CR2, SPI_CR2_TXDMAEN | SPI_CR2_RXDMAEN);
2721:Drivers/STM32F0xx_HAL_Driver/Src/stm32f0xx_hal_spi.c ****   hspi->State = HAL_SPI_STATE_READY;
2722:Drivers/STM32F0xx_HAL_Driver/Src/stm32f0xx_hal_spi.c ****   return errorcode;
2723:Drivers/STM32F0xx_HAL_Driver/Src/stm32f0xx_hal_spi.c **** }
2724:Drivers/STM32F0xx_HAL_Driver/Src/stm32f0xx_hal_spi.c **** 
2725:Drivers/STM32F0xx_HAL_Driver/Src/stm32f0xx_hal_spi.c **** /**
2726:Drivers/STM32F0xx_HAL_Driver/Src/stm32f0xx_hal_spi.c ****   * @brief  Handle SPI interrupt request.
2727:Drivers/STM32F0xx_HAL_Driver/Src/stm32f0xx_hal_spi.c ****   * @param  hspi pointer to a SPI_HandleTypeDef structure that contains
2728:Drivers/STM32F0xx_HAL_Driver/Src/stm32f0xx_hal_spi.c ****   *               the configuration information for the specified SPI module.
2729:Drivers/STM32F0xx_HAL_Driver/Src/stm32f0xx_hal_spi.c ****   * @retval None
2730:Drivers/STM32F0xx_HAL_Driver/Src/stm32f0xx_hal_spi.c ****   */
2731:Drivers/STM32F0xx_HAL_Driver/Src/stm32f0xx_hal_spi.c **** void HAL_SPI_IRQHandler(SPI_HandleTypeDef *hspi)
2732:Drivers/STM32F0xx_HAL_Driver/Src/stm32f0xx_hal_spi.c **** {
2733:Drivers/STM32F0xx_HAL_Driver/Src/stm32f0xx_hal_spi.c ****   uint32_t itsource = hspi->Instance->CR2;
2734:Drivers/STM32F0xx_HAL_Driver/Src/stm32f0xx_hal_spi.c ****   uint32_t itflag   = hspi->Instance->SR;
2735:Drivers/STM32F0xx_HAL_Driver/Src/stm32f0xx_hal_spi.c **** 
2736:Drivers/STM32F0xx_HAL_Driver/Src/stm32f0xx_hal_spi.c ****   /* SPI in mode Receiver ----------------------------------------------------*/
2737:Drivers/STM32F0xx_HAL_Driver/Src/stm32f0xx_hal_spi.c ****   if ((SPI_CHECK_FLAG(itflag, SPI_FLAG_OVR) == RESET) &&
2738:Drivers/STM32F0xx_HAL_Driver/Src/stm32f0xx_hal_spi.c ****       (SPI_CHECK_FLAG(itflag, SPI_FLAG_RXNE) != RESET) && (SPI_CHECK_IT_SOURCE(itsource, SPI_IT_RXN
2739:Drivers/STM32F0xx_HAL_Driver/Src/stm32f0xx_hal_spi.c ****   {
2740:Drivers/STM32F0xx_HAL_Driver/Src/stm32f0xx_hal_spi.c ****     hspi->RxISR(hspi);
2741:Drivers/STM32F0xx_HAL_Driver/Src/stm32f0xx_hal_spi.c ****     return;
2742:Drivers/STM32F0xx_HAL_Driver/Src/stm32f0xx_hal_spi.c ****   }
2743:Drivers/STM32F0xx_HAL_Driver/Src/stm32f0xx_hal_spi.c **** 
2744:Drivers/STM32F0xx_HAL_Driver/Src/stm32f0xx_hal_spi.c ****   /* SPI in mode Transmitter -------------------------------------------------*/
2745:Drivers/STM32F0xx_HAL_Driver/Src/stm32f0xx_hal_spi.c ****   if ((SPI_CHECK_FLAG(itflag, SPI_FLAG_TXE) != RESET) && (SPI_CHECK_IT_SOURCE(itsource, SPI_IT_TXE)
2746:Drivers/STM32F0xx_HAL_Driver/Src/stm32f0xx_hal_spi.c ****   {
2747:Drivers/STM32F0xx_HAL_Driver/Src/stm32f0xx_hal_spi.c ****     hspi->TxISR(hspi);
2748:Drivers/STM32F0xx_HAL_Driver/Src/stm32f0xx_hal_spi.c ****     return;
2749:Drivers/STM32F0xx_HAL_Driver/Src/stm32f0xx_hal_spi.c ****   }
2750:Drivers/STM32F0xx_HAL_Driver/Src/stm32f0xx_hal_spi.c **** 
2751:Drivers/STM32F0xx_HAL_Driver/Src/stm32f0xx_hal_spi.c ****   /* SPI in Error Treatment --------------------------------------------------*/
2752:Drivers/STM32F0xx_HAL_Driver/Src/stm32f0xx_hal_spi.c ****   if (((SPI_CHECK_FLAG(itflag, SPI_FLAG_MODF) != RESET) || (SPI_CHECK_FLAG(itflag, SPI_FLAG_OVR) !=
2753:Drivers/STM32F0xx_HAL_Driver/Src/stm32f0xx_hal_spi.c ****        || (SPI_CHECK_FLAG(itflag, SPI_FLAG_FRE) != RESET)) && (SPI_CHECK_IT_SOURCE(itsource, SPI_IT
2754:Drivers/STM32F0xx_HAL_Driver/Src/stm32f0xx_hal_spi.c ****   {
2755:Drivers/STM32F0xx_HAL_Driver/Src/stm32f0xx_hal_spi.c ****     /* SPI Overrun error interrupt occurred ----------------------------------*/
2756:Drivers/STM32F0xx_HAL_Driver/Src/stm32f0xx_hal_spi.c ****     if (SPI_CHECK_FLAG(itflag, SPI_FLAG_OVR) != RESET)
2757:Drivers/STM32F0xx_HAL_Driver/Src/stm32f0xx_hal_spi.c ****     {
2758:Drivers/STM32F0xx_HAL_Driver/Src/stm32f0xx_hal_spi.c ****       if (hspi->State != HAL_SPI_STATE_BUSY_TX)
2759:Drivers/STM32F0xx_HAL_Driver/Src/stm32f0xx_hal_spi.c ****       {
2760:Drivers/STM32F0xx_HAL_Driver/Src/stm32f0xx_hal_spi.c ****         SET_BIT(hspi->ErrorCode, HAL_SPI_ERROR_OVR);
2761:Drivers/STM32F0xx_HAL_Driver/Src/stm32f0xx_hal_spi.c ****         __HAL_SPI_CLEAR_OVRFLAG(hspi);
2762:Drivers/STM32F0xx_HAL_Driver/Src/stm32f0xx_hal_spi.c ****       }
2763:Drivers/STM32F0xx_HAL_Driver/Src/stm32f0xx_hal_spi.c ****       else
2764:Drivers/STM32F0xx_HAL_Driver/Src/stm32f0xx_hal_spi.c ****       {
2765:Drivers/STM32F0xx_HAL_Driver/Src/stm32f0xx_hal_spi.c ****         __HAL_SPI_CLEAR_OVRFLAG(hspi);
2766:Drivers/STM32F0xx_HAL_Driver/Src/stm32f0xx_hal_spi.c ****         return;
2767:Drivers/STM32F0xx_HAL_Driver/Src/stm32f0xx_hal_spi.c ****       }
2768:Drivers/STM32F0xx_HAL_Driver/Src/stm32f0xx_hal_spi.c ****     }
ARM GAS  C:\Users\ADMINI~1\AppData\Local\Temp\ccrv5aWF.s 			page 50


2769:Drivers/STM32F0xx_HAL_Driver/Src/stm32f0xx_hal_spi.c **** 
2770:Drivers/STM32F0xx_HAL_Driver/Src/stm32f0xx_hal_spi.c ****     /* SPI Mode Fault error interrupt occurred -------------------------------*/
2771:Drivers/STM32F0xx_HAL_Driver/Src/stm32f0xx_hal_spi.c ****     if (SPI_CHECK_FLAG(itflag, SPI_FLAG_MODF) != RESET)
2772:Drivers/STM32F0xx_HAL_Driver/Src/stm32f0xx_hal_spi.c ****     {
2773:Drivers/STM32F0xx_HAL_Driver/Src/stm32f0xx_hal_spi.c ****       SET_BIT(hspi->ErrorCode, HAL_SPI_ERROR_MODF);
2774:Drivers/STM32F0xx_HAL_Driver/Src/stm32f0xx_hal_spi.c ****       __HAL_SPI_CLEAR_MODFFLAG(hspi);
2775:Drivers/STM32F0xx_HAL_Driver/Src/stm32f0xx_hal_spi.c ****     }
2776:Drivers/STM32F0xx_HAL_Driver/Src/stm32f0xx_hal_spi.c **** 
2777:Drivers/STM32F0xx_HAL_Driver/Src/stm32f0xx_hal_spi.c ****     /* SPI Frame error interrupt occurred ------------------------------------*/
2778:Drivers/STM32F0xx_HAL_Driver/Src/stm32f0xx_hal_spi.c ****     if (SPI_CHECK_FLAG(itflag, SPI_FLAG_FRE) != RESET)
2779:Drivers/STM32F0xx_HAL_Driver/Src/stm32f0xx_hal_spi.c ****     {
2780:Drivers/STM32F0xx_HAL_Driver/Src/stm32f0xx_hal_spi.c ****       SET_BIT(hspi->ErrorCode, HAL_SPI_ERROR_FRE);
2781:Drivers/STM32F0xx_HAL_Driver/Src/stm32f0xx_hal_spi.c ****       __HAL_SPI_CLEAR_FREFLAG(hspi);
2782:Drivers/STM32F0xx_HAL_Driver/Src/stm32f0xx_hal_spi.c ****     }
2783:Drivers/STM32F0xx_HAL_Driver/Src/stm32f0xx_hal_spi.c **** 
2784:Drivers/STM32F0xx_HAL_Driver/Src/stm32f0xx_hal_spi.c ****     if (hspi->ErrorCode != HAL_SPI_ERROR_NONE)
2785:Drivers/STM32F0xx_HAL_Driver/Src/stm32f0xx_hal_spi.c ****     {
2786:Drivers/STM32F0xx_HAL_Driver/Src/stm32f0xx_hal_spi.c ****       /* Disable all interrupts */
2787:Drivers/STM32F0xx_HAL_Driver/Src/stm32f0xx_hal_spi.c ****       __HAL_SPI_DISABLE_IT(hspi, SPI_IT_RXNE | SPI_IT_TXE | SPI_IT_ERR);
2788:Drivers/STM32F0xx_HAL_Driver/Src/stm32f0xx_hal_spi.c **** 
2789:Drivers/STM32F0xx_HAL_Driver/Src/stm32f0xx_hal_spi.c ****       hspi->State = HAL_SPI_STATE_READY;
2790:Drivers/STM32F0xx_HAL_Driver/Src/stm32f0xx_hal_spi.c ****       /* Disable the SPI DMA requests if enabled */
2791:Drivers/STM32F0xx_HAL_Driver/Src/stm32f0xx_hal_spi.c ****       if ((HAL_IS_BIT_SET(itsource, SPI_CR2_TXDMAEN)) || (HAL_IS_BIT_SET(itsource, SPI_CR2_RXDMAEN)
2792:Drivers/STM32F0xx_HAL_Driver/Src/stm32f0xx_hal_spi.c ****       {
2793:Drivers/STM32F0xx_HAL_Driver/Src/stm32f0xx_hal_spi.c ****         CLEAR_BIT(hspi->Instance->CR2, (SPI_CR2_TXDMAEN | SPI_CR2_RXDMAEN));
2794:Drivers/STM32F0xx_HAL_Driver/Src/stm32f0xx_hal_spi.c **** 
2795:Drivers/STM32F0xx_HAL_Driver/Src/stm32f0xx_hal_spi.c ****         /* Abort the SPI DMA Rx channel */
2796:Drivers/STM32F0xx_HAL_Driver/Src/stm32f0xx_hal_spi.c ****         if (hspi->hdmarx != NULL)
2797:Drivers/STM32F0xx_HAL_Driver/Src/stm32f0xx_hal_spi.c ****         {
2798:Drivers/STM32F0xx_HAL_Driver/Src/stm32f0xx_hal_spi.c ****           /* Set the SPI DMA Abort callback :
2799:Drivers/STM32F0xx_HAL_Driver/Src/stm32f0xx_hal_spi.c ****           will lead to call HAL_SPI_ErrorCallback() at end of DMA abort procedure */
2800:Drivers/STM32F0xx_HAL_Driver/Src/stm32f0xx_hal_spi.c ****           hspi->hdmarx->XferAbortCallback = SPI_DMAAbortOnError;
2801:Drivers/STM32F0xx_HAL_Driver/Src/stm32f0xx_hal_spi.c ****           if (HAL_OK != HAL_DMA_Abort_IT(hspi->hdmarx))
2802:Drivers/STM32F0xx_HAL_Driver/Src/stm32f0xx_hal_spi.c ****           {
2803:Drivers/STM32F0xx_HAL_Driver/Src/stm32f0xx_hal_spi.c ****             SET_BIT(hspi->ErrorCode, HAL_SPI_ERROR_ABORT);
2804:Drivers/STM32F0xx_HAL_Driver/Src/stm32f0xx_hal_spi.c ****           }
2805:Drivers/STM32F0xx_HAL_Driver/Src/stm32f0xx_hal_spi.c ****         }
2806:Drivers/STM32F0xx_HAL_Driver/Src/stm32f0xx_hal_spi.c ****         /* Abort the SPI DMA Tx channel */
2807:Drivers/STM32F0xx_HAL_Driver/Src/stm32f0xx_hal_spi.c ****         if (hspi->hdmatx != NULL)
2808:Drivers/STM32F0xx_HAL_Driver/Src/stm32f0xx_hal_spi.c ****         {
2809:Drivers/STM32F0xx_HAL_Driver/Src/stm32f0xx_hal_spi.c ****           /* Set the SPI DMA Abort callback :
2810:Drivers/STM32F0xx_HAL_Driver/Src/stm32f0xx_hal_spi.c ****           will lead to call HAL_SPI_ErrorCallback() at end of DMA abort procedure */
2811:Drivers/STM32F0xx_HAL_Driver/Src/stm32f0xx_hal_spi.c ****           hspi->hdmatx->XferAbortCallback = SPI_DMAAbortOnError;
2812:Drivers/STM32F0xx_HAL_Driver/Src/stm32f0xx_hal_spi.c ****           if (HAL_OK != HAL_DMA_Abort_IT(hspi->hdmatx))
2813:Drivers/STM32F0xx_HAL_Driver/Src/stm32f0xx_hal_spi.c ****           {
2814:Drivers/STM32F0xx_HAL_Driver/Src/stm32f0xx_hal_spi.c ****             SET_BIT(hspi->ErrorCode, HAL_SPI_ERROR_ABORT);
2815:Drivers/STM32F0xx_HAL_Driver/Src/stm32f0xx_hal_spi.c ****           }
2816:Drivers/STM32F0xx_HAL_Driver/Src/stm32f0xx_hal_spi.c ****         }
2817:Drivers/STM32F0xx_HAL_Driver/Src/stm32f0xx_hal_spi.c ****       }
2818:Drivers/STM32F0xx_HAL_Driver/Src/stm32f0xx_hal_spi.c ****       else
2819:Drivers/STM32F0xx_HAL_Driver/Src/stm32f0xx_hal_spi.c ****       {
2820:Drivers/STM32F0xx_HAL_Driver/Src/stm32f0xx_hal_spi.c ****         /* Call user error callback */
2821:Drivers/STM32F0xx_HAL_Driver/Src/stm32f0xx_hal_spi.c **** #if (USE_HAL_SPI_REGISTER_CALLBACKS == 1U)
2822:Drivers/STM32F0xx_HAL_Driver/Src/stm32f0xx_hal_spi.c ****         hspi->ErrorCallback(hspi);
2823:Drivers/STM32F0xx_HAL_Driver/Src/stm32f0xx_hal_spi.c **** #else
2824:Drivers/STM32F0xx_HAL_Driver/Src/stm32f0xx_hal_spi.c ****         HAL_SPI_ErrorCallback(hspi);
2825:Drivers/STM32F0xx_HAL_Driver/Src/stm32f0xx_hal_spi.c **** #endif /* USE_HAL_SPI_REGISTER_CALLBACKS */
ARM GAS  C:\Users\ADMINI~1\AppData\Local\Temp\ccrv5aWF.s 			page 51


2826:Drivers/STM32F0xx_HAL_Driver/Src/stm32f0xx_hal_spi.c ****       }
2827:Drivers/STM32F0xx_HAL_Driver/Src/stm32f0xx_hal_spi.c ****     }
2828:Drivers/STM32F0xx_HAL_Driver/Src/stm32f0xx_hal_spi.c ****     return;
2829:Drivers/STM32F0xx_HAL_Driver/Src/stm32f0xx_hal_spi.c ****   }
2830:Drivers/STM32F0xx_HAL_Driver/Src/stm32f0xx_hal_spi.c **** }
2831:Drivers/STM32F0xx_HAL_Driver/Src/stm32f0xx_hal_spi.c **** 
2832:Drivers/STM32F0xx_HAL_Driver/Src/stm32f0xx_hal_spi.c **** /**
2833:Drivers/STM32F0xx_HAL_Driver/Src/stm32f0xx_hal_spi.c ****   * @brief  Tx Transfer completed callback.
2834:Drivers/STM32F0xx_HAL_Driver/Src/stm32f0xx_hal_spi.c ****   * @param  hspi pointer to a SPI_HandleTypeDef structure that contains
2835:Drivers/STM32F0xx_HAL_Driver/Src/stm32f0xx_hal_spi.c ****   *               the configuration information for SPI module.
2836:Drivers/STM32F0xx_HAL_Driver/Src/stm32f0xx_hal_spi.c ****   * @retval None
2837:Drivers/STM32F0xx_HAL_Driver/Src/stm32f0xx_hal_spi.c ****   */
2838:Drivers/STM32F0xx_HAL_Driver/Src/stm32f0xx_hal_spi.c **** __weak void HAL_SPI_TxCpltCallback(SPI_HandleTypeDef *hspi)
2839:Drivers/STM32F0xx_HAL_Driver/Src/stm32f0xx_hal_spi.c **** {
2840:Drivers/STM32F0xx_HAL_Driver/Src/stm32f0xx_hal_spi.c ****   /* Prevent unused argument(s) compilation warning */
2841:Drivers/STM32F0xx_HAL_Driver/Src/stm32f0xx_hal_spi.c ****   UNUSED(hspi);
2842:Drivers/STM32F0xx_HAL_Driver/Src/stm32f0xx_hal_spi.c **** 
2843:Drivers/STM32F0xx_HAL_Driver/Src/stm32f0xx_hal_spi.c ****   /* NOTE : This function should not be modified, when the callback is needed,
2844:Drivers/STM32F0xx_HAL_Driver/Src/stm32f0xx_hal_spi.c ****             the HAL_SPI_TxCpltCallback should be implemented in the user file
2845:Drivers/STM32F0xx_HAL_Driver/Src/stm32f0xx_hal_spi.c ****    */
2846:Drivers/STM32F0xx_HAL_Driver/Src/stm32f0xx_hal_spi.c **** }
2847:Drivers/STM32F0xx_HAL_Driver/Src/stm32f0xx_hal_spi.c **** 
2848:Drivers/STM32F0xx_HAL_Driver/Src/stm32f0xx_hal_spi.c **** /**
2849:Drivers/STM32F0xx_HAL_Driver/Src/stm32f0xx_hal_spi.c ****   * @brief  Rx Transfer completed callback.
2850:Drivers/STM32F0xx_HAL_Driver/Src/stm32f0xx_hal_spi.c ****   * @param  hspi pointer to a SPI_HandleTypeDef structure that contains
2851:Drivers/STM32F0xx_HAL_Driver/Src/stm32f0xx_hal_spi.c ****   *               the configuration information for SPI module.
2852:Drivers/STM32F0xx_HAL_Driver/Src/stm32f0xx_hal_spi.c ****   * @retval None
2853:Drivers/STM32F0xx_HAL_Driver/Src/stm32f0xx_hal_spi.c ****   */
2854:Drivers/STM32F0xx_HAL_Driver/Src/stm32f0xx_hal_spi.c **** __weak void HAL_SPI_RxCpltCallback(SPI_HandleTypeDef *hspi)
2855:Drivers/STM32F0xx_HAL_Driver/Src/stm32f0xx_hal_spi.c **** {
2856:Drivers/STM32F0xx_HAL_Driver/Src/stm32f0xx_hal_spi.c ****   /* Prevent unused argument(s) compilation warning */
2857:Drivers/STM32F0xx_HAL_Driver/Src/stm32f0xx_hal_spi.c ****   UNUSED(hspi);
2858:Drivers/STM32F0xx_HAL_Driver/Src/stm32f0xx_hal_spi.c **** 
2859:Drivers/STM32F0xx_HAL_Driver/Src/stm32f0xx_hal_spi.c ****   /* NOTE : This function should not be modified, when the callback is needed,
2860:Drivers/STM32F0xx_HAL_Driver/Src/stm32f0xx_hal_spi.c ****             the HAL_SPI_RxCpltCallback should be implemented in the user file
2861:Drivers/STM32F0xx_HAL_Driver/Src/stm32f0xx_hal_spi.c ****    */
2862:Drivers/STM32F0xx_HAL_Driver/Src/stm32f0xx_hal_spi.c **** }
2863:Drivers/STM32F0xx_HAL_Driver/Src/stm32f0xx_hal_spi.c **** 
2864:Drivers/STM32F0xx_HAL_Driver/Src/stm32f0xx_hal_spi.c **** /**
2865:Drivers/STM32F0xx_HAL_Driver/Src/stm32f0xx_hal_spi.c ****   * @brief  Tx and Rx Transfer completed callback.
2866:Drivers/STM32F0xx_HAL_Driver/Src/stm32f0xx_hal_spi.c ****   * @param  hspi pointer to a SPI_HandleTypeDef structure that contains
2867:Drivers/STM32F0xx_HAL_Driver/Src/stm32f0xx_hal_spi.c ****   *               the configuration information for SPI module.
2868:Drivers/STM32F0xx_HAL_Driver/Src/stm32f0xx_hal_spi.c ****   * @retval None
2869:Drivers/STM32F0xx_HAL_Driver/Src/stm32f0xx_hal_spi.c ****   */
2870:Drivers/STM32F0xx_HAL_Driver/Src/stm32f0xx_hal_spi.c **** __weak void HAL_SPI_TxRxCpltCallback(SPI_HandleTypeDef *hspi)
2871:Drivers/STM32F0xx_HAL_Driver/Src/stm32f0xx_hal_spi.c **** {
2872:Drivers/STM32F0xx_HAL_Driver/Src/stm32f0xx_hal_spi.c ****   /* Prevent unused argument(s) compilation warning */
2873:Drivers/STM32F0xx_HAL_Driver/Src/stm32f0xx_hal_spi.c ****   UNUSED(hspi);
2874:Drivers/STM32F0xx_HAL_Driver/Src/stm32f0xx_hal_spi.c **** 
2875:Drivers/STM32F0xx_HAL_Driver/Src/stm32f0xx_hal_spi.c ****   /* NOTE : This function should not be modified, when the callback is needed,
2876:Drivers/STM32F0xx_HAL_Driver/Src/stm32f0xx_hal_spi.c ****             the HAL_SPI_TxRxCpltCallback should be implemented in the user file
2877:Drivers/STM32F0xx_HAL_Driver/Src/stm32f0xx_hal_spi.c ****    */
2878:Drivers/STM32F0xx_HAL_Driver/Src/stm32f0xx_hal_spi.c **** }
2879:Drivers/STM32F0xx_HAL_Driver/Src/stm32f0xx_hal_spi.c **** 
2880:Drivers/STM32F0xx_HAL_Driver/Src/stm32f0xx_hal_spi.c **** /**
2881:Drivers/STM32F0xx_HAL_Driver/Src/stm32f0xx_hal_spi.c ****   * @brief  Tx Half Transfer completed callback.
2882:Drivers/STM32F0xx_HAL_Driver/Src/stm32f0xx_hal_spi.c ****   * @param  hspi pointer to a SPI_HandleTypeDef structure that contains
ARM GAS  C:\Users\ADMINI~1\AppData\Local\Temp\ccrv5aWF.s 			page 52


2883:Drivers/STM32F0xx_HAL_Driver/Src/stm32f0xx_hal_spi.c ****   *               the configuration information for SPI module.
2884:Drivers/STM32F0xx_HAL_Driver/Src/stm32f0xx_hal_spi.c ****   * @retval None
2885:Drivers/STM32F0xx_HAL_Driver/Src/stm32f0xx_hal_spi.c ****   */
2886:Drivers/STM32F0xx_HAL_Driver/Src/stm32f0xx_hal_spi.c **** __weak void HAL_SPI_TxHalfCpltCallback(SPI_HandleTypeDef *hspi)
2887:Drivers/STM32F0xx_HAL_Driver/Src/stm32f0xx_hal_spi.c **** {
2888:Drivers/STM32F0xx_HAL_Driver/Src/stm32f0xx_hal_spi.c ****   /* Prevent unused argument(s) compilation warning */
2889:Drivers/STM32F0xx_HAL_Driver/Src/stm32f0xx_hal_spi.c ****   UNUSED(hspi);
2890:Drivers/STM32F0xx_HAL_Driver/Src/stm32f0xx_hal_spi.c **** 
2891:Drivers/STM32F0xx_HAL_Driver/Src/stm32f0xx_hal_spi.c ****   /* NOTE : This function should not be modified, when the callback is needed,
2892:Drivers/STM32F0xx_HAL_Driver/Src/stm32f0xx_hal_spi.c ****             the HAL_SPI_TxHalfCpltCallback should be implemented in the user file
2893:Drivers/STM32F0xx_HAL_Driver/Src/stm32f0xx_hal_spi.c ****    */
2894:Drivers/STM32F0xx_HAL_Driver/Src/stm32f0xx_hal_spi.c **** }
2895:Drivers/STM32F0xx_HAL_Driver/Src/stm32f0xx_hal_spi.c **** 
2896:Drivers/STM32F0xx_HAL_Driver/Src/stm32f0xx_hal_spi.c **** /**
2897:Drivers/STM32F0xx_HAL_Driver/Src/stm32f0xx_hal_spi.c ****   * @brief  Rx Half Transfer completed callback.
2898:Drivers/STM32F0xx_HAL_Driver/Src/stm32f0xx_hal_spi.c ****   * @param  hspi pointer to a SPI_HandleTypeDef structure that contains
2899:Drivers/STM32F0xx_HAL_Driver/Src/stm32f0xx_hal_spi.c ****   *               the configuration information for SPI module.
2900:Drivers/STM32F0xx_HAL_Driver/Src/stm32f0xx_hal_spi.c ****   * @retval None
2901:Drivers/STM32F0xx_HAL_Driver/Src/stm32f0xx_hal_spi.c ****   */
2902:Drivers/STM32F0xx_HAL_Driver/Src/stm32f0xx_hal_spi.c **** __weak void HAL_SPI_RxHalfCpltCallback(SPI_HandleTypeDef *hspi)
2903:Drivers/STM32F0xx_HAL_Driver/Src/stm32f0xx_hal_spi.c **** {
2904:Drivers/STM32F0xx_HAL_Driver/Src/stm32f0xx_hal_spi.c ****   /* Prevent unused argument(s) compilation warning */
2905:Drivers/STM32F0xx_HAL_Driver/Src/stm32f0xx_hal_spi.c ****   UNUSED(hspi);
2906:Drivers/STM32F0xx_HAL_Driver/Src/stm32f0xx_hal_spi.c **** 
2907:Drivers/STM32F0xx_HAL_Driver/Src/stm32f0xx_hal_spi.c ****   /* NOTE : This function should not be modified, when the callback is needed,
2908:Drivers/STM32F0xx_HAL_Driver/Src/stm32f0xx_hal_spi.c ****             the HAL_SPI_RxHalfCpltCallback() should be implemented in the user file
2909:Drivers/STM32F0xx_HAL_Driver/Src/stm32f0xx_hal_spi.c ****    */
2910:Drivers/STM32F0xx_HAL_Driver/Src/stm32f0xx_hal_spi.c **** }
2911:Drivers/STM32F0xx_HAL_Driver/Src/stm32f0xx_hal_spi.c **** 
2912:Drivers/STM32F0xx_HAL_Driver/Src/stm32f0xx_hal_spi.c **** /**
2913:Drivers/STM32F0xx_HAL_Driver/Src/stm32f0xx_hal_spi.c ****   * @brief  Tx and Rx Half Transfer callback.
2914:Drivers/STM32F0xx_HAL_Driver/Src/stm32f0xx_hal_spi.c ****   * @param  hspi pointer to a SPI_HandleTypeDef structure that contains
2915:Drivers/STM32F0xx_HAL_Driver/Src/stm32f0xx_hal_spi.c ****   *               the configuration information for SPI module.
2916:Drivers/STM32F0xx_HAL_Driver/Src/stm32f0xx_hal_spi.c ****   * @retval None
2917:Drivers/STM32F0xx_HAL_Driver/Src/stm32f0xx_hal_spi.c ****   */
2918:Drivers/STM32F0xx_HAL_Driver/Src/stm32f0xx_hal_spi.c **** __weak void HAL_SPI_TxRxHalfCpltCallback(SPI_HandleTypeDef *hspi)
2919:Drivers/STM32F0xx_HAL_Driver/Src/stm32f0xx_hal_spi.c **** {
2920:Drivers/STM32F0xx_HAL_Driver/Src/stm32f0xx_hal_spi.c ****   /* Prevent unused argument(s) compilation warning */
2921:Drivers/STM32F0xx_HAL_Driver/Src/stm32f0xx_hal_spi.c ****   UNUSED(hspi);
2922:Drivers/STM32F0xx_HAL_Driver/Src/stm32f0xx_hal_spi.c **** 
2923:Drivers/STM32F0xx_HAL_Driver/Src/stm32f0xx_hal_spi.c ****   /* NOTE : This function should not be modified, when the callback is needed,
2924:Drivers/STM32F0xx_HAL_Driver/Src/stm32f0xx_hal_spi.c ****             the HAL_SPI_TxRxHalfCpltCallback() should be implemented in the user file
2925:Drivers/STM32F0xx_HAL_Driver/Src/stm32f0xx_hal_spi.c ****    */
2926:Drivers/STM32F0xx_HAL_Driver/Src/stm32f0xx_hal_spi.c **** }
2927:Drivers/STM32F0xx_HAL_Driver/Src/stm32f0xx_hal_spi.c **** 
2928:Drivers/STM32F0xx_HAL_Driver/Src/stm32f0xx_hal_spi.c **** /**
2929:Drivers/STM32F0xx_HAL_Driver/Src/stm32f0xx_hal_spi.c ****   * @brief  SPI error callback.
2930:Drivers/STM32F0xx_HAL_Driver/Src/stm32f0xx_hal_spi.c ****   * @param  hspi pointer to a SPI_HandleTypeDef structure that contains
2931:Drivers/STM32F0xx_HAL_Driver/Src/stm32f0xx_hal_spi.c ****   *               the configuration information for SPI module.
2932:Drivers/STM32F0xx_HAL_Driver/Src/stm32f0xx_hal_spi.c ****   * @retval None
2933:Drivers/STM32F0xx_HAL_Driver/Src/stm32f0xx_hal_spi.c ****   */
2934:Drivers/STM32F0xx_HAL_Driver/Src/stm32f0xx_hal_spi.c **** __weak void HAL_SPI_ErrorCallback(SPI_HandleTypeDef *hspi)
2935:Drivers/STM32F0xx_HAL_Driver/Src/stm32f0xx_hal_spi.c **** {
2936:Drivers/STM32F0xx_HAL_Driver/Src/stm32f0xx_hal_spi.c ****   /* Prevent unused argument(s) compilation warning */
2937:Drivers/STM32F0xx_HAL_Driver/Src/stm32f0xx_hal_spi.c ****   UNUSED(hspi);
2938:Drivers/STM32F0xx_HAL_Driver/Src/stm32f0xx_hal_spi.c **** 
2939:Drivers/STM32F0xx_HAL_Driver/Src/stm32f0xx_hal_spi.c ****   /* NOTE : This function should not be modified, when the callback is needed,
ARM GAS  C:\Users\ADMINI~1\AppData\Local\Temp\ccrv5aWF.s 			page 53


2940:Drivers/STM32F0xx_HAL_Driver/Src/stm32f0xx_hal_spi.c ****             the HAL_SPI_ErrorCallback should be implemented in the user file
2941:Drivers/STM32F0xx_HAL_Driver/Src/stm32f0xx_hal_spi.c ****    */
2942:Drivers/STM32F0xx_HAL_Driver/Src/stm32f0xx_hal_spi.c ****   /* NOTE : The ErrorCode parameter in the hspi handle is updated by the SPI processes
2943:Drivers/STM32F0xx_HAL_Driver/Src/stm32f0xx_hal_spi.c ****             and user can use HAL_SPI_GetError() API to check the latest error occurred
2944:Drivers/STM32F0xx_HAL_Driver/Src/stm32f0xx_hal_spi.c ****    */
2945:Drivers/STM32F0xx_HAL_Driver/Src/stm32f0xx_hal_spi.c **** }
2946:Drivers/STM32F0xx_HAL_Driver/Src/stm32f0xx_hal_spi.c **** 
2947:Drivers/STM32F0xx_HAL_Driver/Src/stm32f0xx_hal_spi.c **** /**
2948:Drivers/STM32F0xx_HAL_Driver/Src/stm32f0xx_hal_spi.c ****   * @brief  SPI Abort Complete callback.
2949:Drivers/STM32F0xx_HAL_Driver/Src/stm32f0xx_hal_spi.c ****   * @param  hspi SPI handle.
2950:Drivers/STM32F0xx_HAL_Driver/Src/stm32f0xx_hal_spi.c ****   * @retval None
2951:Drivers/STM32F0xx_HAL_Driver/Src/stm32f0xx_hal_spi.c ****   */
2952:Drivers/STM32F0xx_HAL_Driver/Src/stm32f0xx_hal_spi.c **** __weak void HAL_SPI_AbortCpltCallback(SPI_HandleTypeDef *hspi)
2953:Drivers/STM32F0xx_HAL_Driver/Src/stm32f0xx_hal_spi.c **** {
2954:Drivers/STM32F0xx_HAL_Driver/Src/stm32f0xx_hal_spi.c ****   /* Prevent unused argument(s) compilation warning */
2955:Drivers/STM32F0xx_HAL_Driver/Src/stm32f0xx_hal_spi.c ****   UNUSED(hspi);
2956:Drivers/STM32F0xx_HAL_Driver/Src/stm32f0xx_hal_spi.c **** 
2957:Drivers/STM32F0xx_HAL_Driver/Src/stm32f0xx_hal_spi.c ****   /* NOTE : This function should not be modified, when the callback is needed,
2958:Drivers/STM32F0xx_HAL_Driver/Src/stm32f0xx_hal_spi.c ****             the HAL_SPI_AbortCpltCallback can be implemented in the user file.
2959:Drivers/STM32F0xx_HAL_Driver/Src/stm32f0xx_hal_spi.c ****    */
2960:Drivers/STM32F0xx_HAL_Driver/Src/stm32f0xx_hal_spi.c **** }
2961:Drivers/STM32F0xx_HAL_Driver/Src/stm32f0xx_hal_spi.c **** 
2962:Drivers/STM32F0xx_HAL_Driver/Src/stm32f0xx_hal_spi.c **** /**
2963:Drivers/STM32F0xx_HAL_Driver/Src/stm32f0xx_hal_spi.c ****   * @}
2964:Drivers/STM32F0xx_HAL_Driver/Src/stm32f0xx_hal_spi.c ****   */
2965:Drivers/STM32F0xx_HAL_Driver/Src/stm32f0xx_hal_spi.c **** 
2966:Drivers/STM32F0xx_HAL_Driver/Src/stm32f0xx_hal_spi.c **** /** @defgroup SPI_Exported_Functions_Group3 Peripheral State and Errors functions
2967:Drivers/STM32F0xx_HAL_Driver/Src/stm32f0xx_hal_spi.c ****   * @brief   SPI control functions
2968:Drivers/STM32F0xx_HAL_Driver/Src/stm32f0xx_hal_spi.c ****   *
2969:Drivers/STM32F0xx_HAL_Driver/Src/stm32f0xx_hal_spi.c **** @verbatim
2970:Drivers/STM32F0xx_HAL_Driver/Src/stm32f0xx_hal_spi.c ****  ===============================================================================
2971:Drivers/STM32F0xx_HAL_Driver/Src/stm32f0xx_hal_spi.c ****                       ##### Peripheral State and Errors functions #####
2972:Drivers/STM32F0xx_HAL_Driver/Src/stm32f0xx_hal_spi.c ****  ===============================================================================
2973:Drivers/STM32F0xx_HAL_Driver/Src/stm32f0xx_hal_spi.c ****     [..]
2974:Drivers/STM32F0xx_HAL_Driver/Src/stm32f0xx_hal_spi.c ****     This subsection provides a set of functions allowing to control the SPI.
2975:Drivers/STM32F0xx_HAL_Driver/Src/stm32f0xx_hal_spi.c ****      (+) HAL_SPI_GetState() API can be helpful to check in run-time the state of the SPI peripheral
2976:Drivers/STM32F0xx_HAL_Driver/Src/stm32f0xx_hal_spi.c ****      (+) HAL_SPI_GetError() check in run-time Errors occurring during communication
2977:Drivers/STM32F0xx_HAL_Driver/Src/stm32f0xx_hal_spi.c **** @endverbatim
2978:Drivers/STM32F0xx_HAL_Driver/Src/stm32f0xx_hal_spi.c ****   * @{
2979:Drivers/STM32F0xx_HAL_Driver/Src/stm32f0xx_hal_spi.c ****   */
2980:Drivers/STM32F0xx_HAL_Driver/Src/stm32f0xx_hal_spi.c **** 
2981:Drivers/STM32F0xx_HAL_Driver/Src/stm32f0xx_hal_spi.c **** /**
2982:Drivers/STM32F0xx_HAL_Driver/Src/stm32f0xx_hal_spi.c ****   * @brief  Return the SPI handle state.
2983:Drivers/STM32F0xx_HAL_Driver/Src/stm32f0xx_hal_spi.c ****   * @param  hspi pointer to a SPI_HandleTypeDef structure that contains
2984:Drivers/STM32F0xx_HAL_Driver/Src/stm32f0xx_hal_spi.c ****   *               the configuration information for SPI module.
2985:Drivers/STM32F0xx_HAL_Driver/Src/stm32f0xx_hal_spi.c ****   * @retval SPI state
2986:Drivers/STM32F0xx_HAL_Driver/Src/stm32f0xx_hal_spi.c ****   */
2987:Drivers/STM32F0xx_HAL_Driver/Src/stm32f0xx_hal_spi.c **** HAL_SPI_StateTypeDef HAL_SPI_GetState(SPI_HandleTypeDef *hspi)
2988:Drivers/STM32F0xx_HAL_Driver/Src/stm32f0xx_hal_spi.c **** {
2989:Drivers/STM32F0xx_HAL_Driver/Src/stm32f0xx_hal_spi.c ****   /* Return SPI handle state */
2990:Drivers/STM32F0xx_HAL_Driver/Src/stm32f0xx_hal_spi.c ****   return hspi->State;
2991:Drivers/STM32F0xx_HAL_Driver/Src/stm32f0xx_hal_spi.c **** }
2992:Drivers/STM32F0xx_HAL_Driver/Src/stm32f0xx_hal_spi.c **** 
2993:Drivers/STM32F0xx_HAL_Driver/Src/stm32f0xx_hal_spi.c **** /**
2994:Drivers/STM32F0xx_HAL_Driver/Src/stm32f0xx_hal_spi.c ****   * @brief  Return the SPI error code.
2995:Drivers/STM32F0xx_HAL_Driver/Src/stm32f0xx_hal_spi.c ****   * @param  hspi pointer to a SPI_HandleTypeDef structure that contains
2996:Drivers/STM32F0xx_HAL_Driver/Src/stm32f0xx_hal_spi.c ****   *               the configuration information for SPI module.
ARM GAS  C:\Users\ADMINI~1\AppData\Local\Temp\ccrv5aWF.s 			page 54


2997:Drivers/STM32F0xx_HAL_Driver/Src/stm32f0xx_hal_spi.c ****   * @retval SPI error code in bitmap format
2998:Drivers/STM32F0xx_HAL_Driver/Src/stm32f0xx_hal_spi.c ****   */
2999:Drivers/STM32F0xx_HAL_Driver/Src/stm32f0xx_hal_spi.c **** uint32_t HAL_SPI_GetError(SPI_HandleTypeDef *hspi)
3000:Drivers/STM32F0xx_HAL_Driver/Src/stm32f0xx_hal_spi.c **** {
3001:Drivers/STM32F0xx_HAL_Driver/Src/stm32f0xx_hal_spi.c ****   /* Return SPI ErrorCode */
3002:Drivers/STM32F0xx_HAL_Driver/Src/stm32f0xx_hal_spi.c ****   return hspi->ErrorCode;
3003:Drivers/STM32F0xx_HAL_Driver/Src/stm32f0xx_hal_spi.c **** }
3004:Drivers/STM32F0xx_HAL_Driver/Src/stm32f0xx_hal_spi.c **** 
3005:Drivers/STM32F0xx_HAL_Driver/Src/stm32f0xx_hal_spi.c **** /**
3006:Drivers/STM32F0xx_HAL_Driver/Src/stm32f0xx_hal_spi.c ****   * @}
3007:Drivers/STM32F0xx_HAL_Driver/Src/stm32f0xx_hal_spi.c ****   */
3008:Drivers/STM32F0xx_HAL_Driver/Src/stm32f0xx_hal_spi.c **** 
3009:Drivers/STM32F0xx_HAL_Driver/Src/stm32f0xx_hal_spi.c **** /**
3010:Drivers/STM32F0xx_HAL_Driver/Src/stm32f0xx_hal_spi.c ****   * @}
3011:Drivers/STM32F0xx_HAL_Driver/Src/stm32f0xx_hal_spi.c ****   */
3012:Drivers/STM32F0xx_HAL_Driver/Src/stm32f0xx_hal_spi.c **** 
3013:Drivers/STM32F0xx_HAL_Driver/Src/stm32f0xx_hal_spi.c **** /** @addtogroup SPI_Private_Functions
3014:Drivers/STM32F0xx_HAL_Driver/Src/stm32f0xx_hal_spi.c ****   * @brief   Private functions
3015:Drivers/STM32F0xx_HAL_Driver/Src/stm32f0xx_hal_spi.c ****   * @{
3016:Drivers/STM32F0xx_HAL_Driver/Src/stm32f0xx_hal_spi.c ****   */
3017:Drivers/STM32F0xx_HAL_Driver/Src/stm32f0xx_hal_spi.c **** 
3018:Drivers/STM32F0xx_HAL_Driver/Src/stm32f0xx_hal_spi.c **** /**
3019:Drivers/STM32F0xx_HAL_Driver/Src/stm32f0xx_hal_spi.c ****   * @brief  DMA SPI transmit process complete callback.
3020:Drivers/STM32F0xx_HAL_Driver/Src/stm32f0xx_hal_spi.c ****   * @param  hdma pointer to a DMA_HandleTypeDef structure that contains
3021:Drivers/STM32F0xx_HAL_Driver/Src/stm32f0xx_hal_spi.c ****   *               the configuration information for the specified DMA module.
3022:Drivers/STM32F0xx_HAL_Driver/Src/stm32f0xx_hal_spi.c ****   * @retval None
3023:Drivers/STM32F0xx_HAL_Driver/Src/stm32f0xx_hal_spi.c ****   */
3024:Drivers/STM32F0xx_HAL_Driver/Src/stm32f0xx_hal_spi.c **** static void SPI_DMATransmitCplt(DMA_HandleTypeDef *hdma)
3025:Drivers/STM32F0xx_HAL_Driver/Src/stm32f0xx_hal_spi.c **** {
3026:Drivers/STM32F0xx_HAL_Driver/Src/stm32f0xx_hal_spi.c ****   SPI_HandleTypeDef *hspi = (SPI_HandleTypeDef *)(((DMA_HandleTypeDef *)hdma)->Parent); /* Derogati
3027:Drivers/STM32F0xx_HAL_Driver/Src/stm32f0xx_hal_spi.c ****   uint32_t tickstart;
3028:Drivers/STM32F0xx_HAL_Driver/Src/stm32f0xx_hal_spi.c **** 
3029:Drivers/STM32F0xx_HAL_Driver/Src/stm32f0xx_hal_spi.c ****   /* Init tickstart for timeout management*/
3030:Drivers/STM32F0xx_HAL_Driver/Src/stm32f0xx_hal_spi.c ****   tickstart = HAL_GetTick();
3031:Drivers/STM32F0xx_HAL_Driver/Src/stm32f0xx_hal_spi.c **** 
3032:Drivers/STM32F0xx_HAL_Driver/Src/stm32f0xx_hal_spi.c ****   /* DMA Normal Mode */
3033:Drivers/STM32F0xx_HAL_Driver/Src/stm32f0xx_hal_spi.c ****   if ((hdma->Instance->CCR & DMA_CCR_CIRC) != DMA_CCR_CIRC)
3034:Drivers/STM32F0xx_HAL_Driver/Src/stm32f0xx_hal_spi.c ****   {
3035:Drivers/STM32F0xx_HAL_Driver/Src/stm32f0xx_hal_spi.c ****     /* Disable ERR interrupt */
3036:Drivers/STM32F0xx_HAL_Driver/Src/stm32f0xx_hal_spi.c ****     __HAL_SPI_DISABLE_IT(hspi, SPI_IT_ERR);
3037:Drivers/STM32F0xx_HAL_Driver/Src/stm32f0xx_hal_spi.c **** 
3038:Drivers/STM32F0xx_HAL_Driver/Src/stm32f0xx_hal_spi.c ****     /* Disable Tx DMA Request */
3039:Drivers/STM32F0xx_HAL_Driver/Src/stm32f0xx_hal_spi.c ****     CLEAR_BIT(hspi->Instance->CR2, SPI_CR2_TXDMAEN);
3040:Drivers/STM32F0xx_HAL_Driver/Src/stm32f0xx_hal_spi.c **** 
3041:Drivers/STM32F0xx_HAL_Driver/Src/stm32f0xx_hal_spi.c ****     /* Check the end of the transaction */
3042:Drivers/STM32F0xx_HAL_Driver/Src/stm32f0xx_hal_spi.c ****     if (SPI_EndRxTxTransaction(hspi, SPI_DEFAULT_TIMEOUT, tickstart) != HAL_OK)
3043:Drivers/STM32F0xx_HAL_Driver/Src/stm32f0xx_hal_spi.c ****     {
3044:Drivers/STM32F0xx_HAL_Driver/Src/stm32f0xx_hal_spi.c ****       SET_BIT(hspi->ErrorCode, HAL_SPI_ERROR_FLAG);
3045:Drivers/STM32F0xx_HAL_Driver/Src/stm32f0xx_hal_spi.c ****     }
3046:Drivers/STM32F0xx_HAL_Driver/Src/stm32f0xx_hal_spi.c **** 
3047:Drivers/STM32F0xx_HAL_Driver/Src/stm32f0xx_hal_spi.c ****     /* Clear overrun flag in 2 Lines communication mode because received data is not read */
3048:Drivers/STM32F0xx_HAL_Driver/Src/stm32f0xx_hal_spi.c ****     if (hspi->Init.Direction == SPI_DIRECTION_2LINES)
3049:Drivers/STM32F0xx_HAL_Driver/Src/stm32f0xx_hal_spi.c ****     {
3050:Drivers/STM32F0xx_HAL_Driver/Src/stm32f0xx_hal_spi.c ****       __HAL_SPI_CLEAR_OVRFLAG(hspi);
3051:Drivers/STM32F0xx_HAL_Driver/Src/stm32f0xx_hal_spi.c ****     }
3052:Drivers/STM32F0xx_HAL_Driver/Src/stm32f0xx_hal_spi.c **** 
3053:Drivers/STM32F0xx_HAL_Driver/Src/stm32f0xx_hal_spi.c ****     hspi->TxXferCount = 0U;
ARM GAS  C:\Users\ADMINI~1\AppData\Local\Temp\ccrv5aWF.s 			page 55


3054:Drivers/STM32F0xx_HAL_Driver/Src/stm32f0xx_hal_spi.c ****     hspi->State = HAL_SPI_STATE_READY;
3055:Drivers/STM32F0xx_HAL_Driver/Src/stm32f0xx_hal_spi.c **** 
3056:Drivers/STM32F0xx_HAL_Driver/Src/stm32f0xx_hal_spi.c ****     if (hspi->ErrorCode != HAL_SPI_ERROR_NONE)
3057:Drivers/STM32F0xx_HAL_Driver/Src/stm32f0xx_hal_spi.c ****     {
3058:Drivers/STM32F0xx_HAL_Driver/Src/stm32f0xx_hal_spi.c ****       /* Call user error callback */
3059:Drivers/STM32F0xx_HAL_Driver/Src/stm32f0xx_hal_spi.c **** #if (USE_HAL_SPI_REGISTER_CALLBACKS == 1U)
3060:Drivers/STM32F0xx_HAL_Driver/Src/stm32f0xx_hal_spi.c ****       hspi->ErrorCallback(hspi);
3061:Drivers/STM32F0xx_HAL_Driver/Src/stm32f0xx_hal_spi.c **** #else
3062:Drivers/STM32F0xx_HAL_Driver/Src/stm32f0xx_hal_spi.c ****       HAL_SPI_ErrorCallback(hspi);
3063:Drivers/STM32F0xx_HAL_Driver/Src/stm32f0xx_hal_spi.c **** #endif /* USE_HAL_SPI_REGISTER_CALLBACKS */
3064:Drivers/STM32F0xx_HAL_Driver/Src/stm32f0xx_hal_spi.c ****       return;
3065:Drivers/STM32F0xx_HAL_Driver/Src/stm32f0xx_hal_spi.c ****     }
3066:Drivers/STM32F0xx_HAL_Driver/Src/stm32f0xx_hal_spi.c ****   }
3067:Drivers/STM32F0xx_HAL_Driver/Src/stm32f0xx_hal_spi.c ****   /* Call user Tx complete callback */
3068:Drivers/STM32F0xx_HAL_Driver/Src/stm32f0xx_hal_spi.c **** #if (USE_HAL_SPI_REGISTER_CALLBACKS == 1U)
3069:Drivers/STM32F0xx_HAL_Driver/Src/stm32f0xx_hal_spi.c ****   hspi->TxCpltCallback(hspi);
3070:Drivers/STM32F0xx_HAL_Driver/Src/stm32f0xx_hal_spi.c **** #else
3071:Drivers/STM32F0xx_HAL_Driver/Src/stm32f0xx_hal_spi.c ****   HAL_SPI_TxCpltCallback(hspi);
3072:Drivers/STM32F0xx_HAL_Driver/Src/stm32f0xx_hal_spi.c **** #endif /* USE_HAL_SPI_REGISTER_CALLBACKS */
3073:Drivers/STM32F0xx_HAL_Driver/Src/stm32f0xx_hal_spi.c **** }
3074:Drivers/STM32F0xx_HAL_Driver/Src/stm32f0xx_hal_spi.c **** 
3075:Drivers/STM32F0xx_HAL_Driver/Src/stm32f0xx_hal_spi.c **** /**
3076:Drivers/STM32F0xx_HAL_Driver/Src/stm32f0xx_hal_spi.c ****   * @brief  DMA SPI receive process complete callback.
3077:Drivers/STM32F0xx_HAL_Driver/Src/stm32f0xx_hal_spi.c ****   * @param  hdma pointer to a DMA_HandleTypeDef structure that contains
3078:Drivers/STM32F0xx_HAL_Driver/Src/stm32f0xx_hal_spi.c ****   *               the configuration information for the specified DMA module.
3079:Drivers/STM32F0xx_HAL_Driver/Src/stm32f0xx_hal_spi.c ****   * @retval None
3080:Drivers/STM32F0xx_HAL_Driver/Src/stm32f0xx_hal_spi.c ****   */
3081:Drivers/STM32F0xx_HAL_Driver/Src/stm32f0xx_hal_spi.c **** static void SPI_DMAReceiveCplt(DMA_HandleTypeDef *hdma)
3082:Drivers/STM32F0xx_HAL_Driver/Src/stm32f0xx_hal_spi.c **** {
3083:Drivers/STM32F0xx_HAL_Driver/Src/stm32f0xx_hal_spi.c ****   SPI_HandleTypeDef *hspi = (SPI_HandleTypeDef *)(((DMA_HandleTypeDef *)hdma)->Parent); /* Derogati
3084:Drivers/STM32F0xx_HAL_Driver/Src/stm32f0xx_hal_spi.c ****   uint32_t tickstart;
3085:Drivers/STM32F0xx_HAL_Driver/Src/stm32f0xx_hal_spi.c **** #if (USE_SPI_CRC != 0U)
3086:Drivers/STM32F0xx_HAL_Driver/Src/stm32f0xx_hal_spi.c ****   __IO uint32_t tmpreg = 0U;
3087:Drivers/STM32F0xx_HAL_Driver/Src/stm32f0xx_hal_spi.c ****   __IO uint8_t  *ptmpreg8;
3088:Drivers/STM32F0xx_HAL_Driver/Src/stm32f0xx_hal_spi.c ****   __IO uint8_t  tmpreg8 = 0;
3089:Drivers/STM32F0xx_HAL_Driver/Src/stm32f0xx_hal_spi.c **** #endif /* USE_SPI_CRC */
3090:Drivers/STM32F0xx_HAL_Driver/Src/stm32f0xx_hal_spi.c **** 
3091:Drivers/STM32F0xx_HAL_Driver/Src/stm32f0xx_hal_spi.c ****   /* Init tickstart for timeout management*/
3092:Drivers/STM32F0xx_HAL_Driver/Src/stm32f0xx_hal_spi.c ****   tickstart = HAL_GetTick();
3093:Drivers/STM32F0xx_HAL_Driver/Src/stm32f0xx_hal_spi.c **** 
3094:Drivers/STM32F0xx_HAL_Driver/Src/stm32f0xx_hal_spi.c ****   /* DMA Normal Mode */
3095:Drivers/STM32F0xx_HAL_Driver/Src/stm32f0xx_hal_spi.c ****   if ((hdma->Instance->CCR & DMA_CCR_CIRC) != DMA_CCR_CIRC)
3096:Drivers/STM32F0xx_HAL_Driver/Src/stm32f0xx_hal_spi.c ****   {
3097:Drivers/STM32F0xx_HAL_Driver/Src/stm32f0xx_hal_spi.c ****     /* Disable ERR interrupt */
3098:Drivers/STM32F0xx_HAL_Driver/Src/stm32f0xx_hal_spi.c ****     __HAL_SPI_DISABLE_IT(hspi, SPI_IT_ERR);
3099:Drivers/STM32F0xx_HAL_Driver/Src/stm32f0xx_hal_spi.c **** 
3100:Drivers/STM32F0xx_HAL_Driver/Src/stm32f0xx_hal_spi.c **** #if (USE_SPI_CRC != 0U)
3101:Drivers/STM32F0xx_HAL_Driver/Src/stm32f0xx_hal_spi.c ****     /* CRC handling */
3102:Drivers/STM32F0xx_HAL_Driver/Src/stm32f0xx_hal_spi.c ****     if (hspi->Init.CRCCalculation == SPI_CRCCALCULATION_ENABLE)
3103:Drivers/STM32F0xx_HAL_Driver/Src/stm32f0xx_hal_spi.c ****     {
3104:Drivers/STM32F0xx_HAL_Driver/Src/stm32f0xx_hal_spi.c ****       /* Wait until RXNE flag */
3105:Drivers/STM32F0xx_HAL_Driver/Src/stm32f0xx_hal_spi.c ****       if (SPI_WaitFlagStateUntilTimeout(hspi, SPI_FLAG_RXNE, SET, SPI_DEFAULT_TIMEOUT, tickstart) !
3106:Drivers/STM32F0xx_HAL_Driver/Src/stm32f0xx_hal_spi.c ****       {
3107:Drivers/STM32F0xx_HAL_Driver/Src/stm32f0xx_hal_spi.c ****         /* Error on the CRC reception */
3108:Drivers/STM32F0xx_HAL_Driver/Src/stm32f0xx_hal_spi.c ****         SET_BIT(hspi->ErrorCode, HAL_SPI_ERROR_CRC);
3109:Drivers/STM32F0xx_HAL_Driver/Src/stm32f0xx_hal_spi.c ****       }
3110:Drivers/STM32F0xx_HAL_Driver/Src/stm32f0xx_hal_spi.c ****       /* Read CRC */
ARM GAS  C:\Users\ADMINI~1\AppData\Local\Temp\ccrv5aWF.s 			page 56


3111:Drivers/STM32F0xx_HAL_Driver/Src/stm32f0xx_hal_spi.c ****       if (hspi->Init.DataSize > SPI_DATASIZE_8BIT)
3112:Drivers/STM32F0xx_HAL_Driver/Src/stm32f0xx_hal_spi.c ****       {
3113:Drivers/STM32F0xx_HAL_Driver/Src/stm32f0xx_hal_spi.c ****         /* Read 16bit CRC */
3114:Drivers/STM32F0xx_HAL_Driver/Src/stm32f0xx_hal_spi.c ****         tmpreg = READ_REG(hspi->Instance->DR);
3115:Drivers/STM32F0xx_HAL_Driver/Src/stm32f0xx_hal_spi.c ****         /* To avoid GCC warning */
3116:Drivers/STM32F0xx_HAL_Driver/Src/stm32f0xx_hal_spi.c ****         UNUSED(tmpreg);
3117:Drivers/STM32F0xx_HAL_Driver/Src/stm32f0xx_hal_spi.c ****       }
3118:Drivers/STM32F0xx_HAL_Driver/Src/stm32f0xx_hal_spi.c ****       else
3119:Drivers/STM32F0xx_HAL_Driver/Src/stm32f0xx_hal_spi.c ****       {
3120:Drivers/STM32F0xx_HAL_Driver/Src/stm32f0xx_hal_spi.c ****         /* Initialize the 8bit temporary pointer */
3121:Drivers/STM32F0xx_HAL_Driver/Src/stm32f0xx_hal_spi.c ****         ptmpreg8 = (__IO uint8_t *)&hspi->Instance->DR;
3122:Drivers/STM32F0xx_HAL_Driver/Src/stm32f0xx_hal_spi.c ****         /* Read 8bit CRC */
3123:Drivers/STM32F0xx_HAL_Driver/Src/stm32f0xx_hal_spi.c ****         tmpreg8 = *ptmpreg8;
3124:Drivers/STM32F0xx_HAL_Driver/Src/stm32f0xx_hal_spi.c ****         /* To avoid GCC warning */
3125:Drivers/STM32F0xx_HAL_Driver/Src/stm32f0xx_hal_spi.c ****         UNUSED(tmpreg8);
3126:Drivers/STM32F0xx_HAL_Driver/Src/stm32f0xx_hal_spi.c **** 
3127:Drivers/STM32F0xx_HAL_Driver/Src/stm32f0xx_hal_spi.c ****         if (hspi->Init.CRCLength == SPI_CRC_LENGTH_16BIT)
3128:Drivers/STM32F0xx_HAL_Driver/Src/stm32f0xx_hal_spi.c ****         {
3129:Drivers/STM32F0xx_HAL_Driver/Src/stm32f0xx_hal_spi.c ****           if (SPI_WaitFlagStateUntilTimeout(hspi, SPI_FLAG_RXNE, SET, SPI_DEFAULT_TIMEOUT, tickstar
3130:Drivers/STM32F0xx_HAL_Driver/Src/stm32f0xx_hal_spi.c ****           {
3131:Drivers/STM32F0xx_HAL_Driver/Src/stm32f0xx_hal_spi.c ****             /* Error on the CRC reception */
3132:Drivers/STM32F0xx_HAL_Driver/Src/stm32f0xx_hal_spi.c ****             SET_BIT(hspi->ErrorCode, HAL_SPI_ERROR_CRC);
3133:Drivers/STM32F0xx_HAL_Driver/Src/stm32f0xx_hal_spi.c ****           }
3134:Drivers/STM32F0xx_HAL_Driver/Src/stm32f0xx_hal_spi.c ****           /* Read 8bit CRC again in case of 16bit CRC in 8bit Data mode */
3135:Drivers/STM32F0xx_HAL_Driver/Src/stm32f0xx_hal_spi.c ****           tmpreg8 = *ptmpreg8;
3136:Drivers/STM32F0xx_HAL_Driver/Src/stm32f0xx_hal_spi.c ****           /* To avoid GCC warning */
3137:Drivers/STM32F0xx_HAL_Driver/Src/stm32f0xx_hal_spi.c ****           UNUSED(tmpreg8);
3138:Drivers/STM32F0xx_HAL_Driver/Src/stm32f0xx_hal_spi.c ****         }
3139:Drivers/STM32F0xx_HAL_Driver/Src/stm32f0xx_hal_spi.c ****       }
3140:Drivers/STM32F0xx_HAL_Driver/Src/stm32f0xx_hal_spi.c ****     }
3141:Drivers/STM32F0xx_HAL_Driver/Src/stm32f0xx_hal_spi.c **** #endif /* USE_SPI_CRC */
3142:Drivers/STM32F0xx_HAL_Driver/Src/stm32f0xx_hal_spi.c **** 
3143:Drivers/STM32F0xx_HAL_Driver/Src/stm32f0xx_hal_spi.c ****     /* Check if we are in Master RX 2 line mode */
3144:Drivers/STM32F0xx_HAL_Driver/Src/stm32f0xx_hal_spi.c ****     if ((hspi->Init.Direction == SPI_DIRECTION_2LINES) && (hspi->Init.Mode == SPI_MODE_MASTER))
3145:Drivers/STM32F0xx_HAL_Driver/Src/stm32f0xx_hal_spi.c ****     {
3146:Drivers/STM32F0xx_HAL_Driver/Src/stm32f0xx_hal_spi.c ****       /* Disable Rx/Tx DMA Request (done by default to handle the case master rx direction 2 lines)
3147:Drivers/STM32F0xx_HAL_Driver/Src/stm32f0xx_hal_spi.c ****       CLEAR_BIT(hspi->Instance->CR2, SPI_CR2_TXDMAEN | SPI_CR2_RXDMAEN);
3148:Drivers/STM32F0xx_HAL_Driver/Src/stm32f0xx_hal_spi.c ****     }
3149:Drivers/STM32F0xx_HAL_Driver/Src/stm32f0xx_hal_spi.c ****     else
3150:Drivers/STM32F0xx_HAL_Driver/Src/stm32f0xx_hal_spi.c ****     {
3151:Drivers/STM32F0xx_HAL_Driver/Src/stm32f0xx_hal_spi.c ****       /* Normal case */
3152:Drivers/STM32F0xx_HAL_Driver/Src/stm32f0xx_hal_spi.c ****       CLEAR_BIT(hspi->Instance->CR2, SPI_CR2_RXDMAEN);
3153:Drivers/STM32F0xx_HAL_Driver/Src/stm32f0xx_hal_spi.c ****     }
3154:Drivers/STM32F0xx_HAL_Driver/Src/stm32f0xx_hal_spi.c **** 
3155:Drivers/STM32F0xx_HAL_Driver/Src/stm32f0xx_hal_spi.c ****     /* Check the end of the transaction */
3156:Drivers/STM32F0xx_HAL_Driver/Src/stm32f0xx_hal_spi.c ****     if (SPI_EndRxTransaction(hspi, SPI_DEFAULT_TIMEOUT, tickstart) != HAL_OK)
3157:Drivers/STM32F0xx_HAL_Driver/Src/stm32f0xx_hal_spi.c ****     {
3158:Drivers/STM32F0xx_HAL_Driver/Src/stm32f0xx_hal_spi.c ****       hspi->ErrorCode = HAL_SPI_ERROR_FLAG;
3159:Drivers/STM32F0xx_HAL_Driver/Src/stm32f0xx_hal_spi.c ****     }
3160:Drivers/STM32F0xx_HAL_Driver/Src/stm32f0xx_hal_spi.c **** 
3161:Drivers/STM32F0xx_HAL_Driver/Src/stm32f0xx_hal_spi.c ****     hspi->RxXferCount = 0U;
3162:Drivers/STM32F0xx_HAL_Driver/Src/stm32f0xx_hal_spi.c ****     hspi->State = HAL_SPI_STATE_READY;
3163:Drivers/STM32F0xx_HAL_Driver/Src/stm32f0xx_hal_spi.c **** 
3164:Drivers/STM32F0xx_HAL_Driver/Src/stm32f0xx_hal_spi.c **** #if (USE_SPI_CRC != 0U)
3165:Drivers/STM32F0xx_HAL_Driver/Src/stm32f0xx_hal_spi.c ****     /* Check if CRC error occurred */
3166:Drivers/STM32F0xx_HAL_Driver/Src/stm32f0xx_hal_spi.c ****     if (__HAL_SPI_GET_FLAG(hspi, SPI_FLAG_CRCERR))
3167:Drivers/STM32F0xx_HAL_Driver/Src/stm32f0xx_hal_spi.c ****     {
ARM GAS  C:\Users\ADMINI~1\AppData\Local\Temp\ccrv5aWF.s 			page 57


3168:Drivers/STM32F0xx_HAL_Driver/Src/stm32f0xx_hal_spi.c ****       SET_BIT(hspi->ErrorCode, HAL_SPI_ERROR_CRC);
3169:Drivers/STM32F0xx_HAL_Driver/Src/stm32f0xx_hal_spi.c ****       __HAL_SPI_CLEAR_CRCERRFLAG(hspi);
3170:Drivers/STM32F0xx_HAL_Driver/Src/stm32f0xx_hal_spi.c ****     }
3171:Drivers/STM32F0xx_HAL_Driver/Src/stm32f0xx_hal_spi.c **** #endif /* USE_SPI_CRC */
3172:Drivers/STM32F0xx_HAL_Driver/Src/stm32f0xx_hal_spi.c **** 
3173:Drivers/STM32F0xx_HAL_Driver/Src/stm32f0xx_hal_spi.c ****     if (hspi->ErrorCode != HAL_SPI_ERROR_NONE)
3174:Drivers/STM32F0xx_HAL_Driver/Src/stm32f0xx_hal_spi.c ****     {
3175:Drivers/STM32F0xx_HAL_Driver/Src/stm32f0xx_hal_spi.c ****       /* Call user error callback */
3176:Drivers/STM32F0xx_HAL_Driver/Src/stm32f0xx_hal_spi.c **** #if (USE_HAL_SPI_REGISTER_CALLBACKS == 1U)
3177:Drivers/STM32F0xx_HAL_Driver/Src/stm32f0xx_hal_spi.c ****       hspi->ErrorCallback(hspi);
3178:Drivers/STM32F0xx_HAL_Driver/Src/stm32f0xx_hal_spi.c **** #else
3179:Drivers/STM32F0xx_HAL_Driver/Src/stm32f0xx_hal_spi.c ****       HAL_SPI_ErrorCallback(hspi);
3180:Drivers/STM32F0xx_HAL_Driver/Src/stm32f0xx_hal_spi.c **** #endif /* USE_HAL_SPI_REGISTER_CALLBACKS */
3181:Drivers/STM32F0xx_HAL_Driver/Src/stm32f0xx_hal_spi.c ****       return;
3182:Drivers/STM32F0xx_HAL_Driver/Src/stm32f0xx_hal_spi.c ****     }
3183:Drivers/STM32F0xx_HAL_Driver/Src/stm32f0xx_hal_spi.c ****   }
3184:Drivers/STM32F0xx_HAL_Driver/Src/stm32f0xx_hal_spi.c ****   /* Call user Rx complete callback */
3185:Drivers/STM32F0xx_HAL_Driver/Src/stm32f0xx_hal_spi.c **** #if (USE_HAL_SPI_REGISTER_CALLBACKS == 1U)
3186:Drivers/STM32F0xx_HAL_Driver/Src/stm32f0xx_hal_spi.c ****   hspi->RxCpltCallback(hspi);
3187:Drivers/STM32F0xx_HAL_Driver/Src/stm32f0xx_hal_spi.c **** #else
3188:Drivers/STM32F0xx_HAL_Driver/Src/stm32f0xx_hal_spi.c ****   HAL_SPI_RxCpltCallback(hspi);
3189:Drivers/STM32F0xx_HAL_Driver/Src/stm32f0xx_hal_spi.c **** #endif /* USE_HAL_SPI_REGISTER_CALLBACKS */
3190:Drivers/STM32F0xx_HAL_Driver/Src/stm32f0xx_hal_spi.c **** }
3191:Drivers/STM32F0xx_HAL_Driver/Src/stm32f0xx_hal_spi.c **** 
3192:Drivers/STM32F0xx_HAL_Driver/Src/stm32f0xx_hal_spi.c **** /**
3193:Drivers/STM32F0xx_HAL_Driver/Src/stm32f0xx_hal_spi.c ****   * @brief  DMA SPI transmit receive process complete callback.
3194:Drivers/STM32F0xx_HAL_Driver/Src/stm32f0xx_hal_spi.c ****   * @param  hdma pointer to a DMA_HandleTypeDef structure that contains
3195:Drivers/STM32F0xx_HAL_Driver/Src/stm32f0xx_hal_spi.c ****   *               the configuration information for the specified DMA module.
3196:Drivers/STM32F0xx_HAL_Driver/Src/stm32f0xx_hal_spi.c ****   * @retval None
3197:Drivers/STM32F0xx_HAL_Driver/Src/stm32f0xx_hal_spi.c ****   */
3198:Drivers/STM32F0xx_HAL_Driver/Src/stm32f0xx_hal_spi.c **** static void SPI_DMATransmitReceiveCplt(DMA_HandleTypeDef *hdma)
3199:Drivers/STM32F0xx_HAL_Driver/Src/stm32f0xx_hal_spi.c **** {
3200:Drivers/STM32F0xx_HAL_Driver/Src/stm32f0xx_hal_spi.c ****   SPI_HandleTypeDef *hspi = (SPI_HandleTypeDef *)(((DMA_HandleTypeDef *)hdma)->Parent); /* Derogati
3201:Drivers/STM32F0xx_HAL_Driver/Src/stm32f0xx_hal_spi.c ****   uint32_t tickstart;
3202:Drivers/STM32F0xx_HAL_Driver/Src/stm32f0xx_hal_spi.c **** #if (USE_SPI_CRC != 0U)
3203:Drivers/STM32F0xx_HAL_Driver/Src/stm32f0xx_hal_spi.c ****   __IO uint32_t tmpreg = 0U;
3204:Drivers/STM32F0xx_HAL_Driver/Src/stm32f0xx_hal_spi.c ****   __IO uint8_t  *ptmpreg8;
3205:Drivers/STM32F0xx_HAL_Driver/Src/stm32f0xx_hal_spi.c ****   __IO uint8_t  tmpreg8 = 0;
3206:Drivers/STM32F0xx_HAL_Driver/Src/stm32f0xx_hal_spi.c **** #endif /* USE_SPI_CRC */
3207:Drivers/STM32F0xx_HAL_Driver/Src/stm32f0xx_hal_spi.c **** 
3208:Drivers/STM32F0xx_HAL_Driver/Src/stm32f0xx_hal_spi.c ****   /* Init tickstart for timeout management*/
3209:Drivers/STM32F0xx_HAL_Driver/Src/stm32f0xx_hal_spi.c ****   tickstart = HAL_GetTick();
3210:Drivers/STM32F0xx_HAL_Driver/Src/stm32f0xx_hal_spi.c **** 
3211:Drivers/STM32F0xx_HAL_Driver/Src/stm32f0xx_hal_spi.c ****   /* DMA Normal Mode */
3212:Drivers/STM32F0xx_HAL_Driver/Src/stm32f0xx_hal_spi.c ****   if ((hdma->Instance->CCR & DMA_CCR_CIRC) != DMA_CCR_CIRC)
3213:Drivers/STM32F0xx_HAL_Driver/Src/stm32f0xx_hal_spi.c ****   {
3214:Drivers/STM32F0xx_HAL_Driver/Src/stm32f0xx_hal_spi.c ****     /* Disable ERR interrupt */
3215:Drivers/STM32F0xx_HAL_Driver/Src/stm32f0xx_hal_spi.c ****     __HAL_SPI_DISABLE_IT(hspi, SPI_IT_ERR);
3216:Drivers/STM32F0xx_HAL_Driver/Src/stm32f0xx_hal_spi.c **** 
3217:Drivers/STM32F0xx_HAL_Driver/Src/stm32f0xx_hal_spi.c **** #if (USE_SPI_CRC != 0U)
3218:Drivers/STM32F0xx_HAL_Driver/Src/stm32f0xx_hal_spi.c ****     /* CRC handling */
3219:Drivers/STM32F0xx_HAL_Driver/Src/stm32f0xx_hal_spi.c ****     if (hspi->Init.CRCCalculation == SPI_CRCCALCULATION_ENABLE)
3220:Drivers/STM32F0xx_HAL_Driver/Src/stm32f0xx_hal_spi.c ****     {
3221:Drivers/STM32F0xx_HAL_Driver/Src/stm32f0xx_hal_spi.c ****       if ((hspi->Init.DataSize == SPI_DATASIZE_8BIT) && (hspi->Init.CRCLength == SPI_CRC_LENGTH_8BI
3222:Drivers/STM32F0xx_HAL_Driver/Src/stm32f0xx_hal_spi.c ****       {
3223:Drivers/STM32F0xx_HAL_Driver/Src/stm32f0xx_hal_spi.c ****         if (SPI_WaitFifoStateUntilTimeout(hspi, SPI_FLAG_FRLVL, SPI_FRLVL_QUARTER_FULL, SPI_DEFAULT
3224:Drivers/STM32F0xx_HAL_Driver/Src/stm32f0xx_hal_spi.c ****                                           tickstart) != HAL_OK)
ARM GAS  C:\Users\ADMINI~1\AppData\Local\Temp\ccrv5aWF.s 			page 58


3225:Drivers/STM32F0xx_HAL_Driver/Src/stm32f0xx_hal_spi.c ****         {
3226:Drivers/STM32F0xx_HAL_Driver/Src/stm32f0xx_hal_spi.c ****           /* Error on the CRC reception */
3227:Drivers/STM32F0xx_HAL_Driver/Src/stm32f0xx_hal_spi.c ****           SET_BIT(hspi->ErrorCode, HAL_SPI_ERROR_CRC);
3228:Drivers/STM32F0xx_HAL_Driver/Src/stm32f0xx_hal_spi.c ****         }
3229:Drivers/STM32F0xx_HAL_Driver/Src/stm32f0xx_hal_spi.c ****         /* Initialize the 8bit temporary pointer */
3230:Drivers/STM32F0xx_HAL_Driver/Src/stm32f0xx_hal_spi.c ****         ptmpreg8 = (__IO uint8_t *)&hspi->Instance->DR;
3231:Drivers/STM32F0xx_HAL_Driver/Src/stm32f0xx_hal_spi.c ****         /* Read 8bit CRC */
3232:Drivers/STM32F0xx_HAL_Driver/Src/stm32f0xx_hal_spi.c ****         tmpreg8 = *ptmpreg8;
3233:Drivers/STM32F0xx_HAL_Driver/Src/stm32f0xx_hal_spi.c ****         /* To avoid GCC warning */
3234:Drivers/STM32F0xx_HAL_Driver/Src/stm32f0xx_hal_spi.c ****         UNUSED(tmpreg8);
3235:Drivers/STM32F0xx_HAL_Driver/Src/stm32f0xx_hal_spi.c ****       }
3236:Drivers/STM32F0xx_HAL_Driver/Src/stm32f0xx_hal_spi.c ****       else
3237:Drivers/STM32F0xx_HAL_Driver/Src/stm32f0xx_hal_spi.c ****       {
3238:Drivers/STM32F0xx_HAL_Driver/Src/stm32f0xx_hal_spi.c ****         if (SPI_WaitFifoStateUntilTimeout(hspi, SPI_FLAG_FRLVL, SPI_FRLVL_HALF_FULL, SPI_DEFAULT_TI
3239:Drivers/STM32F0xx_HAL_Driver/Src/stm32f0xx_hal_spi.c ****         {
3240:Drivers/STM32F0xx_HAL_Driver/Src/stm32f0xx_hal_spi.c ****           /* Error on the CRC reception */
3241:Drivers/STM32F0xx_HAL_Driver/Src/stm32f0xx_hal_spi.c ****           SET_BIT(hspi->ErrorCode, HAL_SPI_ERROR_CRC);
3242:Drivers/STM32F0xx_HAL_Driver/Src/stm32f0xx_hal_spi.c ****         }
3243:Drivers/STM32F0xx_HAL_Driver/Src/stm32f0xx_hal_spi.c ****         /* Read CRC to Flush DR and RXNE flag */
3244:Drivers/STM32F0xx_HAL_Driver/Src/stm32f0xx_hal_spi.c ****         tmpreg = READ_REG(hspi->Instance->DR);
3245:Drivers/STM32F0xx_HAL_Driver/Src/stm32f0xx_hal_spi.c ****         /* To avoid GCC warning */
3246:Drivers/STM32F0xx_HAL_Driver/Src/stm32f0xx_hal_spi.c ****         UNUSED(tmpreg);
3247:Drivers/STM32F0xx_HAL_Driver/Src/stm32f0xx_hal_spi.c ****       }
3248:Drivers/STM32F0xx_HAL_Driver/Src/stm32f0xx_hal_spi.c ****     }
3249:Drivers/STM32F0xx_HAL_Driver/Src/stm32f0xx_hal_spi.c **** #endif /* USE_SPI_CRC */
3250:Drivers/STM32F0xx_HAL_Driver/Src/stm32f0xx_hal_spi.c **** 
3251:Drivers/STM32F0xx_HAL_Driver/Src/stm32f0xx_hal_spi.c ****     /* Check the end of the transaction */
3252:Drivers/STM32F0xx_HAL_Driver/Src/stm32f0xx_hal_spi.c ****     if (SPI_EndRxTxTransaction(hspi, SPI_DEFAULT_TIMEOUT, tickstart) != HAL_OK)
3253:Drivers/STM32F0xx_HAL_Driver/Src/stm32f0xx_hal_spi.c ****     {
3254:Drivers/STM32F0xx_HAL_Driver/Src/stm32f0xx_hal_spi.c ****       SET_BIT(hspi->ErrorCode, HAL_SPI_ERROR_FLAG);
3255:Drivers/STM32F0xx_HAL_Driver/Src/stm32f0xx_hal_spi.c ****     }
3256:Drivers/STM32F0xx_HAL_Driver/Src/stm32f0xx_hal_spi.c **** 
3257:Drivers/STM32F0xx_HAL_Driver/Src/stm32f0xx_hal_spi.c ****     /* Disable Rx/Tx DMA Request */
3258:Drivers/STM32F0xx_HAL_Driver/Src/stm32f0xx_hal_spi.c ****     CLEAR_BIT(hspi->Instance->CR2, SPI_CR2_TXDMAEN | SPI_CR2_RXDMAEN);
3259:Drivers/STM32F0xx_HAL_Driver/Src/stm32f0xx_hal_spi.c **** 
3260:Drivers/STM32F0xx_HAL_Driver/Src/stm32f0xx_hal_spi.c ****     hspi->TxXferCount = 0U;
3261:Drivers/STM32F0xx_HAL_Driver/Src/stm32f0xx_hal_spi.c ****     hspi->RxXferCount = 0U;
3262:Drivers/STM32F0xx_HAL_Driver/Src/stm32f0xx_hal_spi.c ****     hspi->State = HAL_SPI_STATE_READY;
3263:Drivers/STM32F0xx_HAL_Driver/Src/stm32f0xx_hal_spi.c **** 
3264:Drivers/STM32F0xx_HAL_Driver/Src/stm32f0xx_hal_spi.c **** #if (USE_SPI_CRC != 0U)
3265:Drivers/STM32F0xx_HAL_Driver/Src/stm32f0xx_hal_spi.c ****     /* Check if CRC error occurred */
3266:Drivers/STM32F0xx_HAL_Driver/Src/stm32f0xx_hal_spi.c ****     if (__HAL_SPI_GET_FLAG(hspi, SPI_FLAG_CRCERR))
3267:Drivers/STM32F0xx_HAL_Driver/Src/stm32f0xx_hal_spi.c ****     {
3268:Drivers/STM32F0xx_HAL_Driver/Src/stm32f0xx_hal_spi.c ****       SET_BIT(hspi->ErrorCode, HAL_SPI_ERROR_CRC);
3269:Drivers/STM32F0xx_HAL_Driver/Src/stm32f0xx_hal_spi.c ****       __HAL_SPI_CLEAR_CRCERRFLAG(hspi);
3270:Drivers/STM32F0xx_HAL_Driver/Src/stm32f0xx_hal_spi.c ****     }
3271:Drivers/STM32F0xx_HAL_Driver/Src/stm32f0xx_hal_spi.c **** #endif /* USE_SPI_CRC */
3272:Drivers/STM32F0xx_HAL_Driver/Src/stm32f0xx_hal_spi.c **** 
3273:Drivers/STM32F0xx_HAL_Driver/Src/stm32f0xx_hal_spi.c ****     if (hspi->ErrorCode != HAL_SPI_ERROR_NONE)
3274:Drivers/STM32F0xx_HAL_Driver/Src/stm32f0xx_hal_spi.c ****     {
3275:Drivers/STM32F0xx_HAL_Driver/Src/stm32f0xx_hal_spi.c ****       /* Call user error callback */
3276:Drivers/STM32F0xx_HAL_Driver/Src/stm32f0xx_hal_spi.c **** #if (USE_HAL_SPI_REGISTER_CALLBACKS == 1U)
3277:Drivers/STM32F0xx_HAL_Driver/Src/stm32f0xx_hal_spi.c ****       hspi->ErrorCallback(hspi);
3278:Drivers/STM32F0xx_HAL_Driver/Src/stm32f0xx_hal_spi.c **** #else
3279:Drivers/STM32F0xx_HAL_Driver/Src/stm32f0xx_hal_spi.c ****       HAL_SPI_ErrorCallback(hspi);
3280:Drivers/STM32F0xx_HAL_Driver/Src/stm32f0xx_hal_spi.c **** #endif /* USE_HAL_SPI_REGISTER_CALLBACKS */
3281:Drivers/STM32F0xx_HAL_Driver/Src/stm32f0xx_hal_spi.c ****       return;
ARM GAS  C:\Users\ADMINI~1\AppData\Local\Temp\ccrv5aWF.s 			page 59


3282:Drivers/STM32F0xx_HAL_Driver/Src/stm32f0xx_hal_spi.c ****     }
3283:Drivers/STM32F0xx_HAL_Driver/Src/stm32f0xx_hal_spi.c ****   }
3284:Drivers/STM32F0xx_HAL_Driver/Src/stm32f0xx_hal_spi.c ****   /* Call user TxRx complete callback */
3285:Drivers/STM32F0xx_HAL_Driver/Src/stm32f0xx_hal_spi.c **** #if (USE_HAL_SPI_REGISTER_CALLBACKS == 1U)
3286:Drivers/STM32F0xx_HAL_Driver/Src/stm32f0xx_hal_spi.c ****   hspi->TxRxCpltCallback(hspi);
3287:Drivers/STM32F0xx_HAL_Driver/Src/stm32f0xx_hal_spi.c **** #else
3288:Drivers/STM32F0xx_HAL_Driver/Src/stm32f0xx_hal_spi.c ****   HAL_SPI_TxRxCpltCallback(hspi);
3289:Drivers/STM32F0xx_HAL_Driver/Src/stm32f0xx_hal_spi.c **** #endif /* USE_HAL_SPI_REGISTER_CALLBACKS */
3290:Drivers/STM32F0xx_HAL_Driver/Src/stm32f0xx_hal_spi.c **** }
3291:Drivers/STM32F0xx_HAL_Driver/Src/stm32f0xx_hal_spi.c **** 
3292:Drivers/STM32F0xx_HAL_Driver/Src/stm32f0xx_hal_spi.c **** /**
3293:Drivers/STM32F0xx_HAL_Driver/Src/stm32f0xx_hal_spi.c ****   * @brief  DMA SPI half transmit process complete callback.
3294:Drivers/STM32F0xx_HAL_Driver/Src/stm32f0xx_hal_spi.c ****   * @param  hdma pointer to a DMA_HandleTypeDef structure that contains
3295:Drivers/STM32F0xx_HAL_Driver/Src/stm32f0xx_hal_spi.c ****   *               the configuration information for the specified DMA module.
3296:Drivers/STM32F0xx_HAL_Driver/Src/stm32f0xx_hal_spi.c ****   * @retval None
3297:Drivers/STM32F0xx_HAL_Driver/Src/stm32f0xx_hal_spi.c ****   */
3298:Drivers/STM32F0xx_HAL_Driver/Src/stm32f0xx_hal_spi.c **** static void SPI_DMAHalfTransmitCplt(DMA_HandleTypeDef *hdma)
3299:Drivers/STM32F0xx_HAL_Driver/Src/stm32f0xx_hal_spi.c **** {
3300:Drivers/STM32F0xx_HAL_Driver/Src/stm32f0xx_hal_spi.c ****   SPI_HandleTypeDef *hspi = (SPI_HandleTypeDef *)(((DMA_HandleTypeDef *)hdma)->Parent); /* Derogati
3301:Drivers/STM32F0xx_HAL_Driver/Src/stm32f0xx_hal_spi.c **** 
3302:Drivers/STM32F0xx_HAL_Driver/Src/stm32f0xx_hal_spi.c ****   /* Call user Tx half complete callback */
3303:Drivers/STM32F0xx_HAL_Driver/Src/stm32f0xx_hal_spi.c **** #if (USE_HAL_SPI_REGISTER_CALLBACKS == 1U)
3304:Drivers/STM32F0xx_HAL_Driver/Src/stm32f0xx_hal_spi.c ****   hspi->TxHalfCpltCallback(hspi);
3305:Drivers/STM32F0xx_HAL_Driver/Src/stm32f0xx_hal_spi.c **** #else
3306:Drivers/STM32F0xx_HAL_Driver/Src/stm32f0xx_hal_spi.c ****   HAL_SPI_TxHalfCpltCallback(hspi);
3307:Drivers/STM32F0xx_HAL_Driver/Src/stm32f0xx_hal_spi.c **** #endif /* USE_HAL_SPI_REGISTER_CALLBACKS */
3308:Drivers/STM32F0xx_HAL_Driver/Src/stm32f0xx_hal_spi.c **** }
3309:Drivers/STM32F0xx_HAL_Driver/Src/stm32f0xx_hal_spi.c **** 
3310:Drivers/STM32F0xx_HAL_Driver/Src/stm32f0xx_hal_spi.c **** /**
3311:Drivers/STM32F0xx_HAL_Driver/Src/stm32f0xx_hal_spi.c ****   * @brief  DMA SPI half receive process complete callback
3312:Drivers/STM32F0xx_HAL_Driver/Src/stm32f0xx_hal_spi.c ****   * @param  hdma pointer to a DMA_HandleTypeDef structure that contains
3313:Drivers/STM32F0xx_HAL_Driver/Src/stm32f0xx_hal_spi.c ****   *               the configuration information for the specified DMA module.
3314:Drivers/STM32F0xx_HAL_Driver/Src/stm32f0xx_hal_spi.c ****   * @retval None
3315:Drivers/STM32F0xx_HAL_Driver/Src/stm32f0xx_hal_spi.c ****   */
3316:Drivers/STM32F0xx_HAL_Driver/Src/stm32f0xx_hal_spi.c **** static void SPI_DMAHalfReceiveCplt(DMA_HandleTypeDef *hdma)
3317:Drivers/STM32F0xx_HAL_Driver/Src/stm32f0xx_hal_spi.c **** {
3318:Drivers/STM32F0xx_HAL_Driver/Src/stm32f0xx_hal_spi.c ****   SPI_HandleTypeDef *hspi = (SPI_HandleTypeDef *)(((DMA_HandleTypeDef *)hdma)->Parent); /* Derogati
3319:Drivers/STM32F0xx_HAL_Driver/Src/stm32f0xx_hal_spi.c **** 
3320:Drivers/STM32F0xx_HAL_Driver/Src/stm32f0xx_hal_spi.c ****   /* Call user Rx half complete callback */
3321:Drivers/STM32F0xx_HAL_Driver/Src/stm32f0xx_hal_spi.c **** #if (USE_HAL_SPI_REGISTER_CALLBACKS == 1U)
3322:Drivers/STM32F0xx_HAL_Driver/Src/stm32f0xx_hal_spi.c ****   hspi->RxHalfCpltCallback(hspi);
3323:Drivers/STM32F0xx_HAL_Driver/Src/stm32f0xx_hal_spi.c **** #else
3324:Drivers/STM32F0xx_HAL_Driver/Src/stm32f0xx_hal_spi.c ****   HAL_SPI_RxHalfCpltCallback(hspi);
3325:Drivers/STM32F0xx_HAL_Driver/Src/stm32f0xx_hal_spi.c **** #endif /* USE_HAL_SPI_REGISTER_CALLBACKS */
3326:Drivers/STM32F0xx_HAL_Driver/Src/stm32f0xx_hal_spi.c **** }
3327:Drivers/STM32F0xx_HAL_Driver/Src/stm32f0xx_hal_spi.c **** 
3328:Drivers/STM32F0xx_HAL_Driver/Src/stm32f0xx_hal_spi.c **** /**
3329:Drivers/STM32F0xx_HAL_Driver/Src/stm32f0xx_hal_spi.c ****   * @brief  DMA SPI half transmit receive process complete callback.
3330:Drivers/STM32F0xx_HAL_Driver/Src/stm32f0xx_hal_spi.c ****   * @param  hdma pointer to a DMA_HandleTypeDef structure that contains
3331:Drivers/STM32F0xx_HAL_Driver/Src/stm32f0xx_hal_spi.c ****   *               the configuration information for the specified DMA module.
3332:Drivers/STM32F0xx_HAL_Driver/Src/stm32f0xx_hal_spi.c ****   * @retval None
3333:Drivers/STM32F0xx_HAL_Driver/Src/stm32f0xx_hal_spi.c ****   */
3334:Drivers/STM32F0xx_HAL_Driver/Src/stm32f0xx_hal_spi.c **** static void SPI_DMAHalfTransmitReceiveCplt(DMA_HandleTypeDef *hdma)
3335:Drivers/STM32F0xx_HAL_Driver/Src/stm32f0xx_hal_spi.c **** {
3336:Drivers/STM32F0xx_HAL_Driver/Src/stm32f0xx_hal_spi.c ****   SPI_HandleTypeDef *hspi = (SPI_HandleTypeDef *)(((DMA_HandleTypeDef *)hdma)->Parent); /* Derogati
3337:Drivers/STM32F0xx_HAL_Driver/Src/stm32f0xx_hal_spi.c **** 
3338:Drivers/STM32F0xx_HAL_Driver/Src/stm32f0xx_hal_spi.c ****   /* Call user TxRx half complete callback */
ARM GAS  C:\Users\ADMINI~1\AppData\Local\Temp\ccrv5aWF.s 			page 60


3339:Drivers/STM32F0xx_HAL_Driver/Src/stm32f0xx_hal_spi.c **** #if (USE_HAL_SPI_REGISTER_CALLBACKS == 1U)
3340:Drivers/STM32F0xx_HAL_Driver/Src/stm32f0xx_hal_spi.c ****   hspi->TxRxHalfCpltCallback(hspi);
3341:Drivers/STM32F0xx_HAL_Driver/Src/stm32f0xx_hal_spi.c **** #else
3342:Drivers/STM32F0xx_HAL_Driver/Src/stm32f0xx_hal_spi.c ****   HAL_SPI_TxRxHalfCpltCallback(hspi);
3343:Drivers/STM32F0xx_HAL_Driver/Src/stm32f0xx_hal_spi.c **** #endif /* USE_HAL_SPI_REGISTER_CALLBACKS */
3344:Drivers/STM32F0xx_HAL_Driver/Src/stm32f0xx_hal_spi.c **** }
3345:Drivers/STM32F0xx_HAL_Driver/Src/stm32f0xx_hal_spi.c **** 
3346:Drivers/STM32F0xx_HAL_Driver/Src/stm32f0xx_hal_spi.c **** /**
3347:Drivers/STM32F0xx_HAL_Driver/Src/stm32f0xx_hal_spi.c ****   * @brief  DMA SPI communication error callback.
3348:Drivers/STM32F0xx_HAL_Driver/Src/stm32f0xx_hal_spi.c ****   * @param  hdma pointer to a DMA_HandleTypeDef structure that contains
3349:Drivers/STM32F0xx_HAL_Driver/Src/stm32f0xx_hal_spi.c ****   *               the configuration information for the specified DMA module.
3350:Drivers/STM32F0xx_HAL_Driver/Src/stm32f0xx_hal_spi.c ****   * @retval None
3351:Drivers/STM32F0xx_HAL_Driver/Src/stm32f0xx_hal_spi.c ****   */
3352:Drivers/STM32F0xx_HAL_Driver/Src/stm32f0xx_hal_spi.c **** static void SPI_DMAError(DMA_HandleTypeDef *hdma)
3353:Drivers/STM32F0xx_HAL_Driver/Src/stm32f0xx_hal_spi.c **** {
3354:Drivers/STM32F0xx_HAL_Driver/Src/stm32f0xx_hal_spi.c ****   SPI_HandleTypeDef *hspi = (SPI_HandleTypeDef *)(((DMA_HandleTypeDef *)hdma)->Parent); /* Derogati
3355:Drivers/STM32F0xx_HAL_Driver/Src/stm32f0xx_hal_spi.c **** 
3356:Drivers/STM32F0xx_HAL_Driver/Src/stm32f0xx_hal_spi.c ****   /* Stop the disable DMA transfer on SPI side */
3357:Drivers/STM32F0xx_HAL_Driver/Src/stm32f0xx_hal_spi.c ****   CLEAR_BIT(hspi->Instance->CR2, SPI_CR2_TXDMAEN | SPI_CR2_RXDMAEN);
3358:Drivers/STM32F0xx_HAL_Driver/Src/stm32f0xx_hal_spi.c **** 
3359:Drivers/STM32F0xx_HAL_Driver/Src/stm32f0xx_hal_spi.c ****   SET_BIT(hspi->ErrorCode, HAL_SPI_ERROR_DMA);
3360:Drivers/STM32F0xx_HAL_Driver/Src/stm32f0xx_hal_spi.c ****   hspi->State = HAL_SPI_STATE_READY;
3361:Drivers/STM32F0xx_HAL_Driver/Src/stm32f0xx_hal_spi.c ****   /* Call user error callback */
3362:Drivers/STM32F0xx_HAL_Driver/Src/stm32f0xx_hal_spi.c **** #if (USE_HAL_SPI_REGISTER_CALLBACKS == 1U)
3363:Drivers/STM32F0xx_HAL_Driver/Src/stm32f0xx_hal_spi.c ****   hspi->ErrorCallback(hspi);
3364:Drivers/STM32F0xx_HAL_Driver/Src/stm32f0xx_hal_spi.c **** #else
3365:Drivers/STM32F0xx_HAL_Driver/Src/stm32f0xx_hal_spi.c ****   HAL_SPI_ErrorCallback(hspi);
3366:Drivers/STM32F0xx_HAL_Driver/Src/stm32f0xx_hal_spi.c **** #endif /* USE_HAL_SPI_REGISTER_CALLBACKS */
3367:Drivers/STM32F0xx_HAL_Driver/Src/stm32f0xx_hal_spi.c **** }
3368:Drivers/STM32F0xx_HAL_Driver/Src/stm32f0xx_hal_spi.c **** 
3369:Drivers/STM32F0xx_HAL_Driver/Src/stm32f0xx_hal_spi.c **** /**
3370:Drivers/STM32F0xx_HAL_Driver/Src/stm32f0xx_hal_spi.c ****   * @brief  DMA SPI communication abort callback, when initiated by HAL services on Error
3371:Drivers/STM32F0xx_HAL_Driver/Src/stm32f0xx_hal_spi.c ****   *         (To be called at end of DMA Abort procedure following error occurrence).
3372:Drivers/STM32F0xx_HAL_Driver/Src/stm32f0xx_hal_spi.c ****   * @param  hdma DMA handle.
3373:Drivers/STM32F0xx_HAL_Driver/Src/stm32f0xx_hal_spi.c ****   * @retval None
3374:Drivers/STM32F0xx_HAL_Driver/Src/stm32f0xx_hal_spi.c ****   */
3375:Drivers/STM32F0xx_HAL_Driver/Src/stm32f0xx_hal_spi.c **** static void SPI_DMAAbortOnError(DMA_HandleTypeDef *hdma)
3376:Drivers/STM32F0xx_HAL_Driver/Src/stm32f0xx_hal_spi.c **** {
3377:Drivers/STM32F0xx_HAL_Driver/Src/stm32f0xx_hal_spi.c ****   SPI_HandleTypeDef *hspi = (SPI_HandleTypeDef *)(((DMA_HandleTypeDef *)hdma)->Parent); /* Derogati
3378:Drivers/STM32F0xx_HAL_Driver/Src/stm32f0xx_hal_spi.c ****   hspi->RxXferCount = 0U;
3379:Drivers/STM32F0xx_HAL_Driver/Src/stm32f0xx_hal_spi.c ****   hspi->TxXferCount = 0U;
3380:Drivers/STM32F0xx_HAL_Driver/Src/stm32f0xx_hal_spi.c **** 
3381:Drivers/STM32F0xx_HAL_Driver/Src/stm32f0xx_hal_spi.c ****   /* Call user error callback */
3382:Drivers/STM32F0xx_HAL_Driver/Src/stm32f0xx_hal_spi.c **** #if (USE_HAL_SPI_REGISTER_CALLBACKS == 1U)
3383:Drivers/STM32F0xx_HAL_Driver/Src/stm32f0xx_hal_spi.c ****   hspi->ErrorCallback(hspi);
3384:Drivers/STM32F0xx_HAL_Driver/Src/stm32f0xx_hal_spi.c **** #else
3385:Drivers/STM32F0xx_HAL_Driver/Src/stm32f0xx_hal_spi.c ****   HAL_SPI_ErrorCallback(hspi);
3386:Drivers/STM32F0xx_HAL_Driver/Src/stm32f0xx_hal_spi.c **** #endif /* USE_HAL_SPI_REGISTER_CALLBACKS */
3387:Drivers/STM32F0xx_HAL_Driver/Src/stm32f0xx_hal_spi.c **** }
3388:Drivers/STM32F0xx_HAL_Driver/Src/stm32f0xx_hal_spi.c **** 
3389:Drivers/STM32F0xx_HAL_Driver/Src/stm32f0xx_hal_spi.c **** /**
3390:Drivers/STM32F0xx_HAL_Driver/Src/stm32f0xx_hal_spi.c ****   * @brief  DMA SPI Tx communication abort callback, when initiated by user
3391:Drivers/STM32F0xx_HAL_Driver/Src/stm32f0xx_hal_spi.c ****   *         (To be called at end of DMA Tx Abort procedure following user abort request).
3392:Drivers/STM32F0xx_HAL_Driver/Src/stm32f0xx_hal_spi.c ****   * @note   When this callback is executed, User Abort complete call back is called only if no
3393:Drivers/STM32F0xx_HAL_Driver/Src/stm32f0xx_hal_spi.c ****   *         Abort still ongoing for Rx DMA Handle.
3394:Drivers/STM32F0xx_HAL_Driver/Src/stm32f0xx_hal_spi.c ****   * @param  hdma DMA handle.
3395:Drivers/STM32F0xx_HAL_Driver/Src/stm32f0xx_hal_spi.c ****   * @retval None
ARM GAS  C:\Users\ADMINI~1\AppData\Local\Temp\ccrv5aWF.s 			page 61


3396:Drivers/STM32F0xx_HAL_Driver/Src/stm32f0xx_hal_spi.c ****   */
3397:Drivers/STM32F0xx_HAL_Driver/Src/stm32f0xx_hal_spi.c **** static void SPI_DMATxAbortCallback(DMA_HandleTypeDef *hdma)
3398:Drivers/STM32F0xx_HAL_Driver/Src/stm32f0xx_hal_spi.c **** {
3399:Drivers/STM32F0xx_HAL_Driver/Src/stm32f0xx_hal_spi.c ****   SPI_HandleTypeDef *hspi = (SPI_HandleTypeDef *)(((DMA_HandleTypeDef *)hdma)->Parent); /* Derogati
3400:Drivers/STM32F0xx_HAL_Driver/Src/stm32f0xx_hal_spi.c **** 
3401:Drivers/STM32F0xx_HAL_Driver/Src/stm32f0xx_hal_spi.c ****   hspi->hdmatx->XferAbortCallback = NULL;
3402:Drivers/STM32F0xx_HAL_Driver/Src/stm32f0xx_hal_spi.c **** 
3403:Drivers/STM32F0xx_HAL_Driver/Src/stm32f0xx_hal_spi.c ****   /* Disable Tx DMA Request */
3404:Drivers/STM32F0xx_HAL_Driver/Src/stm32f0xx_hal_spi.c ****   CLEAR_BIT(hspi->Instance->CR2, SPI_CR2_TXDMAEN);
3405:Drivers/STM32F0xx_HAL_Driver/Src/stm32f0xx_hal_spi.c **** 
3406:Drivers/STM32F0xx_HAL_Driver/Src/stm32f0xx_hal_spi.c ****   if (SPI_EndRxTxTransaction(hspi, SPI_DEFAULT_TIMEOUT, HAL_GetTick()) != HAL_OK)
3407:Drivers/STM32F0xx_HAL_Driver/Src/stm32f0xx_hal_spi.c ****   {
3408:Drivers/STM32F0xx_HAL_Driver/Src/stm32f0xx_hal_spi.c ****     hspi->ErrorCode = HAL_SPI_ERROR_ABORT;
3409:Drivers/STM32F0xx_HAL_Driver/Src/stm32f0xx_hal_spi.c ****   }
3410:Drivers/STM32F0xx_HAL_Driver/Src/stm32f0xx_hal_spi.c **** 
3411:Drivers/STM32F0xx_HAL_Driver/Src/stm32f0xx_hal_spi.c ****   /* Disable SPI Peripheral */
3412:Drivers/STM32F0xx_HAL_Driver/Src/stm32f0xx_hal_spi.c ****   __HAL_SPI_DISABLE(hspi);
3413:Drivers/STM32F0xx_HAL_Driver/Src/stm32f0xx_hal_spi.c **** 
3414:Drivers/STM32F0xx_HAL_Driver/Src/stm32f0xx_hal_spi.c ****   /* Empty the FRLVL fifo */
3415:Drivers/STM32F0xx_HAL_Driver/Src/stm32f0xx_hal_spi.c ****   if (SPI_WaitFifoStateUntilTimeout(hspi, SPI_FLAG_FRLVL, SPI_FRLVL_EMPTY, SPI_DEFAULT_TIMEOUT, HAL
3416:Drivers/STM32F0xx_HAL_Driver/Src/stm32f0xx_hal_spi.c ****   {
3417:Drivers/STM32F0xx_HAL_Driver/Src/stm32f0xx_hal_spi.c ****     hspi->ErrorCode = HAL_SPI_ERROR_ABORT;
3418:Drivers/STM32F0xx_HAL_Driver/Src/stm32f0xx_hal_spi.c ****   }
3419:Drivers/STM32F0xx_HAL_Driver/Src/stm32f0xx_hal_spi.c **** 
3420:Drivers/STM32F0xx_HAL_Driver/Src/stm32f0xx_hal_spi.c ****   /* Check if an Abort process is still ongoing */
3421:Drivers/STM32F0xx_HAL_Driver/Src/stm32f0xx_hal_spi.c ****   if (hspi->hdmarx != NULL)
3422:Drivers/STM32F0xx_HAL_Driver/Src/stm32f0xx_hal_spi.c ****   {
3423:Drivers/STM32F0xx_HAL_Driver/Src/stm32f0xx_hal_spi.c ****     if (hspi->hdmarx->XferAbortCallback != NULL)
3424:Drivers/STM32F0xx_HAL_Driver/Src/stm32f0xx_hal_spi.c ****     {
3425:Drivers/STM32F0xx_HAL_Driver/Src/stm32f0xx_hal_spi.c ****       return;
3426:Drivers/STM32F0xx_HAL_Driver/Src/stm32f0xx_hal_spi.c ****     }
3427:Drivers/STM32F0xx_HAL_Driver/Src/stm32f0xx_hal_spi.c ****   }
3428:Drivers/STM32F0xx_HAL_Driver/Src/stm32f0xx_hal_spi.c **** 
3429:Drivers/STM32F0xx_HAL_Driver/Src/stm32f0xx_hal_spi.c ****   /* No Abort process still ongoing : All DMA Stream/Channel are aborted, call user Abort Complete 
3430:Drivers/STM32F0xx_HAL_Driver/Src/stm32f0xx_hal_spi.c ****   hspi->RxXferCount = 0U;
3431:Drivers/STM32F0xx_HAL_Driver/Src/stm32f0xx_hal_spi.c ****   hspi->TxXferCount = 0U;
3432:Drivers/STM32F0xx_HAL_Driver/Src/stm32f0xx_hal_spi.c **** 
3433:Drivers/STM32F0xx_HAL_Driver/Src/stm32f0xx_hal_spi.c ****   /* Check no error during Abort procedure */
3434:Drivers/STM32F0xx_HAL_Driver/Src/stm32f0xx_hal_spi.c ****   if (hspi->ErrorCode != HAL_SPI_ERROR_ABORT)
3435:Drivers/STM32F0xx_HAL_Driver/Src/stm32f0xx_hal_spi.c ****   {
3436:Drivers/STM32F0xx_HAL_Driver/Src/stm32f0xx_hal_spi.c ****     /* Reset errorCode */
3437:Drivers/STM32F0xx_HAL_Driver/Src/stm32f0xx_hal_spi.c ****     hspi->ErrorCode = HAL_SPI_ERROR_NONE;
3438:Drivers/STM32F0xx_HAL_Driver/Src/stm32f0xx_hal_spi.c ****   }
3439:Drivers/STM32F0xx_HAL_Driver/Src/stm32f0xx_hal_spi.c **** 
3440:Drivers/STM32F0xx_HAL_Driver/Src/stm32f0xx_hal_spi.c ****   /* Clear the Error flags in the SR register */
3441:Drivers/STM32F0xx_HAL_Driver/Src/stm32f0xx_hal_spi.c ****   __HAL_SPI_CLEAR_OVRFLAG(hspi);
3442:Drivers/STM32F0xx_HAL_Driver/Src/stm32f0xx_hal_spi.c ****   __HAL_SPI_CLEAR_FREFLAG(hspi);
3443:Drivers/STM32F0xx_HAL_Driver/Src/stm32f0xx_hal_spi.c **** 
3444:Drivers/STM32F0xx_HAL_Driver/Src/stm32f0xx_hal_spi.c ****   /* Restore hspi->State to Ready */
3445:Drivers/STM32F0xx_HAL_Driver/Src/stm32f0xx_hal_spi.c ****   hspi->State  = HAL_SPI_STATE_READY;
3446:Drivers/STM32F0xx_HAL_Driver/Src/stm32f0xx_hal_spi.c **** 
3447:Drivers/STM32F0xx_HAL_Driver/Src/stm32f0xx_hal_spi.c ****   /* Call user Abort complete callback */
3448:Drivers/STM32F0xx_HAL_Driver/Src/stm32f0xx_hal_spi.c **** #if (USE_HAL_SPI_REGISTER_CALLBACKS == 1U)
3449:Drivers/STM32F0xx_HAL_Driver/Src/stm32f0xx_hal_spi.c ****   hspi->AbortCpltCallback(hspi);
3450:Drivers/STM32F0xx_HAL_Driver/Src/stm32f0xx_hal_spi.c **** #else
3451:Drivers/STM32F0xx_HAL_Driver/Src/stm32f0xx_hal_spi.c ****   HAL_SPI_AbortCpltCallback(hspi);
3452:Drivers/STM32F0xx_HAL_Driver/Src/stm32f0xx_hal_spi.c **** #endif /* USE_HAL_SPI_REGISTER_CALLBACKS */
ARM GAS  C:\Users\ADMINI~1\AppData\Local\Temp\ccrv5aWF.s 			page 62


3453:Drivers/STM32F0xx_HAL_Driver/Src/stm32f0xx_hal_spi.c **** }
3454:Drivers/STM32F0xx_HAL_Driver/Src/stm32f0xx_hal_spi.c **** 
3455:Drivers/STM32F0xx_HAL_Driver/Src/stm32f0xx_hal_spi.c **** /**
3456:Drivers/STM32F0xx_HAL_Driver/Src/stm32f0xx_hal_spi.c ****   * @brief  DMA SPI Rx communication abort callback, when initiated by user
3457:Drivers/STM32F0xx_HAL_Driver/Src/stm32f0xx_hal_spi.c ****   *         (To be called at end of DMA Rx Abort procedure following user abort request).
3458:Drivers/STM32F0xx_HAL_Driver/Src/stm32f0xx_hal_spi.c ****   * @note   When this callback is executed, User Abort complete call back is called only if no
3459:Drivers/STM32F0xx_HAL_Driver/Src/stm32f0xx_hal_spi.c ****   *         Abort still ongoing for Tx DMA Handle.
3460:Drivers/STM32F0xx_HAL_Driver/Src/stm32f0xx_hal_spi.c ****   * @param  hdma DMA handle.
3461:Drivers/STM32F0xx_HAL_Driver/Src/stm32f0xx_hal_spi.c ****   * @retval None
3462:Drivers/STM32F0xx_HAL_Driver/Src/stm32f0xx_hal_spi.c ****   */
3463:Drivers/STM32F0xx_HAL_Driver/Src/stm32f0xx_hal_spi.c **** static void SPI_DMARxAbortCallback(DMA_HandleTypeDef *hdma)
3464:Drivers/STM32F0xx_HAL_Driver/Src/stm32f0xx_hal_spi.c **** {
3465:Drivers/STM32F0xx_HAL_Driver/Src/stm32f0xx_hal_spi.c ****   SPI_HandleTypeDef *hspi = (SPI_HandleTypeDef *)(((DMA_HandleTypeDef *)hdma)->Parent); /* Derogati
3466:Drivers/STM32F0xx_HAL_Driver/Src/stm32f0xx_hal_spi.c **** 
3467:Drivers/STM32F0xx_HAL_Driver/Src/stm32f0xx_hal_spi.c ****   /* Disable SPI Peripheral */
3468:Drivers/STM32F0xx_HAL_Driver/Src/stm32f0xx_hal_spi.c ****   __HAL_SPI_DISABLE(hspi);
3469:Drivers/STM32F0xx_HAL_Driver/Src/stm32f0xx_hal_spi.c **** 
3470:Drivers/STM32F0xx_HAL_Driver/Src/stm32f0xx_hal_spi.c ****   hspi->hdmarx->XferAbortCallback = NULL;
3471:Drivers/STM32F0xx_HAL_Driver/Src/stm32f0xx_hal_spi.c **** 
3472:Drivers/STM32F0xx_HAL_Driver/Src/stm32f0xx_hal_spi.c ****   /* Disable Rx DMA Request */
3473:Drivers/STM32F0xx_HAL_Driver/Src/stm32f0xx_hal_spi.c ****   CLEAR_BIT(hspi->Instance->CR2, SPI_CR2_RXDMAEN);
3474:Drivers/STM32F0xx_HAL_Driver/Src/stm32f0xx_hal_spi.c **** 
3475:Drivers/STM32F0xx_HAL_Driver/Src/stm32f0xx_hal_spi.c ****   /* Control the BSY flag */
3476:Drivers/STM32F0xx_HAL_Driver/Src/stm32f0xx_hal_spi.c ****   if (SPI_WaitFlagStateUntilTimeout(hspi, SPI_FLAG_BSY, RESET, SPI_DEFAULT_TIMEOUT, HAL_GetTick()) 
3477:Drivers/STM32F0xx_HAL_Driver/Src/stm32f0xx_hal_spi.c ****   {
3478:Drivers/STM32F0xx_HAL_Driver/Src/stm32f0xx_hal_spi.c ****     hspi->ErrorCode = HAL_SPI_ERROR_ABORT;
3479:Drivers/STM32F0xx_HAL_Driver/Src/stm32f0xx_hal_spi.c ****   }
3480:Drivers/STM32F0xx_HAL_Driver/Src/stm32f0xx_hal_spi.c **** 
3481:Drivers/STM32F0xx_HAL_Driver/Src/stm32f0xx_hal_spi.c ****   /* Empty the FRLVL fifo */
3482:Drivers/STM32F0xx_HAL_Driver/Src/stm32f0xx_hal_spi.c ****   if (SPI_WaitFifoStateUntilTimeout(hspi, SPI_FLAG_FRLVL, SPI_FRLVL_EMPTY, SPI_DEFAULT_TIMEOUT, HAL
3483:Drivers/STM32F0xx_HAL_Driver/Src/stm32f0xx_hal_spi.c ****   {
3484:Drivers/STM32F0xx_HAL_Driver/Src/stm32f0xx_hal_spi.c ****     hspi->ErrorCode = HAL_SPI_ERROR_ABORT;
3485:Drivers/STM32F0xx_HAL_Driver/Src/stm32f0xx_hal_spi.c ****   }
3486:Drivers/STM32F0xx_HAL_Driver/Src/stm32f0xx_hal_spi.c **** 
3487:Drivers/STM32F0xx_HAL_Driver/Src/stm32f0xx_hal_spi.c ****   /* Check if an Abort process is still ongoing */
3488:Drivers/STM32F0xx_HAL_Driver/Src/stm32f0xx_hal_spi.c ****   if (hspi->hdmatx != NULL)
3489:Drivers/STM32F0xx_HAL_Driver/Src/stm32f0xx_hal_spi.c ****   {
3490:Drivers/STM32F0xx_HAL_Driver/Src/stm32f0xx_hal_spi.c ****     if (hspi->hdmatx->XferAbortCallback != NULL)
3491:Drivers/STM32F0xx_HAL_Driver/Src/stm32f0xx_hal_spi.c ****     {
3492:Drivers/STM32F0xx_HAL_Driver/Src/stm32f0xx_hal_spi.c ****       return;
3493:Drivers/STM32F0xx_HAL_Driver/Src/stm32f0xx_hal_spi.c ****     }
3494:Drivers/STM32F0xx_HAL_Driver/Src/stm32f0xx_hal_spi.c ****   }
3495:Drivers/STM32F0xx_HAL_Driver/Src/stm32f0xx_hal_spi.c **** 
3496:Drivers/STM32F0xx_HAL_Driver/Src/stm32f0xx_hal_spi.c ****   /* No Abort process still ongoing : All DMA Stream/Channel are aborted, call user Abort Complete 
3497:Drivers/STM32F0xx_HAL_Driver/Src/stm32f0xx_hal_spi.c ****   hspi->RxXferCount = 0U;
3498:Drivers/STM32F0xx_HAL_Driver/Src/stm32f0xx_hal_spi.c ****   hspi->TxXferCount = 0U;
3499:Drivers/STM32F0xx_HAL_Driver/Src/stm32f0xx_hal_spi.c **** 
3500:Drivers/STM32F0xx_HAL_Driver/Src/stm32f0xx_hal_spi.c ****   /* Check no error during Abort procedure */
3501:Drivers/STM32F0xx_HAL_Driver/Src/stm32f0xx_hal_spi.c ****   if (hspi->ErrorCode != HAL_SPI_ERROR_ABORT)
3502:Drivers/STM32F0xx_HAL_Driver/Src/stm32f0xx_hal_spi.c ****   {
3503:Drivers/STM32F0xx_HAL_Driver/Src/stm32f0xx_hal_spi.c ****     /* Reset errorCode */
3504:Drivers/STM32F0xx_HAL_Driver/Src/stm32f0xx_hal_spi.c ****     hspi->ErrorCode = HAL_SPI_ERROR_NONE;
3505:Drivers/STM32F0xx_HAL_Driver/Src/stm32f0xx_hal_spi.c ****   }
3506:Drivers/STM32F0xx_HAL_Driver/Src/stm32f0xx_hal_spi.c **** 
3507:Drivers/STM32F0xx_HAL_Driver/Src/stm32f0xx_hal_spi.c ****   /* Clear the Error flags in the SR register */
3508:Drivers/STM32F0xx_HAL_Driver/Src/stm32f0xx_hal_spi.c ****   __HAL_SPI_CLEAR_OVRFLAG(hspi);
3509:Drivers/STM32F0xx_HAL_Driver/Src/stm32f0xx_hal_spi.c ****   __HAL_SPI_CLEAR_FREFLAG(hspi);
ARM GAS  C:\Users\ADMINI~1\AppData\Local\Temp\ccrv5aWF.s 			page 63


3510:Drivers/STM32F0xx_HAL_Driver/Src/stm32f0xx_hal_spi.c **** 
3511:Drivers/STM32F0xx_HAL_Driver/Src/stm32f0xx_hal_spi.c ****   /* Restore hspi->State to Ready */
3512:Drivers/STM32F0xx_HAL_Driver/Src/stm32f0xx_hal_spi.c ****   hspi->State  = HAL_SPI_STATE_READY;
3513:Drivers/STM32F0xx_HAL_Driver/Src/stm32f0xx_hal_spi.c **** 
3514:Drivers/STM32F0xx_HAL_Driver/Src/stm32f0xx_hal_spi.c ****   /* Call user Abort complete callback */
3515:Drivers/STM32F0xx_HAL_Driver/Src/stm32f0xx_hal_spi.c **** #if (USE_HAL_SPI_REGISTER_CALLBACKS == 1U)
3516:Drivers/STM32F0xx_HAL_Driver/Src/stm32f0xx_hal_spi.c ****   hspi->AbortCpltCallback(hspi);
3517:Drivers/STM32F0xx_HAL_Driver/Src/stm32f0xx_hal_spi.c **** #else
3518:Drivers/STM32F0xx_HAL_Driver/Src/stm32f0xx_hal_spi.c ****   HAL_SPI_AbortCpltCallback(hspi);
3519:Drivers/STM32F0xx_HAL_Driver/Src/stm32f0xx_hal_spi.c **** #endif /* USE_HAL_SPI_REGISTER_CALLBACKS */
3520:Drivers/STM32F0xx_HAL_Driver/Src/stm32f0xx_hal_spi.c **** }
3521:Drivers/STM32F0xx_HAL_Driver/Src/stm32f0xx_hal_spi.c **** 
3522:Drivers/STM32F0xx_HAL_Driver/Src/stm32f0xx_hal_spi.c **** /**
3523:Drivers/STM32F0xx_HAL_Driver/Src/stm32f0xx_hal_spi.c ****   * @brief  Rx 8-bit handler for Transmit and Receive in Interrupt mode.
3524:Drivers/STM32F0xx_HAL_Driver/Src/stm32f0xx_hal_spi.c ****   * @param  hspi pointer to a SPI_HandleTypeDef structure that contains
3525:Drivers/STM32F0xx_HAL_Driver/Src/stm32f0xx_hal_spi.c ****   *               the configuration information for SPI module.
3526:Drivers/STM32F0xx_HAL_Driver/Src/stm32f0xx_hal_spi.c ****   * @retval None
3527:Drivers/STM32F0xx_HAL_Driver/Src/stm32f0xx_hal_spi.c ****   */
3528:Drivers/STM32F0xx_HAL_Driver/Src/stm32f0xx_hal_spi.c **** static void SPI_2linesRxISR_8BIT(struct __SPI_HandleTypeDef *hspi)
3529:Drivers/STM32F0xx_HAL_Driver/Src/stm32f0xx_hal_spi.c **** {
3530:Drivers/STM32F0xx_HAL_Driver/Src/stm32f0xx_hal_spi.c ****   /* Receive data in packing mode */
3531:Drivers/STM32F0xx_HAL_Driver/Src/stm32f0xx_hal_spi.c ****   if (hspi->RxXferCount > 1U)
3532:Drivers/STM32F0xx_HAL_Driver/Src/stm32f0xx_hal_spi.c ****   {
3533:Drivers/STM32F0xx_HAL_Driver/Src/stm32f0xx_hal_spi.c ****     *((uint16_t *)hspi->pRxBuffPtr) = (uint16_t)(hspi->Instance->DR);
3534:Drivers/STM32F0xx_HAL_Driver/Src/stm32f0xx_hal_spi.c ****     hspi->pRxBuffPtr += sizeof(uint16_t);
3535:Drivers/STM32F0xx_HAL_Driver/Src/stm32f0xx_hal_spi.c ****     hspi->RxXferCount -= 2U;
3536:Drivers/STM32F0xx_HAL_Driver/Src/stm32f0xx_hal_spi.c ****     if (hspi->RxXferCount == 1U)
3537:Drivers/STM32F0xx_HAL_Driver/Src/stm32f0xx_hal_spi.c ****     {
3538:Drivers/STM32F0xx_HAL_Driver/Src/stm32f0xx_hal_spi.c ****       /* Set RX Fifo threshold according the reception data length: 8bit */
3539:Drivers/STM32F0xx_HAL_Driver/Src/stm32f0xx_hal_spi.c ****       SET_BIT(hspi->Instance->CR2, SPI_RXFIFO_THRESHOLD);
3540:Drivers/STM32F0xx_HAL_Driver/Src/stm32f0xx_hal_spi.c ****     }
3541:Drivers/STM32F0xx_HAL_Driver/Src/stm32f0xx_hal_spi.c ****   }
3542:Drivers/STM32F0xx_HAL_Driver/Src/stm32f0xx_hal_spi.c ****   /* Receive data in 8 Bit mode */
3543:Drivers/STM32F0xx_HAL_Driver/Src/stm32f0xx_hal_spi.c ****   else
3544:Drivers/STM32F0xx_HAL_Driver/Src/stm32f0xx_hal_spi.c ****   {
3545:Drivers/STM32F0xx_HAL_Driver/Src/stm32f0xx_hal_spi.c ****     *hspi->pRxBuffPtr = *((__IO uint8_t *)&hspi->Instance->DR);
3546:Drivers/STM32F0xx_HAL_Driver/Src/stm32f0xx_hal_spi.c ****     hspi->pRxBuffPtr++;
3547:Drivers/STM32F0xx_HAL_Driver/Src/stm32f0xx_hal_spi.c ****     hspi->RxXferCount--;
3548:Drivers/STM32F0xx_HAL_Driver/Src/stm32f0xx_hal_spi.c ****   }
3549:Drivers/STM32F0xx_HAL_Driver/Src/stm32f0xx_hal_spi.c **** 
3550:Drivers/STM32F0xx_HAL_Driver/Src/stm32f0xx_hal_spi.c ****   /* Check end of the reception */
3551:Drivers/STM32F0xx_HAL_Driver/Src/stm32f0xx_hal_spi.c ****   if (hspi->RxXferCount == 0U)
3552:Drivers/STM32F0xx_HAL_Driver/Src/stm32f0xx_hal_spi.c ****   {
3553:Drivers/STM32F0xx_HAL_Driver/Src/stm32f0xx_hal_spi.c **** #if (USE_SPI_CRC != 0U)
3554:Drivers/STM32F0xx_HAL_Driver/Src/stm32f0xx_hal_spi.c ****     if (hspi->Init.CRCCalculation == SPI_CRCCALCULATION_ENABLE)
3555:Drivers/STM32F0xx_HAL_Driver/Src/stm32f0xx_hal_spi.c ****     {
3556:Drivers/STM32F0xx_HAL_Driver/Src/stm32f0xx_hal_spi.c ****       SET_BIT(hspi->Instance->CR2, SPI_RXFIFO_THRESHOLD);
3557:Drivers/STM32F0xx_HAL_Driver/Src/stm32f0xx_hal_spi.c ****       hspi->RxISR =  SPI_2linesRxISR_8BITCRC;
3558:Drivers/STM32F0xx_HAL_Driver/Src/stm32f0xx_hal_spi.c ****       return;
3559:Drivers/STM32F0xx_HAL_Driver/Src/stm32f0xx_hal_spi.c ****     }
3560:Drivers/STM32F0xx_HAL_Driver/Src/stm32f0xx_hal_spi.c **** #endif /* USE_SPI_CRC */
3561:Drivers/STM32F0xx_HAL_Driver/Src/stm32f0xx_hal_spi.c **** 
3562:Drivers/STM32F0xx_HAL_Driver/Src/stm32f0xx_hal_spi.c ****     /* Disable RXNE  and ERR interrupt */
3563:Drivers/STM32F0xx_HAL_Driver/Src/stm32f0xx_hal_spi.c ****     __HAL_SPI_DISABLE_IT(hspi, (SPI_IT_RXNE | SPI_IT_ERR));
3564:Drivers/STM32F0xx_HAL_Driver/Src/stm32f0xx_hal_spi.c **** 
3565:Drivers/STM32F0xx_HAL_Driver/Src/stm32f0xx_hal_spi.c ****     if (hspi->TxXferCount == 0U)
3566:Drivers/STM32F0xx_HAL_Driver/Src/stm32f0xx_hal_spi.c ****     {
ARM GAS  C:\Users\ADMINI~1\AppData\Local\Temp\ccrv5aWF.s 			page 64


3567:Drivers/STM32F0xx_HAL_Driver/Src/stm32f0xx_hal_spi.c ****       SPI_CloseRxTx_ISR(hspi);
3568:Drivers/STM32F0xx_HAL_Driver/Src/stm32f0xx_hal_spi.c ****     }
3569:Drivers/STM32F0xx_HAL_Driver/Src/stm32f0xx_hal_spi.c ****   }
3570:Drivers/STM32F0xx_HAL_Driver/Src/stm32f0xx_hal_spi.c **** }
3571:Drivers/STM32F0xx_HAL_Driver/Src/stm32f0xx_hal_spi.c **** 
3572:Drivers/STM32F0xx_HAL_Driver/Src/stm32f0xx_hal_spi.c **** #if (USE_SPI_CRC != 0U)
3573:Drivers/STM32F0xx_HAL_Driver/Src/stm32f0xx_hal_spi.c **** /**
3574:Drivers/STM32F0xx_HAL_Driver/Src/stm32f0xx_hal_spi.c ****   * @brief  Rx 8-bit handler for Transmit and Receive in Interrupt mode.
3575:Drivers/STM32F0xx_HAL_Driver/Src/stm32f0xx_hal_spi.c ****   * @param  hspi pointer to a SPI_HandleTypeDef structure that contains
3576:Drivers/STM32F0xx_HAL_Driver/Src/stm32f0xx_hal_spi.c ****   *               the configuration information for SPI module.
3577:Drivers/STM32F0xx_HAL_Driver/Src/stm32f0xx_hal_spi.c ****   * @retval None
3578:Drivers/STM32F0xx_HAL_Driver/Src/stm32f0xx_hal_spi.c ****   */
3579:Drivers/STM32F0xx_HAL_Driver/Src/stm32f0xx_hal_spi.c **** static void SPI_2linesRxISR_8BITCRC(struct __SPI_HandleTypeDef *hspi)
3580:Drivers/STM32F0xx_HAL_Driver/Src/stm32f0xx_hal_spi.c **** {
3581:Drivers/STM32F0xx_HAL_Driver/Src/stm32f0xx_hal_spi.c ****   __IO uint8_t  *ptmpreg8;
3582:Drivers/STM32F0xx_HAL_Driver/Src/stm32f0xx_hal_spi.c ****   __IO uint8_t  tmpreg8 = 0;
3583:Drivers/STM32F0xx_HAL_Driver/Src/stm32f0xx_hal_spi.c **** 
3584:Drivers/STM32F0xx_HAL_Driver/Src/stm32f0xx_hal_spi.c ****   /* Initialize the 8bit temporary pointer */
3585:Drivers/STM32F0xx_HAL_Driver/Src/stm32f0xx_hal_spi.c ****   ptmpreg8 = (__IO uint8_t *)&hspi->Instance->DR;
3586:Drivers/STM32F0xx_HAL_Driver/Src/stm32f0xx_hal_spi.c ****   /* Read 8bit CRC to flush Data Register */
3587:Drivers/STM32F0xx_HAL_Driver/Src/stm32f0xx_hal_spi.c ****   tmpreg8 = *ptmpreg8;
3588:Drivers/STM32F0xx_HAL_Driver/Src/stm32f0xx_hal_spi.c ****   /* To avoid GCC warning */
3589:Drivers/STM32F0xx_HAL_Driver/Src/stm32f0xx_hal_spi.c ****   UNUSED(tmpreg8);
3590:Drivers/STM32F0xx_HAL_Driver/Src/stm32f0xx_hal_spi.c **** 
3591:Drivers/STM32F0xx_HAL_Driver/Src/stm32f0xx_hal_spi.c ****   hspi->CRCSize--;
3592:Drivers/STM32F0xx_HAL_Driver/Src/stm32f0xx_hal_spi.c **** 
3593:Drivers/STM32F0xx_HAL_Driver/Src/stm32f0xx_hal_spi.c ****   /* Check end of the reception */
3594:Drivers/STM32F0xx_HAL_Driver/Src/stm32f0xx_hal_spi.c ****   if (hspi->CRCSize == 0U)
3595:Drivers/STM32F0xx_HAL_Driver/Src/stm32f0xx_hal_spi.c ****   {
3596:Drivers/STM32F0xx_HAL_Driver/Src/stm32f0xx_hal_spi.c ****     /* Disable RXNE and ERR interrupt */
3597:Drivers/STM32F0xx_HAL_Driver/Src/stm32f0xx_hal_spi.c ****     __HAL_SPI_DISABLE_IT(hspi, (SPI_IT_RXNE | SPI_IT_ERR));
3598:Drivers/STM32F0xx_HAL_Driver/Src/stm32f0xx_hal_spi.c **** 
3599:Drivers/STM32F0xx_HAL_Driver/Src/stm32f0xx_hal_spi.c ****     if (hspi->TxXferCount == 0U)
3600:Drivers/STM32F0xx_HAL_Driver/Src/stm32f0xx_hal_spi.c ****     {
3601:Drivers/STM32F0xx_HAL_Driver/Src/stm32f0xx_hal_spi.c ****       SPI_CloseRxTx_ISR(hspi);
3602:Drivers/STM32F0xx_HAL_Driver/Src/stm32f0xx_hal_spi.c ****     }
3603:Drivers/STM32F0xx_HAL_Driver/Src/stm32f0xx_hal_spi.c ****   }
3604:Drivers/STM32F0xx_HAL_Driver/Src/stm32f0xx_hal_spi.c **** }
3605:Drivers/STM32F0xx_HAL_Driver/Src/stm32f0xx_hal_spi.c **** #endif /* USE_SPI_CRC */
3606:Drivers/STM32F0xx_HAL_Driver/Src/stm32f0xx_hal_spi.c **** 
3607:Drivers/STM32F0xx_HAL_Driver/Src/stm32f0xx_hal_spi.c **** /**
3608:Drivers/STM32F0xx_HAL_Driver/Src/stm32f0xx_hal_spi.c ****   * @brief  Tx 8-bit handler for Transmit and Receive in Interrupt mode.
3609:Drivers/STM32F0xx_HAL_Driver/Src/stm32f0xx_hal_spi.c ****   * @param  hspi pointer to a SPI_HandleTypeDef structure that contains
3610:Drivers/STM32F0xx_HAL_Driver/Src/stm32f0xx_hal_spi.c ****   *               the configuration information for SPI module.
3611:Drivers/STM32F0xx_HAL_Driver/Src/stm32f0xx_hal_spi.c ****   * @retval None
3612:Drivers/STM32F0xx_HAL_Driver/Src/stm32f0xx_hal_spi.c ****   */
3613:Drivers/STM32F0xx_HAL_Driver/Src/stm32f0xx_hal_spi.c **** static void SPI_2linesTxISR_8BIT(struct __SPI_HandleTypeDef *hspi)
3614:Drivers/STM32F0xx_HAL_Driver/Src/stm32f0xx_hal_spi.c **** {
3615:Drivers/STM32F0xx_HAL_Driver/Src/stm32f0xx_hal_spi.c ****   /* Transmit data in packing Bit mode */
3616:Drivers/STM32F0xx_HAL_Driver/Src/stm32f0xx_hal_spi.c ****   if (hspi->TxXferCount >= 2U)
3617:Drivers/STM32F0xx_HAL_Driver/Src/stm32f0xx_hal_spi.c ****   {
3618:Drivers/STM32F0xx_HAL_Driver/Src/stm32f0xx_hal_spi.c ****     hspi->Instance->DR = *((uint16_t *)hspi->pTxBuffPtr);
3619:Drivers/STM32F0xx_HAL_Driver/Src/stm32f0xx_hal_spi.c ****     hspi->pTxBuffPtr += sizeof(uint16_t);
3620:Drivers/STM32F0xx_HAL_Driver/Src/stm32f0xx_hal_spi.c ****     hspi->TxXferCount -= 2U;
3621:Drivers/STM32F0xx_HAL_Driver/Src/stm32f0xx_hal_spi.c ****   }
3622:Drivers/STM32F0xx_HAL_Driver/Src/stm32f0xx_hal_spi.c ****   /* Transmit data in 8 Bit mode */
3623:Drivers/STM32F0xx_HAL_Driver/Src/stm32f0xx_hal_spi.c ****   else
ARM GAS  C:\Users\ADMINI~1\AppData\Local\Temp\ccrv5aWF.s 			page 65


3624:Drivers/STM32F0xx_HAL_Driver/Src/stm32f0xx_hal_spi.c ****   {
3625:Drivers/STM32F0xx_HAL_Driver/Src/stm32f0xx_hal_spi.c ****     *(__IO uint8_t *)&hspi->Instance->DR = (*hspi->pTxBuffPtr);
3626:Drivers/STM32F0xx_HAL_Driver/Src/stm32f0xx_hal_spi.c ****     hspi->pTxBuffPtr++;
3627:Drivers/STM32F0xx_HAL_Driver/Src/stm32f0xx_hal_spi.c ****     hspi->TxXferCount--;
3628:Drivers/STM32F0xx_HAL_Driver/Src/stm32f0xx_hal_spi.c ****   }
3629:Drivers/STM32F0xx_HAL_Driver/Src/stm32f0xx_hal_spi.c **** 
3630:Drivers/STM32F0xx_HAL_Driver/Src/stm32f0xx_hal_spi.c ****   /* Check the end of the transmission */
3631:Drivers/STM32F0xx_HAL_Driver/Src/stm32f0xx_hal_spi.c ****   if (hspi->TxXferCount == 0U)
3632:Drivers/STM32F0xx_HAL_Driver/Src/stm32f0xx_hal_spi.c ****   {
3633:Drivers/STM32F0xx_HAL_Driver/Src/stm32f0xx_hal_spi.c **** #if (USE_SPI_CRC != 0U)
3634:Drivers/STM32F0xx_HAL_Driver/Src/stm32f0xx_hal_spi.c ****     if (hspi->Init.CRCCalculation == SPI_CRCCALCULATION_ENABLE)
3635:Drivers/STM32F0xx_HAL_Driver/Src/stm32f0xx_hal_spi.c ****     {
3636:Drivers/STM32F0xx_HAL_Driver/Src/stm32f0xx_hal_spi.c ****       /* Set CRC Next Bit to send CRC */
3637:Drivers/STM32F0xx_HAL_Driver/Src/stm32f0xx_hal_spi.c ****       SET_BIT(hspi->Instance->CR1, SPI_CR1_CRCNEXT);
3638:Drivers/STM32F0xx_HAL_Driver/Src/stm32f0xx_hal_spi.c ****       /* Disable TXE interrupt */
3639:Drivers/STM32F0xx_HAL_Driver/Src/stm32f0xx_hal_spi.c ****       __HAL_SPI_DISABLE_IT(hspi, SPI_IT_TXE);
3640:Drivers/STM32F0xx_HAL_Driver/Src/stm32f0xx_hal_spi.c ****       return;
3641:Drivers/STM32F0xx_HAL_Driver/Src/stm32f0xx_hal_spi.c ****     }
3642:Drivers/STM32F0xx_HAL_Driver/Src/stm32f0xx_hal_spi.c **** #endif /* USE_SPI_CRC */
3643:Drivers/STM32F0xx_HAL_Driver/Src/stm32f0xx_hal_spi.c **** 
3644:Drivers/STM32F0xx_HAL_Driver/Src/stm32f0xx_hal_spi.c ****     /* Disable TXE interrupt */
3645:Drivers/STM32F0xx_HAL_Driver/Src/stm32f0xx_hal_spi.c ****     __HAL_SPI_DISABLE_IT(hspi, SPI_IT_TXE);
3646:Drivers/STM32F0xx_HAL_Driver/Src/stm32f0xx_hal_spi.c **** 
3647:Drivers/STM32F0xx_HAL_Driver/Src/stm32f0xx_hal_spi.c ****     if (hspi->RxXferCount == 0U)
3648:Drivers/STM32F0xx_HAL_Driver/Src/stm32f0xx_hal_spi.c ****     {
3649:Drivers/STM32F0xx_HAL_Driver/Src/stm32f0xx_hal_spi.c ****       SPI_CloseRxTx_ISR(hspi);
3650:Drivers/STM32F0xx_HAL_Driver/Src/stm32f0xx_hal_spi.c ****     }
3651:Drivers/STM32F0xx_HAL_Driver/Src/stm32f0xx_hal_spi.c ****   }
3652:Drivers/STM32F0xx_HAL_Driver/Src/stm32f0xx_hal_spi.c **** }
3653:Drivers/STM32F0xx_HAL_Driver/Src/stm32f0xx_hal_spi.c **** 
3654:Drivers/STM32F0xx_HAL_Driver/Src/stm32f0xx_hal_spi.c **** /**
3655:Drivers/STM32F0xx_HAL_Driver/Src/stm32f0xx_hal_spi.c ****   * @brief  Rx 16-bit handler for Transmit and Receive in Interrupt mode.
3656:Drivers/STM32F0xx_HAL_Driver/Src/stm32f0xx_hal_spi.c ****   * @param  hspi pointer to a SPI_HandleTypeDef structure that contains
3657:Drivers/STM32F0xx_HAL_Driver/Src/stm32f0xx_hal_spi.c ****   *               the configuration information for SPI module.
3658:Drivers/STM32F0xx_HAL_Driver/Src/stm32f0xx_hal_spi.c ****   * @retval None
3659:Drivers/STM32F0xx_HAL_Driver/Src/stm32f0xx_hal_spi.c ****   */
3660:Drivers/STM32F0xx_HAL_Driver/Src/stm32f0xx_hal_spi.c **** static void SPI_2linesRxISR_16BIT(struct __SPI_HandleTypeDef *hspi)
3661:Drivers/STM32F0xx_HAL_Driver/Src/stm32f0xx_hal_spi.c **** {
3662:Drivers/STM32F0xx_HAL_Driver/Src/stm32f0xx_hal_spi.c ****   /* Receive data in 16 Bit mode */
3663:Drivers/STM32F0xx_HAL_Driver/Src/stm32f0xx_hal_spi.c ****   *((uint16_t *)hspi->pRxBuffPtr) = (uint16_t)(hspi->Instance->DR);
3664:Drivers/STM32F0xx_HAL_Driver/Src/stm32f0xx_hal_spi.c ****   hspi->pRxBuffPtr += sizeof(uint16_t);
3665:Drivers/STM32F0xx_HAL_Driver/Src/stm32f0xx_hal_spi.c ****   hspi->RxXferCount--;
3666:Drivers/STM32F0xx_HAL_Driver/Src/stm32f0xx_hal_spi.c **** 
3667:Drivers/STM32F0xx_HAL_Driver/Src/stm32f0xx_hal_spi.c ****   if (hspi->RxXferCount == 0U)
3668:Drivers/STM32F0xx_HAL_Driver/Src/stm32f0xx_hal_spi.c ****   {
3669:Drivers/STM32F0xx_HAL_Driver/Src/stm32f0xx_hal_spi.c **** #if (USE_SPI_CRC != 0U)
3670:Drivers/STM32F0xx_HAL_Driver/Src/stm32f0xx_hal_spi.c ****     if (hspi->Init.CRCCalculation == SPI_CRCCALCULATION_ENABLE)
3671:Drivers/STM32F0xx_HAL_Driver/Src/stm32f0xx_hal_spi.c ****     {
3672:Drivers/STM32F0xx_HAL_Driver/Src/stm32f0xx_hal_spi.c ****       hspi->RxISR =  SPI_2linesRxISR_16BITCRC;
3673:Drivers/STM32F0xx_HAL_Driver/Src/stm32f0xx_hal_spi.c ****       return;
3674:Drivers/STM32F0xx_HAL_Driver/Src/stm32f0xx_hal_spi.c ****     }
3675:Drivers/STM32F0xx_HAL_Driver/Src/stm32f0xx_hal_spi.c **** #endif /* USE_SPI_CRC */
3676:Drivers/STM32F0xx_HAL_Driver/Src/stm32f0xx_hal_spi.c **** 
3677:Drivers/STM32F0xx_HAL_Driver/Src/stm32f0xx_hal_spi.c ****     /* Disable RXNE interrupt */
3678:Drivers/STM32F0xx_HAL_Driver/Src/stm32f0xx_hal_spi.c ****     __HAL_SPI_DISABLE_IT(hspi, SPI_IT_RXNE);
3679:Drivers/STM32F0xx_HAL_Driver/Src/stm32f0xx_hal_spi.c **** 
3680:Drivers/STM32F0xx_HAL_Driver/Src/stm32f0xx_hal_spi.c ****     if (hspi->TxXferCount == 0U)
ARM GAS  C:\Users\ADMINI~1\AppData\Local\Temp\ccrv5aWF.s 			page 66


3681:Drivers/STM32F0xx_HAL_Driver/Src/stm32f0xx_hal_spi.c ****     {
3682:Drivers/STM32F0xx_HAL_Driver/Src/stm32f0xx_hal_spi.c ****       SPI_CloseRxTx_ISR(hspi);
3683:Drivers/STM32F0xx_HAL_Driver/Src/stm32f0xx_hal_spi.c ****     }
3684:Drivers/STM32F0xx_HAL_Driver/Src/stm32f0xx_hal_spi.c ****   }
3685:Drivers/STM32F0xx_HAL_Driver/Src/stm32f0xx_hal_spi.c **** }
3686:Drivers/STM32F0xx_HAL_Driver/Src/stm32f0xx_hal_spi.c **** 
3687:Drivers/STM32F0xx_HAL_Driver/Src/stm32f0xx_hal_spi.c **** #if (USE_SPI_CRC != 0U)
3688:Drivers/STM32F0xx_HAL_Driver/Src/stm32f0xx_hal_spi.c **** /**
3689:Drivers/STM32F0xx_HAL_Driver/Src/stm32f0xx_hal_spi.c ****   * @brief  Manage the CRC 16-bit receive for Transmit and Receive in Interrupt mode.
3690:Drivers/STM32F0xx_HAL_Driver/Src/stm32f0xx_hal_spi.c ****   * @param  hspi pointer to a SPI_HandleTypeDef structure that contains
3691:Drivers/STM32F0xx_HAL_Driver/Src/stm32f0xx_hal_spi.c ****   *               the configuration information for SPI module.
3692:Drivers/STM32F0xx_HAL_Driver/Src/stm32f0xx_hal_spi.c ****   * @retval None
3693:Drivers/STM32F0xx_HAL_Driver/Src/stm32f0xx_hal_spi.c ****   */
3694:Drivers/STM32F0xx_HAL_Driver/Src/stm32f0xx_hal_spi.c **** static void SPI_2linesRxISR_16BITCRC(struct __SPI_HandleTypeDef *hspi)
3695:Drivers/STM32F0xx_HAL_Driver/Src/stm32f0xx_hal_spi.c **** {
3696:Drivers/STM32F0xx_HAL_Driver/Src/stm32f0xx_hal_spi.c ****   __IO uint32_t tmpreg = 0U;
3697:Drivers/STM32F0xx_HAL_Driver/Src/stm32f0xx_hal_spi.c **** 
3698:Drivers/STM32F0xx_HAL_Driver/Src/stm32f0xx_hal_spi.c ****   /* Read 16bit CRC to flush Data Register */
3699:Drivers/STM32F0xx_HAL_Driver/Src/stm32f0xx_hal_spi.c ****   tmpreg = READ_REG(hspi->Instance->DR);
3700:Drivers/STM32F0xx_HAL_Driver/Src/stm32f0xx_hal_spi.c ****   /* To avoid GCC warning */
3701:Drivers/STM32F0xx_HAL_Driver/Src/stm32f0xx_hal_spi.c ****   UNUSED(tmpreg);
3702:Drivers/STM32F0xx_HAL_Driver/Src/stm32f0xx_hal_spi.c **** 
3703:Drivers/STM32F0xx_HAL_Driver/Src/stm32f0xx_hal_spi.c ****   /* Disable RXNE interrupt */
3704:Drivers/STM32F0xx_HAL_Driver/Src/stm32f0xx_hal_spi.c ****   __HAL_SPI_DISABLE_IT(hspi, SPI_IT_RXNE);
3705:Drivers/STM32F0xx_HAL_Driver/Src/stm32f0xx_hal_spi.c **** 
3706:Drivers/STM32F0xx_HAL_Driver/Src/stm32f0xx_hal_spi.c ****   SPI_CloseRxTx_ISR(hspi);
3707:Drivers/STM32F0xx_HAL_Driver/Src/stm32f0xx_hal_spi.c **** }
3708:Drivers/STM32F0xx_HAL_Driver/Src/stm32f0xx_hal_spi.c **** #endif /* USE_SPI_CRC */
3709:Drivers/STM32F0xx_HAL_Driver/Src/stm32f0xx_hal_spi.c **** 
3710:Drivers/STM32F0xx_HAL_Driver/Src/stm32f0xx_hal_spi.c **** /**
3711:Drivers/STM32F0xx_HAL_Driver/Src/stm32f0xx_hal_spi.c ****   * @brief  Tx 16-bit handler for Transmit and Receive in Interrupt mode.
3712:Drivers/STM32F0xx_HAL_Driver/Src/stm32f0xx_hal_spi.c ****   * @param  hspi pointer to a SPI_HandleTypeDef structure that contains
3713:Drivers/STM32F0xx_HAL_Driver/Src/stm32f0xx_hal_spi.c ****   *               the configuration information for SPI module.
3714:Drivers/STM32F0xx_HAL_Driver/Src/stm32f0xx_hal_spi.c ****   * @retval None
3715:Drivers/STM32F0xx_HAL_Driver/Src/stm32f0xx_hal_spi.c ****   */
3716:Drivers/STM32F0xx_HAL_Driver/Src/stm32f0xx_hal_spi.c **** static void SPI_2linesTxISR_16BIT(struct __SPI_HandleTypeDef *hspi)
3717:Drivers/STM32F0xx_HAL_Driver/Src/stm32f0xx_hal_spi.c **** {
3718:Drivers/STM32F0xx_HAL_Driver/Src/stm32f0xx_hal_spi.c ****   /* Transmit data in 16 Bit mode */
3719:Drivers/STM32F0xx_HAL_Driver/Src/stm32f0xx_hal_spi.c ****   hspi->Instance->DR = *((uint16_t *)hspi->pTxBuffPtr);
3720:Drivers/STM32F0xx_HAL_Driver/Src/stm32f0xx_hal_spi.c ****   hspi->pTxBuffPtr += sizeof(uint16_t);
3721:Drivers/STM32F0xx_HAL_Driver/Src/stm32f0xx_hal_spi.c ****   hspi->TxXferCount--;
3722:Drivers/STM32F0xx_HAL_Driver/Src/stm32f0xx_hal_spi.c **** 
3723:Drivers/STM32F0xx_HAL_Driver/Src/stm32f0xx_hal_spi.c ****   /* Enable CRC Transmission */
3724:Drivers/STM32F0xx_HAL_Driver/Src/stm32f0xx_hal_spi.c ****   if (hspi->TxXferCount == 0U)
3725:Drivers/STM32F0xx_HAL_Driver/Src/stm32f0xx_hal_spi.c ****   {
3726:Drivers/STM32F0xx_HAL_Driver/Src/stm32f0xx_hal_spi.c **** #if (USE_SPI_CRC != 0U)
3727:Drivers/STM32F0xx_HAL_Driver/Src/stm32f0xx_hal_spi.c ****     if (hspi->Init.CRCCalculation == SPI_CRCCALCULATION_ENABLE)
3728:Drivers/STM32F0xx_HAL_Driver/Src/stm32f0xx_hal_spi.c ****     {
3729:Drivers/STM32F0xx_HAL_Driver/Src/stm32f0xx_hal_spi.c ****       /* Set CRC Next Bit to send CRC */
3730:Drivers/STM32F0xx_HAL_Driver/Src/stm32f0xx_hal_spi.c ****       SET_BIT(hspi->Instance->CR1, SPI_CR1_CRCNEXT);
3731:Drivers/STM32F0xx_HAL_Driver/Src/stm32f0xx_hal_spi.c ****       /* Disable TXE interrupt */
3732:Drivers/STM32F0xx_HAL_Driver/Src/stm32f0xx_hal_spi.c ****       __HAL_SPI_DISABLE_IT(hspi, SPI_IT_TXE);
3733:Drivers/STM32F0xx_HAL_Driver/Src/stm32f0xx_hal_spi.c ****       return;
3734:Drivers/STM32F0xx_HAL_Driver/Src/stm32f0xx_hal_spi.c ****     }
3735:Drivers/STM32F0xx_HAL_Driver/Src/stm32f0xx_hal_spi.c **** #endif /* USE_SPI_CRC */
3736:Drivers/STM32F0xx_HAL_Driver/Src/stm32f0xx_hal_spi.c **** 
3737:Drivers/STM32F0xx_HAL_Driver/Src/stm32f0xx_hal_spi.c ****     /* Disable TXE interrupt */
ARM GAS  C:\Users\ADMINI~1\AppData\Local\Temp\ccrv5aWF.s 			page 67


3738:Drivers/STM32F0xx_HAL_Driver/Src/stm32f0xx_hal_spi.c ****     __HAL_SPI_DISABLE_IT(hspi, SPI_IT_TXE);
3739:Drivers/STM32F0xx_HAL_Driver/Src/stm32f0xx_hal_spi.c **** 
3740:Drivers/STM32F0xx_HAL_Driver/Src/stm32f0xx_hal_spi.c ****     if (hspi->RxXferCount == 0U)
3741:Drivers/STM32F0xx_HAL_Driver/Src/stm32f0xx_hal_spi.c ****     {
3742:Drivers/STM32F0xx_HAL_Driver/Src/stm32f0xx_hal_spi.c ****       SPI_CloseRxTx_ISR(hspi);
3743:Drivers/STM32F0xx_HAL_Driver/Src/stm32f0xx_hal_spi.c ****     }
3744:Drivers/STM32F0xx_HAL_Driver/Src/stm32f0xx_hal_spi.c ****   }
3745:Drivers/STM32F0xx_HAL_Driver/Src/stm32f0xx_hal_spi.c **** }
3746:Drivers/STM32F0xx_HAL_Driver/Src/stm32f0xx_hal_spi.c **** 
3747:Drivers/STM32F0xx_HAL_Driver/Src/stm32f0xx_hal_spi.c **** #if (USE_SPI_CRC != 0U)
3748:Drivers/STM32F0xx_HAL_Driver/Src/stm32f0xx_hal_spi.c **** /**
3749:Drivers/STM32F0xx_HAL_Driver/Src/stm32f0xx_hal_spi.c ****   * @brief  Manage the CRC 8-bit receive in Interrupt context.
3750:Drivers/STM32F0xx_HAL_Driver/Src/stm32f0xx_hal_spi.c ****   * @param  hspi pointer to a SPI_HandleTypeDef structure that contains
3751:Drivers/STM32F0xx_HAL_Driver/Src/stm32f0xx_hal_spi.c ****   *               the configuration information for SPI module.
3752:Drivers/STM32F0xx_HAL_Driver/Src/stm32f0xx_hal_spi.c ****   * @retval None
3753:Drivers/STM32F0xx_HAL_Driver/Src/stm32f0xx_hal_spi.c ****   */
3754:Drivers/STM32F0xx_HAL_Driver/Src/stm32f0xx_hal_spi.c **** static void SPI_RxISR_8BITCRC(struct __SPI_HandleTypeDef *hspi)
3755:Drivers/STM32F0xx_HAL_Driver/Src/stm32f0xx_hal_spi.c **** {
3756:Drivers/STM32F0xx_HAL_Driver/Src/stm32f0xx_hal_spi.c ****   __IO uint8_t  *ptmpreg8;
3757:Drivers/STM32F0xx_HAL_Driver/Src/stm32f0xx_hal_spi.c ****   __IO uint8_t  tmpreg8 = 0;
3758:Drivers/STM32F0xx_HAL_Driver/Src/stm32f0xx_hal_spi.c **** 
3759:Drivers/STM32F0xx_HAL_Driver/Src/stm32f0xx_hal_spi.c ****   /* Initialize the 8bit temporary pointer */
3760:Drivers/STM32F0xx_HAL_Driver/Src/stm32f0xx_hal_spi.c ****   ptmpreg8 = (__IO uint8_t *)&hspi->Instance->DR;
3761:Drivers/STM32F0xx_HAL_Driver/Src/stm32f0xx_hal_spi.c ****   /* Read 8bit CRC to flush Data Register */
3762:Drivers/STM32F0xx_HAL_Driver/Src/stm32f0xx_hal_spi.c ****   tmpreg8 = *ptmpreg8;
3763:Drivers/STM32F0xx_HAL_Driver/Src/stm32f0xx_hal_spi.c ****   /* To avoid GCC warning */
3764:Drivers/STM32F0xx_HAL_Driver/Src/stm32f0xx_hal_spi.c ****   UNUSED(tmpreg8);
3765:Drivers/STM32F0xx_HAL_Driver/Src/stm32f0xx_hal_spi.c **** 
3766:Drivers/STM32F0xx_HAL_Driver/Src/stm32f0xx_hal_spi.c ****   hspi->CRCSize--;
3767:Drivers/STM32F0xx_HAL_Driver/Src/stm32f0xx_hal_spi.c **** 
3768:Drivers/STM32F0xx_HAL_Driver/Src/stm32f0xx_hal_spi.c ****   if (hspi->CRCSize == 0U)
3769:Drivers/STM32F0xx_HAL_Driver/Src/stm32f0xx_hal_spi.c ****   {
3770:Drivers/STM32F0xx_HAL_Driver/Src/stm32f0xx_hal_spi.c ****     SPI_CloseRx_ISR(hspi);
3771:Drivers/STM32F0xx_HAL_Driver/Src/stm32f0xx_hal_spi.c ****   }
3772:Drivers/STM32F0xx_HAL_Driver/Src/stm32f0xx_hal_spi.c **** }
3773:Drivers/STM32F0xx_HAL_Driver/Src/stm32f0xx_hal_spi.c **** #endif /* USE_SPI_CRC */
3774:Drivers/STM32F0xx_HAL_Driver/Src/stm32f0xx_hal_spi.c **** 
3775:Drivers/STM32F0xx_HAL_Driver/Src/stm32f0xx_hal_spi.c **** /**
3776:Drivers/STM32F0xx_HAL_Driver/Src/stm32f0xx_hal_spi.c ****   * @brief  Manage the receive 8-bit in Interrupt context.
3777:Drivers/STM32F0xx_HAL_Driver/Src/stm32f0xx_hal_spi.c ****   * @param  hspi pointer to a SPI_HandleTypeDef structure that contains
3778:Drivers/STM32F0xx_HAL_Driver/Src/stm32f0xx_hal_spi.c ****   *               the configuration information for SPI module.
3779:Drivers/STM32F0xx_HAL_Driver/Src/stm32f0xx_hal_spi.c ****   * @retval None
3780:Drivers/STM32F0xx_HAL_Driver/Src/stm32f0xx_hal_spi.c ****   */
3781:Drivers/STM32F0xx_HAL_Driver/Src/stm32f0xx_hal_spi.c **** static void SPI_RxISR_8BIT(struct __SPI_HandleTypeDef *hspi)
3782:Drivers/STM32F0xx_HAL_Driver/Src/stm32f0xx_hal_spi.c **** {
3783:Drivers/STM32F0xx_HAL_Driver/Src/stm32f0xx_hal_spi.c ****   *hspi->pRxBuffPtr = (*(__IO uint8_t *)&hspi->Instance->DR);
3784:Drivers/STM32F0xx_HAL_Driver/Src/stm32f0xx_hal_spi.c ****   hspi->pRxBuffPtr++;
3785:Drivers/STM32F0xx_HAL_Driver/Src/stm32f0xx_hal_spi.c ****   hspi->RxXferCount--;
3786:Drivers/STM32F0xx_HAL_Driver/Src/stm32f0xx_hal_spi.c **** 
3787:Drivers/STM32F0xx_HAL_Driver/Src/stm32f0xx_hal_spi.c **** #if (USE_SPI_CRC != 0U)
3788:Drivers/STM32F0xx_HAL_Driver/Src/stm32f0xx_hal_spi.c ****   /* Enable CRC Transmission */
3789:Drivers/STM32F0xx_HAL_Driver/Src/stm32f0xx_hal_spi.c ****   if ((hspi->RxXferCount == 1U) && (hspi->Init.CRCCalculation == SPI_CRCCALCULATION_ENABLE))
3790:Drivers/STM32F0xx_HAL_Driver/Src/stm32f0xx_hal_spi.c ****   {
3791:Drivers/STM32F0xx_HAL_Driver/Src/stm32f0xx_hal_spi.c ****     SET_BIT(hspi->Instance->CR1, SPI_CR1_CRCNEXT);
3792:Drivers/STM32F0xx_HAL_Driver/Src/stm32f0xx_hal_spi.c ****   }
3793:Drivers/STM32F0xx_HAL_Driver/Src/stm32f0xx_hal_spi.c **** #endif /* USE_SPI_CRC */
3794:Drivers/STM32F0xx_HAL_Driver/Src/stm32f0xx_hal_spi.c **** 
ARM GAS  C:\Users\ADMINI~1\AppData\Local\Temp\ccrv5aWF.s 			page 68


3795:Drivers/STM32F0xx_HAL_Driver/Src/stm32f0xx_hal_spi.c ****   if (hspi->RxXferCount == 0U)
3796:Drivers/STM32F0xx_HAL_Driver/Src/stm32f0xx_hal_spi.c ****   {
3797:Drivers/STM32F0xx_HAL_Driver/Src/stm32f0xx_hal_spi.c **** #if (USE_SPI_CRC != 0U)
3798:Drivers/STM32F0xx_HAL_Driver/Src/stm32f0xx_hal_spi.c ****     if (hspi->Init.CRCCalculation == SPI_CRCCALCULATION_ENABLE)
3799:Drivers/STM32F0xx_HAL_Driver/Src/stm32f0xx_hal_spi.c ****     {
3800:Drivers/STM32F0xx_HAL_Driver/Src/stm32f0xx_hal_spi.c ****       hspi->RxISR =  SPI_RxISR_8BITCRC;
3801:Drivers/STM32F0xx_HAL_Driver/Src/stm32f0xx_hal_spi.c ****       return;
3802:Drivers/STM32F0xx_HAL_Driver/Src/stm32f0xx_hal_spi.c ****     }
3803:Drivers/STM32F0xx_HAL_Driver/Src/stm32f0xx_hal_spi.c **** #endif /* USE_SPI_CRC */
3804:Drivers/STM32F0xx_HAL_Driver/Src/stm32f0xx_hal_spi.c ****     SPI_CloseRx_ISR(hspi);
3805:Drivers/STM32F0xx_HAL_Driver/Src/stm32f0xx_hal_spi.c ****   }
3806:Drivers/STM32F0xx_HAL_Driver/Src/stm32f0xx_hal_spi.c **** }
3807:Drivers/STM32F0xx_HAL_Driver/Src/stm32f0xx_hal_spi.c **** 
3808:Drivers/STM32F0xx_HAL_Driver/Src/stm32f0xx_hal_spi.c **** #if (USE_SPI_CRC != 0U)
3809:Drivers/STM32F0xx_HAL_Driver/Src/stm32f0xx_hal_spi.c **** /**
3810:Drivers/STM32F0xx_HAL_Driver/Src/stm32f0xx_hal_spi.c ****   * @brief  Manage the CRC 16-bit receive in Interrupt context.
3811:Drivers/STM32F0xx_HAL_Driver/Src/stm32f0xx_hal_spi.c ****   * @param  hspi pointer to a SPI_HandleTypeDef structure that contains
3812:Drivers/STM32F0xx_HAL_Driver/Src/stm32f0xx_hal_spi.c ****   *               the configuration information for SPI module.
3813:Drivers/STM32F0xx_HAL_Driver/Src/stm32f0xx_hal_spi.c ****   * @retval None
3814:Drivers/STM32F0xx_HAL_Driver/Src/stm32f0xx_hal_spi.c ****   */
3815:Drivers/STM32F0xx_HAL_Driver/Src/stm32f0xx_hal_spi.c **** static void SPI_RxISR_16BITCRC(struct __SPI_HandleTypeDef *hspi)
3816:Drivers/STM32F0xx_HAL_Driver/Src/stm32f0xx_hal_spi.c **** {
3817:Drivers/STM32F0xx_HAL_Driver/Src/stm32f0xx_hal_spi.c ****   __IO uint32_t tmpreg = 0U;
3818:Drivers/STM32F0xx_HAL_Driver/Src/stm32f0xx_hal_spi.c **** 
3819:Drivers/STM32F0xx_HAL_Driver/Src/stm32f0xx_hal_spi.c ****   /* Read 16bit CRC to flush Data Register */
3820:Drivers/STM32F0xx_HAL_Driver/Src/stm32f0xx_hal_spi.c ****   tmpreg = READ_REG(hspi->Instance->DR);
3821:Drivers/STM32F0xx_HAL_Driver/Src/stm32f0xx_hal_spi.c ****   /* To avoid GCC warning */
3822:Drivers/STM32F0xx_HAL_Driver/Src/stm32f0xx_hal_spi.c ****   UNUSED(tmpreg);
3823:Drivers/STM32F0xx_HAL_Driver/Src/stm32f0xx_hal_spi.c **** 
3824:Drivers/STM32F0xx_HAL_Driver/Src/stm32f0xx_hal_spi.c ****   /* Disable RXNE and ERR interrupt */
3825:Drivers/STM32F0xx_HAL_Driver/Src/stm32f0xx_hal_spi.c ****   __HAL_SPI_DISABLE_IT(hspi, (SPI_IT_RXNE | SPI_IT_ERR));
3826:Drivers/STM32F0xx_HAL_Driver/Src/stm32f0xx_hal_spi.c **** 
3827:Drivers/STM32F0xx_HAL_Driver/Src/stm32f0xx_hal_spi.c ****   SPI_CloseRx_ISR(hspi);
3828:Drivers/STM32F0xx_HAL_Driver/Src/stm32f0xx_hal_spi.c **** }
3829:Drivers/STM32F0xx_HAL_Driver/Src/stm32f0xx_hal_spi.c **** #endif /* USE_SPI_CRC */
3830:Drivers/STM32F0xx_HAL_Driver/Src/stm32f0xx_hal_spi.c **** 
3831:Drivers/STM32F0xx_HAL_Driver/Src/stm32f0xx_hal_spi.c **** /**
3832:Drivers/STM32F0xx_HAL_Driver/Src/stm32f0xx_hal_spi.c ****   * @brief  Manage the 16-bit receive in Interrupt context.
3833:Drivers/STM32F0xx_HAL_Driver/Src/stm32f0xx_hal_spi.c ****   * @param  hspi pointer to a SPI_HandleTypeDef structure that contains
3834:Drivers/STM32F0xx_HAL_Driver/Src/stm32f0xx_hal_spi.c ****   *               the configuration information for SPI module.
3835:Drivers/STM32F0xx_HAL_Driver/Src/stm32f0xx_hal_spi.c ****   * @retval None
3836:Drivers/STM32F0xx_HAL_Driver/Src/stm32f0xx_hal_spi.c ****   */
3837:Drivers/STM32F0xx_HAL_Driver/Src/stm32f0xx_hal_spi.c **** static void SPI_RxISR_16BIT(struct __SPI_HandleTypeDef *hspi)
3838:Drivers/STM32F0xx_HAL_Driver/Src/stm32f0xx_hal_spi.c **** {
3839:Drivers/STM32F0xx_HAL_Driver/Src/stm32f0xx_hal_spi.c ****   *((uint16_t *)hspi->pRxBuffPtr) = (uint16_t)(hspi->Instance->DR);
3840:Drivers/STM32F0xx_HAL_Driver/Src/stm32f0xx_hal_spi.c ****   hspi->pRxBuffPtr += sizeof(uint16_t);
3841:Drivers/STM32F0xx_HAL_Driver/Src/stm32f0xx_hal_spi.c ****   hspi->RxXferCount--;
3842:Drivers/STM32F0xx_HAL_Driver/Src/stm32f0xx_hal_spi.c **** 
3843:Drivers/STM32F0xx_HAL_Driver/Src/stm32f0xx_hal_spi.c **** #if (USE_SPI_CRC != 0U)
3844:Drivers/STM32F0xx_HAL_Driver/Src/stm32f0xx_hal_spi.c ****   /* Enable CRC Transmission */
3845:Drivers/STM32F0xx_HAL_Driver/Src/stm32f0xx_hal_spi.c ****   if ((hspi->RxXferCount == 1U) && (hspi->Init.CRCCalculation == SPI_CRCCALCULATION_ENABLE))
3846:Drivers/STM32F0xx_HAL_Driver/Src/stm32f0xx_hal_spi.c ****   {
3847:Drivers/STM32F0xx_HAL_Driver/Src/stm32f0xx_hal_spi.c ****     SET_BIT(hspi->Instance->CR1, SPI_CR1_CRCNEXT);
3848:Drivers/STM32F0xx_HAL_Driver/Src/stm32f0xx_hal_spi.c ****   }
3849:Drivers/STM32F0xx_HAL_Driver/Src/stm32f0xx_hal_spi.c **** #endif /* USE_SPI_CRC */
3850:Drivers/STM32F0xx_HAL_Driver/Src/stm32f0xx_hal_spi.c **** 
3851:Drivers/STM32F0xx_HAL_Driver/Src/stm32f0xx_hal_spi.c ****   if (hspi->RxXferCount == 0U)
ARM GAS  C:\Users\ADMINI~1\AppData\Local\Temp\ccrv5aWF.s 			page 69


3852:Drivers/STM32F0xx_HAL_Driver/Src/stm32f0xx_hal_spi.c ****   {
3853:Drivers/STM32F0xx_HAL_Driver/Src/stm32f0xx_hal_spi.c **** #if (USE_SPI_CRC != 0U)
3854:Drivers/STM32F0xx_HAL_Driver/Src/stm32f0xx_hal_spi.c ****     if (hspi->Init.CRCCalculation == SPI_CRCCALCULATION_ENABLE)
3855:Drivers/STM32F0xx_HAL_Driver/Src/stm32f0xx_hal_spi.c ****     {
3856:Drivers/STM32F0xx_HAL_Driver/Src/stm32f0xx_hal_spi.c ****       hspi->RxISR = SPI_RxISR_16BITCRC;
3857:Drivers/STM32F0xx_HAL_Driver/Src/stm32f0xx_hal_spi.c ****       return;
3858:Drivers/STM32F0xx_HAL_Driver/Src/stm32f0xx_hal_spi.c ****     }
3859:Drivers/STM32F0xx_HAL_Driver/Src/stm32f0xx_hal_spi.c **** #endif /* USE_SPI_CRC */
3860:Drivers/STM32F0xx_HAL_Driver/Src/stm32f0xx_hal_spi.c ****     SPI_CloseRx_ISR(hspi);
3861:Drivers/STM32F0xx_HAL_Driver/Src/stm32f0xx_hal_spi.c ****   }
3862:Drivers/STM32F0xx_HAL_Driver/Src/stm32f0xx_hal_spi.c **** }
3863:Drivers/STM32F0xx_HAL_Driver/Src/stm32f0xx_hal_spi.c **** 
3864:Drivers/STM32F0xx_HAL_Driver/Src/stm32f0xx_hal_spi.c **** /**
3865:Drivers/STM32F0xx_HAL_Driver/Src/stm32f0xx_hal_spi.c ****   * @brief  Handle the data 8-bit transmit in Interrupt mode.
3866:Drivers/STM32F0xx_HAL_Driver/Src/stm32f0xx_hal_spi.c ****   * @param  hspi pointer to a SPI_HandleTypeDef structure that contains
3867:Drivers/STM32F0xx_HAL_Driver/Src/stm32f0xx_hal_spi.c ****   *               the configuration information for SPI module.
3868:Drivers/STM32F0xx_HAL_Driver/Src/stm32f0xx_hal_spi.c ****   * @retval None
3869:Drivers/STM32F0xx_HAL_Driver/Src/stm32f0xx_hal_spi.c ****   */
3870:Drivers/STM32F0xx_HAL_Driver/Src/stm32f0xx_hal_spi.c **** static void SPI_TxISR_8BIT(struct __SPI_HandleTypeDef *hspi)
3871:Drivers/STM32F0xx_HAL_Driver/Src/stm32f0xx_hal_spi.c **** {
3872:Drivers/STM32F0xx_HAL_Driver/Src/stm32f0xx_hal_spi.c ****   *(__IO uint8_t *)&hspi->Instance->DR = (*hspi->pTxBuffPtr);
3873:Drivers/STM32F0xx_HAL_Driver/Src/stm32f0xx_hal_spi.c ****   hspi->pTxBuffPtr++;
3874:Drivers/STM32F0xx_HAL_Driver/Src/stm32f0xx_hal_spi.c ****   hspi->TxXferCount--;
3875:Drivers/STM32F0xx_HAL_Driver/Src/stm32f0xx_hal_spi.c **** 
3876:Drivers/STM32F0xx_HAL_Driver/Src/stm32f0xx_hal_spi.c ****   if (hspi->TxXferCount == 0U)
3877:Drivers/STM32F0xx_HAL_Driver/Src/stm32f0xx_hal_spi.c ****   {
3878:Drivers/STM32F0xx_HAL_Driver/Src/stm32f0xx_hal_spi.c **** #if (USE_SPI_CRC != 0U)
3879:Drivers/STM32F0xx_HAL_Driver/Src/stm32f0xx_hal_spi.c ****     if (hspi->Init.CRCCalculation == SPI_CRCCALCULATION_ENABLE)
3880:Drivers/STM32F0xx_HAL_Driver/Src/stm32f0xx_hal_spi.c ****     {
3881:Drivers/STM32F0xx_HAL_Driver/Src/stm32f0xx_hal_spi.c ****       /* Enable CRC Transmission */
3882:Drivers/STM32F0xx_HAL_Driver/Src/stm32f0xx_hal_spi.c ****       SET_BIT(hspi->Instance->CR1, SPI_CR1_CRCNEXT);
3883:Drivers/STM32F0xx_HAL_Driver/Src/stm32f0xx_hal_spi.c ****     }
3884:Drivers/STM32F0xx_HAL_Driver/Src/stm32f0xx_hal_spi.c **** #endif /* USE_SPI_CRC */
3885:Drivers/STM32F0xx_HAL_Driver/Src/stm32f0xx_hal_spi.c ****     SPI_CloseTx_ISR(hspi);
3886:Drivers/STM32F0xx_HAL_Driver/Src/stm32f0xx_hal_spi.c ****   }
3887:Drivers/STM32F0xx_HAL_Driver/Src/stm32f0xx_hal_spi.c **** }
3888:Drivers/STM32F0xx_HAL_Driver/Src/stm32f0xx_hal_spi.c **** 
3889:Drivers/STM32F0xx_HAL_Driver/Src/stm32f0xx_hal_spi.c **** /**
3890:Drivers/STM32F0xx_HAL_Driver/Src/stm32f0xx_hal_spi.c ****   * @brief  Handle the data 16-bit transmit in Interrupt mode.
3891:Drivers/STM32F0xx_HAL_Driver/Src/stm32f0xx_hal_spi.c ****   * @param  hspi pointer to a SPI_HandleTypeDef structure that contains
3892:Drivers/STM32F0xx_HAL_Driver/Src/stm32f0xx_hal_spi.c ****   *               the configuration information for SPI module.
3893:Drivers/STM32F0xx_HAL_Driver/Src/stm32f0xx_hal_spi.c ****   * @retval None
3894:Drivers/STM32F0xx_HAL_Driver/Src/stm32f0xx_hal_spi.c ****   */
3895:Drivers/STM32F0xx_HAL_Driver/Src/stm32f0xx_hal_spi.c **** static void SPI_TxISR_16BIT(struct __SPI_HandleTypeDef *hspi)
3896:Drivers/STM32F0xx_HAL_Driver/Src/stm32f0xx_hal_spi.c **** {
3897:Drivers/STM32F0xx_HAL_Driver/Src/stm32f0xx_hal_spi.c ****   /* Transmit data in 16 Bit mode */
3898:Drivers/STM32F0xx_HAL_Driver/Src/stm32f0xx_hal_spi.c ****   hspi->Instance->DR = *((uint16_t *)hspi->pTxBuffPtr);
3899:Drivers/STM32F0xx_HAL_Driver/Src/stm32f0xx_hal_spi.c ****   hspi->pTxBuffPtr += sizeof(uint16_t);
3900:Drivers/STM32F0xx_HAL_Driver/Src/stm32f0xx_hal_spi.c ****   hspi->TxXferCount--;
3901:Drivers/STM32F0xx_HAL_Driver/Src/stm32f0xx_hal_spi.c **** 
3902:Drivers/STM32F0xx_HAL_Driver/Src/stm32f0xx_hal_spi.c ****   if (hspi->TxXferCount == 0U)
3903:Drivers/STM32F0xx_HAL_Driver/Src/stm32f0xx_hal_spi.c ****   {
3904:Drivers/STM32F0xx_HAL_Driver/Src/stm32f0xx_hal_spi.c **** #if (USE_SPI_CRC != 0U)
3905:Drivers/STM32F0xx_HAL_Driver/Src/stm32f0xx_hal_spi.c ****     if (hspi->Init.CRCCalculation == SPI_CRCCALCULATION_ENABLE)
3906:Drivers/STM32F0xx_HAL_Driver/Src/stm32f0xx_hal_spi.c ****     {
3907:Drivers/STM32F0xx_HAL_Driver/Src/stm32f0xx_hal_spi.c ****       /* Enable CRC Transmission */
3908:Drivers/STM32F0xx_HAL_Driver/Src/stm32f0xx_hal_spi.c ****       SET_BIT(hspi->Instance->CR1, SPI_CR1_CRCNEXT);
ARM GAS  C:\Users\ADMINI~1\AppData\Local\Temp\ccrv5aWF.s 			page 70


3909:Drivers/STM32F0xx_HAL_Driver/Src/stm32f0xx_hal_spi.c ****     }
3910:Drivers/STM32F0xx_HAL_Driver/Src/stm32f0xx_hal_spi.c **** #endif /* USE_SPI_CRC */
3911:Drivers/STM32F0xx_HAL_Driver/Src/stm32f0xx_hal_spi.c ****     SPI_CloseTx_ISR(hspi);
3912:Drivers/STM32F0xx_HAL_Driver/Src/stm32f0xx_hal_spi.c ****   }
3913:Drivers/STM32F0xx_HAL_Driver/Src/stm32f0xx_hal_spi.c **** }
3914:Drivers/STM32F0xx_HAL_Driver/Src/stm32f0xx_hal_spi.c **** 
3915:Drivers/STM32F0xx_HAL_Driver/Src/stm32f0xx_hal_spi.c **** /**
3916:Drivers/STM32F0xx_HAL_Driver/Src/stm32f0xx_hal_spi.c ****   * @brief  Handle SPI Communication Timeout.
3917:Drivers/STM32F0xx_HAL_Driver/Src/stm32f0xx_hal_spi.c ****   * @param  hspi pointer to a SPI_HandleTypeDef structure that contains
3918:Drivers/STM32F0xx_HAL_Driver/Src/stm32f0xx_hal_spi.c ****   *              the configuration information for SPI module.
3919:Drivers/STM32F0xx_HAL_Driver/Src/stm32f0xx_hal_spi.c ****   * @param  Flag SPI flag to check
3920:Drivers/STM32F0xx_HAL_Driver/Src/stm32f0xx_hal_spi.c ****   * @param  State flag state to check
3921:Drivers/STM32F0xx_HAL_Driver/Src/stm32f0xx_hal_spi.c ****   * @param  Timeout Timeout duration
3922:Drivers/STM32F0xx_HAL_Driver/Src/stm32f0xx_hal_spi.c ****   * @param  Tickstart tick start value
3923:Drivers/STM32F0xx_HAL_Driver/Src/stm32f0xx_hal_spi.c ****   * @retval HAL status
3924:Drivers/STM32F0xx_HAL_Driver/Src/stm32f0xx_hal_spi.c ****   */
3925:Drivers/STM32F0xx_HAL_Driver/Src/stm32f0xx_hal_spi.c **** static HAL_StatusTypeDef SPI_WaitFlagStateUntilTimeout(SPI_HandleTypeDef *hspi, uint32_t Flag, Flag
3926:Drivers/STM32F0xx_HAL_Driver/Src/stm32f0xx_hal_spi.c ****                                                        uint32_t Timeout, uint32_t Tickstart)
3927:Drivers/STM32F0xx_HAL_Driver/Src/stm32f0xx_hal_spi.c **** {
  27              		.loc 1 3927 1 view -0
  28              		.cfi_startproc
  29              		@ args = 4, pretend = 0, frame = 8
  30              		@ frame_needed = 0, uses_anonymous_args = 0
  31              		.loc 1 3927 1 is_stmt 0 view .LVU1
  32 0000 F0B5     		push	{r4, r5, r6, r7, lr}
  33              		.cfi_def_cfa_offset 20
  34              		.cfi_offset 4, -20
  35              		.cfi_offset 5, -16
  36              		.cfi_offset 6, -12
  37              		.cfi_offset 7, -8
  38              		.cfi_offset 14, -4
  39 0002 D646     		mov	lr, r10
  40 0004 4F46     		mov	r7, r9
  41 0006 4646     		mov	r6, r8
  42 0008 C0B5     		push	{r6, r7, lr}
  43              		.cfi_def_cfa_offset 32
  44              		.cfi_offset 8, -32
  45              		.cfi_offset 9, -28
  46              		.cfi_offset 10, -24
  47 000a 82B0     		sub	sp, sp, #8
  48              		.cfi_def_cfa_offset 40
  49 000c 0600     		movs	r6, r0
  50 000e 0D00     		movs	r5, r1
  51 0010 9046     		mov	r8, r2
  52 0012 1F00     		movs	r7, r3
3928:Drivers/STM32F0xx_HAL_Driver/Src/stm32f0xx_hal_spi.c ****   __IO uint32_t count;
  53              		.loc 1 3928 3 is_stmt 1 view .LVU2
3929:Drivers/STM32F0xx_HAL_Driver/Src/stm32f0xx_hal_spi.c ****   uint32_t tmp_timeout;
  54              		.loc 1 3929 3 view .LVU3
3930:Drivers/STM32F0xx_HAL_Driver/Src/stm32f0xx_hal_spi.c ****   uint32_t tmp_tickstart;
  55              		.loc 1 3930 3 view .LVU4
3931:Drivers/STM32F0xx_HAL_Driver/Src/stm32f0xx_hal_spi.c **** 
3932:Drivers/STM32F0xx_HAL_Driver/Src/stm32f0xx_hal_spi.c ****   /* Adjust Timeout value  in case of end of transfer */
3933:Drivers/STM32F0xx_HAL_Driver/Src/stm32f0xx_hal_spi.c ****   tmp_timeout   = Timeout - (HAL_GetTick() - Tickstart);
  56              		.loc 1 3933 3 view .LVU5
  57              		.loc 1 3933 30 is_stmt 0 view .LVU6
  58 0014 FFF7FEFF 		bl	HAL_GetTick
ARM GAS  C:\Users\ADMINI~1\AppData\Local\Temp\ccrv5aWF.s 			page 71


  59              	.LVL1:
  60              		.loc 1 3933 44 discriminator 1 view .LVU7
  61 0018 0A9B     		ldr	r3, [sp, #40]
  62 001a 181A     		subs	r0, r3, r0
  63              		.loc 1 3933 17 discriminator 1 view .LVU8
  64 001c 8146     		mov	r9, r0
  65 001e B944     		add	r9, r9, r7
  66              	.LVL2:
3934:Drivers/STM32F0xx_HAL_Driver/Src/stm32f0xx_hal_spi.c ****   tmp_tickstart = HAL_GetTick();
  67              		.loc 1 3934 3 is_stmt 1 view .LVU9
  68              		.loc 1 3934 19 is_stmt 0 view .LVU10
  69 0020 FFF7FEFF 		bl	HAL_GetTick
  70              	.LVL3:
  71 0024 8246     		mov	r10, r0
  72              	.LVL4:
3935:Drivers/STM32F0xx_HAL_Driver/Src/stm32f0xx_hal_spi.c **** 
3936:Drivers/STM32F0xx_HAL_Driver/Src/stm32f0xx_hal_spi.c ****   /* Calculate Timeout based on a software loop to avoid blocking issue if Systick is disabled */
3937:Drivers/STM32F0xx_HAL_Driver/Src/stm32f0xx_hal_spi.c ****   count = tmp_timeout * ((SystemCoreClock * 32U) >> 20U);
  73              		.loc 1 3937 3 is_stmt 1 view .LVU11
  74              		.loc 1 3937 43 is_stmt 0 view .LVU12
  75 0026 2C4B     		ldr	r3, .L16
  76 0028 1B68     		ldr	r3, [r3]
  77 002a 5B01     		lsls	r3, r3, #5
  78              		.loc 1 3937 50 view .LVU13
  79 002c 1B0D     		lsrs	r3, r3, #20
  80              		.loc 1 3937 23 view .LVU14
  81 002e 4A46     		mov	r2, r9
  82 0030 5343     		muls	r3, r2
  83              		.loc 1 3937 9 view .LVU15
  84 0032 0193     		str	r3, [sp, #4]
3938:Drivers/STM32F0xx_HAL_Driver/Src/stm32f0xx_hal_spi.c **** 
3939:Drivers/STM32F0xx_HAL_Driver/Src/stm32f0xx_hal_spi.c ****   while ((__HAL_SPI_GET_FLAG(hspi, Flag) ? SET : RESET) != State)
  85              		.loc 1 3939 3 is_stmt 1 view .LVU16
  86              	.LVL5:
  87              	.L3:
  88              		.loc 1 3939 57 view .LVU17
  89              		.loc 1 3939 11 is_stmt 0 view .LVU18
  90 0034 3368     		ldr	r3, [r6]
  91 0036 9C68     		ldr	r4, [r3, #8]
  92 0038 2C40     		ands	r4, r5
  93              		.loc 1 3939 48 view .LVU19
  94 003a 641B     		subs	r4, r4, r5
  95 003c 6342     		rsbs	r3, r4, #0
  96 003e 5C41     		adcs	r4, r4, r3
  97              		.loc 1 3939 57 view .LVU20
  98 0040 4445     		cmp	r4, r8
  99 0042 42D0     		beq	.L12
3940:Drivers/STM32F0xx_HAL_Driver/Src/stm32f0xx_hal_spi.c ****   {
3941:Drivers/STM32F0xx_HAL_Driver/Src/stm32f0xx_hal_spi.c ****     if (Timeout != HAL_MAX_DELAY)
 100              		.loc 1 3941 5 is_stmt 1 view .LVU21
 101              		.loc 1 3941 8 is_stmt 0 view .LVU22
 102 0044 7B1C     		adds	r3, r7, #1
 103 0046 F5D0     		beq	.L3
3942:Drivers/STM32F0xx_HAL_Driver/Src/stm32f0xx_hal_spi.c ****     {
3943:Drivers/STM32F0xx_HAL_Driver/Src/stm32f0xx_hal_spi.c ****       if (((HAL_GetTick() - tmp_tickstart) >= tmp_timeout) || (tmp_timeout == 0U))
 104              		.loc 1 3943 7 is_stmt 1 view .LVU23
 105              		.loc 1 3943 13 is_stmt 0 view .LVU24
ARM GAS  C:\Users\ADMINI~1\AppData\Local\Temp\ccrv5aWF.s 			page 72


 106 0048 FFF7FEFF 		bl	HAL_GetTick
 107              	.LVL6:
 108              		.loc 1 3943 27 discriminator 1 view .LVU25
 109 004c 5346     		mov	r3, r10
 110 004e C01A     		subs	r0, r0, r3
 111              		.loc 1 3943 10 discriminator 1 view .LVU26
 112 0050 4845     		cmp	r0, r9
 113 0052 08D2     		bcs	.L13
 114              	.LVL7:
3944:Drivers/STM32F0xx_HAL_Driver/Src/stm32f0xx_hal_spi.c ****       {
3945:Drivers/STM32F0xx_HAL_Driver/Src/stm32f0xx_hal_spi.c ****         /* Disable the SPI and reset the CRC: the CRC value should be cleared
3946:Drivers/STM32F0xx_HAL_Driver/Src/stm32f0xx_hal_spi.c ****            on both master and slave sides in order to resynchronize the master
3947:Drivers/STM32F0xx_HAL_Driver/Src/stm32f0xx_hal_spi.c ****            and slave for their respective CRC calculation */
3948:Drivers/STM32F0xx_HAL_Driver/Src/stm32f0xx_hal_spi.c **** 
3949:Drivers/STM32F0xx_HAL_Driver/Src/stm32f0xx_hal_spi.c ****         /* Disable TXE, RXNE and ERR interrupts for the interrupt process */
3950:Drivers/STM32F0xx_HAL_Driver/Src/stm32f0xx_hal_spi.c ****         __HAL_SPI_DISABLE_IT(hspi, (SPI_IT_TXE | SPI_IT_RXNE | SPI_IT_ERR));
3951:Drivers/STM32F0xx_HAL_Driver/Src/stm32f0xx_hal_spi.c **** 
3952:Drivers/STM32F0xx_HAL_Driver/Src/stm32f0xx_hal_spi.c ****         if ((hspi->Init.Mode == SPI_MODE_MASTER) && ((hspi->Init.Direction == SPI_DIRECTION_1LINE)
3953:Drivers/STM32F0xx_HAL_Driver/Src/stm32f0xx_hal_spi.c ****                                                      || (hspi->Init.Direction == SPI_DIRECTION_2LIN
3954:Drivers/STM32F0xx_HAL_Driver/Src/stm32f0xx_hal_spi.c ****         {
3955:Drivers/STM32F0xx_HAL_Driver/Src/stm32f0xx_hal_spi.c ****           /* Disable SPI peripheral */
3956:Drivers/STM32F0xx_HAL_Driver/Src/stm32f0xx_hal_spi.c ****           __HAL_SPI_DISABLE(hspi);
3957:Drivers/STM32F0xx_HAL_Driver/Src/stm32f0xx_hal_spi.c ****         }
3958:Drivers/STM32F0xx_HAL_Driver/Src/stm32f0xx_hal_spi.c **** 
3959:Drivers/STM32F0xx_HAL_Driver/Src/stm32f0xx_hal_spi.c ****         /* Reset CRC Calculation */
3960:Drivers/STM32F0xx_HAL_Driver/Src/stm32f0xx_hal_spi.c ****         if (hspi->Init.CRCCalculation == SPI_CRCCALCULATION_ENABLE)
3961:Drivers/STM32F0xx_HAL_Driver/Src/stm32f0xx_hal_spi.c ****         {
3962:Drivers/STM32F0xx_HAL_Driver/Src/stm32f0xx_hal_spi.c ****           SPI_RESET_CRC(hspi);
3963:Drivers/STM32F0xx_HAL_Driver/Src/stm32f0xx_hal_spi.c ****         }
3964:Drivers/STM32F0xx_HAL_Driver/Src/stm32f0xx_hal_spi.c **** 
3965:Drivers/STM32F0xx_HAL_Driver/Src/stm32f0xx_hal_spi.c ****         hspi->State = HAL_SPI_STATE_READY;
3966:Drivers/STM32F0xx_HAL_Driver/Src/stm32f0xx_hal_spi.c **** 
3967:Drivers/STM32F0xx_HAL_Driver/Src/stm32f0xx_hal_spi.c ****         /* Process Unlocked */
3968:Drivers/STM32F0xx_HAL_Driver/Src/stm32f0xx_hal_spi.c ****         __HAL_UNLOCK(hspi);
3969:Drivers/STM32F0xx_HAL_Driver/Src/stm32f0xx_hal_spi.c **** 
3970:Drivers/STM32F0xx_HAL_Driver/Src/stm32f0xx_hal_spi.c ****         return HAL_TIMEOUT;
3971:Drivers/STM32F0xx_HAL_Driver/Src/stm32f0xx_hal_spi.c ****       }
3972:Drivers/STM32F0xx_HAL_Driver/Src/stm32f0xx_hal_spi.c ****       /* If Systick is disabled or not incremented, deactivate timeout to go in disable loop proced
3973:Drivers/STM32F0xx_HAL_Driver/Src/stm32f0xx_hal_spi.c ****       if (count == 0U)
 115              		.loc 1 3973 7 is_stmt 1 view .LVU27
 116              		.loc 1 3973 17 is_stmt 0 view .LVU28
 117 0054 019A     		ldr	r2, [sp, #4]
 118              		.loc 1 3973 10 view .LVU29
 119 0056 002A     		cmp	r2, #0
 120 0058 00D0     		beq	.L9
 121 005a 4A46     		mov	r2, r9
 122              	.L9:
 123              	.LVL8:
3974:Drivers/STM32F0xx_HAL_Driver/Src/stm32f0xx_hal_spi.c ****       {
3975:Drivers/STM32F0xx_HAL_Driver/Src/stm32f0xx_hal_spi.c ****         tmp_timeout = 0U;
3976:Drivers/STM32F0xx_HAL_Driver/Src/stm32f0xx_hal_spi.c ****       }
3977:Drivers/STM32F0xx_HAL_Driver/Src/stm32f0xx_hal_spi.c ****       count--;
 124              		.loc 1 3977 7 is_stmt 1 view .LVU30
 125              		.loc 1 3977 12 is_stmt 0 view .LVU31
 126 005c 019B     		ldr	r3, [sp, #4]
 127              	.LVL9:
 128              		.loc 1 3977 12 view .LVU32
ARM GAS  C:\Users\ADMINI~1\AppData\Local\Temp\ccrv5aWF.s 			page 73


 129 005e 013B     		subs	r3, r3, #1
 130 0060 0193     		str	r3, [sp, #4]
 131 0062 9146     		mov	r9, r2
 132 0064 E6E7     		b	.L3
 133              	.LVL10:
 134              	.L13:
3950:Drivers/STM32F0xx_HAL_Driver/Src/stm32f0xx_hal_spi.c **** 
 135              		.loc 1 3950 9 is_stmt 1 view .LVU33
 136 0066 3268     		ldr	r2, [r6]
 137 0068 5368     		ldr	r3, [r2, #4]
 138              	.LVL11:
3950:Drivers/STM32F0xx_HAL_Driver/Src/stm32f0xx_hal_spi.c **** 
 139              		.loc 1 3950 9 is_stmt 0 view .LVU34
 140 006a E021     		movs	r1, #224
 141 006c 8B43     		bics	r3, r1
 142 006e 5360     		str	r3, [r2, #4]
3952:Drivers/STM32F0xx_HAL_Driver/Src/stm32f0xx_hal_spi.c ****                                                      || (hspi->Init.Direction == SPI_DIRECTION_2LIN
 143              		.loc 1 3952 9 is_stmt 1 view .LVU35
3952:Drivers/STM32F0xx_HAL_Driver/Src/stm32f0xx_hal_spi.c ****                                                      || (hspi->Init.Direction == SPI_DIRECTION_2LIN
 144              		.loc 1 3952 24 is_stmt 0 view .LVU36
 145 0070 7268     		ldr	r2, [r6, #4]
3952:Drivers/STM32F0xx_HAL_Driver/Src/stm32f0xx_hal_spi.c ****                                                      || (hspi->Init.Direction == SPI_DIRECTION_2LIN
 146              		.loc 1 3952 12 view .LVU37
 147 0072 8223     		movs	r3, #130
 148 0074 5B00     		lsls	r3, r3, #1
 149 0076 9A42     		cmp	r2, r3
 150 0078 0CD0     		beq	.L14
 151              	.L5:
3960:Drivers/STM32F0xx_HAL_Driver/Src/stm32f0xx_hal_spi.c ****         {
 152              		.loc 1 3960 9 is_stmt 1 view .LVU38
3960:Drivers/STM32F0xx_HAL_Driver/Src/stm32f0xx_hal_spi.c ****         {
 153              		.loc 1 3960 23 is_stmt 0 view .LVU39
 154 007a B26A     		ldr	r2, [r6, #40]
3960:Drivers/STM32F0xx_HAL_Driver/Src/stm32f0xx_hal_spi.c ****         {
 155              		.loc 1 3960 12 view .LVU40
 156 007c 8023     		movs	r3, #128
 157 007e 9B01     		lsls	r3, r3, #6
 158 0080 9A42     		cmp	r2, r3
 159 0082 16D0     		beq	.L15
 160              	.L7:
3962:Drivers/STM32F0xx_HAL_Driver/Src/stm32f0xx_hal_spi.c ****         }
 161              		.loc 1 3962 11 is_stmt 1 discriminator 1 view .LVU41
3965:Drivers/STM32F0xx_HAL_Driver/Src/stm32f0xx_hal_spi.c **** 
 162              		.loc 1 3965 9 view .LVU42
3965:Drivers/STM32F0xx_HAL_Driver/Src/stm32f0xx_hal_spi.c **** 
 163              		.loc 1 3965 21 is_stmt 0 view .LVU43
 164 0084 5D23     		movs	r3, #93
 165 0086 0122     		movs	r2, #1
 166 0088 F254     		strb	r2, [r6, r3]
3968:Drivers/STM32F0xx_HAL_Driver/Src/stm32f0xx_hal_spi.c **** 
 167              		.loc 1 3968 9 is_stmt 1 view .LVU44
3968:Drivers/STM32F0xx_HAL_Driver/Src/stm32f0xx_hal_spi.c **** 
 168              		.loc 1 3968 9 view .LVU45
 169 008a 013B     		subs	r3, r3, #1
 170 008c 0022     		movs	r2, #0
 171 008e F254     		strb	r2, [r6, r3]
3968:Drivers/STM32F0xx_HAL_Driver/Src/stm32f0xx_hal_spi.c **** 
ARM GAS  C:\Users\ADMINI~1\AppData\Local\Temp\ccrv5aWF.s 			page 74


 172              		.loc 1 3968 9 view .LVU46
3970:Drivers/STM32F0xx_HAL_Driver/Src/stm32f0xx_hal_spi.c ****       }
 173              		.loc 1 3970 9 view .LVU47
3970:Drivers/STM32F0xx_HAL_Driver/Src/stm32f0xx_hal_spi.c ****       }
 174              		.loc 1 3970 16 is_stmt 0 view .LVU48
 175 0090 0320     		movs	r0, #3
 176 0092 1BE0     		b	.L8
 177              	.L14:
3952:Drivers/STM32F0xx_HAL_Driver/Src/stm32f0xx_hal_spi.c ****                                                      || (hspi->Init.Direction == SPI_DIRECTION_2LIN
 178              		.loc 1 3952 65 discriminator 1 view .LVU49
 179 0094 B368     		ldr	r3, [r6, #8]
3952:Drivers/STM32F0xx_HAL_Driver/Src/stm32f0xx_hal_spi.c ****                                                      || (hspi->Init.Direction == SPI_DIRECTION_2LIN
 180              		.loc 1 3952 50 discriminator 1 view .LVU50
 181 0096 8022     		movs	r2, #128
 182 0098 1202     		lsls	r2, r2, #8
 183 009a 9342     		cmp	r3, r2
 184 009c 03D0     		beq	.L6
3953:Drivers/STM32F0xx_HAL_Driver/Src/stm32f0xx_hal_spi.c ****         {
 185              		.loc 1 3953 54 view .LVU51
 186 009e 8022     		movs	r2, #128
 187 00a0 D200     		lsls	r2, r2, #3
 188 00a2 9342     		cmp	r3, r2
 189 00a4 E9D1     		bne	.L5
 190              	.L6:
3956:Drivers/STM32F0xx_HAL_Driver/Src/stm32f0xx_hal_spi.c ****         }
 191              		.loc 1 3956 11 is_stmt 1 view .LVU52
 192 00a6 3268     		ldr	r2, [r6]
 193 00a8 1368     		ldr	r3, [r2]
 194 00aa 4021     		movs	r1, #64
 195 00ac 8B43     		bics	r3, r1
 196 00ae 1360     		str	r3, [r2]
 197 00b0 E3E7     		b	.L5
 198              	.L15:
3962:Drivers/STM32F0xx_HAL_Driver/Src/stm32f0xx_hal_spi.c ****         }
 199              		.loc 1 3962 11 view .LVU53
3962:Drivers/STM32F0xx_HAL_Driver/Src/stm32f0xx_hal_spi.c ****         }
 200              		.loc 1 3962 11 view .LVU54
 201 00b2 3268     		ldr	r2, [r6]
 202 00b4 1368     		ldr	r3, [r2]
 203 00b6 0949     		ldr	r1, .L16+4
 204 00b8 0B40     		ands	r3, r1
 205 00ba 1360     		str	r3, [r2]
3962:Drivers/STM32F0xx_HAL_Driver/Src/stm32f0xx_hal_spi.c ****         }
 206              		.loc 1 3962 11 view .LVU55
 207 00bc 3268     		ldr	r2, [r6]
 208 00be 1168     		ldr	r1, [r2]
 209 00c0 8023     		movs	r3, #128
 210 00c2 9B01     		lsls	r3, r3, #6
 211 00c4 0B43     		orrs	r3, r1
 212 00c6 1360     		str	r3, [r2]
 213 00c8 DCE7     		b	.L7
 214              	.LVL12:
 215              	.L12:
3978:Drivers/STM32F0xx_HAL_Driver/Src/stm32f0xx_hal_spi.c ****     }
3979:Drivers/STM32F0xx_HAL_Driver/Src/stm32f0xx_hal_spi.c ****   }
3980:Drivers/STM32F0xx_HAL_Driver/Src/stm32f0xx_hal_spi.c **** 
3981:Drivers/STM32F0xx_HAL_Driver/Src/stm32f0xx_hal_spi.c ****   return HAL_OK;
ARM GAS  C:\Users\ADMINI~1\AppData\Local\Temp\ccrv5aWF.s 			page 75


 216              		.loc 1 3981 10 is_stmt 0 view .LVU56
 217 00ca 0020     		movs	r0, #0
 218              	.LVL13:
 219              	.L8:
3982:Drivers/STM32F0xx_HAL_Driver/Src/stm32f0xx_hal_spi.c **** }
 220              		.loc 1 3982 1 view .LVU57
 221 00cc 02B0     		add	sp, sp, #8
 222              		@ sp needed
 223              	.LVL14:
 224              	.LVL15:
 225              	.LVL16:
 226              	.LVL17:
 227              	.LVL18:
 228              	.LVL19:
 229              		.loc 1 3982 1 view .LVU58
 230 00ce E0BC     		pop	{r5, r6, r7}
 231 00d0 BA46     		mov	r10, r7
 232 00d2 B146     		mov	r9, r6
 233 00d4 A846     		mov	r8, r5
 234 00d6 F0BD     		pop	{r4, r5, r6, r7, pc}
 235              	.L17:
 236              		.align	2
 237              	.L16:
 238 00d8 00000000 		.word	SystemCoreClock
 239 00dc FFDFFFFF 		.word	-8193
 240              		.cfi_endproc
 241              	.LFE87:
 243              		.section	.text.SPI_WaitFifoStateUntilTimeout,"ax",%progbits
 244              		.align	1
 245              		.syntax unified
 246              		.code	16
 247              		.thumb_func
 249              	SPI_WaitFifoStateUntilTimeout:
 250              	.LVL20:
 251              	.LFB88:
3983:Drivers/STM32F0xx_HAL_Driver/Src/stm32f0xx_hal_spi.c **** 
3984:Drivers/STM32F0xx_HAL_Driver/Src/stm32f0xx_hal_spi.c **** /**
3985:Drivers/STM32F0xx_HAL_Driver/Src/stm32f0xx_hal_spi.c ****   * @brief  Handle SPI FIFO Communication Timeout.
3986:Drivers/STM32F0xx_HAL_Driver/Src/stm32f0xx_hal_spi.c ****   * @param  hspi pointer to a SPI_HandleTypeDef structure that contains
3987:Drivers/STM32F0xx_HAL_Driver/Src/stm32f0xx_hal_spi.c ****   *              the configuration information for SPI module.
3988:Drivers/STM32F0xx_HAL_Driver/Src/stm32f0xx_hal_spi.c ****   * @param  Fifo Fifo to check
3989:Drivers/STM32F0xx_HAL_Driver/Src/stm32f0xx_hal_spi.c ****   * @param  State Fifo state to check
3990:Drivers/STM32F0xx_HAL_Driver/Src/stm32f0xx_hal_spi.c ****   * @param  Timeout Timeout duration
3991:Drivers/STM32F0xx_HAL_Driver/Src/stm32f0xx_hal_spi.c ****   * @param  Tickstart tick start value
3992:Drivers/STM32F0xx_HAL_Driver/Src/stm32f0xx_hal_spi.c ****   * @retval HAL status
3993:Drivers/STM32F0xx_HAL_Driver/Src/stm32f0xx_hal_spi.c ****   */
3994:Drivers/STM32F0xx_HAL_Driver/Src/stm32f0xx_hal_spi.c **** static HAL_StatusTypeDef SPI_WaitFifoStateUntilTimeout(SPI_HandleTypeDef *hspi, uint32_t Fifo, uint
3995:Drivers/STM32F0xx_HAL_Driver/Src/stm32f0xx_hal_spi.c ****                                                        uint32_t Timeout, uint32_t Tickstart)
3996:Drivers/STM32F0xx_HAL_Driver/Src/stm32f0xx_hal_spi.c **** {
 252              		.loc 1 3996 1 is_stmt 1 view -0
 253              		.cfi_startproc
 254              		@ args = 4, pretend = 0, frame = 8
 255              		@ frame_needed = 0, uses_anonymous_args = 0
 256              		.loc 1 3996 1 is_stmt 0 view .LVU60
 257 0000 F0B5     		push	{r4, r5, r6, r7, lr}
 258              		.cfi_def_cfa_offset 20
 259              		.cfi_offset 4, -20
ARM GAS  C:\Users\ADMINI~1\AppData\Local\Temp\ccrv5aWF.s 			page 76


 260              		.cfi_offset 5, -16
 261              		.cfi_offset 6, -12
 262              		.cfi_offset 7, -8
 263              		.cfi_offset 14, -4
 264 0002 DE46     		mov	lr, fp
 265 0004 5746     		mov	r7, r10
 266 0006 4E46     		mov	r6, r9
 267 0008 4546     		mov	r5, r8
 268 000a E0B5     		push	{r5, r6, r7, lr}
 269              		.cfi_def_cfa_offset 36
 270              		.cfi_offset 8, -36
 271              		.cfi_offset 9, -32
 272              		.cfi_offset 10, -28
 273              		.cfi_offset 11, -24
 274 000c 83B0     		sub	sp, sp, #12
 275              		.cfi_def_cfa_offset 48
 276 000e 0700     		movs	r7, r0
 277 0010 0D00     		movs	r5, r1
 278 0012 1600     		movs	r6, r2
 279 0014 9846     		mov	r8, r3
3997:Drivers/STM32F0xx_HAL_Driver/Src/stm32f0xx_hal_spi.c ****   __IO uint32_t count;
 280              		.loc 1 3997 3 is_stmt 1 view .LVU61
3998:Drivers/STM32F0xx_HAL_Driver/Src/stm32f0xx_hal_spi.c ****   uint32_t tmp_timeout;
 281              		.loc 1 3998 3 view .LVU62
3999:Drivers/STM32F0xx_HAL_Driver/Src/stm32f0xx_hal_spi.c ****   uint32_t tmp_tickstart;
 282              		.loc 1 3999 3 view .LVU63
4000:Drivers/STM32F0xx_HAL_Driver/Src/stm32f0xx_hal_spi.c ****   __IO uint8_t  *ptmpreg8;
 283              		.loc 1 4000 3 view .LVU64
4001:Drivers/STM32F0xx_HAL_Driver/Src/stm32f0xx_hal_spi.c ****   __IO uint8_t  tmpreg8 = 0;
 284              		.loc 1 4001 3 view .LVU65
 285              		.loc 1 4001 17 is_stmt 0 view .LVU66
 286 0016 6B46     		mov	r3, sp
 287              	.LVL21:
 288              		.loc 1 4001 17 view .LVU67
 289 0018 0022     		movs	r2, #0
 290              	.LVL22:
 291              		.loc 1 4001 17 view .LVU68
 292 001a DA70     		strb	r2, [r3, #3]
4002:Drivers/STM32F0xx_HAL_Driver/Src/stm32f0xx_hal_spi.c **** 
4003:Drivers/STM32F0xx_HAL_Driver/Src/stm32f0xx_hal_spi.c ****   /* Adjust Timeout value  in case of end of transfer */
4004:Drivers/STM32F0xx_HAL_Driver/Src/stm32f0xx_hal_spi.c ****   tmp_timeout = Timeout - (HAL_GetTick() - Tickstart);
 293              		.loc 1 4004 3 is_stmt 1 view .LVU69
 294              		.loc 1 4004 28 is_stmt 0 view .LVU70
 295 001c FFF7FEFF 		bl	HAL_GetTick
 296              	.LVL23:
 297              		.loc 1 4004 42 discriminator 1 view .LVU71
 298 0020 0C9B     		ldr	r3, [sp, #48]
 299 0022 181A     		subs	r0, r3, r0
 300              		.loc 1 4004 15 discriminator 1 view .LVU72
 301 0024 4044     		add	r0, r0, r8
 302 0026 8146     		mov	r9, r0
 303              	.LVL24:
4005:Drivers/STM32F0xx_HAL_Driver/Src/stm32f0xx_hal_spi.c ****   tmp_tickstart = HAL_GetTick();
 304              		.loc 1 4005 3 is_stmt 1 view .LVU73
 305              		.loc 1 4005 19 is_stmt 0 view .LVU74
 306 0028 FFF7FEFF 		bl	HAL_GetTick
 307              	.LVL25:
ARM GAS  C:\Users\ADMINI~1\AppData\Local\Temp\ccrv5aWF.s 			page 77


 308              		.loc 1 4005 19 view .LVU75
 309 002c 8246     		mov	r10, r0
 310              	.LVL26:
4006:Drivers/STM32F0xx_HAL_Driver/Src/stm32f0xx_hal_spi.c **** 
4007:Drivers/STM32F0xx_HAL_Driver/Src/stm32f0xx_hal_spi.c ****   /* Initialize the 8bit temporary pointer */
4008:Drivers/STM32F0xx_HAL_Driver/Src/stm32f0xx_hal_spi.c ****   ptmpreg8 = (__IO uint8_t *)&hspi->Instance->DR;
 311              		.loc 1 4008 3 is_stmt 1 view .LVU76
 312              		.loc 1 4008 35 is_stmt 0 view .LVU77
 313 002e 3B68     		ldr	r3, [r7]
 314 0030 9B46     		mov	fp, r3
 315              	.LVL27:
4009:Drivers/STM32F0xx_HAL_Driver/Src/stm32f0xx_hal_spi.c **** 
4010:Drivers/STM32F0xx_HAL_Driver/Src/stm32f0xx_hal_spi.c ****   /* Calculate Timeout based on a software loop to avoid blocking issue if Systick is disabled */
4011:Drivers/STM32F0xx_HAL_Driver/Src/stm32f0xx_hal_spi.c ****   count = tmp_timeout * ((SystemCoreClock * 35U) >> 20U);
 316              		.loc 1 4011 3 is_stmt 1 view .LVU78
 317              		.loc 1 4011 43 is_stmt 0 view .LVU79
 318 0032 344B     		ldr	r3, .L35
 319              	.LVL28:
 320              		.loc 1 4011 43 view .LVU80
 321 0034 1B68     		ldr	r3, [r3]
 322 0036 9A00     		lsls	r2, r3, #2
 323 0038 D218     		adds	r2, r2, r3
 324 003a D300     		lsls	r3, r2, #3
 325 003c 9B1A     		subs	r3, r3, r2
 326              		.loc 1 4011 50 view .LVU81
 327 003e 1B0D     		lsrs	r3, r3, #20
 328              		.loc 1 4011 23 view .LVU82
 329 0040 4A46     		mov	r2, r9
 330 0042 5343     		muls	r3, r2
 331              		.loc 1 4011 9 view .LVU83
 332 0044 0193     		str	r3, [sp, #4]
4012:Drivers/STM32F0xx_HAL_Driver/Src/stm32f0xx_hal_spi.c **** 
4013:Drivers/STM32F0xx_HAL_Driver/Src/stm32f0xx_hal_spi.c ****   while ((hspi->Instance->SR & Fifo) != State)
 333              		.loc 1 4013 3 is_stmt 1 view .LVU84
 334              		.loc 1 4013 9 is_stmt 0 view .LVU85
 335 0046 02E0     		b	.L21
 336              	.LVL29:
 337              	.L20:
4014:Drivers/STM32F0xx_HAL_Driver/Src/stm32f0xx_hal_spi.c ****   {
4015:Drivers/STM32F0xx_HAL_Driver/Src/stm32f0xx_hal_spi.c ****     if ((Fifo == SPI_SR_FRLVL) && (State == SPI_FRLVL_EMPTY))
4016:Drivers/STM32F0xx_HAL_Driver/Src/stm32f0xx_hal_spi.c ****     {
4017:Drivers/STM32F0xx_HAL_Driver/Src/stm32f0xx_hal_spi.c ****       /* Flush Data Register by a blank read */
4018:Drivers/STM32F0xx_HAL_Driver/Src/stm32f0xx_hal_spi.c ****       tmpreg8 = *ptmpreg8;
4019:Drivers/STM32F0xx_HAL_Driver/Src/stm32f0xx_hal_spi.c ****       /* To avoid GCC warning */
4020:Drivers/STM32F0xx_HAL_Driver/Src/stm32f0xx_hal_spi.c ****       UNUSED(tmpreg8);
4021:Drivers/STM32F0xx_HAL_Driver/Src/stm32f0xx_hal_spi.c ****     }
4022:Drivers/STM32F0xx_HAL_Driver/Src/stm32f0xx_hal_spi.c **** 
4023:Drivers/STM32F0xx_HAL_Driver/Src/stm32f0xx_hal_spi.c ****     if (Timeout != HAL_MAX_DELAY)
 338              		.loc 1 4023 5 is_stmt 1 view .LVU86
 339              		.loc 1 4023 8 is_stmt 0 view .LVU87
 340 0048 4346     		mov	r3, r8
 341 004a 0133     		adds	r3, r3, #1
 342 004c 11D1     		bne	.L30
 343              	.L21:
4013:Drivers/STM32F0xx_HAL_Driver/Src/stm32f0xx_hal_spi.c ****   {
 344              		.loc 1 4013 38 is_stmt 1 view .LVU88
4013:Drivers/STM32F0xx_HAL_Driver/Src/stm32f0xx_hal_spi.c ****   {
ARM GAS  C:\Users\ADMINI~1\AppData\Local\Temp\ccrv5aWF.s 			page 78


 345              		.loc 1 4013 15 is_stmt 0 view .LVU89
 346 004e 3B68     		ldr	r3, [r7]
4013:Drivers/STM32F0xx_HAL_Driver/Src/stm32f0xx_hal_spi.c ****   {
 347              		.loc 1 4013 25 view .LVU90
 348 0050 9C68     		ldr	r4, [r3, #8]
4013:Drivers/STM32F0xx_HAL_Driver/Src/stm32f0xx_hal_spi.c ****   {
 349              		.loc 1 4013 30 view .LVU91
 350 0052 2C40     		ands	r4, r5
4013:Drivers/STM32F0xx_HAL_Driver/Src/stm32f0xx_hal_spi.c ****   {
 351              		.loc 1 4013 38 view .LVU92
 352 0054 B442     		cmp	r4, r6
 353 0056 4DD0     		beq	.L31
4015:Drivers/STM32F0xx_HAL_Driver/Src/stm32f0xx_hal_spi.c ****     {
 354              		.loc 1 4015 5 is_stmt 1 view .LVU93
4015:Drivers/STM32F0xx_HAL_Driver/Src/stm32f0xx_hal_spi.c ****     {
 355              		.loc 1 4015 8 is_stmt 0 view .LVU94
 356 0058 C023     		movs	r3, #192
 357 005a DB00     		lsls	r3, r3, #3
 358 005c 9D42     		cmp	r5, r3
 359 005e F3D1     		bne	.L20
4015:Drivers/STM32F0xx_HAL_Driver/Src/stm32f0xx_hal_spi.c ****     {
 360              		.loc 1 4015 32 discriminator 1 view .LVU95
 361 0060 002E     		cmp	r6, #0
 362 0062 F1D1     		bne	.L20
4018:Drivers/STM32F0xx_HAL_Driver/Src/stm32f0xx_hal_spi.c ****       /* To avoid GCC warning */
 363              		.loc 1 4018 7 is_stmt 1 view .LVU96
4018:Drivers/STM32F0xx_HAL_Driver/Src/stm32f0xx_hal_spi.c ****       /* To avoid GCC warning */
 364              		.loc 1 4018 17 is_stmt 0 view .LVU97
 365 0064 5B46     		mov	r3, fp
 366 0066 1B7B     		ldrb	r3, [r3, #12]
 367 0068 DBB2     		uxtb	r3, r3
4018:Drivers/STM32F0xx_HAL_Driver/Src/stm32f0xx_hal_spi.c ****       /* To avoid GCC warning */
 368              		.loc 1 4018 15 view .LVU98
 369 006a 6A46     		mov	r2, sp
 370 006c D370     		strb	r3, [r2, #3]
4020:Drivers/STM32F0xx_HAL_Driver/Src/stm32f0xx_hal_spi.c ****     }
 371              		.loc 1 4020 7 is_stmt 1 view .LVU99
 372 006e D378     		ldrb	r3, [r2, #3]
 373 0070 EAE7     		b	.L20
 374              	.L30:
4024:Drivers/STM32F0xx_HAL_Driver/Src/stm32f0xx_hal_spi.c ****     {
4025:Drivers/STM32F0xx_HAL_Driver/Src/stm32f0xx_hal_spi.c ****       if (((HAL_GetTick() - tmp_tickstart) >= tmp_timeout) || (tmp_timeout == 0U))
 375              		.loc 1 4025 7 view .LVU100
 376              		.loc 1 4025 13 is_stmt 0 view .LVU101
 377 0072 FFF7FEFF 		bl	HAL_GetTick
 378              	.LVL30:
 379              		.loc 1 4025 27 discriminator 1 view .LVU102
 380 0076 5346     		mov	r3, r10
 381 0078 C01A     		subs	r0, r0, r3
 382              		.loc 1 4025 10 discriminator 1 view .LVU103
 383 007a 4845     		cmp	r0, r9
 384 007c 08D2     		bcs	.L32
 385              	.LVL31:
4026:Drivers/STM32F0xx_HAL_Driver/Src/stm32f0xx_hal_spi.c ****       {
4027:Drivers/STM32F0xx_HAL_Driver/Src/stm32f0xx_hal_spi.c ****         /* Disable the SPI and reset the CRC: the CRC value should be cleared
4028:Drivers/STM32F0xx_HAL_Driver/Src/stm32f0xx_hal_spi.c ****            on both master and slave sides in order to resynchronize the master
4029:Drivers/STM32F0xx_HAL_Driver/Src/stm32f0xx_hal_spi.c ****            and slave for their respective CRC calculation */
ARM GAS  C:\Users\ADMINI~1\AppData\Local\Temp\ccrv5aWF.s 			page 79


4030:Drivers/STM32F0xx_HAL_Driver/Src/stm32f0xx_hal_spi.c **** 
4031:Drivers/STM32F0xx_HAL_Driver/Src/stm32f0xx_hal_spi.c ****         /* Disable TXE, RXNE and ERR interrupts for the interrupt process */
4032:Drivers/STM32F0xx_HAL_Driver/Src/stm32f0xx_hal_spi.c ****         __HAL_SPI_DISABLE_IT(hspi, (SPI_IT_TXE | SPI_IT_RXNE | SPI_IT_ERR));
4033:Drivers/STM32F0xx_HAL_Driver/Src/stm32f0xx_hal_spi.c **** 
4034:Drivers/STM32F0xx_HAL_Driver/Src/stm32f0xx_hal_spi.c ****         if ((hspi->Init.Mode == SPI_MODE_MASTER) && ((hspi->Init.Direction == SPI_DIRECTION_1LINE)
4035:Drivers/STM32F0xx_HAL_Driver/Src/stm32f0xx_hal_spi.c ****                                                      || (hspi->Init.Direction == SPI_DIRECTION_2LIN
4036:Drivers/STM32F0xx_HAL_Driver/Src/stm32f0xx_hal_spi.c ****         {
4037:Drivers/STM32F0xx_HAL_Driver/Src/stm32f0xx_hal_spi.c ****           /* Disable SPI peripheral */
4038:Drivers/STM32F0xx_HAL_Driver/Src/stm32f0xx_hal_spi.c ****           __HAL_SPI_DISABLE(hspi);
4039:Drivers/STM32F0xx_HAL_Driver/Src/stm32f0xx_hal_spi.c ****         }
4040:Drivers/STM32F0xx_HAL_Driver/Src/stm32f0xx_hal_spi.c **** 
4041:Drivers/STM32F0xx_HAL_Driver/Src/stm32f0xx_hal_spi.c ****         /* Reset CRC Calculation */
4042:Drivers/STM32F0xx_HAL_Driver/Src/stm32f0xx_hal_spi.c ****         if (hspi->Init.CRCCalculation == SPI_CRCCALCULATION_ENABLE)
4043:Drivers/STM32F0xx_HAL_Driver/Src/stm32f0xx_hal_spi.c ****         {
4044:Drivers/STM32F0xx_HAL_Driver/Src/stm32f0xx_hal_spi.c ****           SPI_RESET_CRC(hspi);
4045:Drivers/STM32F0xx_HAL_Driver/Src/stm32f0xx_hal_spi.c ****         }
4046:Drivers/STM32F0xx_HAL_Driver/Src/stm32f0xx_hal_spi.c **** 
4047:Drivers/STM32F0xx_HAL_Driver/Src/stm32f0xx_hal_spi.c ****         hspi->State = HAL_SPI_STATE_READY;
4048:Drivers/STM32F0xx_HAL_Driver/Src/stm32f0xx_hal_spi.c **** 
4049:Drivers/STM32F0xx_HAL_Driver/Src/stm32f0xx_hal_spi.c ****         /* Process Unlocked */
4050:Drivers/STM32F0xx_HAL_Driver/Src/stm32f0xx_hal_spi.c ****         __HAL_UNLOCK(hspi);
4051:Drivers/STM32F0xx_HAL_Driver/Src/stm32f0xx_hal_spi.c **** 
4052:Drivers/STM32F0xx_HAL_Driver/Src/stm32f0xx_hal_spi.c ****         return HAL_TIMEOUT;
4053:Drivers/STM32F0xx_HAL_Driver/Src/stm32f0xx_hal_spi.c ****       }
4054:Drivers/STM32F0xx_HAL_Driver/Src/stm32f0xx_hal_spi.c ****       /* If Systick is disabled or not incremented, deactivate timeout to go in disable loop proced
4055:Drivers/STM32F0xx_HAL_Driver/Src/stm32f0xx_hal_spi.c ****       if (count == 0U)
 386              		.loc 1 4055 7 is_stmt 1 view .LVU104
 387              		.loc 1 4055 17 is_stmt 0 view .LVU105
 388 007e 019A     		ldr	r2, [sp, #4]
 389              		.loc 1 4055 10 view .LVU106
 390 0080 002A     		cmp	r2, #0
 391 0082 00D0     		beq	.L27
 392 0084 4A46     		mov	r2, r9
 393              	.L27:
 394              	.LVL32:
4056:Drivers/STM32F0xx_HAL_Driver/Src/stm32f0xx_hal_spi.c ****       {
4057:Drivers/STM32F0xx_HAL_Driver/Src/stm32f0xx_hal_spi.c ****         tmp_timeout = 0U;
4058:Drivers/STM32F0xx_HAL_Driver/Src/stm32f0xx_hal_spi.c ****       }
4059:Drivers/STM32F0xx_HAL_Driver/Src/stm32f0xx_hal_spi.c ****       count--;
 395              		.loc 1 4059 7 is_stmt 1 view .LVU107
 396              		.loc 1 4059 12 is_stmt 0 view .LVU108
 397 0086 019B     		ldr	r3, [sp, #4]
 398              	.LVL33:
 399              		.loc 1 4059 12 view .LVU109
 400 0088 013B     		subs	r3, r3, #1
 401 008a 0193     		str	r3, [sp, #4]
 402 008c 9146     		mov	r9, r2
 403 008e DEE7     		b	.L21
 404              	.LVL34:
 405              	.L32:
4032:Drivers/STM32F0xx_HAL_Driver/Src/stm32f0xx_hal_spi.c **** 
 406              		.loc 1 4032 9 is_stmt 1 view .LVU110
 407 0090 3A68     		ldr	r2, [r7]
 408 0092 5368     		ldr	r3, [r2, #4]
 409              	.LVL35:
4032:Drivers/STM32F0xx_HAL_Driver/Src/stm32f0xx_hal_spi.c **** 
 410              		.loc 1 4032 9 is_stmt 0 view .LVU111
ARM GAS  C:\Users\ADMINI~1\AppData\Local\Temp\ccrv5aWF.s 			page 80


 411 0094 E021     		movs	r1, #224
 412 0096 8B43     		bics	r3, r1
 413 0098 5360     		str	r3, [r2, #4]
4034:Drivers/STM32F0xx_HAL_Driver/Src/stm32f0xx_hal_spi.c ****                                                      || (hspi->Init.Direction == SPI_DIRECTION_2LIN
 414              		.loc 1 4034 9 is_stmt 1 view .LVU112
4034:Drivers/STM32F0xx_HAL_Driver/Src/stm32f0xx_hal_spi.c ****                                                      || (hspi->Init.Direction == SPI_DIRECTION_2LIN
 415              		.loc 1 4034 24 is_stmt 0 view .LVU113
 416 009a 7A68     		ldr	r2, [r7, #4]
4034:Drivers/STM32F0xx_HAL_Driver/Src/stm32f0xx_hal_spi.c ****                                                      || (hspi->Init.Direction == SPI_DIRECTION_2LIN
 417              		.loc 1 4034 12 view .LVU114
 418 009c 8223     		movs	r3, #130
 419 009e 5B00     		lsls	r3, r3, #1
 420 00a0 9A42     		cmp	r2, r3
 421 00a2 0CD0     		beq	.L33
 422              	.L23:
4042:Drivers/STM32F0xx_HAL_Driver/Src/stm32f0xx_hal_spi.c ****         {
 423              		.loc 1 4042 9 is_stmt 1 view .LVU115
4042:Drivers/STM32F0xx_HAL_Driver/Src/stm32f0xx_hal_spi.c ****         {
 424              		.loc 1 4042 23 is_stmt 0 view .LVU116
 425 00a4 BA6A     		ldr	r2, [r7, #40]
4042:Drivers/STM32F0xx_HAL_Driver/Src/stm32f0xx_hal_spi.c ****         {
 426              		.loc 1 4042 12 view .LVU117
 427 00a6 8023     		movs	r3, #128
 428 00a8 9B01     		lsls	r3, r3, #6
 429 00aa 9A42     		cmp	r2, r3
 430 00ac 16D0     		beq	.L34
 431              	.L25:
4044:Drivers/STM32F0xx_HAL_Driver/Src/stm32f0xx_hal_spi.c ****         }
 432              		.loc 1 4044 11 is_stmt 1 discriminator 1 view .LVU118
4047:Drivers/STM32F0xx_HAL_Driver/Src/stm32f0xx_hal_spi.c **** 
 433              		.loc 1 4047 9 view .LVU119
4047:Drivers/STM32F0xx_HAL_Driver/Src/stm32f0xx_hal_spi.c **** 
 434              		.loc 1 4047 21 is_stmt 0 view .LVU120
 435 00ae 5D23     		movs	r3, #93
 436 00b0 0122     		movs	r2, #1
 437 00b2 FA54     		strb	r2, [r7, r3]
4050:Drivers/STM32F0xx_HAL_Driver/Src/stm32f0xx_hal_spi.c **** 
 438              		.loc 1 4050 9 is_stmt 1 view .LVU121
4050:Drivers/STM32F0xx_HAL_Driver/Src/stm32f0xx_hal_spi.c **** 
 439              		.loc 1 4050 9 view .LVU122
 440 00b4 013B     		subs	r3, r3, #1
 441 00b6 0022     		movs	r2, #0
 442 00b8 FA54     		strb	r2, [r7, r3]
4050:Drivers/STM32F0xx_HAL_Driver/Src/stm32f0xx_hal_spi.c **** 
 443              		.loc 1 4050 9 view .LVU123
4052:Drivers/STM32F0xx_HAL_Driver/Src/stm32f0xx_hal_spi.c ****       }
 444              		.loc 1 4052 9 view .LVU124
4052:Drivers/STM32F0xx_HAL_Driver/Src/stm32f0xx_hal_spi.c ****       }
 445              		.loc 1 4052 16 is_stmt 0 view .LVU125
 446 00ba 0320     		movs	r0, #3
 447 00bc 1BE0     		b	.L26
 448              	.L33:
4034:Drivers/STM32F0xx_HAL_Driver/Src/stm32f0xx_hal_spi.c ****                                                      || (hspi->Init.Direction == SPI_DIRECTION_2LIN
 449              		.loc 1 4034 65 discriminator 1 view .LVU126
 450 00be BB68     		ldr	r3, [r7, #8]
4034:Drivers/STM32F0xx_HAL_Driver/Src/stm32f0xx_hal_spi.c ****                                                      || (hspi->Init.Direction == SPI_DIRECTION_2LIN
 451              		.loc 1 4034 50 discriminator 1 view .LVU127
ARM GAS  C:\Users\ADMINI~1\AppData\Local\Temp\ccrv5aWF.s 			page 81


 452 00c0 8022     		movs	r2, #128
 453 00c2 1202     		lsls	r2, r2, #8
 454 00c4 9342     		cmp	r3, r2
 455 00c6 03D0     		beq	.L24
4035:Drivers/STM32F0xx_HAL_Driver/Src/stm32f0xx_hal_spi.c ****         {
 456              		.loc 1 4035 54 view .LVU128
 457 00c8 8022     		movs	r2, #128
 458 00ca D200     		lsls	r2, r2, #3
 459 00cc 9342     		cmp	r3, r2
 460 00ce E9D1     		bne	.L23
 461              	.L24:
4038:Drivers/STM32F0xx_HAL_Driver/Src/stm32f0xx_hal_spi.c ****         }
 462              		.loc 1 4038 11 is_stmt 1 view .LVU129
 463 00d0 3A68     		ldr	r2, [r7]
 464 00d2 1368     		ldr	r3, [r2]
 465 00d4 4021     		movs	r1, #64
 466 00d6 8B43     		bics	r3, r1
 467 00d8 1360     		str	r3, [r2]
 468 00da E3E7     		b	.L23
 469              	.L34:
4044:Drivers/STM32F0xx_HAL_Driver/Src/stm32f0xx_hal_spi.c ****         }
 470              		.loc 1 4044 11 view .LVU130
4044:Drivers/STM32F0xx_HAL_Driver/Src/stm32f0xx_hal_spi.c ****         }
 471              		.loc 1 4044 11 view .LVU131
 472 00dc 3A68     		ldr	r2, [r7]
 473 00de 1368     		ldr	r3, [r2]
 474 00e0 0949     		ldr	r1, .L35+4
 475 00e2 0B40     		ands	r3, r1
 476 00e4 1360     		str	r3, [r2]
4044:Drivers/STM32F0xx_HAL_Driver/Src/stm32f0xx_hal_spi.c ****         }
 477              		.loc 1 4044 11 view .LVU132
 478 00e6 3A68     		ldr	r2, [r7]
 479 00e8 1168     		ldr	r1, [r2]
 480 00ea 8023     		movs	r3, #128
 481 00ec 9B01     		lsls	r3, r3, #6
 482 00ee 0B43     		orrs	r3, r1
 483 00f0 1360     		str	r3, [r2]
 484 00f2 DCE7     		b	.L25
 485              	.L31:
4060:Drivers/STM32F0xx_HAL_Driver/Src/stm32f0xx_hal_spi.c ****     }
4061:Drivers/STM32F0xx_HAL_Driver/Src/stm32f0xx_hal_spi.c ****   }
4062:Drivers/STM32F0xx_HAL_Driver/Src/stm32f0xx_hal_spi.c **** 
4063:Drivers/STM32F0xx_HAL_Driver/Src/stm32f0xx_hal_spi.c ****   return HAL_OK;
 486              		.loc 1 4063 10 is_stmt 0 view .LVU133
 487 00f4 0020     		movs	r0, #0
 488              	.L26:
4064:Drivers/STM32F0xx_HAL_Driver/Src/stm32f0xx_hal_spi.c **** }
 489              		.loc 1 4064 1 view .LVU134
 490 00f6 03B0     		add	sp, sp, #12
 491              		@ sp needed
 492              	.LVL36:
 493              	.LVL37:
 494              	.LVL38:
 495              	.LVL39:
 496              	.LVL40:
 497              	.LVL41:
 498              	.LVL42:
ARM GAS  C:\Users\ADMINI~1\AppData\Local\Temp\ccrv5aWF.s 			page 82


 499              		.loc 1 4064 1 view .LVU135
 500 00f8 F0BC     		pop	{r4, r5, r6, r7}
 501 00fa BB46     		mov	fp, r7
 502 00fc B246     		mov	r10, r6
 503 00fe A946     		mov	r9, r5
 504 0100 A046     		mov	r8, r4
 505 0102 F0BD     		pop	{r4, r5, r6, r7, pc}
 506              	.L36:
 507              		.align	2
 508              	.L35:
 509 0104 00000000 		.word	SystemCoreClock
 510 0108 FFDFFFFF 		.word	-8193
 511              		.cfi_endproc
 512              	.LFE88:
 514              		.section	.text.SPI_EndRxTxTransaction,"ax",%progbits
 515              		.align	1
 516              		.syntax unified
 517              		.code	16
 518              		.thumb_func
 520              	SPI_EndRxTxTransaction:
 521              	.LVL43:
 522              	.LFB90:
4065:Drivers/STM32F0xx_HAL_Driver/Src/stm32f0xx_hal_spi.c **** 
4066:Drivers/STM32F0xx_HAL_Driver/Src/stm32f0xx_hal_spi.c **** /**
4067:Drivers/STM32F0xx_HAL_Driver/Src/stm32f0xx_hal_spi.c ****   * @brief  Handle the check of the RX transaction complete.
4068:Drivers/STM32F0xx_HAL_Driver/Src/stm32f0xx_hal_spi.c ****   * @param  hspi pointer to a SPI_HandleTypeDef structure that contains
4069:Drivers/STM32F0xx_HAL_Driver/Src/stm32f0xx_hal_spi.c ****   *               the configuration information for SPI module.
4070:Drivers/STM32F0xx_HAL_Driver/Src/stm32f0xx_hal_spi.c ****   * @param  Timeout Timeout duration
4071:Drivers/STM32F0xx_HAL_Driver/Src/stm32f0xx_hal_spi.c ****   * @param  Tickstart tick start value
4072:Drivers/STM32F0xx_HAL_Driver/Src/stm32f0xx_hal_spi.c ****   * @retval HAL status
4073:Drivers/STM32F0xx_HAL_Driver/Src/stm32f0xx_hal_spi.c ****   */
4074:Drivers/STM32F0xx_HAL_Driver/Src/stm32f0xx_hal_spi.c **** static HAL_StatusTypeDef SPI_EndRxTransaction(SPI_HandleTypeDef *hspi,  uint32_t Timeout, uint32_t 
4075:Drivers/STM32F0xx_HAL_Driver/Src/stm32f0xx_hal_spi.c **** {
4076:Drivers/STM32F0xx_HAL_Driver/Src/stm32f0xx_hal_spi.c ****   if ((hspi->Init.Mode == SPI_MODE_MASTER) && ((hspi->Init.Direction == SPI_DIRECTION_1LINE)
4077:Drivers/STM32F0xx_HAL_Driver/Src/stm32f0xx_hal_spi.c ****                                                || (hspi->Init.Direction == SPI_DIRECTION_2LINES_RXO
4078:Drivers/STM32F0xx_HAL_Driver/Src/stm32f0xx_hal_spi.c ****   {
4079:Drivers/STM32F0xx_HAL_Driver/Src/stm32f0xx_hal_spi.c ****     /* Disable SPI peripheral */
4080:Drivers/STM32F0xx_HAL_Driver/Src/stm32f0xx_hal_spi.c ****     __HAL_SPI_DISABLE(hspi);
4081:Drivers/STM32F0xx_HAL_Driver/Src/stm32f0xx_hal_spi.c ****   }
4082:Drivers/STM32F0xx_HAL_Driver/Src/stm32f0xx_hal_spi.c **** 
4083:Drivers/STM32F0xx_HAL_Driver/Src/stm32f0xx_hal_spi.c ****   /* Control the BSY flag */
4084:Drivers/STM32F0xx_HAL_Driver/Src/stm32f0xx_hal_spi.c ****   if (SPI_WaitFlagStateUntilTimeout(hspi, SPI_FLAG_BSY, RESET, Timeout, Tickstart) != HAL_OK)
4085:Drivers/STM32F0xx_HAL_Driver/Src/stm32f0xx_hal_spi.c ****   {
4086:Drivers/STM32F0xx_HAL_Driver/Src/stm32f0xx_hal_spi.c ****     SET_BIT(hspi->ErrorCode, HAL_SPI_ERROR_FLAG);
4087:Drivers/STM32F0xx_HAL_Driver/Src/stm32f0xx_hal_spi.c ****     return HAL_TIMEOUT;
4088:Drivers/STM32F0xx_HAL_Driver/Src/stm32f0xx_hal_spi.c ****   }
4089:Drivers/STM32F0xx_HAL_Driver/Src/stm32f0xx_hal_spi.c **** 
4090:Drivers/STM32F0xx_HAL_Driver/Src/stm32f0xx_hal_spi.c ****   if ((hspi->Init.Mode == SPI_MODE_MASTER) && ((hspi->Init.Direction == SPI_DIRECTION_1LINE)
4091:Drivers/STM32F0xx_HAL_Driver/Src/stm32f0xx_hal_spi.c ****                                                || (hspi->Init.Direction == SPI_DIRECTION_2LINES_RXO
4092:Drivers/STM32F0xx_HAL_Driver/Src/stm32f0xx_hal_spi.c ****   {
4093:Drivers/STM32F0xx_HAL_Driver/Src/stm32f0xx_hal_spi.c ****     /* Empty the FRLVL fifo */
4094:Drivers/STM32F0xx_HAL_Driver/Src/stm32f0xx_hal_spi.c ****     if (SPI_WaitFifoStateUntilTimeout(hspi, SPI_FLAG_FRLVL, SPI_FRLVL_EMPTY, Timeout, Tickstart) !=
4095:Drivers/STM32F0xx_HAL_Driver/Src/stm32f0xx_hal_spi.c ****     {
4096:Drivers/STM32F0xx_HAL_Driver/Src/stm32f0xx_hal_spi.c ****       SET_BIT(hspi->ErrorCode, HAL_SPI_ERROR_FLAG);
4097:Drivers/STM32F0xx_HAL_Driver/Src/stm32f0xx_hal_spi.c ****       return HAL_TIMEOUT;
4098:Drivers/STM32F0xx_HAL_Driver/Src/stm32f0xx_hal_spi.c ****     }
4099:Drivers/STM32F0xx_HAL_Driver/Src/stm32f0xx_hal_spi.c ****   }
ARM GAS  C:\Users\ADMINI~1\AppData\Local\Temp\ccrv5aWF.s 			page 83


4100:Drivers/STM32F0xx_HAL_Driver/Src/stm32f0xx_hal_spi.c ****   return HAL_OK;
4101:Drivers/STM32F0xx_HAL_Driver/Src/stm32f0xx_hal_spi.c **** }
4102:Drivers/STM32F0xx_HAL_Driver/Src/stm32f0xx_hal_spi.c **** 
4103:Drivers/STM32F0xx_HAL_Driver/Src/stm32f0xx_hal_spi.c **** /**
4104:Drivers/STM32F0xx_HAL_Driver/Src/stm32f0xx_hal_spi.c ****   * @brief  Handle the check of the RXTX or TX transaction complete.
4105:Drivers/STM32F0xx_HAL_Driver/Src/stm32f0xx_hal_spi.c ****   * @param  hspi SPI handle
4106:Drivers/STM32F0xx_HAL_Driver/Src/stm32f0xx_hal_spi.c ****   * @param  Timeout Timeout duration
4107:Drivers/STM32F0xx_HAL_Driver/Src/stm32f0xx_hal_spi.c ****   * @param  Tickstart tick start value
4108:Drivers/STM32F0xx_HAL_Driver/Src/stm32f0xx_hal_spi.c ****   * @retval HAL status
4109:Drivers/STM32F0xx_HAL_Driver/Src/stm32f0xx_hal_spi.c ****   */
4110:Drivers/STM32F0xx_HAL_Driver/Src/stm32f0xx_hal_spi.c **** static HAL_StatusTypeDef SPI_EndRxTxTransaction(SPI_HandleTypeDef *hspi, uint32_t Timeout, uint32_t
4111:Drivers/STM32F0xx_HAL_Driver/Src/stm32f0xx_hal_spi.c **** {
 523              		.loc 1 4111 1 is_stmt 1 view -0
 524              		.cfi_startproc
 525              		@ args = 0, pretend = 0, frame = 0
 526              		@ frame_needed = 0, uses_anonymous_args = 0
 527              		.loc 1 4111 1 is_stmt 0 view .LVU137
 528 0000 70B5     		push	{r4, r5, r6, lr}
 529              		.cfi_def_cfa_offset 16
 530              		.cfi_offset 4, -16
 531              		.cfi_offset 5, -12
 532              		.cfi_offset 6, -8
 533              		.cfi_offset 14, -4
 534 0002 82B0     		sub	sp, sp, #8
 535              		.cfi_def_cfa_offset 24
 536 0004 0400     		movs	r4, r0
 537 0006 0D00     		movs	r5, r1
 538 0008 1600     		movs	r6, r2
4112:Drivers/STM32F0xx_HAL_Driver/Src/stm32f0xx_hal_spi.c ****   /* Control if the TX fifo is empty */
4113:Drivers/STM32F0xx_HAL_Driver/Src/stm32f0xx_hal_spi.c ****   if (SPI_WaitFifoStateUntilTimeout(hspi, SPI_FLAG_FTLVL, SPI_FTLVL_EMPTY, Timeout, Tickstart) != H
 539              		.loc 1 4113 3 is_stmt 1 view .LVU138
 540              		.loc 1 4113 7 is_stmt 0 view .LVU139
 541 000a C021     		movs	r1, #192
 542              	.LVL44:
 543              		.loc 1 4113 7 view .LVU140
 544 000c 0092     		str	r2, [sp]
 545 000e 2B00     		movs	r3, r5
 546 0010 0022     		movs	r2, #0
 547              	.LVL45:
 548              		.loc 1 4113 7 view .LVU141
 549 0012 4901     		lsls	r1, r1, #5
 550 0014 FFF7FEFF 		bl	SPI_WaitFifoStateUntilTimeout
 551              	.LVL46:
 552              		.loc 1 4113 6 discriminator 1 view .LVU142
 553 0018 0028     		cmp	r0, #0
 554 001a 18D1     		bne	.L41
4114:Drivers/STM32F0xx_HAL_Driver/Src/stm32f0xx_hal_spi.c ****   {
4115:Drivers/STM32F0xx_HAL_Driver/Src/stm32f0xx_hal_spi.c ****     SET_BIT(hspi->ErrorCode, HAL_SPI_ERROR_FLAG);
4116:Drivers/STM32F0xx_HAL_Driver/Src/stm32f0xx_hal_spi.c ****     return HAL_TIMEOUT;
4117:Drivers/STM32F0xx_HAL_Driver/Src/stm32f0xx_hal_spi.c ****   }
4118:Drivers/STM32F0xx_HAL_Driver/Src/stm32f0xx_hal_spi.c **** 
4119:Drivers/STM32F0xx_HAL_Driver/Src/stm32f0xx_hal_spi.c ****   /* Control the BSY flag */
4120:Drivers/STM32F0xx_HAL_Driver/Src/stm32f0xx_hal_spi.c ****   if (SPI_WaitFlagStateUntilTimeout(hspi, SPI_FLAG_BSY, RESET, Timeout, Tickstart) != HAL_OK)
 555              		.loc 1 4120 3 is_stmt 1 view .LVU143
 556              		.loc 1 4120 7 is_stmt 0 view .LVU144
 557 001c 0096     		str	r6, [sp]
 558 001e 2B00     		movs	r3, r5
ARM GAS  C:\Users\ADMINI~1\AppData\Local\Temp\ccrv5aWF.s 			page 84


 559 0020 0022     		movs	r2, #0
 560 0022 8021     		movs	r1, #128
 561 0024 2000     		movs	r0, r4
 562 0026 FFF7FEFF 		bl	SPI_WaitFlagStateUntilTimeout
 563              	.LVL47:
 564              		.loc 1 4120 6 discriminator 1 view .LVU145
 565 002a 0028     		cmp	r0, #0
 566 002c 16D1     		bne	.L42
4121:Drivers/STM32F0xx_HAL_Driver/Src/stm32f0xx_hal_spi.c ****   {
4122:Drivers/STM32F0xx_HAL_Driver/Src/stm32f0xx_hal_spi.c ****     SET_BIT(hspi->ErrorCode, HAL_SPI_ERROR_FLAG);
4123:Drivers/STM32F0xx_HAL_Driver/Src/stm32f0xx_hal_spi.c ****     return HAL_TIMEOUT;
4124:Drivers/STM32F0xx_HAL_Driver/Src/stm32f0xx_hal_spi.c ****   }
4125:Drivers/STM32F0xx_HAL_Driver/Src/stm32f0xx_hal_spi.c **** 
4126:Drivers/STM32F0xx_HAL_Driver/Src/stm32f0xx_hal_spi.c ****   /* Control if the RX fifo is empty */
4127:Drivers/STM32F0xx_HAL_Driver/Src/stm32f0xx_hal_spi.c ****   if (SPI_WaitFifoStateUntilTimeout(hspi, SPI_FLAG_FRLVL, SPI_FRLVL_EMPTY, Timeout, Tickstart) != H
 567              		.loc 1 4127 3 is_stmt 1 view .LVU146
 568              		.loc 1 4127 7 is_stmt 0 view .LVU147
 569 002e C021     		movs	r1, #192
 570 0030 0096     		str	r6, [sp]
 571 0032 2B00     		movs	r3, r5
 572 0034 0022     		movs	r2, #0
 573 0036 C900     		lsls	r1, r1, #3
 574 0038 2000     		movs	r0, r4
 575 003a FFF7FEFF 		bl	SPI_WaitFifoStateUntilTimeout
 576              	.LVL48:
 577              		.loc 1 4127 6 discriminator 1 view .LVU148
 578 003e 0028     		cmp	r0, #0
 579 0040 0AD0     		beq	.L39
4128:Drivers/STM32F0xx_HAL_Driver/Src/stm32f0xx_hal_spi.c ****   {
4129:Drivers/STM32F0xx_HAL_Driver/Src/stm32f0xx_hal_spi.c ****     SET_BIT(hspi->ErrorCode, HAL_SPI_ERROR_FLAG);
 580              		.loc 1 4129 5 is_stmt 1 view .LVU149
 581 0042 236E     		ldr	r3, [r4, #96]
 582 0044 2022     		movs	r2, #32
 583 0046 1343     		orrs	r3, r2
 584 0048 2366     		str	r3, [r4, #96]
4130:Drivers/STM32F0xx_HAL_Driver/Src/stm32f0xx_hal_spi.c ****     return HAL_TIMEOUT;
 585              		.loc 1 4130 5 view .LVU150
 586              		.loc 1 4130 12 is_stmt 0 view .LVU151
 587 004a 0320     		movs	r0, #3
 588 004c 04E0     		b	.L39
 589              	.L41:
4115:Drivers/STM32F0xx_HAL_Driver/Src/stm32f0xx_hal_spi.c ****     return HAL_TIMEOUT;
 590              		.loc 1 4115 5 is_stmt 1 view .LVU152
 591 004e 236E     		ldr	r3, [r4, #96]
 592 0050 2022     		movs	r2, #32
 593 0052 1343     		orrs	r3, r2
 594 0054 2366     		str	r3, [r4, #96]
4116:Drivers/STM32F0xx_HAL_Driver/Src/stm32f0xx_hal_spi.c ****   }
 595              		.loc 1 4116 5 view .LVU153
4116:Drivers/STM32F0xx_HAL_Driver/Src/stm32f0xx_hal_spi.c ****   }
 596              		.loc 1 4116 12 is_stmt 0 view .LVU154
 597 0056 0320     		movs	r0, #3
 598              	.L39:
4131:Drivers/STM32F0xx_HAL_Driver/Src/stm32f0xx_hal_spi.c ****   }
4132:Drivers/STM32F0xx_HAL_Driver/Src/stm32f0xx_hal_spi.c **** 
4133:Drivers/STM32F0xx_HAL_Driver/Src/stm32f0xx_hal_spi.c ****   return HAL_OK;
4134:Drivers/STM32F0xx_HAL_Driver/Src/stm32f0xx_hal_spi.c **** }
ARM GAS  C:\Users\ADMINI~1\AppData\Local\Temp\ccrv5aWF.s 			page 85


 599              		.loc 1 4134 1 view .LVU155
 600 0058 02B0     		add	sp, sp, #8
 601              		@ sp needed
 602              	.LVL49:
 603              	.LVL50:
 604              	.LVL51:
 605              		.loc 1 4134 1 view .LVU156
 606 005a 70BD     		pop	{r4, r5, r6, pc}
 607              	.LVL52:
 608              	.L42:
4122:Drivers/STM32F0xx_HAL_Driver/Src/stm32f0xx_hal_spi.c ****     return HAL_TIMEOUT;
 609              		.loc 1 4122 5 is_stmt 1 view .LVU157
 610 005c 236E     		ldr	r3, [r4, #96]
 611 005e 2022     		movs	r2, #32
 612 0060 1343     		orrs	r3, r2
 613 0062 2366     		str	r3, [r4, #96]
4123:Drivers/STM32F0xx_HAL_Driver/Src/stm32f0xx_hal_spi.c ****   }
 614              		.loc 1 4123 5 view .LVU158
4123:Drivers/STM32F0xx_HAL_Driver/Src/stm32f0xx_hal_spi.c ****   }
 615              		.loc 1 4123 12 is_stmt 0 view .LVU159
 616 0064 0320     		movs	r0, #3
 617 0066 F7E7     		b	.L39
 618              		.cfi_endproc
 619              	.LFE90:
 621              		.section	.text.SPI_EndRxTransaction,"ax",%progbits
 622              		.align	1
 623              		.syntax unified
 624              		.code	16
 625              		.thumb_func
 627              	SPI_EndRxTransaction:
 628              	.LVL53:
 629              	.LFB89:
4075:Drivers/STM32F0xx_HAL_Driver/Src/stm32f0xx_hal_spi.c ****   if ((hspi->Init.Mode == SPI_MODE_MASTER) && ((hspi->Init.Direction == SPI_DIRECTION_1LINE)
 630              		.loc 1 4075 1 is_stmt 1 view -0
 631              		.cfi_startproc
 632              		@ args = 0, pretend = 0, frame = 0
 633              		@ frame_needed = 0, uses_anonymous_args = 0
4075:Drivers/STM32F0xx_HAL_Driver/Src/stm32f0xx_hal_spi.c ****   if ((hspi->Init.Mode == SPI_MODE_MASTER) && ((hspi->Init.Direction == SPI_DIRECTION_1LINE)
 634              		.loc 1 4075 1 is_stmt 0 view .LVU161
 635 0000 70B5     		push	{r4, r5, r6, lr}
 636              		.cfi_def_cfa_offset 16
 637              		.cfi_offset 4, -16
 638              		.cfi_offset 5, -12
 639              		.cfi_offset 6, -8
 640              		.cfi_offset 14, -4
 641 0002 82B0     		sub	sp, sp, #8
 642              		.cfi_def_cfa_offset 24
 643 0004 0400     		movs	r4, r0
 644 0006 0D00     		movs	r5, r1
 645 0008 1600     		movs	r6, r2
4076:Drivers/STM32F0xx_HAL_Driver/Src/stm32f0xx_hal_spi.c ****                                                || (hspi->Init.Direction == SPI_DIRECTION_2LINES_RXO
 646              		.loc 1 4076 3 is_stmt 1 view .LVU162
4076:Drivers/STM32F0xx_HAL_Driver/Src/stm32f0xx_hal_spi.c ****                                                || (hspi->Init.Direction == SPI_DIRECTION_2LINES_RXO
 647              		.loc 1 4076 18 is_stmt 0 view .LVU163
 648 000a 4268     		ldr	r2, [r0, #4]
 649              	.LVL54:
4076:Drivers/STM32F0xx_HAL_Driver/Src/stm32f0xx_hal_spi.c ****                                                || (hspi->Init.Direction == SPI_DIRECTION_2LINES_RXO
ARM GAS  C:\Users\ADMINI~1\AppData\Local\Temp\ccrv5aWF.s 			page 86


 650              		.loc 1 4076 6 view .LVU164
 651 000c 8223     		movs	r3, #130
 652 000e 5B00     		lsls	r3, r3, #1
 653 0010 9A42     		cmp	r2, r3
 654 0012 0FD0     		beq	.L49
 655              	.LVL55:
 656              	.L44:
4084:Drivers/STM32F0xx_HAL_Driver/Src/stm32f0xx_hal_spi.c ****   {
 657              		.loc 1 4084 3 is_stmt 1 view .LVU165
4084:Drivers/STM32F0xx_HAL_Driver/Src/stm32f0xx_hal_spi.c ****   {
 658              		.loc 1 4084 7 is_stmt 0 view .LVU166
 659 0014 0096     		str	r6, [sp]
 660 0016 2B00     		movs	r3, r5
 661 0018 0022     		movs	r2, #0
 662 001a 8021     		movs	r1, #128
 663 001c 2000     		movs	r0, r4
 664              	.LVL56:
4084:Drivers/STM32F0xx_HAL_Driver/Src/stm32f0xx_hal_spi.c ****   {
 665              		.loc 1 4084 7 view .LVU167
 666 001e FFF7FEFF 		bl	SPI_WaitFlagStateUntilTimeout
 667              	.LVL57:
4084:Drivers/STM32F0xx_HAL_Driver/Src/stm32f0xx_hal_spi.c ****   {
 668              		.loc 1 4084 6 discriminator 1 view .LVU168
 669 0022 0028     		cmp	r0, #0
 670 0024 15D1     		bne	.L50
4090:Drivers/STM32F0xx_HAL_Driver/Src/stm32f0xx_hal_spi.c ****                                                || (hspi->Init.Direction == SPI_DIRECTION_2LINES_RXO
 671              		.loc 1 4090 3 is_stmt 1 view .LVU169
4090:Drivers/STM32F0xx_HAL_Driver/Src/stm32f0xx_hal_spi.c ****                                                || (hspi->Init.Direction == SPI_DIRECTION_2LINES_RXO
 672              		.loc 1 4090 18 is_stmt 0 view .LVU170
 673 0026 6268     		ldr	r2, [r4, #4]
4090:Drivers/STM32F0xx_HAL_Driver/Src/stm32f0xx_hal_spi.c ****                                                || (hspi->Init.Direction == SPI_DIRECTION_2LINES_RXO
 674              		.loc 1 4090 6 view .LVU171
 675 0028 8223     		movs	r3, #130
 676 002a 5B00     		lsls	r3, r3, #1
 677 002c 9A42     		cmp	r2, r3
 678 002e 16D0     		beq	.L51
 679              	.L47:
4101:Drivers/STM32F0xx_HAL_Driver/Src/stm32f0xx_hal_spi.c **** 
 680              		.loc 1 4101 1 view .LVU172
 681 0030 02B0     		add	sp, sp, #8
 682              		@ sp needed
 683              	.LVL58:
 684              	.LVL59:
 685              	.LVL60:
4101:Drivers/STM32F0xx_HAL_Driver/Src/stm32f0xx_hal_spi.c **** 
 686              		.loc 1 4101 1 view .LVU173
 687 0032 70BD     		pop	{r4, r5, r6, pc}
 688              	.LVL61:
 689              	.L49:
4076:Drivers/STM32F0xx_HAL_Driver/Src/stm32f0xx_hal_spi.c ****                                                || (hspi->Init.Direction == SPI_DIRECTION_2LINES_RXO
 690              		.loc 1 4076 59 discriminator 1 view .LVU174
 691 0034 8368     		ldr	r3, [r0, #8]
4076:Drivers/STM32F0xx_HAL_Driver/Src/stm32f0xx_hal_spi.c ****                                                || (hspi->Init.Direction == SPI_DIRECTION_2LINES_RXO
 692              		.loc 1 4076 44 discriminator 1 view .LVU175
 693 0036 8022     		movs	r2, #128
 694 0038 1202     		lsls	r2, r2, #8
 695 003a 9342     		cmp	r3, r2
ARM GAS  C:\Users\ADMINI~1\AppData\Local\Temp\ccrv5aWF.s 			page 87


 696 003c 03D0     		beq	.L45
4077:Drivers/STM32F0xx_HAL_Driver/Src/stm32f0xx_hal_spi.c ****   {
 697              		.loc 1 4077 48 view .LVU176
 698 003e 8022     		movs	r2, #128
 699 0040 D200     		lsls	r2, r2, #3
 700 0042 9342     		cmp	r3, r2
 701 0044 E6D1     		bne	.L44
 702              	.L45:
4080:Drivers/STM32F0xx_HAL_Driver/Src/stm32f0xx_hal_spi.c ****   }
 703              		.loc 1 4080 5 is_stmt 1 view .LVU177
 704 0046 2268     		ldr	r2, [r4]
 705 0048 1368     		ldr	r3, [r2]
 706 004a 4021     		movs	r1, #64
 707              	.LVL62:
4080:Drivers/STM32F0xx_HAL_Driver/Src/stm32f0xx_hal_spi.c ****   }
 708              		.loc 1 4080 5 is_stmt 0 view .LVU178
 709 004c 8B43     		bics	r3, r1
 710 004e 1360     		str	r3, [r2]
 711 0050 E0E7     		b	.L44
 712              	.LVL63:
 713              	.L50:
4086:Drivers/STM32F0xx_HAL_Driver/Src/stm32f0xx_hal_spi.c ****     return HAL_TIMEOUT;
 714              		.loc 1 4086 5 is_stmt 1 view .LVU179
 715 0052 236E     		ldr	r3, [r4, #96]
 716 0054 2022     		movs	r2, #32
 717 0056 1343     		orrs	r3, r2
 718 0058 2366     		str	r3, [r4, #96]
4087:Drivers/STM32F0xx_HAL_Driver/Src/stm32f0xx_hal_spi.c ****   }
 719              		.loc 1 4087 5 view .LVU180
4087:Drivers/STM32F0xx_HAL_Driver/Src/stm32f0xx_hal_spi.c ****   }
 720              		.loc 1 4087 12 is_stmt 0 view .LVU181
 721 005a 0320     		movs	r0, #3
 722 005c E8E7     		b	.L47
 723              	.L51:
4090:Drivers/STM32F0xx_HAL_Driver/Src/stm32f0xx_hal_spi.c ****                                                || (hspi->Init.Direction == SPI_DIRECTION_2LINES_RXO
 724              		.loc 1 4090 59 discriminator 1 view .LVU182
 725 005e A368     		ldr	r3, [r4, #8]
4090:Drivers/STM32F0xx_HAL_Driver/Src/stm32f0xx_hal_spi.c ****                                                || (hspi->Init.Direction == SPI_DIRECTION_2LINES_RXO
 726              		.loc 1 4090 44 discriminator 1 view .LVU183
 727 0060 8022     		movs	r2, #128
 728 0062 1202     		lsls	r2, r2, #8
 729 0064 9342     		cmp	r3, r2
 730 0066 03D0     		beq	.L48
4091:Drivers/STM32F0xx_HAL_Driver/Src/stm32f0xx_hal_spi.c ****   {
 731              		.loc 1 4091 48 view .LVU184
 732 0068 8022     		movs	r2, #128
 733 006a D200     		lsls	r2, r2, #3
 734 006c 9342     		cmp	r3, r2
 735 006e DFD1     		bne	.L47
 736              	.L48:
4094:Drivers/STM32F0xx_HAL_Driver/Src/stm32f0xx_hal_spi.c ****     {
 737              		.loc 1 4094 5 is_stmt 1 view .LVU185
4094:Drivers/STM32F0xx_HAL_Driver/Src/stm32f0xx_hal_spi.c ****     {
 738              		.loc 1 4094 9 is_stmt 0 view .LVU186
 739 0070 C021     		movs	r1, #192
 740 0072 0096     		str	r6, [sp]
 741 0074 2B00     		movs	r3, r5
ARM GAS  C:\Users\ADMINI~1\AppData\Local\Temp\ccrv5aWF.s 			page 88


 742 0076 0022     		movs	r2, #0
 743 0078 C900     		lsls	r1, r1, #3
 744 007a 2000     		movs	r0, r4
 745 007c FFF7FEFF 		bl	SPI_WaitFifoStateUntilTimeout
 746              	.LVL64:
4094:Drivers/STM32F0xx_HAL_Driver/Src/stm32f0xx_hal_spi.c ****     {
 747              		.loc 1 4094 8 discriminator 1 view .LVU187
 748 0080 0028     		cmp	r0, #0
 749 0082 D5D0     		beq	.L47
4096:Drivers/STM32F0xx_HAL_Driver/Src/stm32f0xx_hal_spi.c ****       return HAL_TIMEOUT;
 750              		.loc 1 4096 7 is_stmt 1 view .LVU188
 751 0084 236E     		ldr	r3, [r4, #96]
 752 0086 2022     		movs	r2, #32
 753 0088 1343     		orrs	r3, r2
 754 008a 2366     		str	r3, [r4, #96]
4097:Drivers/STM32F0xx_HAL_Driver/Src/stm32f0xx_hal_spi.c ****     }
 755              		.loc 1 4097 7 view .LVU189
4097:Drivers/STM32F0xx_HAL_Driver/Src/stm32f0xx_hal_spi.c ****     }
 756              		.loc 1 4097 14 is_stmt 0 view .LVU190
 757 008c 0320     		movs	r0, #3
 758 008e CFE7     		b	.L47
 759              		.cfi_endproc
 760              	.LFE89:
 762              		.section	.text.SPI_AbortRx_ISR,"ax",%progbits
 763              		.align	1
 764              		.syntax unified
 765              		.code	16
 766              		.thumb_func
 768              	SPI_AbortRx_ISR:
 769              	.LVL65:
 770              	.LFB94:
4135:Drivers/STM32F0xx_HAL_Driver/Src/stm32f0xx_hal_spi.c **** 
4136:Drivers/STM32F0xx_HAL_Driver/Src/stm32f0xx_hal_spi.c **** /**
4137:Drivers/STM32F0xx_HAL_Driver/Src/stm32f0xx_hal_spi.c ****   * @brief  Handle the end of the RXTX transaction.
4138:Drivers/STM32F0xx_HAL_Driver/Src/stm32f0xx_hal_spi.c ****   * @param  hspi pointer to a SPI_HandleTypeDef structure that contains
4139:Drivers/STM32F0xx_HAL_Driver/Src/stm32f0xx_hal_spi.c ****   *               the configuration information for SPI module.
4140:Drivers/STM32F0xx_HAL_Driver/Src/stm32f0xx_hal_spi.c ****   * @retval None
4141:Drivers/STM32F0xx_HAL_Driver/Src/stm32f0xx_hal_spi.c ****   */
4142:Drivers/STM32F0xx_HAL_Driver/Src/stm32f0xx_hal_spi.c **** static void SPI_CloseRxTx_ISR(SPI_HandleTypeDef *hspi)
4143:Drivers/STM32F0xx_HAL_Driver/Src/stm32f0xx_hal_spi.c **** {
4144:Drivers/STM32F0xx_HAL_Driver/Src/stm32f0xx_hal_spi.c ****   uint32_t tickstart;
4145:Drivers/STM32F0xx_HAL_Driver/Src/stm32f0xx_hal_spi.c **** 
4146:Drivers/STM32F0xx_HAL_Driver/Src/stm32f0xx_hal_spi.c ****   /* Init tickstart for timeout management */
4147:Drivers/STM32F0xx_HAL_Driver/Src/stm32f0xx_hal_spi.c ****   tickstart = HAL_GetTick();
4148:Drivers/STM32F0xx_HAL_Driver/Src/stm32f0xx_hal_spi.c **** 
4149:Drivers/STM32F0xx_HAL_Driver/Src/stm32f0xx_hal_spi.c ****   /* Disable ERR interrupt */
4150:Drivers/STM32F0xx_HAL_Driver/Src/stm32f0xx_hal_spi.c ****   __HAL_SPI_DISABLE_IT(hspi, SPI_IT_ERR);
4151:Drivers/STM32F0xx_HAL_Driver/Src/stm32f0xx_hal_spi.c **** 
4152:Drivers/STM32F0xx_HAL_Driver/Src/stm32f0xx_hal_spi.c ****   /* Check the end of the transaction */
4153:Drivers/STM32F0xx_HAL_Driver/Src/stm32f0xx_hal_spi.c ****   if (SPI_EndRxTxTransaction(hspi, SPI_DEFAULT_TIMEOUT, tickstart) != HAL_OK)
4154:Drivers/STM32F0xx_HAL_Driver/Src/stm32f0xx_hal_spi.c ****   {
4155:Drivers/STM32F0xx_HAL_Driver/Src/stm32f0xx_hal_spi.c ****     SET_BIT(hspi->ErrorCode, HAL_SPI_ERROR_FLAG);
4156:Drivers/STM32F0xx_HAL_Driver/Src/stm32f0xx_hal_spi.c ****   }
4157:Drivers/STM32F0xx_HAL_Driver/Src/stm32f0xx_hal_spi.c **** 
4158:Drivers/STM32F0xx_HAL_Driver/Src/stm32f0xx_hal_spi.c **** #if (USE_SPI_CRC != 0U)
4159:Drivers/STM32F0xx_HAL_Driver/Src/stm32f0xx_hal_spi.c ****   /* Check if CRC error occurred */
4160:Drivers/STM32F0xx_HAL_Driver/Src/stm32f0xx_hal_spi.c ****   if (__HAL_SPI_GET_FLAG(hspi, SPI_FLAG_CRCERR) != RESET)
ARM GAS  C:\Users\ADMINI~1\AppData\Local\Temp\ccrv5aWF.s 			page 89


4161:Drivers/STM32F0xx_HAL_Driver/Src/stm32f0xx_hal_spi.c ****   {
4162:Drivers/STM32F0xx_HAL_Driver/Src/stm32f0xx_hal_spi.c ****     hspi->State = HAL_SPI_STATE_READY;
4163:Drivers/STM32F0xx_HAL_Driver/Src/stm32f0xx_hal_spi.c ****     SET_BIT(hspi->ErrorCode, HAL_SPI_ERROR_CRC);
4164:Drivers/STM32F0xx_HAL_Driver/Src/stm32f0xx_hal_spi.c ****     __HAL_SPI_CLEAR_CRCERRFLAG(hspi);
4165:Drivers/STM32F0xx_HAL_Driver/Src/stm32f0xx_hal_spi.c ****     /* Call user error callback */
4166:Drivers/STM32F0xx_HAL_Driver/Src/stm32f0xx_hal_spi.c **** #if (USE_HAL_SPI_REGISTER_CALLBACKS == 1U)
4167:Drivers/STM32F0xx_HAL_Driver/Src/stm32f0xx_hal_spi.c ****     hspi->ErrorCallback(hspi);
4168:Drivers/STM32F0xx_HAL_Driver/Src/stm32f0xx_hal_spi.c **** #else
4169:Drivers/STM32F0xx_HAL_Driver/Src/stm32f0xx_hal_spi.c ****     HAL_SPI_ErrorCallback(hspi);
4170:Drivers/STM32F0xx_HAL_Driver/Src/stm32f0xx_hal_spi.c **** #endif /* USE_HAL_SPI_REGISTER_CALLBACKS */
4171:Drivers/STM32F0xx_HAL_Driver/Src/stm32f0xx_hal_spi.c ****   }
4172:Drivers/STM32F0xx_HAL_Driver/Src/stm32f0xx_hal_spi.c ****   else
4173:Drivers/STM32F0xx_HAL_Driver/Src/stm32f0xx_hal_spi.c ****   {
4174:Drivers/STM32F0xx_HAL_Driver/Src/stm32f0xx_hal_spi.c **** #endif /* USE_SPI_CRC */
4175:Drivers/STM32F0xx_HAL_Driver/Src/stm32f0xx_hal_spi.c ****     if (hspi->ErrorCode == HAL_SPI_ERROR_NONE)
4176:Drivers/STM32F0xx_HAL_Driver/Src/stm32f0xx_hal_spi.c ****     {
4177:Drivers/STM32F0xx_HAL_Driver/Src/stm32f0xx_hal_spi.c ****       if (hspi->State == HAL_SPI_STATE_BUSY_RX)
4178:Drivers/STM32F0xx_HAL_Driver/Src/stm32f0xx_hal_spi.c ****       {
4179:Drivers/STM32F0xx_HAL_Driver/Src/stm32f0xx_hal_spi.c ****         hspi->State = HAL_SPI_STATE_READY;
4180:Drivers/STM32F0xx_HAL_Driver/Src/stm32f0xx_hal_spi.c ****         /* Call user Rx complete callback */
4181:Drivers/STM32F0xx_HAL_Driver/Src/stm32f0xx_hal_spi.c **** #if (USE_HAL_SPI_REGISTER_CALLBACKS == 1U)
4182:Drivers/STM32F0xx_HAL_Driver/Src/stm32f0xx_hal_spi.c ****         hspi->RxCpltCallback(hspi);
4183:Drivers/STM32F0xx_HAL_Driver/Src/stm32f0xx_hal_spi.c **** #else
4184:Drivers/STM32F0xx_HAL_Driver/Src/stm32f0xx_hal_spi.c ****         HAL_SPI_RxCpltCallback(hspi);
4185:Drivers/STM32F0xx_HAL_Driver/Src/stm32f0xx_hal_spi.c **** #endif /* USE_HAL_SPI_REGISTER_CALLBACKS */
4186:Drivers/STM32F0xx_HAL_Driver/Src/stm32f0xx_hal_spi.c ****       }
4187:Drivers/STM32F0xx_HAL_Driver/Src/stm32f0xx_hal_spi.c ****       else
4188:Drivers/STM32F0xx_HAL_Driver/Src/stm32f0xx_hal_spi.c ****       {
4189:Drivers/STM32F0xx_HAL_Driver/Src/stm32f0xx_hal_spi.c ****         hspi->State = HAL_SPI_STATE_READY;
4190:Drivers/STM32F0xx_HAL_Driver/Src/stm32f0xx_hal_spi.c ****         /* Call user TxRx complete callback */
4191:Drivers/STM32F0xx_HAL_Driver/Src/stm32f0xx_hal_spi.c **** #if (USE_HAL_SPI_REGISTER_CALLBACKS == 1U)
4192:Drivers/STM32F0xx_HAL_Driver/Src/stm32f0xx_hal_spi.c ****         hspi->TxRxCpltCallback(hspi);
4193:Drivers/STM32F0xx_HAL_Driver/Src/stm32f0xx_hal_spi.c **** #else
4194:Drivers/STM32F0xx_HAL_Driver/Src/stm32f0xx_hal_spi.c ****         HAL_SPI_TxRxCpltCallback(hspi);
4195:Drivers/STM32F0xx_HAL_Driver/Src/stm32f0xx_hal_spi.c **** #endif /* USE_HAL_SPI_REGISTER_CALLBACKS */
4196:Drivers/STM32F0xx_HAL_Driver/Src/stm32f0xx_hal_spi.c ****       }
4197:Drivers/STM32F0xx_HAL_Driver/Src/stm32f0xx_hal_spi.c ****     }
4198:Drivers/STM32F0xx_HAL_Driver/Src/stm32f0xx_hal_spi.c ****     else
4199:Drivers/STM32F0xx_HAL_Driver/Src/stm32f0xx_hal_spi.c ****     {
4200:Drivers/STM32F0xx_HAL_Driver/Src/stm32f0xx_hal_spi.c ****       hspi->State = HAL_SPI_STATE_READY;
4201:Drivers/STM32F0xx_HAL_Driver/Src/stm32f0xx_hal_spi.c ****       /* Call user error callback */
4202:Drivers/STM32F0xx_HAL_Driver/Src/stm32f0xx_hal_spi.c **** #if (USE_HAL_SPI_REGISTER_CALLBACKS == 1U)
4203:Drivers/STM32F0xx_HAL_Driver/Src/stm32f0xx_hal_spi.c ****       hspi->ErrorCallback(hspi);
4204:Drivers/STM32F0xx_HAL_Driver/Src/stm32f0xx_hal_spi.c **** #else
4205:Drivers/STM32F0xx_HAL_Driver/Src/stm32f0xx_hal_spi.c ****       HAL_SPI_ErrorCallback(hspi);
4206:Drivers/STM32F0xx_HAL_Driver/Src/stm32f0xx_hal_spi.c **** #endif /* USE_HAL_SPI_REGISTER_CALLBACKS */
4207:Drivers/STM32F0xx_HAL_Driver/Src/stm32f0xx_hal_spi.c ****     }
4208:Drivers/STM32F0xx_HAL_Driver/Src/stm32f0xx_hal_spi.c **** #if (USE_SPI_CRC != 0U)
4209:Drivers/STM32F0xx_HAL_Driver/Src/stm32f0xx_hal_spi.c ****   }
4210:Drivers/STM32F0xx_HAL_Driver/Src/stm32f0xx_hal_spi.c **** #endif /* USE_SPI_CRC */
4211:Drivers/STM32F0xx_HAL_Driver/Src/stm32f0xx_hal_spi.c **** }
4212:Drivers/STM32F0xx_HAL_Driver/Src/stm32f0xx_hal_spi.c **** 
4213:Drivers/STM32F0xx_HAL_Driver/Src/stm32f0xx_hal_spi.c **** /**
4214:Drivers/STM32F0xx_HAL_Driver/Src/stm32f0xx_hal_spi.c ****   * @brief  Handle the end of the RX transaction.
4215:Drivers/STM32F0xx_HAL_Driver/Src/stm32f0xx_hal_spi.c ****   * @param  hspi pointer to a SPI_HandleTypeDef structure that contains
4216:Drivers/STM32F0xx_HAL_Driver/Src/stm32f0xx_hal_spi.c ****   *               the configuration information for SPI module.
4217:Drivers/STM32F0xx_HAL_Driver/Src/stm32f0xx_hal_spi.c ****   * @retval None
ARM GAS  C:\Users\ADMINI~1\AppData\Local\Temp\ccrv5aWF.s 			page 90


4218:Drivers/STM32F0xx_HAL_Driver/Src/stm32f0xx_hal_spi.c ****   */
4219:Drivers/STM32F0xx_HAL_Driver/Src/stm32f0xx_hal_spi.c **** static void SPI_CloseRx_ISR(SPI_HandleTypeDef *hspi)
4220:Drivers/STM32F0xx_HAL_Driver/Src/stm32f0xx_hal_spi.c **** {
4221:Drivers/STM32F0xx_HAL_Driver/Src/stm32f0xx_hal_spi.c ****   /* Disable RXNE and ERR interrupt */
4222:Drivers/STM32F0xx_HAL_Driver/Src/stm32f0xx_hal_spi.c ****   __HAL_SPI_DISABLE_IT(hspi, (SPI_IT_RXNE | SPI_IT_ERR));
4223:Drivers/STM32F0xx_HAL_Driver/Src/stm32f0xx_hal_spi.c **** 
4224:Drivers/STM32F0xx_HAL_Driver/Src/stm32f0xx_hal_spi.c ****   /* Check the end of the transaction */
4225:Drivers/STM32F0xx_HAL_Driver/Src/stm32f0xx_hal_spi.c ****   if (SPI_EndRxTransaction(hspi, SPI_DEFAULT_TIMEOUT, HAL_GetTick()) != HAL_OK)
4226:Drivers/STM32F0xx_HAL_Driver/Src/stm32f0xx_hal_spi.c ****   {
4227:Drivers/STM32F0xx_HAL_Driver/Src/stm32f0xx_hal_spi.c ****     SET_BIT(hspi->ErrorCode, HAL_SPI_ERROR_FLAG);
4228:Drivers/STM32F0xx_HAL_Driver/Src/stm32f0xx_hal_spi.c ****   }
4229:Drivers/STM32F0xx_HAL_Driver/Src/stm32f0xx_hal_spi.c ****   hspi->State = HAL_SPI_STATE_READY;
4230:Drivers/STM32F0xx_HAL_Driver/Src/stm32f0xx_hal_spi.c **** 
4231:Drivers/STM32F0xx_HAL_Driver/Src/stm32f0xx_hal_spi.c **** #if (USE_SPI_CRC != 0U)
4232:Drivers/STM32F0xx_HAL_Driver/Src/stm32f0xx_hal_spi.c ****   /* Check if CRC error occurred */
4233:Drivers/STM32F0xx_HAL_Driver/Src/stm32f0xx_hal_spi.c ****   if (__HAL_SPI_GET_FLAG(hspi, SPI_FLAG_CRCERR) != RESET)
4234:Drivers/STM32F0xx_HAL_Driver/Src/stm32f0xx_hal_spi.c ****   {
4235:Drivers/STM32F0xx_HAL_Driver/Src/stm32f0xx_hal_spi.c ****     SET_BIT(hspi->ErrorCode, HAL_SPI_ERROR_CRC);
4236:Drivers/STM32F0xx_HAL_Driver/Src/stm32f0xx_hal_spi.c ****     __HAL_SPI_CLEAR_CRCERRFLAG(hspi);
4237:Drivers/STM32F0xx_HAL_Driver/Src/stm32f0xx_hal_spi.c ****     /* Call user error callback */
4238:Drivers/STM32F0xx_HAL_Driver/Src/stm32f0xx_hal_spi.c **** #if (USE_HAL_SPI_REGISTER_CALLBACKS == 1U)
4239:Drivers/STM32F0xx_HAL_Driver/Src/stm32f0xx_hal_spi.c ****     hspi->ErrorCallback(hspi);
4240:Drivers/STM32F0xx_HAL_Driver/Src/stm32f0xx_hal_spi.c **** #else
4241:Drivers/STM32F0xx_HAL_Driver/Src/stm32f0xx_hal_spi.c ****     HAL_SPI_ErrorCallback(hspi);
4242:Drivers/STM32F0xx_HAL_Driver/Src/stm32f0xx_hal_spi.c **** #endif /* USE_HAL_SPI_REGISTER_CALLBACKS */
4243:Drivers/STM32F0xx_HAL_Driver/Src/stm32f0xx_hal_spi.c ****   }
4244:Drivers/STM32F0xx_HAL_Driver/Src/stm32f0xx_hal_spi.c ****   else
4245:Drivers/STM32F0xx_HAL_Driver/Src/stm32f0xx_hal_spi.c ****   {
4246:Drivers/STM32F0xx_HAL_Driver/Src/stm32f0xx_hal_spi.c **** #endif /* USE_SPI_CRC */
4247:Drivers/STM32F0xx_HAL_Driver/Src/stm32f0xx_hal_spi.c ****     if (hspi->ErrorCode == HAL_SPI_ERROR_NONE)
4248:Drivers/STM32F0xx_HAL_Driver/Src/stm32f0xx_hal_spi.c ****     {
4249:Drivers/STM32F0xx_HAL_Driver/Src/stm32f0xx_hal_spi.c ****       /* Call user Rx complete callback */
4250:Drivers/STM32F0xx_HAL_Driver/Src/stm32f0xx_hal_spi.c **** #if (USE_HAL_SPI_REGISTER_CALLBACKS == 1U)
4251:Drivers/STM32F0xx_HAL_Driver/Src/stm32f0xx_hal_spi.c ****       hspi->RxCpltCallback(hspi);
4252:Drivers/STM32F0xx_HAL_Driver/Src/stm32f0xx_hal_spi.c **** #else
4253:Drivers/STM32F0xx_HAL_Driver/Src/stm32f0xx_hal_spi.c ****       HAL_SPI_RxCpltCallback(hspi);
4254:Drivers/STM32F0xx_HAL_Driver/Src/stm32f0xx_hal_spi.c **** #endif /* USE_HAL_SPI_REGISTER_CALLBACKS */
4255:Drivers/STM32F0xx_HAL_Driver/Src/stm32f0xx_hal_spi.c ****     }
4256:Drivers/STM32F0xx_HAL_Driver/Src/stm32f0xx_hal_spi.c ****     else
4257:Drivers/STM32F0xx_HAL_Driver/Src/stm32f0xx_hal_spi.c ****     {
4258:Drivers/STM32F0xx_HAL_Driver/Src/stm32f0xx_hal_spi.c ****       /* Call user error callback */
4259:Drivers/STM32F0xx_HAL_Driver/Src/stm32f0xx_hal_spi.c **** #if (USE_HAL_SPI_REGISTER_CALLBACKS == 1U)
4260:Drivers/STM32F0xx_HAL_Driver/Src/stm32f0xx_hal_spi.c ****       hspi->ErrorCallback(hspi);
4261:Drivers/STM32F0xx_HAL_Driver/Src/stm32f0xx_hal_spi.c **** #else
4262:Drivers/STM32F0xx_HAL_Driver/Src/stm32f0xx_hal_spi.c ****       HAL_SPI_ErrorCallback(hspi);
4263:Drivers/STM32F0xx_HAL_Driver/Src/stm32f0xx_hal_spi.c **** #endif /* USE_HAL_SPI_REGISTER_CALLBACKS */
4264:Drivers/STM32F0xx_HAL_Driver/Src/stm32f0xx_hal_spi.c ****     }
4265:Drivers/STM32F0xx_HAL_Driver/Src/stm32f0xx_hal_spi.c **** #if (USE_SPI_CRC != 0U)
4266:Drivers/STM32F0xx_HAL_Driver/Src/stm32f0xx_hal_spi.c ****   }
4267:Drivers/STM32F0xx_HAL_Driver/Src/stm32f0xx_hal_spi.c **** #endif /* USE_SPI_CRC */
4268:Drivers/STM32F0xx_HAL_Driver/Src/stm32f0xx_hal_spi.c **** }
4269:Drivers/STM32F0xx_HAL_Driver/Src/stm32f0xx_hal_spi.c **** 
4270:Drivers/STM32F0xx_HAL_Driver/Src/stm32f0xx_hal_spi.c **** /**
4271:Drivers/STM32F0xx_HAL_Driver/Src/stm32f0xx_hal_spi.c ****   * @brief  Handle the end of the TX transaction.
4272:Drivers/STM32F0xx_HAL_Driver/Src/stm32f0xx_hal_spi.c ****   * @param  hspi pointer to a SPI_HandleTypeDef structure that contains
4273:Drivers/STM32F0xx_HAL_Driver/Src/stm32f0xx_hal_spi.c ****   *               the configuration information for SPI module.
4274:Drivers/STM32F0xx_HAL_Driver/Src/stm32f0xx_hal_spi.c ****   * @retval None
ARM GAS  C:\Users\ADMINI~1\AppData\Local\Temp\ccrv5aWF.s 			page 91


4275:Drivers/STM32F0xx_HAL_Driver/Src/stm32f0xx_hal_spi.c ****   */
4276:Drivers/STM32F0xx_HAL_Driver/Src/stm32f0xx_hal_spi.c **** static void SPI_CloseTx_ISR(SPI_HandleTypeDef *hspi)
4277:Drivers/STM32F0xx_HAL_Driver/Src/stm32f0xx_hal_spi.c **** {
4278:Drivers/STM32F0xx_HAL_Driver/Src/stm32f0xx_hal_spi.c ****   uint32_t tickstart;
4279:Drivers/STM32F0xx_HAL_Driver/Src/stm32f0xx_hal_spi.c **** 
4280:Drivers/STM32F0xx_HAL_Driver/Src/stm32f0xx_hal_spi.c ****   /* Init tickstart for timeout management*/
4281:Drivers/STM32F0xx_HAL_Driver/Src/stm32f0xx_hal_spi.c ****   tickstart = HAL_GetTick();
4282:Drivers/STM32F0xx_HAL_Driver/Src/stm32f0xx_hal_spi.c **** 
4283:Drivers/STM32F0xx_HAL_Driver/Src/stm32f0xx_hal_spi.c ****   /* Disable TXE and ERR interrupt */
4284:Drivers/STM32F0xx_HAL_Driver/Src/stm32f0xx_hal_spi.c ****   __HAL_SPI_DISABLE_IT(hspi, (SPI_IT_TXE | SPI_IT_ERR));
4285:Drivers/STM32F0xx_HAL_Driver/Src/stm32f0xx_hal_spi.c **** 
4286:Drivers/STM32F0xx_HAL_Driver/Src/stm32f0xx_hal_spi.c ****   /* Check the end of the transaction */
4287:Drivers/STM32F0xx_HAL_Driver/Src/stm32f0xx_hal_spi.c ****   if (SPI_EndRxTxTransaction(hspi, SPI_DEFAULT_TIMEOUT, tickstart) != HAL_OK)
4288:Drivers/STM32F0xx_HAL_Driver/Src/stm32f0xx_hal_spi.c ****   {
4289:Drivers/STM32F0xx_HAL_Driver/Src/stm32f0xx_hal_spi.c ****     SET_BIT(hspi->ErrorCode, HAL_SPI_ERROR_FLAG);
4290:Drivers/STM32F0xx_HAL_Driver/Src/stm32f0xx_hal_spi.c ****   }
4291:Drivers/STM32F0xx_HAL_Driver/Src/stm32f0xx_hal_spi.c **** 
4292:Drivers/STM32F0xx_HAL_Driver/Src/stm32f0xx_hal_spi.c ****   /* Clear overrun flag in 2 Lines communication mode because received is not read */
4293:Drivers/STM32F0xx_HAL_Driver/Src/stm32f0xx_hal_spi.c ****   if (hspi->Init.Direction == SPI_DIRECTION_2LINES)
4294:Drivers/STM32F0xx_HAL_Driver/Src/stm32f0xx_hal_spi.c ****   {
4295:Drivers/STM32F0xx_HAL_Driver/Src/stm32f0xx_hal_spi.c ****     __HAL_SPI_CLEAR_OVRFLAG(hspi);
4296:Drivers/STM32F0xx_HAL_Driver/Src/stm32f0xx_hal_spi.c ****   }
4297:Drivers/STM32F0xx_HAL_Driver/Src/stm32f0xx_hal_spi.c **** 
4298:Drivers/STM32F0xx_HAL_Driver/Src/stm32f0xx_hal_spi.c ****   hspi->State = HAL_SPI_STATE_READY;
4299:Drivers/STM32F0xx_HAL_Driver/Src/stm32f0xx_hal_spi.c ****   if (hspi->ErrorCode != HAL_SPI_ERROR_NONE)
4300:Drivers/STM32F0xx_HAL_Driver/Src/stm32f0xx_hal_spi.c ****   {
4301:Drivers/STM32F0xx_HAL_Driver/Src/stm32f0xx_hal_spi.c ****     /* Call user error callback */
4302:Drivers/STM32F0xx_HAL_Driver/Src/stm32f0xx_hal_spi.c **** #if (USE_HAL_SPI_REGISTER_CALLBACKS == 1U)
4303:Drivers/STM32F0xx_HAL_Driver/Src/stm32f0xx_hal_spi.c ****     hspi->ErrorCallback(hspi);
4304:Drivers/STM32F0xx_HAL_Driver/Src/stm32f0xx_hal_spi.c **** #else
4305:Drivers/STM32F0xx_HAL_Driver/Src/stm32f0xx_hal_spi.c ****     HAL_SPI_ErrorCallback(hspi);
4306:Drivers/STM32F0xx_HAL_Driver/Src/stm32f0xx_hal_spi.c **** #endif /* USE_HAL_SPI_REGISTER_CALLBACKS */
4307:Drivers/STM32F0xx_HAL_Driver/Src/stm32f0xx_hal_spi.c ****   }
4308:Drivers/STM32F0xx_HAL_Driver/Src/stm32f0xx_hal_spi.c ****   else
4309:Drivers/STM32F0xx_HAL_Driver/Src/stm32f0xx_hal_spi.c ****   {
4310:Drivers/STM32F0xx_HAL_Driver/Src/stm32f0xx_hal_spi.c ****     /* Call user Rx complete callback */
4311:Drivers/STM32F0xx_HAL_Driver/Src/stm32f0xx_hal_spi.c **** #if (USE_HAL_SPI_REGISTER_CALLBACKS == 1U)
4312:Drivers/STM32F0xx_HAL_Driver/Src/stm32f0xx_hal_spi.c ****     hspi->TxCpltCallback(hspi);
4313:Drivers/STM32F0xx_HAL_Driver/Src/stm32f0xx_hal_spi.c **** #else
4314:Drivers/STM32F0xx_HAL_Driver/Src/stm32f0xx_hal_spi.c ****     HAL_SPI_TxCpltCallback(hspi);
4315:Drivers/STM32F0xx_HAL_Driver/Src/stm32f0xx_hal_spi.c **** #endif /* USE_HAL_SPI_REGISTER_CALLBACKS */
4316:Drivers/STM32F0xx_HAL_Driver/Src/stm32f0xx_hal_spi.c ****   }
4317:Drivers/STM32F0xx_HAL_Driver/Src/stm32f0xx_hal_spi.c **** }
4318:Drivers/STM32F0xx_HAL_Driver/Src/stm32f0xx_hal_spi.c **** 
4319:Drivers/STM32F0xx_HAL_Driver/Src/stm32f0xx_hal_spi.c **** /**
4320:Drivers/STM32F0xx_HAL_Driver/Src/stm32f0xx_hal_spi.c ****   * @brief  Handle abort a Rx transaction.
4321:Drivers/STM32F0xx_HAL_Driver/Src/stm32f0xx_hal_spi.c ****   * @param  hspi pointer to a SPI_HandleTypeDef structure that contains
4322:Drivers/STM32F0xx_HAL_Driver/Src/stm32f0xx_hal_spi.c ****   *               the configuration information for SPI module.
4323:Drivers/STM32F0xx_HAL_Driver/Src/stm32f0xx_hal_spi.c ****   * @retval None
4324:Drivers/STM32F0xx_HAL_Driver/Src/stm32f0xx_hal_spi.c ****   */
4325:Drivers/STM32F0xx_HAL_Driver/Src/stm32f0xx_hal_spi.c **** static void SPI_AbortRx_ISR(SPI_HandleTypeDef *hspi)
4326:Drivers/STM32F0xx_HAL_Driver/Src/stm32f0xx_hal_spi.c **** {
 771              		.loc 1 4326 1 is_stmt 1 view -0
 772              		.cfi_startproc
 773              		@ args = 0, pretend = 0, frame = 8
 774              		@ frame_needed = 0, uses_anonymous_args = 0
 775              		.loc 1 4326 1 is_stmt 0 view .LVU192
ARM GAS  C:\Users\ADMINI~1\AppData\Local\Temp\ccrv5aWF.s 			page 92


 776 0000 30B5     		push	{r4, r5, lr}
 777              		.cfi_def_cfa_offset 12
 778              		.cfi_offset 4, -12
 779              		.cfi_offset 5, -8
 780              		.cfi_offset 14, -4
 781 0002 85B0     		sub	sp, sp, #20
 782              		.cfi_def_cfa_offset 32
 783 0004 0400     		movs	r4, r0
4327:Drivers/STM32F0xx_HAL_Driver/Src/stm32f0xx_hal_spi.c ****   __IO uint32_t count;
 784              		.loc 1 4327 3 is_stmt 1 view .LVU193
4328:Drivers/STM32F0xx_HAL_Driver/Src/stm32f0xx_hal_spi.c **** 
4329:Drivers/STM32F0xx_HAL_Driver/Src/stm32f0xx_hal_spi.c ****   /* Disable SPI Peripheral */
4330:Drivers/STM32F0xx_HAL_Driver/Src/stm32f0xx_hal_spi.c ****   __HAL_SPI_DISABLE(hspi);
 785              		.loc 1 4330 3 view .LVU194
 786 0006 0268     		ldr	r2, [r0]
 787 0008 1368     		ldr	r3, [r2]
 788 000a 4025     		movs	r5, #64
 789 000c AB43     		bics	r3, r5
 790 000e 1360     		str	r3, [r2]
4331:Drivers/STM32F0xx_HAL_Driver/Src/stm32f0xx_hal_spi.c **** 
4332:Drivers/STM32F0xx_HAL_Driver/Src/stm32f0xx_hal_spi.c ****   count = SPI_DEFAULT_TIMEOUT * (SystemCoreClock / 24U / 1000U);
 791              		.loc 1 4332 3 view .LVU195
 792              		.loc 1 4332 56 is_stmt 0 view .LVU196
 793 0010 1D4B     		ldr	r3, .L60
 794 0012 1868     		ldr	r0, [r3]
 795              	.LVL66:
 796              		.loc 1 4332 56 view .LVU197
 797 0014 1D49     		ldr	r1, .L60+4
 798 0016 FFF7FEFF 		bl	__aeabi_uidiv
 799              	.LVL67:
 800              		.loc 1 4332 31 view .LVU198
 801 001a 6423     		movs	r3, #100
 802 001c 4343     		muls	r3, r0
 803              		.loc 1 4332 9 view .LVU199
 804 001e 0393     		str	r3, [sp, #12]
4333:Drivers/STM32F0xx_HAL_Driver/Src/stm32f0xx_hal_spi.c **** 
4334:Drivers/STM32F0xx_HAL_Driver/Src/stm32f0xx_hal_spi.c ****   /* Disable RXNEIE interrupt */
4335:Drivers/STM32F0xx_HAL_Driver/Src/stm32f0xx_hal_spi.c ****   CLEAR_BIT(hspi->Instance->CR2, (SPI_CR2_RXNEIE));
 805              		.loc 1 4335 3 is_stmt 1 view .LVU200
 806 0020 2268     		ldr	r2, [r4]
 807 0022 5368     		ldr	r3, [r2, #4]
 808 0024 AB43     		bics	r3, r5
 809 0026 5360     		str	r3, [r2, #4]
 810              	.L55:
4336:Drivers/STM32F0xx_HAL_Driver/Src/stm32f0xx_hal_spi.c **** 
4337:Drivers/STM32F0xx_HAL_Driver/Src/stm32f0xx_hal_spi.c ****   /* Check RXNEIE is disabled */
4338:Drivers/STM32F0xx_HAL_Driver/Src/stm32f0xx_hal_spi.c ****   do
 811              		.loc 1 4338 3 view .LVU201
4339:Drivers/STM32F0xx_HAL_Driver/Src/stm32f0xx_hal_spi.c ****   {
4340:Drivers/STM32F0xx_HAL_Driver/Src/stm32f0xx_hal_spi.c ****     if (count == 0U)
 812              		.loc 1 4340 5 view .LVU202
 813              		.loc 1 4340 15 is_stmt 0 view .LVU203
 814 0028 039B     		ldr	r3, [sp, #12]
 815              		.loc 1 4340 8 view .LVU204
 816 002a 002B     		cmp	r3, #0
 817 002c 07D0     		beq	.L59
4341:Drivers/STM32F0xx_HAL_Driver/Src/stm32f0xx_hal_spi.c ****     {
ARM GAS  C:\Users\ADMINI~1\AppData\Local\Temp\ccrv5aWF.s 			page 93


4342:Drivers/STM32F0xx_HAL_Driver/Src/stm32f0xx_hal_spi.c ****       SET_BIT(hspi->ErrorCode, HAL_SPI_ERROR_ABORT);
4343:Drivers/STM32F0xx_HAL_Driver/Src/stm32f0xx_hal_spi.c ****       break;
4344:Drivers/STM32F0xx_HAL_Driver/Src/stm32f0xx_hal_spi.c ****     }
4345:Drivers/STM32F0xx_HAL_Driver/Src/stm32f0xx_hal_spi.c ****     count--;
 818              		.loc 1 4345 5 is_stmt 1 view .LVU205
 819              		.loc 1 4345 10 is_stmt 0 view .LVU206
 820 002e 039B     		ldr	r3, [sp, #12]
 821 0030 013B     		subs	r3, r3, #1
 822 0032 0393     		str	r3, [sp, #12]
4346:Drivers/STM32F0xx_HAL_Driver/Src/stm32f0xx_hal_spi.c ****   } while (HAL_IS_BIT_SET(hspi->Instance->CR2, SPI_CR2_RXNEIE));
 823              		.loc 1 4346 12 is_stmt 1 view .LVU207
 824 0034 2368     		ldr	r3, [r4]
 825 0036 5B68     		ldr	r3, [r3, #4]
 826 0038 5B06     		lsls	r3, r3, #25
 827 003a F5D4     		bmi	.L55
 828 003c 03E0     		b	.L54
 829              	.L59:
4342:Drivers/STM32F0xx_HAL_Driver/Src/stm32f0xx_hal_spi.c ****       break;
 830              		.loc 1 4342 7 view .LVU208
 831 003e 236E     		ldr	r3, [r4, #96]
 832 0040 4022     		movs	r2, #64
 833 0042 1343     		orrs	r3, r2
 834 0044 2366     		str	r3, [r4, #96]
4343:Drivers/STM32F0xx_HAL_Driver/Src/stm32f0xx_hal_spi.c ****     }
 835              		.loc 1 4343 7 view .LVU209
 836              	.L54:
4347:Drivers/STM32F0xx_HAL_Driver/Src/stm32f0xx_hal_spi.c **** 
4348:Drivers/STM32F0xx_HAL_Driver/Src/stm32f0xx_hal_spi.c ****   /* Control the BSY flag */
4349:Drivers/STM32F0xx_HAL_Driver/Src/stm32f0xx_hal_spi.c ****   if (SPI_WaitFlagStateUntilTimeout(hspi, SPI_FLAG_BSY, RESET, SPI_DEFAULT_TIMEOUT, HAL_GetTick()) 
 837              		.loc 1 4349 3 view .LVU210
 838              		.loc 1 4349 7 is_stmt 0 view .LVU211
 839 0046 FFF7FEFF 		bl	HAL_GetTick
 840              	.LVL68:
 841              		.loc 1 4349 7 discriminator 1 view .LVU212
 842 004a 0090     		str	r0, [sp]
 843 004c 6423     		movs	r3, #100
 844 004e 0022     		movs	r2, #0
 845 0050 8021     		movs	r1, #128
 846 0052 2000     		movs	r0, r4
 847 0054 FFF7FEFF 		bl	SPI_WaitFlagStateUntilTimeout
 848              	.LVL69:
 849              		.loc 1 4349 6 discriminator 2 view .LVU213
 850 0058 0028     		cmp	r0, #0
 851 005a 01D0     		beq	.L56
4350:Drivers/STM32F0xx_HAL_Driver/Src/stm32f0xx_hal_spi.c ****   {
4351:Drivers/STM32F0xx_HAL_Driver/Src/stm32f0xx_hal_spi.c ****     hspi->ErrorCode = HAL_SPI_ERROR_ABORT;
 852              		.loc 1 4351 5 is_stmt 1 view .LVU214
 853              		.loc 1 4351 21 is_stmt 0 view .LVU215
 854 005c 4023     		movs	r3, #64
 855 005e 2366     		str	r3, [r4, #96]
 856              	.L56:
4352:Drivers/STM32F0xx_HAL_Driver/Src/stm32f0xx_hal_spi.c ****   }
4353:Drivers/STM32F0xx_HAL_Driver/Src/stm32f0xx_hal_spi.c **** 
4354:Drivers/STM32F0xx_HAL_Driver/Src/stm32f0xx_hal_spi.c ****   /* Empty the FRLVL fifo */
4355:Drivers/STM32F0xx_HAL_Driver/Src/stm32f0xx_hal_spi.c ****   if (SPI_WaitFifoStateUntilTimeout(hspi, SPI_FLAG_FRLVL, SPI_FRLVL_EMPTY, SPI_DEFAULT_TIMEOUT, HAL
 857              		.loc 1 4355 3 is_stmt 1 view .LVU216
 858              		.loc 1 4355 7 is_stmt 0 view .LVU217
ARM GAS  C:\Users\ADMINI~1\AppData\Local\Temp\ccrv5aWF.s 			page 94


 859 0060 FFF7FEFF 		bl	HAL_GetTick
 860              	.LVL70:
 861              		.loc 1 4355 7 discriminator 1 view .LVU218
 862 0064 C021     		movs	r1, #192
 863 0066 0090     		str	r0, [sp]
 864 0068 6423     		movs	r3, #100
 865 006a 0022     		movs	r2, #0
 866 006c C900     		lsls	r1, r1, #3
 867 006e 2000     		movs	r0, r4
 868 0070 FFF7FEFF 		bl	SPI_WaitFifoStateUntilTimeout
 869              	.LVL71:
 870              		.loc 1 4355 6 discriminator 2 view .LVU219
 871 0074 0028     		cmp	r0, #0
 872 0076 01D0     		beq	.L57
4356:Drivers/STM32F0xx_HAL_Driver/Src/stm32f0xx_hal_spi.c ****   {
4357:Drivers/STM32F0xx_HAL_Driver/Src/stm32f0xx_hal_spi.c ****     hspi->ErrorCode = HAL_SPI_ERROR_ABORT;
 873              		.loc 1 4357 5 is_stmt 1 view .LVU220
 874              		.loc 1 4357 21 is_stmt 0 view .LVU221
 875 0078 4023     		movs	r3, #64
 876 007a 2366     		str	r3, [r4, #96]
 877              	.L57:
4358:Drivers/STM32F0xx_HAL_Driver/Src/stm32f0xx_hal_spi.c ****   }
4359:Drivers/STM32F0xx_HAL_Driver/Src/stm32f0xx_hal_spi.c **** 
4360:Drivers/STM32F0xx_HAL_Driver/Src/stm32f0xx_hal_spi.c ****   hspi->State = HAL_SPI_STATE_ABORT;
 878              		.loc 1 4360 3 is_stmt 1 view .LVU222
 879              		.loc 1 4360 15 is_stmt 0 view .LVU223
 880 007c 5D23     		movs	r3, #93
 881 007e 0722     		movs	r2, #7
 882 0080 E254     		strb	r2, [r4, r3]
4361:Drivers/STM32F0xx_HAL_Driver/Src/stm32f0xx_hal_spi.c **** }
 883              		.loc 1 4361 1 view .LVU224
 884 0082 05B0     		add	sp, sp, #20
 885              		@ sp needed
 886              	.LVL72:
 887              		.loc 1 4361 1 view .LVU225
 888 0084 30BD     		pop	{r4, r5, pc}
 889              	.L61:
 890 0086 C046     		.align	2
 891              	.L60:
 892 0088 00000000 		.word	SystemCoreClock
 893 008c C05D0000 		.word	24000
 894              		.cfi_endproc
 895              	.LFE94:
 897              		.section	.text.SPI_AbortTx_ISR,"ax",%progbits
 898              		.align	1
 899              		.syntax unified
 900              		.code	16
 901              		.thumb_func
 903              	SPI_AbortTx_ISR:
 904              	.LVL73:
 905              	.LFB95:
4362:Drivers/STM32F0xx_HAL_Driver/Src/stm32f0xx_hal_spi.c **** 
4363:Drivers/STM32F0xx_HAL_Driver/Src/stm32f0xx_hal_spi.c **** /**
4364:Drivers/STM32F0xx_HAL_Driver/Src/stm32f0xx_hal_spi.c ****   * @brief  Handle abort a Tx or Rx/Tx transaction.
4365:Drivers/STM32F0xx_HAL_Driver/Src/stm32f0xx_hal_spi.c ****   * @param  hspi pointer to a SPI_HandleTypeDef structure that contains
4366:Drivers/STM32F0xx_HAL_Driver/Src/stm32f0xx_hal_spi.c ****   *               the configuration information for SPI module.
4367:Drivers/STM32F0xx_HAL_Driver/Src/stm32f0xx_hal_spi.c ****   * @retval None
ARM GAS  C:\Users\ADMINI~1\AppData\Local\Temp\ccrv5aWF.s 			page 95


4368:Drivers/STM32F0xx_HAL_Driver/Src/stm32f0xx_hal_spi.c ****   */
4369:Drivers/STM32F0xx_HAL_Driver/Src/stm32f0xx_hal_spi.c **** static void SPI_AbortTx_ISR(SPI_HandleTypeDef *hspi)
4370:Drivers/STM32F0xx_HAL_Driver/Src/stm32f0xx_hal_spi.c **** {
 906              		.loc 1 4370 1 is_stmt 1 view -0
 907              		.cfi_startproc
 908              		@ args = 0, pretend = 0, frame = 8
 909              		@ frame_needed = 0, uses_anonymous_args = 0
 910              		.loc 1 4370 1 is_stmt 0 view .LVU227
 911 0000 10B5     		push	{r4, lr}
 912              		.cfi_def_cfa_offset 8
 913              		.cfi_offset 4, -8
 914              		.cfi_offset 14, -4
 915 0002 84B0     		sub	sp, sp, #16
 916              		.cfi_def_cfa_offset 24
 917 0004 0400     		movs	r4, r0
4371:Drivers/STM32F0xx_HAL_Driver/Src/stm32f0xx_hal_spi.c ****   __IO uint32_t count;
 918              		.loc 1 4371 3 is_stmt 1 view .LVU228
4372:Drivers/STM32F0xx_HAL_Driver/Src/stm32f0xx_hal_spi.c **** 
4373:Drivers/STM32F0xx_HAL_Driver/Src/stm32f0xx_hal_spi.c ****   count = SPI_DEFAULT_TIMEOUT * (SystemCoreClock / 24U / 1000U);
 919              		.loc 1 4373 3 view .LVU229
 920              		.loc 1 4373 56 is_stmt 0 view .LVU230
 921 0006 384B     		ldr	r3, .L78
 922 0008 1868     		ldr	r0, [r3]
 923              	.LVL74:
 924              		.loc 1 4373 56 view .LVU231
 925 000a 3849     		ldr	r1, .L78+4
 926 000c FFF7FEFF 		bl	__aeabi_uidiv
 927              	.LVL75:
 928              		.loc 1 4373 31 view .LVU232
 929 0010 6423     		movs	r3, #100
 930 0012 4343     		muls	r3, r0
 931              		.loc 1 4373 9 view .LVU233
 932 0014 0393     		str	r3, [sp, #12]
4374:Drivers/STM32F0xx_HAL_Driver/Src/stm32f0xx_hal_spi.c **** 
4375:Drivers/STM32F0xx_HAL_Driver/Src/stm32f0xx_hal_spi.c ****   /* Disable TXEIE interrupt */
4376:Drivers/STM32F0xx_HAL_Driver/Src/stm32f0xx_hal_spi.c ****   CLEAR_BIT(hspi->Instance->CR2, (SPI_CR2_TXEIE));
 933              		.loc 1 4376 3 is_stmt 1 view .LVU234
 934 0016 2268     		ldr	r2, [r4]
 935 0018 5368     		ldr	r3, [r2, #4]
 936 001a 8021     		movs	r1, #128
 937 001c 8B43     		bics	r3, r1
 938 001e 5360     		str	r3, [r2, #4]
 939              	.L65:
4377:Drivers/STM32F0xx_HAL_Driver/Src/stm32f0xx_hal_spi.c **** 
4378:Drivers/STM32F0xx_HAL_Driver/Src/stm32f0xx_hal_spi.c ****   /* Check TXEIE is disabled */
4379:Drivers/STM32F0xx_HAL_Driver/Src/stm32f0xx_hal_spi.c ****   do
 940              		.loc 1 4379 3 view .LVU235
4380:Drivers/STM32F0xx_HAL_Driver/Src/stm32f0xx_hal_spi.c ****   {
4381:Drivers/STM32F0xx_HAL_Driver/Src/stm32f0xx_hal_spi.c ****     if (count == 0U)
 941              		.loc 1 4381 5 view .LVU236
 942              		.loc 1 4381 15 is_stmt 0 view .LVU237
 943 0020 039B     		ldr	r3, [sp, #12]
 944              		.loc 1 4381 8 view .LVU238
 945 0022 002B     		cmp	r3, #0
 946 0024 07D0     		beq	.L76
4382:Drivers/STM32F0xx_HAL_Driver/Src/stm32f0xx_hal_spi.c ****     {
4383:Drivers/STM32F0xx_HAL_Driver/Src/stm32f0xx_hal_spi.c ****       SET_BIT(hspi->ErrorCode, HAL_SPI_ERROR_ABORT);
ARM GAS  C:\Users\ADMINI~1\AppData\Local\Temp\ccrv5aWF.s 			page 96


4384:Drivers/STM32F0xx_HAL_Driver/Src/stm32f0xx_hal_spi.c ****       break;
4385:Drivers/STM32F0xx_HAL_Driver/Src/stm32f0xx_hal_spi.c ****     }
4386:Drivers/STM32F0xx_HAL_Driver/Src/stm32f0xx_hal_spi.c ****     count--;
 947              		.loc 1 4386 5 is_stmt 1 view .LVU239
 948              		.loc 1 4386 10 is_stmt 0 view .LVU240
 949 0026 039B     		ldr	r3, [sp, #12]
 950 0028 013B     		subs	r3, r3, #1
 951 002a 0393     		str	r3, [sp, #12]
4387:Drivers/STM32F0xx_HAL_Driver/Src/stm32f0xx_hal_spi.c ****   } while (HAL_IS_BIT_SET(hspi->Instance->CR2, SPI_CR2_TXEIE));
 952              		.loc 1 4387 12 is_stmt 1 view .LVU241
 953 002c 2368     		ldr	r3, [r4]
 954 002e 5B68     		ldr	r3, [r3, #4]
 955 0030 1B06     		lsls	r3, r3, #24
 956 0032 F5D4     		bmi	.L65
 957 0034 03E0     		b	.L64
 958              	.L76:
4383:Drivers/STM32F0xx_HAL_Driver/Src/stm32f0xx_hal_spi.c ****       break;
 959              		.loc 1 4383 7 view .LVU242
 960 0036 236E     		ldr	r3, [r4, #96]
 961 0038 4022     		movs	r2, #64
 962 003a 1343     		orrs	r3, r2
 963 003c 2366     		str	r3, [r4, #96]
4384:Drivers/STM32F0xx_HAL_Driver/Src/stm32f0xx_hal_spi.c ****     }
 964              		.loc 1 4384 7 view .LVU243
 965              	.L64:
4388:Drivers/STM32F0xx_HAL_Driver/Src/stm32f0xx_hal_spi.c **** 
4389:Drivers/STM32F0xx_HAL_Driver/Src/stm32f0xx_hal_spi.c ****   if (SPI_EndRxTxTransaction(hspi, SPI_DEFAULT_TIMEOUT, HAL_GetTick()) != HAL_OK)
 966              		.loc 1 4389 3 view .LVU244
 967              		.loc 1 4389 7 is_stmt 0 view .LVU245
 968 003e FFF7FEFF 		bl	HAL_GetTick
 969              	.LVL76:
 970 0042 0200     		movs	r2, r0
 971              		.loc 1 4389 7 discriminator 1 view .LVU246
 972 0044 6421     		movs	r1, #100
 973 0046 2000     		movs	r0, r4
 974 0048 FFF7FEFF 		bl	SPI_EndRxTxTransaction
 975              	.LVL77:
 976              		.loc 1 4389 6 discriminator 2 view .LVU247
 977 004c 0028     		cmp	r0, #0
 978 004e 01D0     		beq	.L66
4390:Drivers/STM32F0xx_HAL_Driver/Src/stm32f0xx_hal_spi.c ****   {
4391:Drivers/STM32F0xx_HAL_Driver/Src/stm32f0xx_hal_spi.c ****     hspi->ErrorCode = HAL_SPI_ERROR_ABORT;
 979              		.loc 1 4391 5 is_stmt 1 view .LVU248
 980              		.loc 1 4391 21 is_stmt 0 view .LVU249
 981 0050 4023     		movs	r3, #64
 982 0052 2366     		str	r3, [r4, #96]
 983              	.L66:
4392:Drivers/STM32F0xx_HAL_Driver/Src/stm32f0xx_hal_spi.c ****   }
4393:Drivers/STM32F0xx_HAL_Driver/Src/stm32f0xx_hal_spi.c **** 
4394:Drivers/STM32F0xx_HAL_Driver/Src/stm32f0xx_hal_spi.c ****   /* Disable SPI Peripheral */
4395:Drivers/STM32F0xx_HAL_Driver/Src/stm32f0xx_hal_spi.c ****   __HAL_SPI_DISABLE(hspi);
 984              		.loc 1 4395 3 is_stmt 1 view .LVU250
 985 0054 2268     		ldr	r2, [r4]
 986 0056 1368     		ldr	r3, [r2]
 987 0058 4021     		movs	r1, #64
 988 005a 8B43     		bics	r3, r1
 989 005c 1360     		str	r3, [r2]
ARM GAS  C:\Users\ADMINI~1\AppData\Local\Temp\ccrv5aWF.s 			page 97


4396:Drivers/STM32F0xx_HAL_Driver/Src/stm32f0xx_hal_spi.c **** 
4397:Drivers/STM32F0xx_HAL_Driver/Src/stm32f0xx_hal_spi.c ****   /* Empty the FRLVL fifo */
4398:Drivers/STM32F0xx_HAL_Driver/Src/stm32f0xx_hal_spi.c ****   if (SPI_WaitFifoStateUntilTimeout(hspi, SPI_FLAG_FRLVL, SPI_FRLVL_EMPTY, SPI_DEFAULT_TIMEOUT, HAL
 990              		.loc 1 4398 3 view .LVU251
 991              		.loc 1 4398 7 is_stmt 0 view .LVU252
 992 005e FFF7FEFF 		bl	HAL_GetTick
 993              	.LVL78:
 994              		.loc 1 4398 7 discriminator 1 view .LVU253
 995 0062 C021     		movs	r1, #192
 996 0064 0090     		str	r0, [sp]
 997 0066 6423     		movs	r3, #100
 998 0068 0022     		movs	r2, #0
 999 006a C900     		lsls	r1, r1, #3
 1000 006c 2000     		movs	r0, r4
 1001 006e FFF7FEFF 		bl	SPI_WaitFifoStateUntilTimeout
 1002              	.LVL79:
 1003              		.loc 1 4398 6 discriminator 2 view .LVU254
 1004 0072 0028     		cmp	r0, #0
 1005 0074 01D0     		beq	.L67
4399:Drivers/STM32F0xx_HAL_Driver/Src/stm32f0xx_hal_spi.c ****   {
4400:Drivers/STM32F0xx_HAL_Driver/Src/stm32f0xx_hal_spi.c ****     hspi->ErrorCode = HAL_SPI_ERROR_ABORT;
 1006              		.loc 1 4400 5 is_stmt 1 view .LVU255
 1007              		.loc 1 4400 21 is_stmt 0 view .LVU256
 1008 0076 4023     		movs	r3, #64
 1009 0078 2366     		str	r3, [r4, #96]
 1010              	.L67:
4401:Drivers/STM32F0xx_HAL_Driver/Src/stm32f0xx_hal_spi.c ****   }
4402:Drivers/STM32F0xx_HAL_Driver/Src/stm32f0xx_hal_spi.c **** 
4403:Drivers/STM32F0xx_HAL_Driver/Src/stm32f0xx_hal_spi.c ****   /* Check case of Full-Duplex Mode and disable directly RXNEIE interrupt */
4404:Drivers/STM32F0xx_HAL_Driver/Src/stm32f0xx_hal_spi.c ****   if (HAL_IS_BIT_SET(hspi->Instance->CR2, SPI_CR2_RXNEIE))
 1011              		.loc 1 4404 3 is_stmt 1 view .LVU257
 1012              		.loc 1 4404 7 is_stmt 0 view .LVU258
 1013 007a 2268     		ldr	r2, [r4]
 1014 007c 5368     		ldr	r3, [r2, #4]
 1015              		.loc 1 4404 6 view .LVU259
 1016 007e 5B06     		lsls	r3, r3, #25
 1017 0080 2DD5     		bpl	.L68
4405:Drivers/STM32F0xx_HAL_Driver/Src/stm32f0xx_hal_spi.c ****   {
4406:Drivers/STM32F0xx_HAL_Driver/Src/stm32f0xx_hal_spi.c ****     /* Disable RXNEIE interrupt */
4407:Drivers/STM32F0xx_HAL_Driver/Src/stm32f0xx_hal_spi.c ****     CLEAR_BIT(hspi->Instance->CR2, (SPI_CR2_RXNEIE));
 1018              		.loc 1 4407 5 is_stmt 1 view .LVU260
 1019 0082 5368     		ldr	r3, [r2, #4]
 1020 0084 4021     		movs	r1, #64
 1021 0086 8B43     		bics	r3, r1
 1022 0088 5360     		str	r3, [r2, #4]
 1023              	.L71:
4408:Drivers/STM32F0xx_HAL_Driver/Src/stm32f0xx_hal_spi.c **** 
4409:Drivers/STM32F0xx_HAL_Driver/Src/stm32f0xx_hal_spi.c ****     /* Check RXNEIE is disabled */
4410:Drivers/STM32F0xx_HAL_Driver/Src/stm32f0xx_hal_spi.c ****     do
 1024              		.loc 1 4410 5 view .LVU261
4411:Drivers/STM32F0xx_HAL_Driver/Src/stm32f0xx_hal_spi.c ****     {
4412:Drivers/STM32F0xx_HAL_Driver/Src/stm32f0xx_hal_spi.c ****       if (count == 0U)
 1025              		.loc 1 4412 7 view .LVU262
 1026              		.loc 1 4412 17 is_stmt 0 view .LVU263
 1027 008a 039B     		ldr	r3, [sp, #12]
 1028              		.loc 1 4412 10 view .LVU264
 1029 008c 002B     		cmp	r3, #0
ARM GAS  C:\Users\ADMINI~1\AppData\Local\Temp\ccrv5aWF.s 			page 98


 1030 008e 07D0     		beq	.L77
4413:Drivers/STM32F0xx_HAL_Driver/Src/stm32f0xx_hal_spi.c ****       {
4414:Drivers/STM32F0xx_HAL_Driver/Src/stm32f0xx_hal_spi.c ****         SET_BIT(hspi->ErrorCode, HAL_SPI_ERROR_ABORT);
4415:Drivers/STM32F0xx_HAL_Driver/Src/stm32f0xx_hal_spi.c ****         break;
4416:Drivers/STM32F0xx_HAL_Driver/Src/stm32f0xx_hal_spi.c ****       }
4417:Drivers/STM32F0xx_HAL_Driver/Src/stm32f0xx_hal_spi.c ****       count--;
 1031              		.loc 1 4417 7 is_stmt 1 view .LVU265
 1032              		.loc 1 4417 12 is_stmt 0 view .LVU266
 1033 0090 039B     		ldr	r3, [sp, #12]
 1034 0092 013B     		subs	r3, r3, #1
 1035 0094 0393     		str	r3, [sp, #12]
4418:Drivers/STM32F0xx_HAL_Driver/Src/stm32f0xx_hal_spi.c ****     } while (HAL_IS_BIT_SET(hspi->Instance->CR2, SPI_CR2_RXNEIE));
 1036              		.loc 1 4418 14 is_stmt 1 view .LVU267
 1037 0096 2368     		ldr	r3, [r4]
 1038 0098 5B68     		ldr	r3, [r3, #4]
 1039 009a 5B06     		lsls	r3, r3, #25
 1040 009c F5D4     		bmi	.L71
 1041 009e 03E0     		b	.L70
 1042              	.L77:
4414:Drivers/STM32F0xx_HAL_Driver/Src/stm32f0xx_hal_spi.c ****         break;
 1043              		.loc 1 4414 9 view .LVU268
 1044 00a0 236E     		ldr	r3, [r4, #96]
 1045 00a2 4022     		movs	r2, #64
 1046 00a4 1343     		orrs	r3, r2
 1047 00a6 2366     		str	r3, [r4, #96]
4415:Drivers/STM32F0xx_HAL_Driver/Src/stm32f0xx_hal_spi.c ****       }
 1048              		.loc 1 4415 9 view .LVU269
 1049              	.L70:
4419:Drivers/STM32F0xx_HAL_Driver/Src/stm32f0xx_hal_spi.c **** 
4420:Drivers/STM32F0xx_HAL_Driver/Src/stm32f0xx_hal_spi.c ****     /* Control the BSY flag */
4421:Drivers/STM32F0xx_HAL_Driver/Src/stm32f0xx_hal_spi.c ****     if (SPI_WaitFlagStateUntilTimeout(hspi, SPI_FLAG_BSY, RESET, SPI_DEFAULT_TIMEOUT, HAL_GetTick()
 1050              		.loc 1 4421 5 view .LVU270
 1051              		.loc 1 4421 9 is_stmt 0 view .LVU271
 1052 00a8 FFF7FEFF 		bl	HAL_GetTick
 1053              	.LVL80:
 1054              		.loc 1 4421 9 discriminator 1 view .LVU272
 1055 00ac 0090     		str	r0, [sp]
 1056 00ae 6423     		movs	r3, #100
 1057 00b0 0022     		movs	r2, #0
 1058 00b2 8021     		movs	r1, #128
 1059 00b4 2000     		movs	r0, r4
 1060 00b6 FFF7FEFF 		bl	SPI_WaitFlagStateUntilTimeout
 1061              	.LVL81:
 1062              		.loc 1 4421 8 discriminator 2 view .LVU273
 1063 00ba 0028     		cmp	r0, #0
 1064 00bc 01D0     		beq	.L72
4422:Drivers/STM32F0xx_HAL_Driver/Src/stm32f0xx_hal_spi.c ****     {
4423:Drivers/STM32F0xx_HAL_Driver/Src/stm32f0xx_hal_spi.c ****       hspi->ErrorCode = HAL_SPI_ERROR_ABORT;
 1065              		.loc 1 4423 7 is_stmt 1 view .LVU274
 1066              		.loc 1 4423 23 is_stmt 0 view .LVU275
 1067 00be 4023     		movs	r3, #64
 1068 00c0 2366     		str	r3, [r4, #96]
 1069              	.L72:
4424:Drivers/STM32F0xx_HAL_Driver/Src/stm32f0xx_hal_spi.c ****     }
4425:Drivers/STM32F0xx_HAL_Driver/Src/stm32f0xx_hal_spi.c **** 
4426:Drivers/STM32F0xx_HAL_Driver/Src/stm32f0xx_hal_spi.c ****     /* Empty the FRLVL fifo */
4427:Drivers/STM32F0xx_HAL_Driver/Src/stm32f0xx_hal_spi.c ****     if (SPI_WaitFifoStateUntilTimeout(hspi, SPI_FLAG_FRLVL, SPI_FRLVL_EMPTY, SPI_DEFAULT_TIMEOUT, H
ARM GAS  C:\Users\ADMINI~1\AppData\Local\Temp\ccrv5aWF.s 			page 99


 1070              		.loc 1 4427 5 is_stmt 1 view .LVU276
 1071              		.loc 1 4427 9 is_stmt 0 view .LVU277
 1072 00c2 FFF7FEFF 		bl	HAL_GetTick
 1073              	.LVL82:
 1074              		.loc 1 4427 9 discriminator 1 view .LVU278
 1075 00c6 C021     		movs	r1, #192
 1076 00c8 0090     		str	r0, [sp]
 1077 00ca 6423     		movs	r3, #100
 1078 00cc 0022     		movs	r2, #0
 1079 00ce C900     		lsls	r1, r1, #3
 1080 00d0 2000     		movs	r0, r4
 1081 00d2 FFF7FEFF 		bl	SPI_WaitFifoStateUntilTimeout
 1082              	.LVL83:
 1083              		.loc 1 4427 8 discriminator 2 view .LVU279
 1084 00d6 0028     		cmp	r0, #0
 1085 00d8 01D0     		beq	.L68
4428:Drivers/STM32F0xx_HAL_Driver/Src/stm32f0xx_hal_spi.c ****     {
4429:Drivers/STM32F0xx_HAL_Driver/Src/stm32f0xx_hal_spi.c ****       hspi->ErrorCode = HAL_SPI_ERROR_ABORT;
 1086              		.loc 1 4429 7 is_stmt 1 view .LVU280
 1087              		.loc 1 4429 23 is_stmt 0 view .LVU281
 1088 00da 4023     		movs	r3, #64
 1089 00dc 2366     		str	r3, [r4, #96]
 1090              	.L68:
4430:Drivers/STM32F0xx_HAL_Driver/Src/stm32f0xx_hal_spi.c ****     }
4431:Drivers/STM32F0xx_HAL_Driver/Src/stm32f0xx_hal_spi.c ****   }
4432:Drivers/STM32F0xx_HAL_Driver/Src/stm32f0xx_hal_spi.c ****   hspi->State = HAL_SPI_STATE_ABORT;
 1091              		.loc 1 4432 3 is_stmt 1 view .LVU282
 1092              		.loc 1 4432 15 is_stmt 0 view .LVU283
 1093 00de 5D23     		movs	r3, #93
 1094 00e0 0722     		movs	r2, #7
 1095 00e2 E254     		strb	r2, [r4, r3]
4433:Drivers/STM32F0xx_HAL_Driver/Src/stm32f0xx_hal_spi.c **** }
 1096              		.loc 1 4433 1 view .LVU284
 1097 00e4 04B0     		add	sp, sp, #16
 1098              		@ sp needed
 1099              	.LVL84:
 1100              		.loc 1 4433 1 view .LVU285
 1101 00e6 10BD     		pop	{r4, pc}
 1102              	.L79:
 1103              		.align	2
 1104              	.L78:
 1105 00e8 00000000 		.word	SystemCoreClock
 1106 00ec C05D0000 		.word	24000
 1107              		.cfi_endproc
 1108              	.LFE95:
 1110              		.section	.text.HAL_SPI_MspInit,"ax",%progbits
 1111              		.align	1
 1112              		.weak	HAL_SPI_MspInit
 1113              		.syntax unified
 1114              		.code	16
 1115              		.thumb_func
 1117              	HAL_SPI_MspInit:
 1118              	.LVL85:
 1119              	.LFB42:
 534:Drivers/STM32F0xx_HAL_Driver/Src/stm32f0xx_hal_spi.c ****   /* Prevent unused argument(s) compilation warning */
 1120              		.loc 1 534 1 is_stmt 1 view -0
 1121              		.cfi_startproc
ARM GAS  C:\Users\ADMINI~1\AppData\Local\Temp\ccrv5aWF.s 			page 100


 1122              		@ args = 0, pretend = 0, frame = 0
 1123              		@ frame_needed = 0, uses_anonymous_args = 0
 1124              		@ link register save eliminated.
 536:Drivers/STM32F0xx_HAL_Driver/Src/stm32f0xx_hal_spi.c **** 
 1125              		.loc 1 536 3 view .LVU287
 541:Drivers/STM32F0xx_HAL_Driver/Src/stm32f0xx_hal_spi.c **** 
 1126              		.loc 1 541 1 is_stmt 0 view .LVU288
 1127              		@ sp needed
 1128 0000 7047     		bx	lr
 1129              		.cfi_endproc
 1130              	.LFE42:
 1132              		.section	.text.HAL_SPI_Init,"ax",%progbits
 1133              		.align	1
 1134              		.global	HAL_SPI_Init
 1135              		.syntax unified
 1136              		.code	16
 1137              		.thumb_func
 1139              	HAL_SPI_Init:
 1140              	.LVL86:
 1141              	.LFB40:
 315:Drivers/STM32F0xx_HAL_Driver/Src/stm32f0xx_hal_spi.c ****   uint32_t frxth;
 1142              		.loc 1 315 1 is_stmt 1 view -0
 1143              		.cfi_startproc
 1144              		@ args = 0, pretend = 0, frame = 0
 1145              		@ frame_needed = 0, uses_anonymous_args = 0
 315:Drivers/STM32F0xx_HAL_Driver/Src/stm32f0xx_hal_spi.c ****   uint32_t frxth;
 1146              		.loc 1 315 1 is_stmt 0 view .LVU290
 1147 0000 70B5     		push	{r4, r5, r6, lr}
 1148              		.cfi_def_cfa_offset 16
 1149              		.cfi_offset 4, -16
 1150              		.cfi_offset 5, -12
 1151              		.cfi_offset 6, -8
 1152              		.cfi_offset 14, -4
 1153 0002 041E     		subs	r4, r0, #0
 316:Drivers/STM32F0xx_HAL_Driver/Src/stm32f0xx_hal_spi.c **** 
 1154              		.loc 1 316 3 is_stmt 1 view .LVU291
 319:Drivers/STM32F0xx_HAL_Driver/Src/stm32f0xx_hal_spi.c ****   {
 1155              		.loc 1 319 3 view .LVU292
 319:Drivers/STM32F0xx_HAL_Driver/Src/stm32f0xx_hal_spi.c ****   {
 1156              		.loc 1 319 6 is_stmt 0 view .LVU293
 1157 0004 00D1     		bne	.LCB1064
 1158 0006 78E0     		b	.L88	@long jump
 1159              	.LCB1064:
 325:Drivers/STM32F0xx_HAL_Driver/Src/stm32f0xx_hal_spi.c ****   assert_param(IS_SPI_MODE(hspi->Init.Mode));
 1160              		.loc 1 325 3 is_stmt 1 view .LVU294
 326:Drivers/STM32F0xx_HAL_Driver/Src/stm32f0xx_hal_spi.c ****   assert_param(IS_SPI_DIRECTION(hspi->Init.Direction));
 1161              		.loc 1 326 3 view .LVU295
 327:Drivers/STM32F0xx_HAL_Driver/Src/stm32f0xx_hal_spi.c ****   assert_param(IS_SPI_DATASIZE(hspi->Init.DataSize));
 1162              		.loc 1 327 3 view .LVU296
 328:Drivers/STM32F0xx_HAL_Driver/Src/stm32f0xx_hal_spi.c ****   assert_param(IS_SPI_NSS(hspi->Init.NSS));
 1163              		.loc 1 328 3 view .LVU297
 329:Drivers/STM32F0xx_HAL_Driver/Src/stm32f0xx_hal_spi.c ****   assert_param(IS_SPI_NSSP(hspi->Init.NSSPMode));
 1164              		.loc 1 329 3 view .LVU298
 330:Drivers/STM32F0xx_HAL_Driver/Src/stm32f0xx_hal_spi.c ****   assert_param(IS_SPI_BAUDRATE_PRESCALER(hspi->Init.BaudRatePrescaler));
 1165              		.loc 1 330 3 view .LVU299
 331:Drivers/STM32F0xx_HAL_Driver/Src/stm32f0xx_hal_spi.c ****   assert_param(IS_SPI_FIRST_BIT(hspi->Init.FirstBit));
 1166              		.loc 1 331 3 view .LVU300
ARM GAS  C:\Users\ADMINI~1\AppData\Local\Temp\ccrv5aWF.s 			page 101


 332:Drivers/STM32F0xx_HAL_Driver/Src/stm32f0xx_hal_spi.c ****   assert_param(IS_SPI_TIMODE(hspi->Init.TIMode));
 1167              		.loc 1 332 3 view .LVU301
 333:Drivers/STM32F0xx_HAL_Driver/Src/stm32f0xx_hal_spi.c ****   if (hspi->Init.TIMode == SPI_TIMODE_DISABLE)
 1168              		.loc 1 333 3 view .LVU302
 334:Drivers/STM32F0xx_HAL_Driver/Src/stm32f0xx_hal_spi.c ****   {
 1169              		.loc 1 334 3 view .LVU303
 334:Drivers/STM32F0xx_HAL_Driver/Src/stm32f0xx_hal_spi.c ****   {
 1170              		.loc 1 334 17 is_stmt 0 view .LVU304
 1171 0008 436A     		ldr	r3, [r0, #36]
 334:Drivers/STM32F0xx_HAL_Driver/Src/stm32f0xx_hal_spi.c ****   {
 1172              		.loc 1 334 6 view .LVU305
 1173 000a 002B     		cmp	r3, #0
 1174 000c 07D1     		bne	.L83
 336:Drivers/STM32F0xx_HAL_Driver/Src/stm32f0xx_hal_spi.c ****     assert_param(IS_SPI_CPHA(hspi->Init.CLKPhase));
 1175              		.loc 1 336 5 is_stmt 1 view .LVU306
 337:Drivers/STM32F0xx_HAL_Driver/Src/stm32f0xx_hal_spi.c **** 
 1176              		.loc 1 337 5 view .LVU307
 339:Drivers/STM32F0xx_HAL_Driver/Src/stm32f0xx_hal_spi.c ****     {
 1177              		.loc 1 339 5 view .LVU308
 339:Drivers/STM32F0xx_HAL_Driver/Src/stm32f0xx_hal_spi.c ****     {
 1178              		.loc 1 339 19 is_stmt 0 view .LVU309
 1179 000e 4268     		ldr	r2, [r0, #4]
 339:Drivers/STM32F0xx_HAL_Driver/Src/stm32f0xx_hal_spi.c ****     {
 1180              		.loc 1 339 8 view .LVU310
 1181 0010 0533     		adds	r3, r3, #5
 1182 0012 FF33     		adds	r3, r3, #255
 1183 0014 9A42     		cmp	r2, r3
 1184 0016 05D0     		beq	.L84
 346:Drivers/STM32F0xx_HAL_Driver/Src/stm32f0xx_hal_spi.c ****     }
 1185              		.loc 1 346 7 is_stmt 1 view .LVU311
 346:Drivers/STM32F0xx_HAL_Driver/Src/stm32f0xx_hal_spi.c ****     }
 1186              		.loc 1 346 36 is_stmt 0 view .LVU312
 1187 0018 0023     		movs	r3, #0
 1188 001a C361     		str	r3, [r0, #28]
 1189 001c 02E0     		b	.L84
 1190              	.L83:
 351:Drivers/STM32F0xx_HAL_Driver/Src/stm32f0xx_hal_spi.c **** 
 1191              		.loc 1 351 5 is_stmt 1 view .LVU313
 354:Drivers/STM32F0xx_HAL_Driver/Src/stm32f0xx_hal_spi.c ****     hspi->Init.CLKPhase    = SPI_PHASE_1EDGE;
 1192              		.loc 1 354 5 view .LVU314
 354:Drivers/STM32F0xx_HAL_Driver/Src/stm32f0xx_hal_spi.c ****     hspi->Init.CLKPhase    = SPI_PHASE_1EDGE;
 1193              		.loc 1 354 28 is_stmt 0 view .LVU315
 1194 001e 0023     		movs	r3, #0
 1195 0020 0361     		str	r3, [r0, #16]
 355:Drivers/STM32F0xx_HAL_Driver/Src/stm32f0xx_hal_spi.c ****   }
 1196              		.loc 1 355 5 is_stmt 1 view .LVU316
 355:Drivers/STM32F0xx_HAL_Driver/Src/stm32f0xx_hal_spi.c ****   }
 1197              		.loc 1 355 28 is_stmt 0 view .LVU317
 1198 0022 4361     		str	r3, [r0, #20]
 1199              	.L84:
 365:Drivers/STM32F0xx_HAL_Driver/Src/stm32f0xx_hal_spi.c **** #endif /* USE_SPI_CRC */
 1200              		.loc 1 365 3 is_stmt 1 view .LVU318
 365:Drivers/STM32F0xx_HAL_Driver/Src/stm32f0xx_hal_spi.c **** #endif /* USE_SPI_CRC */
 1201              		.loc 1 365 29 is_stmt 0 view .LVU319
 1202 0024 0023     		movs	r3, #0
 1203 0026 A362     		str	r3, [r4, #40]
 368:Drivers/STM32F0xx_HAL_Driver/Src/stm32f0xx_hal_spi.c ****   {
ARM GAS  C:\Users\ADMINI~1\AppData\Local\Temp\ccrv5aWF.s 			page 102


 1204              		.loc 1 368 3 is_stmt 1 view .LVU320
 368:Drivers/STM32F0xx_HAL_Driver/Src/stm32f0xx_hal_spi.c ****   {
 1205              		.loc 1 368 11 is_stmt 0 view .LVU321
 1206 0028 5D33     		adds	r3, r3, #93
 1207 002a E35C     		ldrb	r3, [r4, r3]
 368:Drivers/STM32F0xx_HAL_Driver/Src/stm32f0xx_hal_spi.c ****   {
 1208              		.loc 1 368 6 view .LVU322
 1209 002c 002B     		cmp	r3, #0
 1210 002e 5AD0     		beq	.L90
 1211              	.LVL87:
 1212              	.L85:
 397:Drivers/STM32F0xx_HAL_Driver/Src/stm32f0xx_hal_spi.c **** 
 1213              		.loc 1 397 3 is_stmt 1 view .LVU323
 397:Drivers/STM32F0xx_HAL_Driver/Src/stm32f0xx_hal_spi.c **** 
 1214              		.loc 1 397 15 is_stmt 0 view .LVU324
 1215 0030 5D23     		movs	r3, #93
 1216 0032 0222     		movs	r2, #2
 1217 0034 E254     		strb	r2, [r4, r3]
 400:Drivers/STM32F0xx_HAL_Driver/Src/stm32f0xx_hal_spi.c **** 
 1218              		.loc 1 400 3 is_stmt 1 view .LVU325
 1219 0036 2268     		ldr	r2, [r4]
 1220 0038 1368     		ldr	r3, [r2]
 1221 003a 4021     		movs	r1, #64
 1222 003c 8B43     		bics	r3, r1
 1223 003e 1360     		str	r3, [r2]
 403:Drivers/STM32F0xx_HAL_Driver/Src/stm32f0xx_hal_spi.c ****   {
 1224              		.loc 1 403 3 view .LVU326
 403:Drivers/STM32F0xx_HAL_Driver/Src/stm32f0xx_hal_spi.c ****   {
 1225              		.loc 1 403 17 is_stmt 0 view .LVU327
 1226 0040 E368     		ldr	r3, [r4, #12]
 403:Drivers/STM32F0xx_HAL_Driver/Src/stm32f0xx_hal_spi.c ****   {
 1227              		.loc 1 403 6 view .LVU328
 1228 0042 E022     		movs	r2, #224
 1229 0044 D200     		lsls	r2, r2, #3
 1230 0046 9342     		cmp	r3, r2
 1231 0048 54D9     		bls	.L89
 405:Drivers/STM32F0xx_HAL_Driver/Src/stm32f0xx_hal_spi.c ****   }
 1232              		.loc 1 405 11 view .LVU329
 1233 004a 0022     		movs	r2, #0
 1234              	.L86:
 1235              	.LVL88:
 413:Drivers/STM32F0xx_HAL_Driver/Src/stm32f0xx_hal_spi.c ****   {
 1236              		.loc 1 413 3 is_stmt 1 view .LVU330
 413:Drivers/STM32F0xx_HAL_Driver/Src/stm32f0xx_hal_spi.c ****   {
 1237              		.loc 1 413 6 is_stmt 0 view .LVU331
 1238 004c F021     		movs	r1, #240
 1239 004e 0901     		lsls	r1, r1, #4
 1240 0050 8B42     		cmp	r3, r1
 1241 0052 05D0     		beq	.L87
 413:Drivers/STM32F0xx_HAL_Driver/Src/stm32f0xx_hal_spi.c ****   {
 1242              		.loc 1 413 51 discriminator 1 view .LVU332
 1243 0054 E021     		movs	r1, #224
 1244 0056 C900     		lsls	r1, r1, #3
 1245 0058 8B42     		cmp	r3, r1
 1246 005a 01D0     		beq	.L87
 416:Drivers/STM32F0xx_HAL_Driver/Src/stm32f0xx_hal_spi.c ****   }
 1247              		.loc 1 416 5 is_stmt 1 view .LVU333
ARM GAS  C:\Users\ADMINI~1\AppData\Local\Temp\ccrv5aWF.s 			page 103


 416:Drivers/STM32F0xx_HAL_Driver/Src/stm32f0xx_hal_spi.c ****   }
 1248              		.loc 1 416 31 is_stmt 0 view .LVU334
 1249 005c 0023     		movs	r3, #0
 1250 005e A362     		str	r3, [r4, #40]
 1251              	.L87:
 422:Drivers/STM32F0xx_HAL_Driver/Src/stm32f0xx_hal_spi.c ****                                   (hspi->Init.Direction & (SPI_CR1_RXONLY | SPI_CR1_BIDIMODE)) |
 1252              		.loc 1 422 3 is_stmt 1 view .LVU335
 1253 0060 6368     		ldr	r3, [r4, #4]
 1254 0062 8221     		movs	r1, #130
 1255 0064 4900     		lsls	r1, r1, #1
 1256 0066 0B40     		ands	r3, r1
 1257 0068 A168     		ldr	r1, [r4, #8]
 1258 006a 8420     		movs	r0, #132
 1259 006c 0002     		lsls	r0, r0, #8
 1260 006e 0140     		ands	r1, r0
 1261 0070 0B43     		orrs	r3, r1
 1262 0072 2069     		ldr	r0, [r4, #16]
 1263 0074 0221     		movs	r1, #2
 1264 0076 0140     		ands	r1, r0
 1265 0078 0B43     		orrs	r3, r1
 1266 007a 6069     		ldr	r0, [r4, #20]
 1267 007c 0121     		movs	r1, #1
 1268 007e 0840     		ands	r0, r1
 1269 0080 0343     		orrs	r3, r0
 1270 0082 A069     		ldr	r0, [r4, #24]
 1271 0084 8025     		movs	r5, #128
 1272 0086 AD00     		lsls	r5, r5, #2
 1273 0088 2840     		ands	r0, r5
 1274 008a 0343     		orrs	r3, r0
 1275 008c E569     		ldr	r5, [r4, #28]
 1276 008e 3820     		movs	r0, #56
 1277 0090 2840     		ands	r0, r5
 1278 0092 0343     		orrs	r3, r0
 1279 0094 256A     		ldr	r5, [r4, #32]
 1280 0096 8020     		movs	r0, #128
 1281 0098 2840     		ands	r0, r5
 1282 009a 0343     		orrs	r3, r0
 1283 009c A06A     		ldr	r0, [r4, #40]
 1284 009e 8025     		movs	r5, #128
 1285 00a0 AD01     		lsls	r5, r5, #6
 1286 00a2 2840     		ands	r0, r5
 1287 00a4 2568     		ldr	r5, [r4]
 1288 00a6 0343     		orrs	r3, r0
 1289 00a8 2B60     		str	r3, [r5]
 457:Drivers/STM32F0xx_HAL_Driver/Src/stm32f0xx_hal_spi.c ****                                   (hspi->Init.TIMode & SPI_CR2_FRF) |
 1290              		.loc 1 457 3 view .LVU336
 1291 00aa 608B     		ldrh	r0, [r4, #26]
 1292 00ac 0423     		movs	r3, #4
 1293 00ae 0340     		ands	r3, r0
 1294 00b0 656A     		ldr	r5, [r4, #36]
 1295 00b2 1020     		movs	r0, #16
 1296 00b4 2840     		ands	r0, r5
 1297 00b6 0343     		orrs	r3, r0
 1298 00b8 656B     		ldr	r5, [r4, #52]
 1299 00ba 0820     		movs	r0, #8
 1300 00bc 2840     		ands	r0, r5
 1301 00be 0343     		orrs	r3, r0
ARM GAS  C:\Users\ADMINI~1\AppData\Local\Temp\ccrv5aWF.s 			page 104


 1302 00c0 E068     		ldr	r0, [r4, #12]
 1303 00c2 F025     		movs	r5, #240
 1304 00c4 2D01     		lsls	r5, r5, #4
 1305 00c6 2840     		ands	r0, r5
 1306 00c8 0343     		orrs	r3, r0
 1307 00ca 2068     		ldr	r0, [r4]
 1308 00cc 1343     		orrs	r3, r2
 1309 00ce 4360     		str	r3, [r0, #4]
 474:Drivers/STM32F0xx_HAL_Driver/Src/stm32f0xx_hal_spi.c **** #endif /* SPI_I2SCFGR_I2SMOD */
 1310              		.loc 1 474 3 view .LVU337
 1311 00d0 2268     		ldr	r2, [r4]
 1312              	.LVL89:
 474:Drivers/STM32F0xx_HAL_Driver/Src/stm32f0xx_hal_spi.c **** #endif /* SPI_I2SCFGR_I2SMOD */
 1313              		.loc 1 474 3 is_stmt 0 view .LVU338
 1314 00d2 D369     		ldr	r3, [r2, #28]
 1315 00d4 0A48     		ldr	r0, .L91
 1316 00d6 0340     		ands	r3, r0
 1317 00d8 D361     		str	r3, [r2, #28]
 477:Drivers/STM32F0xx_HAL_Driver/Src/stm32f0xx_hal_spi.c ****   hspi->State     = HAL_SPI_STATE_READY;
 1318              		.loc 1 477 3 is_stmt 1 view .LVU339
 477:Drivers/STM32F0xx_HAL_Driver/Src/stm32f0xx_hal_spi.c ****   hspi->State     = HAL_SPI_STATE_READY;
 1319              		.loc 1 477 19 is_stmt 0 view .LVU340
 1320 00da 0023     		movs	r3, #0
 1321 00dc 2366     		str	r3, [r4, #96]
 478:Drivers/STM32F0xx_HAL_Driver/Src/stm32f0xx_hal_spi.c **** 
 1322              		.loc 1 478 3 is_stmt 1 view .LVU341
 478:Drivers/STM32F0xx_HAL_Driver/Src/stm32f0xx_hal_spi.c **** 
 1323              		.loc 1 478 19 is_stmt 0 view .LVU342
 1324 00de 5D33     		adds	r3, r3, #93
 1325 00e0 E154     		strb	r1, [r4, r3]
 480:Drivers/STM32F0xx_HAL_Driver/Src/stm32f0xx_hal_spi.c **** }
 1326              		.loc 1 480 3 is_stmt 1 view .LVU343
 480:Drivers/STM32F0xx_HAL_Driver/Src/stm32f0xx_hal_spi.c **** }
 1327              		.loc 1 480 10 is_stmt 0 view .LVU344
 1328 00e2 0020     		movs	r0, #0
 1329              	.LVL90:
 1330              	.L82:
 481:Drivers/STM32F0xx_HAL_Driver/Src/stm32f0xx_hal_spi.c **** 
 1331              		.loc 1 481 1 view .LVU345
 1332              		@ sp needed
 1333              	.LVL91:
 481:Drivers/STM32F0xx_HAL_Driver/Src/stm32f0xx_hal_spi.c **** 
 1334              		.loc 1 481 1 view .LVU346
 1335 00e4 70BD     		pop	{r4, r5, r6, pc}
 1336              	.LVL92:
 1337              	.L90:
 371:Drivers/STM32F0xx_HAL_Driver/Src/stm32f0xx_hal_spi.c **** 
 1338              		.loc 1 371 5 is_stmt 1 view .LVU347
 371:Drivers/STM32F0xx_HAL_Driver/Src/stm32f0xx_hal_spi.c **** 
 1339              		.loc 1 371 16 is_stmt 0 view .LVU348
 1340 00e6 5C33     		adds	r3, r3, #92
 1341 00e8 0022     		movs	r2, #0
 1342 00ea E254     		strb	r2, [r4, r3]
 393:Drivers/STM32F0xx_HAL_Driver/Src/stm32f0xx_hal_spi.c **** #endif /* USE_HAL_SPI_REGISTER_CALLBACKS */
 1343              		.loc 1 393 5 is_stmt 1 view .LVU349
 1344 00ec 2000     		movs	r0, r4
 1345              	.LVL93:
ARM GAS  C:\Users\ADMINI~1\AppData\Local\Temp\ccrv5aWF.s 			page 105


 393:Drivers/STM32F0xx_HAL_Driver/Src/stm32f0xx_hal_spi.c **** #endif /* USE_HAL_SPI_REGISTER_CALLBACKS */
 1346              		.loc 1 393 5 is_stmt 0 view .LVU350
 1347 00ee FFF7FEFF 		bl	HAL_SPI_MspInit
 1348              	.LVL94:
 1349 00f2 9DE7     		b	.L85
 1350              	.L89:
 409:Drivers/STM32F0xx_HAL_Driver/Src/stm32f0xx_hal_spi.c ****   }
 1351              		.loc 1 409 11 view .LVU351
 1352 00f4 8022     		movs	r2, #128
 1353 00f6 5201     		lsls	r2, r2, #5
 1354 00f8 A8E7     		b	.L86
 1355              	.LVL95:
 1356              	.L88:
 321:Drivers/STM32F0xx_HAL_Driver/Src/stm32f0xx_hal_spi.c ****   }
 1357              		.loc 1 321 12 view .LVU352
 1358 00fa 0120     		movs	r0, #1
 1359              	.LVL96:
 321:Drivers/STM32F0xx_HAL_Driver/Src/stm32f0xx_hal_spi.c ****   }
 1360              		.loc 1 321 12 view .LVU353
 1361 00fc F2E7     		b	.L82
 1362              	.L92:
 1363 00fe C046     		.align	2
 1364              	.L91:
 1365 0100 FFF7FFFF 		.word	-2049
 1366              		.cfi_endproc
 1367              	.LFE40:
 1369              		.section	.text.HAL_SPI_MspDeInit,"ax",%progbits
 1370              		.align	1
 1371              		.weak	HAL_SPI_MspDeInit
 1372              		.syntax unified
 1373              		.code	16
 1374              		.thumb_func
 1376              	HAL_SPI_MspDeInit:
 1377              	.LVL97:
 1378              	.LFB43:
 550:Drivers/STM32F0xx_HAL_Driver/Src/stm32f0xx_hal_spi.c ****   /* Prevent unused argument(s) compilation warning */
 1379              		.loc 1 550 1 is_stmt 1 view -0
 1380              		.cfi_startproc
 1381              		@ args = 0, pretend = 0, frame = 0
 1382              		@ frame_needed = 0, uses_anonymous_args = 0
 1383              		@ link register save eliminated.
 552:Drivers/STM32F0xx_HAL_Driver/Src/stm32f0xx_hal_spi.c **** 
 1384              		.loc 1 552 3 view .LVU355
 557:Drivers/STM32F0xx_HAL_Driver/Src/stm32f0xx_hal_spi.c **** 
 1385              		.loc 1 557 1 is_stmt 0 view .LVU356
 1386              		@ sp needed
 1387 0000 7047     		bx	lr
 1388              		.cfi_endproc
 1389              	.LFE43:
 1391              		.section	.text.HAL_SPI_DeInit,"ax",%progbits
 1392              		.align	1
 1393              		.global	HAL_SPI_DeInit
 1394              		.syntax unified
 1395              		.code	16
 1396              		.thumb_func
 1398              	HAL_SPI_DeInit:
 1399              	.LVL98:
ARM GAS  C:\Users\ADMINI~1\AppData\Local\Temp\ccrv5aWF.s 			page 106


 1400              	.LFB41:
 490:Drivers/STM32F0xx_HAL_Driver/Src/stm32f0xx_hal_spi.c ****   /* Check the SPI handle allocation */
 1401              		.loc 1 490 1 is_stmt 1 view -0
 1402              		.cfi_startproc
 1403              		@ args = 0, pretend = 0, frame = 0
 1404              		@ frame_needed = 0, uses_anonymous_args = 0
 490:Drivers/STM32F0xx_HAL_Driver/Src/stm32f0xx_hal_spi.c ****   /* Check the SPI handle allocation */
 1405              		.loc 1 490 1 is_stmt 0 view .LVU358
 1406 0000 70B5     		push	{r4, r5, r6, lr}
 1407              		.cfi_def_cfa_offset 16
 1408              		.cfi_offset 4, -16
 1409              		.cfi_offset 5, -12
 1410              		.cfi_offset 6, -8
 1411              		.cfi_offset 14, -4
 1412 0002 041E     		subs	r4, r0, #0
 492:Drivers/STM32F0xx_HAL_Driver/Src/stm32f0xx_hal_spi.c ****   {
 1413              		.loc 1 492 3 is_stmt 1 view .LVU359
 492:Drivers/STM32F0xx_HAL_Driver/Src/stm32f0xx_hal_spi.c ****   {
 1414              		.loc 1 492 6 is_stmt 0 view .LVU360
 1415 0004 10D0     		beq	.L96
 498:Drivers/STM32F0xx_HAL_Driver/Src/stm32f0xx_hal_spi.c **** 
 1416              		.loc 1 498 3 is_stmt 1 view .LVU361
 500:Drivers/STM32F0xx_HAL_Driver/Src/stm32f0xx_hal_spi.c **** 
 1417              		.loc 1 500 3 view .LVU362
 500:Drivers/STM32F0xx_HAL_Driver/Src/stm32f0xx_hal_spi.c **** 
 1418              		.loc 1 500 15 is_stmt 0 view .LVU363
 1419 0006 5D25     		movs	r5, #93
 1420 0008 0223     		movs	r3, #2
 1421 000a 4355     		strb	r3, [r0, r5]
 503:Drivers/STM32F0xx_HAL_Driver/Src/stm32f0xx_hal_spi.c **** 
 1422              		.loc 1 503 3 is_stmt 1 view .LVU364
 1423 000c 0268     		ldr	r2, [r0]
 1424 000e 1368     		ldr	r3, [r2]
 1425 0010 4021     		movs	r1, #64
 1426 0012 8B43     		bics	r3, r1
 1427 0014 1360     		str	r3, [r2]
 515:Drivers/STM32F0xx_HAL_Driver/Src/stm32f0xx_hal_spi.c **** #endif /* USE_HAL_SPI_REGISTER_CALLBACKS */
 1428              		.loc 1 515 3 view .LVU365
 1429 0016 FFF7FEFF 		bl	HAL_SPI_MspDeInit
 1430              	.LVL99:
 518:Drivers/STM32F0xx_HAL_Driver/Src/stm32f0xx_hal_spi.c ****   hspi->State = HAL_SPI_STATE_RESET;
 1431              		.loc 1 518 3 view .LVU366
 518:Drivers/STM32F0xx_HAL_Driver/Src/stm32f0xx_hal_spi.c ****   hspi->State = HAL_SPI_STATE_RESET;
 1432              		.loc 1 518 19 is_stmt 0 view .LVU367
 1433 001a 0023     		movs	r3, #0
 1434 001c 2366     		str	r3, [r4, #96]
 519:Drivers/STM32F0xx_HAL_Driver/Src/stm32f0xx_hal_spi.c **** 
 1435              		.loc 1 519 3 is_stmt 1 view .LVU368
 519:Drivers/STM32F0xx_HAL_Driver/Src/stm32f0xx_hal_spi.c **** 
 1436              		.loc 1 519 15 is_stmt 0 view .LVU369
 1437 001e 6355     		strb	r3, [r4, r5]
 522:Drivers/STM32F0xx_HAL_Driver/Src/stm32f0xx_hal_spi.c **** 
 1438              		.loc 1 522 3 is_stmt 1 view .LVU370
 522:Drivers/STM32F0xx_HAL_Driver/Src/stm32f0xx_hal_spi.c **** 
 1439              		.loc 1 522 3 view .LVU371
 1440 0020 5C22     		movs	r2, #92
 1441 0022 A354     		strb	r3, [r4, r2]
ARM GAS  C:\Users\ADMINI~1\AppData\Local\Temp\ccrv5aWF.s 			page 107


 522:Drivers/STM32F0xx_HAL_Driver/Src/stm32f0xx_hal_spi.c **** 
 1442              		.loc 1 522 3 view .LVU372
 524:Drivers/STM32F0xx_HAL_Driver/Src/stm32f0xx_hal_spi.c **** }
 1443              		.loc 1 524 3 view .LVU373
 524:Drivers/STM32F0xx_HAL_Driver/Src/stm32f0xx_hal_spi.c **** }
 1444              		.loc 1 524 10 is_stmt 0 view .LVU374
 1445 0024 0020     		movs	r0, #0
 1446              	.L95:
 525:Drivers/STM32F0xx_HAL_Driver/Src/stm32f0xx_hal_spi.c **** 
 1447              		.loc 1 525 1 view .LVU375
 1448              		@ sp needed
 1449              	.LVL100:
 525:Drivers/STM32F0xx_HAL_Driver/Src/stm32f0xx_hal_spi.c **** 
 1450              		.loc 1 525 1 view .LVU376
 1451 0026 70BD     		pop	{r4, r5, r6, pc}
 1452              	.LVL101:
 1453              	.L96:
 494:Drivers/STM32F0xx_HAL_Driver/Src/stm32f0xx_hal_spi.c ****   }
 1454              		.loc 1 494 12 view .LVU377
 1455 0028 0120     		movs	r0, #1
 1456              	.LVL102:
 494:Drivers/STM32F0xx_HAL_Driver/Src/stm32f0xx_hal_spi.c ****   }
 1457              		.loc 1 494 12 view .LVU378
 1458 002a FCE7     		b	.L95
 1459              		.cfi_endproc
 1460              	.LFE41:
 1462              		.section	.text.HAL_SPI_Transmit,"ax",%progbits
 1463              		.align	1
 1464              		.global	HAL_SPI_Transmit
 1465              		.syntax unified
 1466              		.code	16
 1467              		.thumb_func
 1469              	HAL_SPI_Transmit:
 1470              	.LVL103:
 1471              	.LFB44:
 822:Drivers/STM32F0xx_HAL_Driver/Src/stm32f0xx_hal_spi.c ****   uint32_t tickstart;
 1472              		.loc 1 822 1 is_stmt 1 view -0
 1473              		.cfi_startproc
 1474              		@ args = 0, pretend = 0, frame = 16
 1475              		@ frame_needed = 0, uses_anonymous_args = 0
 822:Drivers/STM32F0xx_HAL_Driver/Src/stm32f0xx_hal_spi.c ****   uint32_t tickstart;
 1476              		.loc 1 822 1 is_stmt 0 view .LVU380
 1477 0000 F0B5     		push	{r4, r5, r6, r7, lr}
 1478              		.cfi_def_cfa_offset 20
 1479              		.cfi_offset 4, -20
 1480              		.cfi_offset 5, -16
 1481              		.cfi_offset 6, -12
 1482              		.cfi_offset 7, -8
 1483              		.cfi_offset 14, -4
 1484 0002 CE46     		mov	lr, r9
 1485 0004 00B5     		push	{lr}
 1486              		.cfi_def_cfa_offset 24
 1487              		.cfi_offset 9, -24
 1488 0006 84B0     		sub	sp, sp, #16
 1489              		.cfi_def_cfa_offset 40
 1490 0008 0400     		movs	r4, r0
 1491 000a 0191     		str	r1, [sp, #4]
ARM GAS  C:\Users\ADMINI~1\AppData\Local\Temp\ccrv5aWF.s 			page 108


 1492 000c 9146     		mov	r9, r2
 1493 000e 1D00     		movs	r5, r3
 823:Drivers/STM32F0xx_HAL_Driver/Src/stm32f0xx_hal_spi.c ****   HAL_StatusTypeDef errorcode = HAL_OK;
 1494              		.loc 1 823 3 is_stmt 1 view .LVU381
 824:Drivers/STM32F0xx_HAL_Driver/Src/stm32f0xx_hal_spi.c ****   uint16_t initial_TxXferCount;
 1495              		.loc 1 824 3 view .LVU382
 1496              	.LVL104:
 825:Drivers/STM32F0xx_HAL_Driver/Src/stm32f0xx_hal_spi.c **** 
 1497              		.loc 1 825 3 view .LVU383
 828:Drivers/STM32F0xx_HAL_Driver/Src/stm32f0xx_hal_spi.c **** 
 1498              		.loc 1 828 3 view .LVU384
 831:Drivers/STM32F0xx_HAL_Driver/Src/stm32f0xx_hal_spi.c **** 
 1499              		.loc 1 831 3 view .LVU385
 831:Drivers/STM32F0xx_HAL_Driver/Src/stm32f0xx_hal_spi.c **** 
 1500              		.loc 1 831 3 view .LVU386
 1501 0010 5C23     		movs	r3, #92
 1502              	.LVL105:
 831:Drivers/STM32F0xx_HAL_Driver/Src/stm32f0xx_hal_spi.c **** 
 1503              		.loc 1 831 3 is_stmt 0 view .LVU387
 1504 0012 C35C     		ldrb	r3, [r0, r3]
 1505 0014 012B     		cmp	r3, #1
 1506 0016 00D1     		bne	.LCB1376
 1507 0018 C9E0     		b	.L122	@long jump
 1508              	.LCB1376:
 831:Drivers/STM32F0xx_HAL_Driver/Src/stm32f0xx_hal_spi.c **** 
 1509              		.loc 1 831 3 is_stmt 1 discriminator 2 view .LVU388
 1510 001a 5C23     		movs	r3, #92
 1511 001c 0122     		movs	r2, #1
 1512              	.LVL106:
 831:Drivers/STM32F0xx_HAL_Driver/Src/stm32f0xx_hal_spi.c **** 
 1513              		.loc 1 831 3 is_stmt 0 discriminator 2 view .LVU389
 1514 001e C254     		strb	r2, [r0, r3]
 831:Drivers/STM32F0xx_HAL_Driver/Src/stm32f0xx_hal_spi.c **** 
 1515              		.loc 1 831 3 is_stmt 1 view .LVU390
 834:Drivers/STM32F0xx_HAL_Driver/Src/stm32f0xx_hal_spi.c ****   initial_TxXferCount = Size;
 1516              		.loc 1 834 3 view .LVU391
 834:Drivers/STM32F0xx_HAL_Driver/Src/stm32f0xx_hal_spi.c ****   initial_TxXferCount = Size;
 1517              		.loc 1 834 15 is_stmt 0 view .LVU392
 1518 0020 FFF7FEFF 		bl	HAL_GetTick
 1519              	.LVL107:
 834:Drivers/STM32F0xx_HAL_Driver/Src/stm32f0xx_hal_spi.c ****   initial_TxXferCount = Size;
 1520              		.loc 1 834 15 view .LVU393
 1521 0024 0600     		movs	r6, r0
 1522              	.LVL108:
 835:Drivers/STM32F0xx_HAL_Driver/Src/stm32f0xx_hal_spi.c **** 
 1523              		.loc 1 835 3 is_stmt 1 view .LVU394
 837:Drivers/STM32F0xx_HAL_Driver/Src/stm32f0xx_hal_spi.c ****   {
 1524              		.loc 1 837 3 view .LVU395
 837:Drivers/STM32F0xx_HAL_Driver/Src/stm32f0xx_hal_spi.c ****   {
 1525              		.loc 1 837 11 is_stmt 0 view .LVU396
 1526 0026 5D23     		movs	r3, #93
 1527 0028 E35C     		ldrb	r3, [r4, r3]
 1528 002a DFB2     		uxtb	r7, r3
 837:Drivers/STM32F0xx_HAL_Driver/Src/stm32f0xx_hal_spi.c ****   {
 1529              		.loc 1 837 6 view .LVU397
 1530 002c 012B     		cmp	r3, #1
 1531 002e 00D0     		beq	.LCB1396
ARM GAS  C:\Users\ADMINI~1\AppData\Local\Temp\ccrv5aWF.s 			page 109


 1532 0030 B4E0     		b	.L123	@long jump
 1533              	.LCB1396:
 843:Drivers/STM32F0xx_HAL_Driver/Src/stm32f0xx_hal_spi.c ****   {
 1534              		.loc 1 843 3 is_stmt 1 view .LVU398
 843:Drivers/STM32F0xx_HAL_Driver/Src/stm32f0xx_hal_spi.c ****   {
 1535              		.loc 1 843 6 is_stmt 0 view .LVU399
 1536 0032 0199     		ldr	r1, [sp, #4]
 1537 0034 0029     		cmp	r1, #0
 1538 0036 00D1     		bne	.LCB1400
 1539 0038 B1E0     		b	.L99	@long jump
 1540              	.LCB1400:
 843:Drivers/STM32F0xx_HAL_Driver/Src/stm32f0xx_hal_spi.c ****   {
 1541              		.loc 1 843 23 discriminator 1 view .LVU400
 1542 003a 4B46     		mov	r3, r9
 1543 003c 002B     		cmp	r3, #0
 1544 003e 00D1     		bne	.LCB1403
 1545 0040 ADE0     		b	.L99	@long jump
 1546              	.LCB1403:
 850:Drivers/STM32F0xx_HAL_Driver/Src/stm32f0xx_hal_spi.c ****   hspi->ErrorCode   = HAL_SPI_ERROR_NONE;
 1547              		.loc 1 850 3 is_stmt 1 view .LVU401
 850:Drivers/STM32F0xx_HAL_Driver/Src/stm32f0xx_hal_spi.c ****   hspi->ErrorCode   = HAL_SPI_ERROR_NONE;
 1548              		.loc 1 850 21 is_stmt 0 view .LVU402
 1549 0042 5D23     		movs	r3, #93
 1550 0044 0322     		movs	r2, #3
 1551 0046 E254     		strb	r2, [r4, r3]
 851:Drivers/STM32F0xx_HAL_Driver/Src/stm32f0xx_hal_spi.c ****   hspi->pTxBuffPtr  = (uint8_t *)pData;
 1552              		.loc 1 851 3 is_stmt 1 view .LVU403
 851:Drivers/STM32F0xx_HAL_Driver/Src/stm32f0xx_hal_spi.c ****   hspi->pTxBuffPtr  = (uint8_t *)pData;
 1553              		.loc 1 851 21 is_stmt 0 view .LVU404
 1554 0048 0023     		movs	r3, #0
 1555 004a 2366     		str	r3, [r4, #96]
 852:Drivers/STM32F0xx_HAL_Driver/Src/stm32f0xx_hal_spi.c ****   hspi->TxXferSize  = Size;
 1556              		.loc 1 852 3 is_stmt 1 view .LVU405
 852:Drivers/STM32F0xx_HAL_Driver/Src/stm32f0xx_hal_spi.c ****   hspi->TxXferSize  = Size;
 1557              		.loc 1 852 21 is_stmt 0 view .LVU406
 1558 004c A163     		str	r1, [r4, #56]
 853:Drivers/STM32F0xx_HAL_Driver/Src/stm32f0xx_hal_spi.c ****   hspi->TxXferCount = Size;
 1559              		.loc 1 853 3 is_stmt 1 view .LVU407
 853:Drivers/STM32F0xx_HAL_Driver/Src/stm32f0xx_hal_spi.c ****   hspi->TxXferCount = Size;
 1560              		.loc 1 853 21 is_stmt 0 view .LVU408
 1561 004e 4A46     		mov	r2, r9
 1562 0050 A287     		strh	r2, [r4, #60]
 854:Drivers/STM32F0xx_HAL_Driver/Src/stm32f0xx_hal_spi.c **** 
 1563              		.loc 1 854 3 is_stmt 1 view .LVU409
 854:Drivers/STM32F0xx_HAL_Driver/Src/stm32f0xx_hal_spi.c **** 
 1564              		.loc 1 854 21 is_stmt 0 view .LVU410
 1565 0052 E287     		strh	r2, [r4, #62]
 857:Drivers/STM32F0xx_HAL_Driver/Src/stm32f0xx_hal_spi.c ****   hspi->RxXferSize  = 0U;
 1566              		.loc 1 857 3 is_stmt 1 view .LVU411
 857:Drivers/STM32F0xx_HAL_Driver/Src/stm32f0xx_hal_spi.c ****   hspi->RxXferSize  = 0U;
 1567              		.loc 1 857 21 is_stmt 0 view .LVU412
 1568 0054 2364     		str	r3, [r4, #64]
 858:Drivers/STM32F0xx_HAL_Driver/Src/stm32f0xx_hal_spi.c ****   hspi->RxXferCount = 0U;
 1569              		.loc 1 858 3 is_stmt 1 view .LVU413
 858:Drivers/STM32F0xx_HAL_Driver/Src/stm32f0xx_hal_spi.c ****   hspi->RxXferCount = 0U;
 1570              		.loc 1 858 21 is_stmt 0 view .LVU414
 1571 0056 4422     		movs	r2, #68
ARM GAS  C:\Users\ADMINI~1\AppData\Local\Temp\ccrv5aWF.s 			page 110


 1572 0058 A352     		strh	r3, [r4, r2]
 859:Drivers/STM32F0xx_HAL_Driver/Src/stm32f0xx_hal_spi.c ****   hspi->TxISR       = NULL;
 1573              		.loc 1 859 3 is_stmt 1 view .LVU415
 859:Drivers/STM32F0xx_HAL_Driver/Src/stm32f0xx_hal_spi.c ****   hspi->TxISR       = NULL;
 1574              		.loc 1 859 21 is_stmt 0 view .LVU416
 1575 005a 0232     		adds	r2, r2, #2
 1576 005c A352     		strh	r3, [r4, r2]
 860:Drivers/STM32F0xx_HAL_Driver/Src/stm32f0xx_hal_spi.c ****   hspi->RxISR       = NULL;
 1577              		.loc 1 860 3 is_stmt 1 view .LVU417
 860:Drivers/STM32F0xx_HAL_Driver/Src/stm32f0xx_hal_spi.c ****   hspi->RxISR       = NULL;
 1578              		.loc 1 860 21 is_stmt 0 view .LVU418
 1579 005e 2365     		str	r3, [r4, #80]
 861:Drivers/STM32F0xx_HAL_Driver/Src/stm32f0xx_hal_spi.c **** 
 1580              		.loc 1 861 3 is_stmt 1 view .LVU419
 861:Drivers/STM32F0xx_HAL_Driver/Src/stm32f0xx_hal_spi.c **** 
 1581              		.loc 1 861 21 is_stmt 0 view .LVU420
 1582 0060 E364     		str	r3, [r4, #76]
 864:Drivers/STM32F0xx_HAL_Driver/Src/stm32f0xx_hal_spi.c ****   {
 1583              		.loc 1 864 3 is_stmt 1 view .LVU421
 864:Drivers/STM32F0xx_HAL_Driver/Src/stm32f0xx_hal_spi.c ****   {
 1584              		.loc 1 864 17 is_stmt 0 view .LVU422
 1585 0062 A268     		ldr	r2, [r4, #8]
 864:Drivers/STM32F0xx_HAL_Driver/Src/stm32f0xx_hal_spi.c ****   {
 1586              		.loc 1 864 6 view .LVU423
 1587 0064 8023     		movs	r3, #128
 1588 0066 1B02     		lsls	r3, r3, #8
 1589 0068 9A42     		cmp	r2, r3
 1590 006a 1ED0     		beq	.L127
 1591              	.L100:
 880:Drivers/STM32F0xx_HAL_Driver/Src/stm32f0xx_hal_spi.c ****   {
 1592              		.loc 1 880 3 is_stmt 1 view .LVU424
 880:Drivers/STM32F0xx_HAL_Driver/Src/stm32f0xx_hal_spi.c ****   {
 1593              		.loc 1 880 12 is_stmt 0 view .LVU425
 1594 006c 2268     		ldr	r2, [r4]
 880:Drivers/STM32F0xx_HAL_Driver/Src/stm32f0xx_hal_spi.c ****   {
 1595              		.loc 1 880 22 view .LVU426
 1596 006e 1368     		ldr	r3, [r2]
 880:Drivers/STM32F0xx_HAL_Driver/Src/stm32f0xx_hal_spi.c ****   {
 1597              		.loc 1 880 6 view .LVU427
 1598 0070 5B06     		lsls	r3, r3, #25
 1599 0072 03D4     		bmi	.L101
 883:Drivers/STM32F0xx_HAL_Driver/Src/stm32f0xx_hal_spi.c ****   }
 1600              		.loc 1 883 5 is_stmt 1 view .LVU428
 1601 0074 1368     		ldr	r3, [r2]
 1602 0076 4021     		movs	r1, #64
 1603 0078 0B43     		orrs	r3, r1
 1604 007a 1360     		str	r3, [r2]
 1605              	.L101:
 887:Drivers/STM32F0xx_HAL_Driver/Src/stm32f0xx_hal_spi.c ****   {
 1606              		.loc 1 887 3 view .LVU429
 887:Drivers/STM32F0xx_HAL_Driver/Src/stm32f0xx_hal_spi.c ****   {
 1607              		.loc 1 887 17 is_stmt 0 view .LVU430
 1608 007c E268     		ldr	r2, [r4, #12]
 887:Drivers/STM32F0xx_HAL_Driver/Src/stm32f0xx_hal_spi.c ****   {
 1609              		.loc 1 887 6 view .LVU431
 1610 007e E023     		movs	r3, #224
 1611 0080 DB00     		lsls	r3, r3, #3
ARM GAS  C:\Users\ADMINI~1\AppData\Local\Temp\ccrv5aWF.s 			page 111


 1612 0082 9A42     		cmp	r2, r3
 1613 0084 3DD9     		bls	.L102
 889:Drivers/STM32F0xx_HAL_Driver/Src/stm32f0xx_hal_spi.c ****     {
 1614              		.loc 1 889 5 is_stmt 1 view .LVU432
 889:Drivers/STM32F0xx_HAL_Driver/Src/stm32f0xx_hal_spi.c ****     {
 1615              		.loc 1 889 20 is_stmt 0 view .LVU433
 1616 0086 6368     		ldr	r3, [r4, #4]
 889:Drivers/STM32F0xx_HAL_Driver/Src/stm32f0xx_hal_spi.c ****     {
 1617              		.loc 1 889 8 view .LVU434
 1618 0088 002B     		cmp	r3, #0
 1619 008a 02D0     		beq	.L103
 889:Drivers/STM32F0xx_HAL_Driver/Src/stm32f0xx_hal_spi.c ****     {
 1620              		.loc 1 889 45 discriminator 1 view .LVU435
 1621 008c 4B46     		mov	r3, r9
 1622 008e 012B     		cmp	r3, #1
 1623 0090 20D1     		bne	.L109
 1624              	.L103:
 891:Drivers/STM32F0xx_HAL_Driver/Src/stm32f0xx_hal_spi.c ****       hspi->pTxBuffPtr += sizeof(uint16_t);
 1625              		.loc 1 891 7 is_stmt 1 view .LVU436
 891:Drivers/STM32F0xx_HAL_Driver/Src/stm32f0xx_hal_spi.c ****       hspi->pTxBuffPtr += sizeof(uint16_t);
 1626              		.loc 1 891 46 is_stmt 0 view .LVU437
 1627 0092 A26B     		ldr	r2, [r4, #56]
 891:Drivers/STM32F0xx_HAL_Driver/Src/stm32f0xx_hal_spi.c ****       hspi->pTxBuffPtr += sizeof(uint16_t);
 1628              		.loc 1 891 11 view .LVU438
 1629 0094 2368     		ldr	r3, [r4]
 891:Drivers/STM32F0xx_HAL_Driver/Src/stm32f0xx_hal_spi.c ****       hspi->pTxBuffPtr += sizeof(uint16_t);
 1630              		.loc 1 891 28 view .LVU439
 1631 0096 1288     		ldrh	r2, [r2]
 891:Drivers/STM32F0xx_HAL_Driver/Src/stm32f0xx_hal_spi.c ****       hspi->pTxBuffPtr += sizeof(uint16_t);
 1632              		.loc 1 891 26 view .LVU440
 1633 0098 DA60     		str	r2, [r3, #12]
 892:Drivers/STM32F0xx_HAL_Driver/Src/stm32f0xx_hal_spi.c ****       hspi->TxXferCount--;
 1634              		.loc 1 892 7 is_stmt 1 view .LVU441
 892:Drivers/STM32F0xx_HAL_Driver/Src/stm32f0xx_hal_spi.c ****       hspi->TxXferCount--;
 1635              		.loc 1 892 11 is_stmt 0 view .LVU442
 1636 009a A36B     		ldr	r3, [r4, #56]
 892:Drivers/STM32F0xx_HAL_Driver/Src/stm32f0xx_hal_spi.c ****       hspi->TxXferCount--;
 1637              		.loc 1 892 24 view .LVU443
 1638 009c 0233     		adds	r3, r3, #2
 1639 009e A363     		str	r3, [r4, #56]
 893:Drivers/STM32F0xx_HAL_Driver/Src/stm32f0xx_hal_spi.c ****     }
 1640              		.loc 1 893 7 is_stmt 1 view .LVU444
 893:Drivers/STM32F0xx_HAL_Driver/Src/stm32f0xx_hal_spi.c ****     }
 1641              		.loc 1 893 11 is_stmt 0 view .LVU445
 1642 00a0 E38F     		ldrh	r3, [r4, #62]
 893:Drivers/STM32F0xx_HAL_Driver/Src/stm32f0xx_hal_spi.c ****     }
 1643              		.loc 1 893 24 view .LVU446
 1644 00a2 013B     		subs	r3, r3, #1
 1645 00a4 9BB2     		uxth	r3, r3
 1646 00a6 E387     		strh	r3, [r4, #62]
 1647 00a8 14E0     		b	.L109
 1648              	.L127:
 867:Drivers/STM32F0xx_HAL_Driver/Src/stm32f0xx_hal_spi.c ****     SPI_1LINE_TX(hspi);
 1649              		.loc 1 867 5 is_stmt 1 view .LVU447
 1650 00aa 2268     		ldr	r2, [r4]
 1651 00ac 1368     		ldr	r3, [r2]
 1652 00ae 4021     		movs	r1, #64
ARM GAS  C:\Users\ADMINI~1\AppData\Local\Temp\ccrv5aWF.s 			page 112


 1653 00b0 8B43     		bics	r3, r1
 1654 00b2 1360     		str	r3, [r2]
 868:Drivers/STM32F0xx_HAL_Driver/Src/stm32f0xx_hal_spi.c ****   }
 1655              		.loc 1 868 5 view .LVU448
 1656 00b4 2268     		ldr	r2, [r4]
 1657 00b6 1168     		ldr	r1, [r2]
 1658 00b8 8023     		movs	r3, #128
 1659 00ba DB01     		lsls	r3, r3, #7
 1660 00bc 0B43     		orrs	r3, r1
 1661 00be 1360     		str	r3, [r2]
 1662 00c0 D4E7     		b	.L100
 1663              	.LVL109:
 1664              	.L105:
 908:Drivers/STM32F0xx_HAL_Driver/Src/stm32f0xx_hal_spi.c ****         {
 1665              		.loc 1 908 9 view .LVU449
 908:Drivers/STM32F0xx_HAL_Driver/Src/stm32f0xx_hal_spi.c ****         {
 1666              		.loc 1 908 16 is_stmt 0 view .LVU450
 1667 00c2 FFF7FEFF 		bl	HAL_GetTick
 1668              	.LVL110:
 908:Drivers/STM32F0xx_HAL_Driver/Src/stm32f0xx_hal_spi.c ****         {
 1669              		.loc 1 908 30 discriminator 1 view .LVU451
 1670 00c6 801B     		subs	r0, r0, r6
 908:Drivers/STM32F0xx_HAL_Driver/Src/stm32f0xx_hal_spi.c ****         {
 1671              		.loc 1 908 12 discriminator 1 view .LVU452
 1672 00c8 A842     		cmp	r0, r5
 1673 00ca 01D3     		bcc	.L107
 908:Drivers/STM32F0xx_HAL_Driver/Src/stm32f0xx_hal_spi.c ****         {
 1674              		.loc 1 908 56 discriminator 1 view .LVU453
 1675 00cc 6B1C     		adds	r3, r5, #1
 1676 00ce 13D1     		bne	.L108
 1677              	.L107:
 908:Drivers/STM32F0xx_HAL_Driver/Src/stm32f0xx_hal_spi.c ****         {
 1678              		.loc 1 908 87 discriminator 3 view .LVU454
 1679 00d0 002D     		cmp	r5, #0
 1680 00d2 11D0     		beq	.L108
 1681              	.L109:
 896:Drivers/STM32F0xx_HAL_Driver/Src/stm32f0xx_hal_spi.c ****     {
 1682              		.loc 1 896 30 is_stmt 1 view .LVU455
 896:Drivers/STM32F0xx_HAL_Driver/Src/stm32f0xx_hal_spi.c ****     {
 1683              		.loc 1 896 16 is_stmt 0 view .LVU456
 1684 00d4 E38F     		ldrh	r3, [r4, #62]
 896:Drivers/STM32F0xx_HAL_Driver/Src/stm32f0xx_hal_spi.c ****     {
 1685              		.loc 1 896 30 view .LVU457
 1686 00d6 002B     		cmp	r3, #0
 1687 00d8 45D0     		beq	.L111
 899:Drivers/STM32F0xx_HAL_Driver/Src/stm32f0xx_hal_spi.c ****       {
 1688              		.loc 1 899 7 is_stmt 1 view .LVU458
 899:Drivers/STM32F0xx_HAL_Driver/Src/stm32f0xx_hal_spi.c ****       {
 1689              		.loc 1 899 11 is_stmt 0 view .LVU459
 1690 00da 2268     		ldr	r2, [r4]
 1691 00dc 9368     		ldr	r3, [r2, #8]
 899:Drivers/STM32F0xx_HAL_Driver/Src/stm32f0xx_hal_spi.c ****       {
 1692              		.loc 1 899 10 view .LVU460
 1693 00de 9B07     		lsls	r3, r3, #30
 1694 00e0 EFD5     		bpl	.L105
 901:Drivers/STM32F0xx_HAL_Driver/Src/stm32f0xx_hal_spi.c ****         hspi->pTxBuffPtr += sizeof(uint16_t);
 1695              		.loc 1 901 9 is_stmt 1 view .LVU461
ARM GAS  C:\Users\ADMINI~1\AppData\Local\Temp\ccrv5aWF.s 			page 113


 901:Drivers/STM32F0xx_HAL_Driver/Src/stm32f0xx_hal_spi.c ****         hspi->pTxBuffPtr += sizeof(uint16_t);
 1696              		.loc 1 901 48 is_stmt 0 view .LVU462
 1697 00e2 A36B     		ldr	r3, [r4, #56]
 901:Drivers/STM32F0xx_HAL_Driver/Src/stm32f0xx_hal_spi.c ****         hspi->pTxBuffPtr += sizeof(uint16_t);
 1698              		.loc 1 901 30 view .LVU463
 1699 00e4 1B88     		ldrh	r3, [r3]
 901:Drivers/STM32F0xx_HAL_Driver/Src/stm32f0xx_hal_spi.c ****         hspi->pTxBuffPtr += sizeof(uint16_t);
 1700              		.loc 1 901 28 view .LVU464
 1701 00e6 D360     		str	r3, [r2, #12]
 902:Drivers/STM32F0xx_HAL_Driver/Src/stm32f0xx_hal_spi.c ****         hspi->TxXferCount--;
 1702              		.loc 1 902 9 is_stmt 1 view .LVU465
 902:Drivers/STM32F0xx_HAL_Driver/Src/stm32f0xx_hal_spi.c ****         hspi->TxXferCount--;
 1703              		.loc 1 902 13 is_stmt 0 view .LVU466
 1704 00e8 A36B     		ldr	r3, [r4, #56]
 902:Drivers/STM32F0xx_HAL_Driver/Src/stm32f0xx_hal_spi.c ****         hspi->TxXferCount--;
 1705              		.loc 1 902 26 view .LVU467
 1706 00ea 0233     		adds	r3, r3, #2
 1707 00ec A363     		str	r3, [r4, #56]
 903:Drivers/STM32F0xx_HAL_Driver/Src/stm32f0xx_hal_spi.c ****       }
 1708              		.loc 1 903 9 is_stmt 1 view .LVU468
 903:Drivers/STM32F0xx_HAL_Driver/Src/stm32f0xx_hal_spi.c ****       }
 1709              		.loc 1 903 13 is_stmt 0 view .LVU469
 1710 00ee E38F     		ldrh	r3, [r4, #62]
 903:Drivers/STM32F0xx_HAL_Driver/Src/stm32f0xx_hal_spi.c ****       }
 1711              		.loc 1 903 26 view .LVU470
 1712 00f0 013B     		subs	r3, r3, #1
 1713 00f2 9BB2     		uxth	r3, r3
 1714 00f4 E387     		strh	r3, [r4, #62]
 1715 00f6 EDE7     		b	.L109
 1716              	.L108:
 910:Drivers/STM32F0xx_HAL_Driver/Src/stm32f0xx_hal_spi.c ****           hspi->State = HAL_SPI_STATE_READY;
 1717              		.loc 1 910 11 is_stmt 1 view .LVU471
 1718              	.LVL111:
 911:Drivers/STM32F0xx_HAL_Driver/Src/stm32f0xx_hal_spi.c ****           goto error;
 1719              		.loc 1 911 11 view .LVU472
 911:Drivers/STM32F0xx_HAL_Driver/Src/stm32f0xx_hal_spi.c ****           goto error;
 1720              		.loc 1 911 23 is_stmt 0 view .LVU473
 1721 00f8 5D23     		movs	r3, #93
 1722 00fa 0122     		movs	r2, #1
 1723 00fc E254     		strb	r2, [r4, r3]
 912:Drivers/STM32F0xx_HAL_Driver/Src/stm32f0xx_hal_spi.c ****         }
 1724              		.loc 1 912 11 is_stmt 1 view .LVU474
 910:Drivers/STM32F0xx_HAL_Driver/Src/stm32f0xx_hal_spi.c ****           hspi->State = HAL_SPI_STATE_READY;
 1725              		.loc 1 910 21 is_stmt 0 view .LVU475
 1726 00fe 0327     		movs	r7, #3
 912:Drivers/STM32F0xx_HAL_Driver/Src/stm32f0xx_hal_spi.c ****         }
 1727              		.loc 1 912 11 view .LVU476
 1728 0100 4DE0     		b	.L99
 1729              	.LVL112:
 1730              	.L102:
 920:Drivers/STM32F0xx_HAL_Driver/Src/stm32f0xx_hal_spi.c ****     {
 1731              		.loc 1 920 5 is_stmt 1 view .LVU477
 920:Drivers/STM32F0xx_HAL_Driver/Src/stm32f0xx_hal_spi.c ****     {
 1732              		.loc 1 920 20 is_stmt 0 view .LVU478
 1733 0102 6368     		ldr	r3, [r4, #4]
 920:Drivers/STM32F0xx_HAL_Driver/Src/stm32f0xx_hal_spi.c ****     {
 1734              		.loc 1 920 8 view .LVU479
ARM GAS  C:\Users\ADMINI~1\AppData\Local\Temp\ccrv5aWF.s 			page 114


 1735 0104 002B     		cmp	r3, #0
 1736 0106 02D0     		beq	.L112
 920:Drivers/STM32F0xx_HAL_Driver/Src/stm32f0xx_hal_spi.c ****     {
 1737              		.loc 1 920 45 discriminator 1 view .LVU480
 1738 0108 4B46     		mov	r3, r9
 1739 010a 012B     		cmp	r3, #1
 1740 010c 14D1     		bne	.L118
 1741              	.L112:
 922:Drivers/STM32F0xx_HAL_Driver/Src/stm32f0xx_hal_spi.c ****       hspi->pTxBuffPtr += sizeof(uint8_t);
 1742              		.loc 1 922 7 is_stmt 1 view .LVU481
 922:Drivers/STM32F0xx_HAL_Driver/Src/stm32f0xx_hal_spi.c ****       hspi->pTxBuffPtr += sizeof(uint8_t);
 1743              		.loc 1 922 54 is_stmt 0 view .LVU482
 1744 010e A26B     		ldr	r2, [r4, #56]
 922:Drivers/STM32F0xx_HAL_Driver/Src/stm32f0xx_hal_spi.c ****       hspi->pTxBuffPtr += sizeof(uint8_t);
 1745              		.loc 1 922 30 view .LVU483
 1746 0110 2368     		ldr	r3, [r4]
 922:Drivers/STM32F0xx_HAL_Driver/Src/stm32f0xx_hal_spi.c ****       hspi->pTxBuffPtr += sizeof(uint8_t);
 1747              		.loc 1 922 49 view .LVU484
 1748 0112 1278     		ldrb	r2, [r2]
 922:Drivers/STM32F0xx_HAL_Driver/Src/stm32f0xx_hal_spi.c ****       hspi->pTxBuffPtr += sizeof(uint8_t);
 1749              		.loc 1 922 46 view .LVU485
 1750 0114 1A73     		strb	r2, [r3, #12]
 923:Drivers/STM32F0xx_HAL_Driver/Src/stm32f0xx_hal_spi.c ****       hspi->TxXferCount--;
 1751              		.loc 1 923 7 is_stmt 1 view .LVU486
 923:Drivers/STM32F0xx_HAL_Driver/Src/stm32f0xx_hal_spi.c ****       hspi->TxXferCount--;
 1752              		.loc 1 923 11 is_stmt 0 view .LVU487
 1753 0116 A36B     		ldr	r3, [r4, #56]
 923:Drivers/STM32F0xx_HAL_Driver/Src/stm32f0xx_hal_spi.c ****       hspi->TxXferCount--;
 1754              		.loc 1 923 24 view .LVU488
 1755 0118 0133     		adds	r3, r3, #1
 1756 011a A363     		str	r3, [r4, #56]
 924:Drivers/STM32F0xx_HAL_Driver/Src/stm32f0xx_hal_spi.c ****     }
 1757              		.loc 1 924 7 is_stmt 1 view .LVU489
 924:Drivers/STM32F0xx_HAL_Driver/Src/stm32f0xx_hal_spi.c ****     }
 1758              		.loc 1 924 11 is_stmt 0 view .LVU490
 1759 011c E38F     		ldrh	r3, [r4, #62]
 924:Drivers/STM32F0xx_HAL_Driver/Src/stm32f0xx_hal_spi.c ****     }
 1760              		.loc 1 924 24 view .LVU491
 1761 011e 013B     		subs	r3, r3, #1
 1762 0120 9BB2     		uxth	r3, r3
 1763 0122 E387     		strh	r3, [r4, #62]
 1764 0124 08E0     		b	.L118
 1765              	.LVL113:
 1766              	.L114:
 938:Drivers/STM32F0xx_HAL_Driver/Src/stm32f0xx_hal_spi.c ****         {
 1767              		.loc 1 938 9 is_stmt 1 view .LVU492
 938:Drivers/STM32F0xx_HAL_Driver/Src/stm32f0xx_hal_spi.c ****         {
 1768              		.loc 1 938 16 is_stmt 0 view .LVU493
 1769 0126 FFF7FEFF 		bl	HAL_GetTick
 1770              	.LVL114:
 938:Drivers/STM32F0xx_HAL_Driver/Src/stm32f0xx_hal_spi.c ****         {
 1771              		.loc 1 938 30 discriminator 1 view .LVU494
 1772 012a 801B     		subs	r0, r0, r6
 938:Drivers/STM32F0xx_HAL_Driver/Src/stm32f0xx_hal_spi.c ****         {
 1773              		.loc 1 938 12 discriminator 1 view .LVU495
 1774 012c A842     		cmp	r0, r5
 1775 012e 01D3     		bcc	.L116
ARM GAS  C:\Users\ADMINI~1\AppData\Local\Temp\ccrv5aWF.s 			page 115


 938:Drivers/STM32F0xx_HAL_Driver/Src/stm32f0xx_hal_spi.c ****         {
 1776              		.loc 1 938 56 discriminator 1 view .LVU496
 1777 0130 6B1C     		adds	r3, r5, #1
 1778 0132 13D1     		bne	.L117
 1779              	.L116:
 938:Drivers/STM32F0xx_HAL_Driver/Src/stm32f0xx_hal_spi.c ****         {
 1780              		.loc 1 938 87 discriminator 3 view .LVU497
 1781 0134 002D     		cmp	r5, #0
 1782 0136 11D0     		beq	.L117
 1783              	.L118:
 926:Drivers/STM32F0xx_HAL_Driver/Src/stm32f0xx_hal_spi.c ****     {
 1784              		.loc 1 926 30 is_stmt 1 view .LVU498
 926:Drivers/STM32F0xx_HAL_Driver/Src/stm32f0xx_hal_spi.c ****     {
 1785              		.loc 1 926 16 is_stmt 0 view .LVU499
 1786 0138 E38F     		ldrh	r3, [r4, #62]
 926:Drivers/STM32F0xx_HAL_Driver/Src/stm32f0xx_hal_spi.c ****     {
 1787              		.loc 1 926 30 view .LVU500
 1788 013a 002B     		cmp	r3, #0
 1789 013c 13D0     		beq	.L111
 929:Drivers/STM32F0xx_HAL_Driver/Src/stm32f0xx_hal_spi.c ****       {
 1790              		.loc 1 929 7 is_stmt 1 view .LVU501
 929:Drivers/STM32F0xx_HAL_Driver/Src/stm32f0xx_hal_spi.c ****       {
 1791              		.loc 1 929 11 is_stmt 0 view .LVU502
 1792 013e 2268     		ldr	r2, [r4]
 1793 0140 9368     		ldr	r3, [r2, #8]
 929:Drivers/STM32F0xx_HAL_Driver/Src/stm32f0xx_hal_spi.c ****       {
 1794              		.loc 1 929 10 view .LVU503
 1795 0142 9B07     		lsls	r3, r3, #30
 1796 0144 EFD5     		bpl	.L114
 931:Drivers/STM32F0xx_HAL_Driver/Src/stm32f0xx_hal_spi.c ****         hspi->pTxBuffPtr += sizeof(uint8_t);
 1797              		.loc 1 931 9 is_stmt 1 view .LVU504
 931:Drivers/STM32F0xx_HAL_Driver/Src/stm32f0xx_hal_spi.c ****         hspi->pTxBuffPtr += sizeof(uint8_t);
 1798              		.loc 1 931 56 is_stmt 0 view .LVU505
 1799 0146 A36B     		ldr	r3, [r4, #56]
 931:Drivers/STM32F0xx_HAL_Driver/Src/stm32f0xx_hal_spi.c ****         hspi->pTxBuffPtr += sizeof(uint8_t);
 1800              		.loc 1 931 51 view .LVU506
 1801 0148 1B78     		ldrb	r3, [r3]
 931:Drivers/STM32F0xx_HAL_Driver/Src/stm32f0xx_hal_spi.c ****         hspi->pTxBuffPtr += sizeof(uint8_t);
 1802              		.loc 1 931 48 view .LVU507
 1803 014a 1373     		strb	r3, [r2, #12]
 932:Drivers/STM32F0xx_HAL_Driver/Src/stm32f0xx_hal_spi.c ****         hspi->TxXferCount--;
 1804              		.loc 1 932 9 is_stmt 1 view .LVU508
 932:Drivers/STM32F0xx_HAL_Driver/Src/stm32f0xx_hal_spi.c ****         hspi->TxXferCount--;
 1805              		.loc 1 932 13 is_stmt 0 view .LVU509
 1806 014c A36B     		ldr	r3, [r4, #56]
 932:Drivers/STM32F0xx_HAL_Driver/Src/stm32f0xx_hal_spi.c ****         hspi->TxXferCount--;
 1807              		.loc 1 932 26 view .LVU510
 1808 014e 0133     		adds	r3, r3, #1
 1809 0150 A363     		str	r3, [r4, #56]
 933:Drivers/STM32F0xx_HAL_Driver/Src/stm32f0xx_hal_spi.c ****       }
 1810              		.loc 1 933 9 is_stmt 1 view .LVU511
 933:Drivers/STM32F0xx_HAL_Driver/Src/stm32f0xx_hal_spi.c ****       }
 1811              		.loc 1 933 13 is_stmt 0 view .LVU512
 1812 0152 E18F     		ldrh	r1, [r4, #62]
 933:Drivers/STM32F0xx_HAL_Driver/Src/stm32f0xx_hal_spi.c ****       }
 1813              		.loc 1 933 26 view .LVU513
 1814 0154 0139     		subs	r1, r1, #1
ARM GAS  C:\Users\ADMINI~1\AppData\Local\Temp\ccrv5aWF.s 			page 116


 1815 0156 89B2     		uxth	r1, r1
 1816 0158 E187     		strh	r1, [r4, #62]
 1817 015a EDE7     		b	.L118
 1818              	.L117:
 940:Drivers/STM32F0xx_HAL_Driver/Src/stm32f0xx_hal_spi.c ****           hspi->State = HAL_SPI_STATE_READY;
 1819              		.loc 1 940 11 is_stmt 1 view .LVU514
 1820              	.LVL115:
 941:Drivers/STM32F0xx_HAL_Driver/Src/stm32f0xx_hal_spi.c ****           goto error;
 1821              		.loc 1 941 11 view .LVU515
 941:Drivers/STM32F0xx_HAL_Driver/Src/stm32f0xx_hal_spi.c ****           goto error;
 1822              		.loc 1 941 23 is_stmt 0 view .LVU516
 1823 015c 5D23     		movs	r3, #93
 1824 015e 0122     		movs	r2, #1
 1825 0160 E254     		strb	r2, [r4, r3]
 942:Drivers/STM32F0xx_HAL_Driver/Src/stm32f0xx_hal_spi.c ****         }
 1826              		.loc 1 942 11 is_stmt 1 view .LVU517
 940:Drivers/STM32F0xx_HAL_Driver/Src/stm32f0xx_hal_spi.c ****           hspi->State = HAL_SPI_STATE_READY;
 1827              		.loc 1 940 21 is_stmt 0 view .LVU518
 1828 0162 0327     		movs	r7, #3
 942:Drivers/STM32F0xx_HAL_Driver/Src/stm32f0xx_hal_spi.c ****         }
 1829              		.loc 1 942 11 view .LVU519
 1830 0164 1BE0     		b	.L99
 1831              	.LVL116:
 1832              	.L111:
 956:Drivers/STM32F0xx_HAL_Driver/Src/stm32f0xx_hal_spi.c ****   {
 1833              		.loc 1 956 3 is_stmt 1 view .LVU520
 956:Drivers/STM32F0xx_HAL_Driver/Src/stm32f0xx_hal_spi.c ****   {
 1834              		.loc 1 956 7 is_stmt 0 view .LVU521
 1835 0166 3200     		movs	r2, r6
 1836 0168 2900     		movs	r1, r5
 1837 016a 2000     		movs	r0, r4
 1838 016c FFF7FEFF 		bl	SPI_EndRxTxTransaction
 1839              	.LVL117:
 956:Drivers/STM32F0xx_HAL_Driver/Src/stm32f0xx_hal_spi.c ****   {
 1840              		.loc 1 956 6 discriminator 1 view .LVU522
 1841 0170 0028     		cmp	r0, #0
 1842 0172 01D0     		beq	.L120
 958:Drivers/STM32F0xx_HAL_Driver/Src/stm32f0xx_hal_spi.c ****   }
 1843              		.loc 1 958 5 is_stmt 1 view .LVU523
 958:Drivers/STM32F0xx_HAL_Driver/Src/stm32f0xx_hal_spi.c ****   }
 1844              		.loc 1 958 21 is_stmt 0 view .LVU524
 1845 0174 2023     		movs	r3, #32
 1846 0176 2366     		str	r3, [r4, #96]
 1847              	.L120:
 962:Drivers/STM32F0xx_HAL_Driver/Src/stm32f0xx_hal_spi.c ****   {
 1848              		.loc 1 962 3 is_stmt 1 view .LVU525
 962:Drivers/STM32F0xx_HAL_Driver/Src/stm32f0xx_hal_spi.c ****   {
 1849              		.loc 1 962 17 is_stmt 0 view .LVU526
 1850 0178 A368     		ldr	r3, [r4, #8]
 962:Drivers/STM32F0xx_HAL_Driver/Src/stm32f0xx_hal_spi.c ****   {
 1851              		.loc 1 962 6 view .LVU527
 1852 017a 002B     		cmp	r3, #0
 1853 017c 06D1     		bne	.L121
 964:Drivers/STM32F0xx_HAL_Driver/Src/stm32f0xx_hal_spi.c ****   }
 1854              		.loc 1 964 5 is_stmt 1 view .LVU528
 1855              	.LBB2:
 964:Drivers/STM32F0xx_HAL_Driver/Src/stm32f0xx_hal_spi.c ****   }
ARM GAS  C:\Users\ADMINI~1\AppData\Local\Temp\ccrv5aWF.s 			page 117


 1856              		.loc 1 964 5 view .LVU529
 1857 017e 0393     		str	r3, [sp, #12]
 964:Drivers/STM32F0xx_HAL_Driver/Src/stm32f0xx_hal_spi.c ****   }
 1858              		.loc 1 964 5 view .LVU530
 1859 0180 2368     		ldr	r3, [r4]
 1860 0182 DA68     		ldr	r2, [r3, #12]
 1861 0184 0392     		str	r2, [sp, #12]
 964:Drivers/STM32F0xx_HAL_Driver/Src/stm32f0xx_hal_spi.c ****   }
 1862              		.loc 1 964 5 view .LVU531
 1863 0186 9B68     		ldr	r3, [r3, #8]
 1864 0188 0393     		str	r3, [sp, #12]
 964:Drivers/STM32F0xx_HAL_Driver/Src/stm32f0xx_hal_spi.c ****   }
 1865              		.loc 1 964 5 view .LVU532
 1866 018a 039B     		ldr	r3, [sp, #12]
 1867              	.L121:
 1868              	.LBE2:
 964:Drivers/STM32F0xx_HAL_Driver/Src/stm32f0xx_hal_spi.c ****   }
 1869              		.loc 1 964 5 discriminator 1 view .LVU533
 967:Drivers/STM32F0xx_HAL_Driver/Src/stm32f0xx_hal_spi.c ****   {
 1870              		.loc 1 967 3 view .LVU534
 967:Drivers/STM32F0xx_HAL_Driver/Src/stm32f0xx_hal_spi.c ****   {
 1871              		.loc 1 967 11 is_stmt 0 view .LVU535
 1872 018c 236E     		ldr	r3, [r4, #96]
 967:Drivers/STM32F0xx_HAL_Driver/Src/stm32f0xx_hal_spi.c ****   {
 1873              		.loc 1 967 6 view .LVU536
 1874 018e 002B     		cmp	r3, #0
 1875 0190 05D1     		bne	.L99
 973:Drivers/STM32F0xx_HAL_Driver/Src/stm32f0xx_hal_spi.c ****   }
 1876              		.loc 1 973 5 is_stmt 1 view .LVU537
 973:Drivers/STM32F0xx_HAL_Driver/Src/stm32f0xx_hal_spi.c ****   }
 1877              		.loc 1 973 17 is_stmt 0 view .LVU538
 1878 0192 5D33     		adds	r3, r3, #93
 1879 0194 0122     		movs	r2, #1
 1880 0196 E254     		strb	r2, [r4, r3]
 824:Drivers/STM32F0xx_HAL_Driver/Src/stm32f0xx_hal_spi.c ****   uint16_t initial_TxXferCount;
 1881              		.loc 1 824 21 view .LVU539
 1882 0198 0027     		movs	r7, #0
 1883 019a 00E0     		b	.L99
 1884              	.LVL118:
 1885              	.L123:
 839:Drivers/STM32F0xx_HAL_Driver/Src/stm32f0xx_hal_spi.c ****     goto error;
 1886              		.loc 1 839 15 view .LVU540
 1887 019c 0227     		movs	r7, #2
 1888              	.LVL119:
 1889              	.L99:
 978:Drivers/STM32F0xx_HAL_Driver/Src/stm32f0xx_hal_spi.c ****   return errorcode;
 1890              		.loc 1 978 3 is_stmt 1 view .LVU541
 978:Drivers/STM32F0xx_HAL_Driver/Src/stm32f0xx_hal_spi.c ****   return errorcode;
 1891              		.loc 1 978 3 view .LVU542
 1892 019e 5C23     		movs	r3, #92
 1893 01a0 0022     		movs	r2, #0
 1894 01a2 E254     		strb	r2, [r4, r3]
 978:Drivers/STM32F0xx_HAL_Driver/Src/stm32f0xx_hal_spi.c ****   return errorcode;
 1895              		.loc 1 978 3 view .LVU543
 979:Drivers/STM32F0xx_HAL_Driver/Src/stm32f0xx_hal_spi.c **** }
 1896              		.loc 1 979 3 view .LVU544
 1897              	.LVL120:
ARM GAS  C:\Users\ADMINI~1\AppData\Local\Temp\ccrv5aWF.s 			page 118


 1898              	.L98:
 980:Drivers/STM32F0xx_HAL_Driver/Src/stm32f0xx_hal_spi.c **** 
 1899              		.loc 1 980 1 is_stmt 0 view .LVU545
 1900 01a4 3800     		movs	r0, r7
 1901 01a6 04B0     		add	sp, sp, #16
 1902              		@ sp needed
 1903              	.LVL121:
 1904              	.LVL122:
 1905              	.LVL123:
 980:Drivers/STM32F0xx_HAL_Driver/Src/stm32f0xx_hal_spi.c **** 
 1906              		.loc 1 980 1 view .LVU546
 1907 01a8 80BC     		pop	{r7}
 1908 01aa B946     		mov	r9, r7
 1909 01ac F0BD     		pop	{r4, r5, r6, r7, pc}
 1910              	.LVL124:
 1911              	.L122:
 831:Drivers/STM32F0xx_HAL_Driver/Src/stm32f0xx_hal_spi.c **** 
 1912              		.loc 1 831 3 discriminator 1 view .LVU547
 1913 01ae 0227     		movs	r7, #2
 1914 01b0 F8E7     		b	.L98
 1915              		.cfi_endproc
 1916              	.LFE44:
 1918              		.section	.text.HAL_SPI_TransmitReceive,"ax",%progbits
 1919              		.align	1
 1920              		.global	HAL_SPI_TransmitReceive
 1921              		.syntax unified
 1922              		.code	16
 1923              		.thumb_func
 1925              	HAL_SPI_TransmitReceive:
 1926              	.LVL125:
 1927              	.LFB46:
1238:Drivers/STM32F0xx_HAL_Driver/Src/stm32f0xx_hal_spi.c ****   uint16_t             initial_TxXferCount;
 1928              		.loc 1 1238 1 is_stmt 1 view -0
 1929              		.cfi_startproc
 1930              		@ args = 4, pretend = 0, frame = 8
 1931              		@ frame_needed = 0, uses_anonymous_args = 0
1238:Drivers/STM32F0xx_HAL_Driver/Src/stm32f0xx_hal_spi.c ****   uint16_t             initial_TxXferCount;
 1932              		.loc 1 1238 1 is_stmt 0 view .LVU549
 1933 0000 F0B5     		push	{r4, r5, r6, r7, lr}
 1934              		.cfi_def_cfa_offset 20
 1935              		.cfi_offset 4, -20
 1936              		.cfi_offset 5, -16
 1937              		.cfi_offset 6, -12
 1938              		.cfi_offset 7, -8
 1939              		.cfi_offset 14, -4
 1940 0002 83B0     		sub	sp, sp, #12
 1941              		.cfi_def_cfa_offset 32
 1942 0004 0400     		movs	r4, r0
 1943 0006 0091     		str	r1, [sp]
 1944 0008 0192     		str	r2, [sp, #4]
 1945 000a 1E00     		movs	r6, r3
 1946 000c 089D     		ldr	r5, [sp, #32]
1239:Drivers/STM32F0xx_HAL_Driver/Src/stm32f0xx_hal_spi.c ****   uint32_t             tmp_mode;
 1947              		.loc 1 1239 3 is_stmt 1 view .LVU550
1240:Drivers/STM32F0xx_HAL_Driver/Src/stm32f0xx_hal_spi.c ****   HAL_SPI_StateTypeDef tmp_state;
 1948              		.loc 1 1240 3 view .LVU551
1241:Drivers/STM32F0xx_HAL_Driver/Src/stm32f0xx_hal_spi.c ****   uint32_t             tickstart;
ARM GAS  C:\Users\ADMINI~1\AppData\Local\Temp\ccrv5aWF.s 			page 119


 1949              		.loc 1 1241 3 view .LVU552
1242:Drivers/STM32F0xx_HAL_Driver/Src/stm32f0xx_hal_spi.c **** #if (USE_SPI_CRC != 0U)
 1950              		.loc 1 1242 3 view .LVU553
1252:Drivers/STM32F0xx_HAL_Driver/Src/stm32f0xx_hal_spi.c ****   HAL_StatusTypeDef    errorcode = HAL_OK;
 1951              		.loc 1 1252 3 view .LVU554
 1952              	.LVL126:
1253:Drivers/STM32F0xx_HAL_Driver/Src/stm32f0xx_hal_spi.c **** 
 1953              		.loc 1 1253 3 view .LVU555
1256:Drivers/STM32F0xx_HAL_Driver/Src/stm32f0xx_hal_spi.c **** 
 1954              		.loc 1 1256 3 view .LVU556
1259:Drivers/STM32F0xx_HAL_Driver/Src/stm32f0xx_hal_spi.c **** 
 1955              		.loc 1 1259 3 view .LVU557
1259:Drivers/STM32F0xx_HAL_Driver/Src/stm32f0xx_hal_spi.c **** 
 1956              		.loc 1 1259 3 view .LVU558
 1957 000e 5C23     		movs	r3, #92
 1958              	.LVL127:
1259:Drivers/STM32F0xx_HAL_Driver/Src/stm32f0xx_hal_spi.c **** 
 1959              		.loc 1 1259 3 is_stmt 0 view .LVU559
 1960 0010 C35C     		ldrb	r3, [r0, r3]
 1961 0012 012B     		cmp	r3, #1
 1962 0014 00D1     		bne	.LCB1789
 1963 0016 16E1     		b	.L153	@long jump
 1964              	.LCB1789:
1259:Drivers/STM32F0xx_HAL_Driver/Src/stm32f0xx_hal_spi.c **** 
 1965              		.loc 1 1259 3 is_stmt 1 discriminator 2 view .LVU560
 1966 0018 5C23     		movs	r3, #92
 1967 001a 0122     		movs	r2, #1
 1968              	.LVL128:
1259:Drivers/STM32F0xx_HAL_Driver/Src/stm32f0xx_hal_spi.c **** 
 1969              		.loc 1 1259 3 is_stmt 0 discriminator 2 view .LVU561
 1970 001c C254     		strb	r2, [r0, r3]
1259:Drivers/STM32F0xx_HAL_Driver/Src/stm32f0xx_hal_spi.c **** 
 1971              		.loc 1 1259 3 is_stmt 1 view .LVU562
1262:Drivers/STM32F0xx_HAL_Driver/Src/stm32f0xx_hal_spi.c **** 
 1972              		.loc 1 1262 3 view .LVU563
1262:Drivers/STM32F0xx_HAL_Driver/Src/stm32f0xx_hal_spi.c **** 
 1973              		.loc 1 1262 15 is_stmt 0 view .LVU564
 1974 001e FFF7FEFF 		bl	HAL_GetTick
 1975              	.LVL129:
1262:Drivers/STM32F0xx_HAL_Driver/Src/stm32f0xx_hal_spi.c **** 
 1976              		.loc 1 1262 15 view .LVU565
 1977 0022 0700     		movs	r7, r0
 1978              	.LVL130:
1265:Drivers/STM32F0xx_HAL_Driver/Src/stm32f0xx_hal_spi.c ****   tmp_mode            = hspi->Init.Mode;
 1979              		.loc 1 1265 3 is_stmt 1 view .LVU566
1265:Drivers/STM32F0xx_HAL_Driver/Src/stm32f0xx_hal_spi.c ****   tmp_mode            = hspi->Init.Mode;
 1980              		.loc 1 1265 23 is_stmt 0 view .LVU567
 1981 0024 5D23     		movs	r3, #93
 1982 0026 E35C     		ldrb	r3, [r4, r3]
 1983 0028 D9B2     		uxtb	r1, r3
 1984              	.LVL131:
1266:Drivers/STM32F0xx_HAL_Driver/Src/stm32f0xx_hal_spi.c ****   initial_TxXferCount = Size;
 1985              		.loc 1 1266 3 is_stmt 1 view .LVU568
1266:Drivers/STM32F0xx_HAL_Driver/Src/stm32f0xx_hal_spi.c ****   initial_TxXferCount = Size;
 1986              		.loc 1 1266 23 is_stmt 0 view .LVU569
 1987 002a 6268     		ldr	r2, [r4, #4]
 1988              	.LVL132:
ARM GAS  C:\Users\ADMINI~1\AppData\Local\Temp\ccrv5aWF.s 			page 120


1267:Drivers/STM32F0xx_HAL_Driver/Src/stm32f0xx_hal_spi.c **** #if (USE_SPI_CRC != 0U)
 1989              		.loc 1 1267 3 is_stmt 1 view .LVU570
1273:Drivers/STM32F0xx_HAL_Driver/Src/stm32f0xx_hal_spi.c ****         ((tmp_mode == SPI_MODE_MASTER) && (hspi->Init.Direction == SPI_DIRECTION_2LINES) && (tmp_st
 1990              		.loc 1 1273 3 view .LVU571
1273:Drivers/STM32F0xx_HAL_Driver/Src/stm32f0xx_hal_spi.c ****         ((tmp_mode == SPI_MODE_MASTER) && (hspi->Init.Direction == SPI_DIRECTION_2LINES) && (tmp_st
 1991              		.loc 1 1273 6 is_stmt 0 view .LVU572
 1992 002c 012B     		cmp	r3, #1
 1993 002e 0BD0     		beq	.L130
1273:Drivers/STM32F0xx_HAL_Driver/Src/stm32f0xx_hal_spi.c ****         ((tmp_mode == SPI_MODE_MASTER) && (hspi->Init.Direction == SPI_DIRECTION_2LINES) && (tmp_st
 1994              		.loc 1 1273 7 discriminator 1 view .LVU573
 1995 0030 8223     		movs	r3, #130
 1996 0032 5B00     		lsls	r3, r3, #1
 1997 0034 9A42     		cmp	r2, r3
 1998 0036 00D0     		beq	.LCB1818
 1999 0038 F3E0     		b	.L154	@long jump
 2000              	.LCB1818:
1274:Drivers/STM32F0xx_HAL_Driver/Src/stm32f0xx_hal_spi.c ****   {
 2001              		.loc 1 1274 54 view .LVU574
 2002 003a A368     		ldr	r3, [r4, #8]
1274:Drivers/STM32F0xx_HAL_Driver/Src/stm32f0xx_hal_spi.c ****   {
 2003              		.loc 1 1274 40 view .LVU575
 2004 003c 002B     		cmp	r3, #0
 2005 003e 00D0     		beq	.LCB1821
 2006 0040 F5E0     		b	.L155	@long jump
 2007              	.LCB1821:
1274:Drivers/STM32F0xx_HAL_Driver/Src/stm32f0xx_hal_spi.c ****   {
 2008              		.loc 1 1274 90 discriminator 1 view .LVU576
 2009 0042 0429     		cmp	r1, #4
 2010 0044 00D0     		beq	.LCB1823
 2011 0046 F4E0     		b	.L156	@long jump
 2012              	.LCB1823:
 2013              	.L130:
1280:Drivers/STM32F0xx_HAL_Driver/Src/stm32f0xx_hal_spi.c ****   {
 2014              		.loc 1 1280 3 is_stmt 1 view .LVU577
1280:Drivers/STM32F0xx_HAL_Driver/Src/stm32f0xx_hal_spi.c ****   {
 2015              		.loc 1 1280 6 is_stmt 0 view .LVU578
 2016 0048 009B     		ldr	r3, [sp]
 2017 004a 002B     		cmp	r3, #0
 2018 004c 00D1     		bne	.LCB1828
 2019 004e F2E0     		b	.L157	@long jump
 2020              	.LCB1828:
1280:Drivers/STM32F0xx_HAL_Driver/Src/stm32f0xx_hal_spi.c ****   {
 2021              		.loc 1 1280 25 discriminator 1 view .LVU579
 2022 0050 019B     		ldr	r3, [sp, #4]
 2023 0052 002B     		cmp	r3, #0
 2024 0054 00D1     		bne	.LCB1831
 2025 0056 F0E0     		b	.L158	@long jump
 2026              	.LCB1831:
1280:Drivers/STM32F0xx_HAL_Driver/Src/stm32f0xx_hal_spi.c ****   {
 2027              		.loc 1 1280 46 discriminator 2 view .LVU580
 2028 0058 002E     		cmp	r6, #0
 2029 005a 00D1     		bne	.LCB1833
 2030 005c EFE0     		b	.L159	@long jump
 2031              	.LCB1833:
1287:Drivers/STM32F0xx_HAL_Driver/Src/stm32f0xx_hal_spi.c ****   {
 2032              		.loc 1 1287 3 is_stmt 1 view .LVU581
1287:Drivers/STM32F0xx_HAL_Driver/Src/stm32f0xx_hal_spi.c ****   {
ARM GAS  C:\Users\ADMINI~1\AppData\Local\Temp\ccrv5aWF.s 			page 121


 2033              		.loc 1 1287 11 is_stmt 0 view .LVU582
 2034 005e 5D23     		movs	r3, #93
 2035 0060 E35C     		ldrb	r3, [r4, r3]
1287:Drivers/STM32F0xx_HAL_Driver/Src/stm32f0xx_hal_spi.c ****   {
 2036              		.loc 1 1287 6 view .LVU583
 2037 0062 042B     		cmp	r3, #4
 2038 0064 02D0     		beq	.L132
1289:Drivers/STM32F0xx_HAL_Driver/Src/stm32f0xx_hal_spi.c ****   }
 2039              		.loc 1 1289 5 is_stmt 1 view .LVU584
1289:Drivers/STM32F0xx_HAL_Driver/Src/stm32f0xx_hal_spi.c ****   }
 2040              		.loc 1 1289 17 is_stmt 0 view .LVU585
 2041 0066 5D23     		movs	r3, #93
 2042 0068 0522     		movs	r2, #5
 2043              	.LVL133:
1289:Drivers/STM32F0xx_HAL_Driver/Src/stm32f0xx_hal_spi.c ****   }
 2044              		.loc 1 1289 17 view .LVU586
 2045 006a E254     		strb	r2, [r4, r3]
 2046              	.LVL134:
 2047              	.L132:
1293:Drivers/STM32F0xx_HAL_Driver/Src/stm32f0xx_hal_spi.c ****   hspi->pRxBuffPtr  = (uint8_t *)pRxData;
 2048              		.loc 1 1293 3 is_stmt 1 view .LVU587
1293:Drivers/STM32F0xx_HAL_Driver/Src/stm32f0xx_hal_spi.c ****   hspi->pRxBuffPtr  = (uint8_t *)pRxData;
 2049              		.loc 1 1293 21 is_stmt 0 view .LVU588
 2050 006c 0023     		movs	r3, #0
 2051 006e 2366     		str	r3, [r4, #96]
1294:Drivers/STM32F0xx_HAL_Driver/Src/stm32f0xx_hal_spi.c ****   hspi->RxXferCount = Size;
 2052              		.loc 1 1294 3 is_stmt 1 view .LVU589
1294:Drivers/STM32F0xx_HAL_Driver/Src/stm32f0xx_hal_spi.c ****   hspi->RxXferCount = Size;
 2053              		.loc 1 1294 21 is_stmt 0 view .LVU590
 2054 0070 019A     		ldr	r2, [sp, #4]
 2055 0072 2264     		str	r2, [r4, #64]
1295:Drivers/STM32F0xx_HAL_Driver/Src/stm32f0xx_hal_spi.c ****   hspi->RxXferSize  = Size;
 2056              		.loc 1 1295 3 is_stmt 1 view .LVU591
1295:Drivers/STM32F0xx_HAL_Driver/Src/stm32f0xx_hal_spi.c ****   hspi->RxXferSize  = Size;
 2057              		.loc 1 1295 21 is_stmt 0 view .LVU592
 2058 0074 4622     		movs	r2, #70
 2059 0076 A652     		strh	r6, [r4, r2]
1296:Drivers/STM32F0xx_HAL_Driver/Src/stm32f0xx_hal_spi.c ****   hspi->pTxBuffPtr  = (uint8_t *)pTxData;
 2060              		.loc 1 1296 3 is_stmt 1 view .LVU593
1296:Drivers/STM32F0xx_HAL_Driver/Src/stm32f0xx_hal_spi.c ****   hspi->pTxBuffPtr  = (uint8_t *)pTxData;
 2061              		.loc 1 1296 21 is_stmt 0 view .LVU594
 2062 0078 023A     		subs	r2, r2, #2
 2063 007a A652     		strh	r6, [r4, r2]
1297:Drivers/STM32F0xx_HAL_Driver/Src/stm32f0xx_hal_spi.c ****   hspi->TxXferCount = Size;
 2064              		.loc 1 1297 3 is_stmt 1 view .LVU595
1297:Drivers/STM32F0xx_HAL_Driver/Src/stm32f0xx_hal_spi.c ****   hspi->TxXferCount = Size;
 2065              		.loc 1 1297 21 is_stmt 0 view .LVU596
 2066 007c 009A     		ldr	r2, [sp]
 2067 007e A263     		str	r2, [r4, #56]
1298:Drivers/STM32F0xx_HAL_Driver/Src/stm32f0xx_hal_spi.c ****   hspi->TxXferSize  = Size;
 2068              		.loc 1 1298 3 is_stmt 1 view .LVU597
1298:Drivers/STM32F0xx_HAL_Driver/Src/stm32f0xx_hal_spi.c ****   hspi->TxXferSize  = Size;
 2069              		.loc 1 1298 21 is_stmt 0 view .LVU598
 2070 0080 E687     		strh	r6, [r4, #62]
1299:Drivers/STM32F0xx_HAL_Driver/Src/stm32f0xx_hal_spi.c **** 
 2071              		.loc 1 1299 3 is_stmt 1 view .LVU599
1299:Drivers/STM32F0xx_HAL_Driver/Src/stm32f0xx_hal_spi.c **** 
ARM GAS  C:\Users\ADMINI~1\AppData\Local\Temp\ccrv5aWF.s 			page 122


 2072              		.loc 1 1299 21 is_stmt 0 view .LVU600
 2073 0082 A687     		strh	r6, [r4, #60]
1302:Drivers/STM32F0xx_HAL_Driver/Src/stm32f0xx_hal_spi.c ****   hspi->TxISR       = NULL;
 2074              		.loc 1 1302 3 is_stmt 1 view .LVU601
1302:Drivers/STM32F0xx_HAL_Driver/Src/stm32f0xx_hal_spi.c ****   hspi->TxISR       = NULL;
 2075              		.loc 1 1302 21 is_stmt 0 view .LVU602
 2076 0084 E364     		str	r3, [r4, #76]
1303:Drivers/STM32F0xx_HAL_Driver/Src/stm32f0xx_hal_spi.c **** 
 2077              		.loc 1 1303 3 is_stmt 1 view .LVU603
1303:Drivers/STM32F0xx_HAL_Driver/Src/stm32f0xx_hal_spi.c **** 
 2078              		.loc 1 1303 21 is_stmt 0 view .LVU604
 2079 0086 2365     		str	r3, [r4, #80]
1314:Drivers/STM32F0xx_HAL_Driver/Src/stm32f0xx_hal_spi.c ****   {
 2080              		.loc 1 1314 3 is_stmt 1 view .LVU605
1314:Drivers/STM32F0xx_HAL_Driver/Src/stm32f0xx_hal_spi.c ****   {
 2081              		.loc 1 1314 17 is_stmt 0 view .LVU606
 2082 0088 E268     		ldr	r2, [r4, #12]
1314:Drivers/STM32F0xx_HAL_Driver/Src/stm32f0xx_hal_spi.c ****   {
 2083              		.loc 1 1314 6 view .LVU607
 2084 008a E023     		movs	r3, #224
 2085 008c DB00     		lsls	r3, r3, #3
 2086 008e 9A42     		cmp	r2, r3
 2087 0090 23D9     		bls	.L133
1317:Drivers/STM32F0xx_HAL_Driver/Src/stm32f0xx_hal_spi.c ****   }
 2088              		.loc 1 1317 5 is_stmt 1 view .LVU608
 2089 0092 2268     		ldr	r2, [r4]
 2090 0094 5368     		ldr	r3, [r2, #4]
 2091 0096 6D49     		ldr	r1, .L170
 2092              	.LVL135:
1317:Drivers/STM32F0xx_HAL_Driver/Src/stm32f0xx_hal_spi.c ****   }
 2093              		.loc 1 1317 5 is_stmt 0 view .LVU609
 2094 0098 0B40     		ands	r3, r1
 2095 009a 5360     		str	r3, [r2, #4]
 2096              	.L134:
1326:Drivers/STM32F0xx_HAL_Driver/Src/stm32f0xx_hal_spi.c ****   {
 2097              		.loc 1 1326 3 is_stmt 1 view .LVU610
1326:Drivers/STM32F0xx_HAL_Driver/Src/stm32f0xx_hal_spi.c ****   {
 2098              		.loc 1 1326 12 is_stmt 0 view .LVU611
 2099 009c 2368     		ldr	r3, [r4]
1326:Drivers/STM32F0xx_HAL_Driver/Src/stm32f0xx_hal_spi.c ****   {
 2100              		.loc 1 1326 22 view .LVU612
 2101 009e 1A68     		ldr	r2, [r3]
1326:Drivers/STM32F0xx_HAL_Driver/Src/stm32f0xx_hal_spi.c ****   {
 2102              		.loc 1 1326 6 view .LVU613
 2103 00a0 5206     		lsls	r2, r2, #25
 2104 00a2 03D4     		bmi	.L135
1329:Drivers/STM32F0xx_HAL_Driver/Src/stm32f0xx_hal_spi.c ****   }
 2105              		.loc 1 1329 5 is_stmt 1 view .LVU614
 2106 00a4 1A68     		ldr	r2, [r3]
 2107 00a6 4021     		movs	r1, #64
 2108 00a8 0A43     		orrs	r2, r1
 2109 00aa 1A60     		str	r2, [r3]
 2110              	.L135:
1333:Drivers/STM32F0xx_HAL_Driver/Src/stm32f0xx_hal_spi.c ****   {
 2111              		.loc 1 1333 3 view .LVU615
1333:Drivers/STM32F0xx_HAL_Driver/Src/stm32f0xx_hal_spi.c ****   {
 2112              		.loc 1 1333 17 is_stmt 0 view .LVU616
ARM GAS  C:\Users\ADMINI~1\AppData\Local\Temp\ccrv5aWF.s 			page 123


 2113 00ac E268     		ldr	r2, [r4, #12]
1333:Drivers/STM32F0xx_HAL_Driver/Src/stm32f0xx_hal_spi.c ****   {
 2114              		.loc 1 1333 6 view .LVU617
 2115 00ae E023     		movs	r3, #224
 2116 00b0 DB00     		lsls	r3, r3, #3
 2117 00b2 9A42     		cmp	r2, r3
 2118 00b4 54D9     		bls	.L136
1335:Drivers/STM32F0xx_HAL_Driver/Src/stm32f0xx_hal_spi.c ****     {
 2119              		.loc 1 1335 5 is_stmt 1 view .LVU618
1335:Drivers/STM32F0xx_HAL_Driver/Src/stm32f0xx_hal_spi.c ****     {
 2120              		.loc 1 1335 20 is_stmt 0 view .LVU619
 2121 00b6 6368     		ldr	r3, [r4, #4]
1335:Drivers/STM32F0xx_HAL_Driver/Src/stm32f0xx_hal_spi.c ****     {
 2122              		.loc 1 1335 8 view .LVU620
 2123 00b8 002B     		cmp	r3, #0
 2124 00ba 01D0     		beq	.L137
1335:Drivers/STM32F0xx_HAL_Driver/Src/stm32f0xx_hal_spi.c ****     {
 2125              		.loc 1 1335 45 discriminator 1 view .LVU621
 2126 00bc 012E     		cmp	r6, #1
 2127 00be 0AD1     		bne	.L138
 2128              	.L137:
1337:Drivers/STM32F0xx_HAL_Driver/Src/stm32f0xx_hal_spi.c ****       hspi->pTxBuffPtr += sizeof(uint16_t);
 2129              		.loc 1 1337 7 is_stmt 1 view .LVU622
1337:Drivers/STM32F0xx_HAL_Driver/Src/stm32f0xx_hal_spi.c ****       hspi->pTxBuffPtr += sizeof(uint16_t);
 2130              		.loc 1 1337 46 is_stmt 0 view .LVU623
 2131 00c0 A26B     		ldr	r2, [r4, #56]
1337:Drivers/STM32F0xx_HAL_Driver/Src/stm32f0xx_hal_spi.c ****       hspi->pTxBuffPtr += sizeof(uint16_t);
 2132              		.loc 1 1337 11 view .LVU624
 2133 00c2 2368     		ldr	r3, [r4]
1337:Drivers/STM32F0xx_HAL_Driver/Src/stm32f0xx_hal_spi.c ****       hspi->pTxBuffPtr += sizeof(uint16_t);
 2134              		.loc 1 1337 28 view .LVU625
 2135 00c4 1288     		ldrh	r2, [r2]
1337:Drivers/STM32F0xx_HAL_Driver/Src/stm32f0xx_hal_spi.c ****       hspi->pTxBuffPtr += sizeof(uint16_t);
 2136              		.loc 1 1337 26 view .LVU626
 2137 00c6 DA60     		str	r2, [r3, #12]
1338:Drivers/STM32F0xx_HAL_Driver/Src/stm32f0xx_hal_spi.c ****       hspi->TxXferCount--;
 2138              		.loc 1 1338 7 is_stmt 1 view .LVU627
1338:Drivers/STM32F0xx_HAL_Driver/Src/stm32f0xx_hal_spi.c ****       hspi->TxXferCount--;
 2139              		.loc 1 1338 11 is_stmt 0 view .LVU628
 2140 00c8 A36B     		ldr	r3, [r4, #56]
1338:Drivers/STM32F0xx_HAL_Driver/Src/stm32f0xx_hal_spi.c ****       hspi->TxXferCount--;
 2141              		.loc 1 1338 24 view .LVU629
 2142 00ca 0233     		adds	r3, r3, #2
 2143 00cc A363     		str	r3, [r4, #56]
1339:Drivers/STM32F0xx_HAL_Driver/Src/stm32f0xx_hal_spi.c **** 
 2144              		.loc 1 1339 7 is_stmt 1 view .LVU630
1339:Drivers/STM32F0xx_HAL_Driver/Src/stm32f0xx_hal_spi.c **** 
 2145              		.loc 1 1339 11 is_stmt 0 view .LVU631
 2146 00ce E38F     		ldrh	r3, [r4, #62]
1339:Drivers/STM32F0xx_HAL_Driver/Src/stm32f0xx_hal_spi.c **** 
 2147              		.loc 1 1339 24 view .LVU632
 2148 00d0 013B     		subs	r3, r3, #1
 2149 00d2 9BB2     		uxth	r3, r3
 2150 00d4 E387     		strh	r3, [r4, #62]
 2151              	.L138:
1387:Drivers/STM32F0xx_HAL_Driver/Src/stm32f0xx_hal_spi.c ****       }
 2152              		.loc 1 1387 19 view .LVU633
ARM GAS  C:\Users\ADMINI~1\AppData\Local\Temp\ccrv5aWF.s 			page 124


 2153 00d6 0126     		movs	r6, #1
 2154              	.LVL136:
1387:Drivers/STM32F0xx_HAL_Driver/Src/stm32f0xx_hal_spi.c ****       }
 2155              		.loc 1 1387 19 view .LVU634
 2156 00d8 2CE0     		b	.L141
 2157              	.LVL137:
 2158              	.L133:
1322:Drivers/STM32F0xx_HAL_Driver/Src/stm32f0xx_hal_spi.c ****   }
 2159              		.loc 1 1322 5 is_stmt 1 view .LVU635
 2160 00da 2268     		ldr	r2, [r4]
 2161 00dc 5168     		ldr	r1, [r2, #4]
 2162              	.LVL138:
1322:Drivers/STM32F0xx_HAL_Driver/Src/stm32f0xx_hal_spi.c ****   }
 2163              		.loc 1 1322 5 is_stmt 0 view .LVU636
 2164 00de 8023     		movs	r3, #128
 2165 00e0 5B01     		lsls	r3, r3, #5
 2166 00e2 0B43     		orrs	r3, r1
 2167 00e4 5360     		str	r3, [r2, #4]
 2168 00e6 D9E7     		b	.L134
 2169              	.LVL139:
 2170              	.L169:
1360:Drivers/STM32F0xx_HAL_Driver/Src/stm32f0xx_hal_spi.c ****         hspi->pTxBuffPtr += sizeof(uint16_t);
 2171              		.loc 1 1360 9 is_stmt 1 view .LVU637
1360:Drivers/STM32F0xx_HAL_Driver/Src/stm32f0xx_hal_spi.c ****         hspi->pTxBuffPtr += sizeof(uint16_t);
 2172              		.loc 1 1360 48 is_stmt 0 view .LVU638
 2173 00e8 A36B     		ldr	r3, [r4, #56]
1360:Drivers/STM32F0xx_HAL_Driver/Src/stm32f0xx_hal_spi.c ****         hspi->pTxBuffPtr += sizeof(uint16_t);
 2174              		.loc 1 1360 30 view .LVU639
 2175 00ea 1B88     		ldrh	r3, [r3]
1360:Drivers/STM32F0xx_HAL_Driver/Src/stm32f0xx_hal_spi.c ****         hspi->pTxBuffPtr += sizeof(uint16_t);
 2176              		.loc 1 1360 28 view .LVU640
 2177 00ec D360     		str	r3, [r2, #12]
1361:Drivers/STM32F0xx_HAL_Driver/Src/stm32f0xx_hal_spi.c ****         hspi->TxXferCount--;
 2178              		.loc 1 1361 9 is_stmt 1 view .LVU641
1361:Drivers/STM32F0xx_HAL_Driver/Src/stm32f0xx_hal_spi.c ****         hspi->TxXferCount--;
 2179              		.loc 1 1361 13 is_stmt 0 view .LVU642
 2180 00ee A36B     		ldr	r3, [r4, #56]
1361:Drivers/STM32F0xx_HAL_Driver/Src/stm32f0xx_hal_spi.c ****         hspi->TxXferCount--;
 2181              		.loc 1 1361 26 view .LVU643
 2182 00f0 0233     		adds	r3, r3, #2
 2183 00f2 A363     		str	r3, [r4, #56]
1362:Drivers/STM32F0xx_HAL_Driver/Src/stm32f0xx_hal_spi.c ****         /* Next Data is a reception (Rx). Tx not allowed */
 2184              		.loc 1 1362 9 is_stmt 1 view .LVU644
1362:Drivers/STM32F0xx_HAL_Driver/Src/stm32f0xx_hal_spi.c ****         /* Next Data is a reception (Rx). Tx not allowed */
 2185              		.loc 1 1362 13 is_stmt 0 view .LVU645
 2186 00f4 E38F     		ldrh	r3, [r4, #62]
1362:Drivers/STM32F0xx_HAL_Driver/Src/stm32f0xx_hal_spi.c ****         /* Next Data is a reception (Rx). Tx not allowed */
 2187              		.loc 1 1362 26 view .LVU646
 2188 00f6 013B     		subs	r3, r3, #1
 2189 00f8 9BB2     		uxth	r3, r3
 2190 00fa E387     		strh	r3, [r4, #62]
1364:Drivers/STM32F0xx_HAL_Driver/Src/stm32f0xx_hal_spi.c **** 
 2191              		.loc 1 1364 9 is_stmt 1 view .LVU647
 2192              	.LVL140:
1364:Drivers/STM32F0xx_HAL_Driver/Src/stm32f0xx_hal_spi.c **** 
 2193              		.loc 1 1364 19 is_stmt 0 view .LVU648
 2194 00fc 0026     		movs	r6, #0
ARM GAS  C:\Users\ADMINI~1\AppData\Local\Temp\ccrv5aWF.s 			page 125


 2195              	.LVL141:
 2196              	.L139:
1381:Drivers/STM32F0xx_HAL_Driver/Src/stm32f0xx_hal_spi.c ****       {
 2197              		.loc 1 1381 7 is_stmt 1 view .LVU649
1381:Drivers/STM32F0xx_HAL_Driver/Src/stm32f0xx_hal_spi.c ****       {
 2198              		.loc 1 1381 12 is_stmt 0 view .LVU650
 2199 00fe 2268     		ldr	r2, [r4]
 2200 0100 9368     		ldr	r3, [r2, #8]
1381:Drivers/STM32F0xx_HAL_Driver/Src/stm32f0xx_hal_spi.c ****       {
 2201              		.loc 1 1381 10 view .LVU651
 2202 0102 DB07     		lsls	r3, r3, #31
 2203 0104 0FD5     		bpl	.L140
1381:Drivers/STM32F0xx_HAL_Driver/Src/stm32f0xx_hal_spi.c ****       {
 2204              		.loc 1 1381 61 discriminator 1 view .LVU652
 2205 0106 4623     		movs	r3, #70
 2206 0108 E35A     		ldrh	r3, [r4, r3]
1381:Drivers/STM32F0xx_HAL_Driver/Src/stm32f0xx_hal_spi.c ****       {
 2207              		.loc 1 1381 53 discriminator 1 view .LVU653
 2208 010a 002B     		cmp	r3, #0
 2209 010c 0BD0     		beq	.L140
1383:Drivers/STM32F0xx_HAL_Driver/Src/stm32f0xx_hal_spi.c ****         hspi->pRxBuffPtr += sizeof(uint16_t);
 2210              		.loc 1 1383 9 is_stmt 1 view .LVU654
1383:Drivers/STM32F0xx_HAL_Driver/Src/stm32f0xx_hal_spi.c ****         hspi->pRxBuffPtr += sizeof(uint16_t);
 2211              		.loc 1 1383 67 is_stmt 0 view .LVU655
 2212 010e D268     		ldr	r2, [r2, #12]
1383:Drivers/STM32F0xx_HAL_Driver/Src/stm32f0xx_hal_spi.c ****         hspi->pRxBuffPtr += sizeof(uint16_t);
 2213              		.loc 1 1383 27 view .LVU656
 2214 0110 236C     		ldr	r3, [r4, #64]
1383:Drivers/STM32F0xx_HAL_Driver/Src/stm32f0xx_hal_spi.c ****         hspi->pRxBuffPtr += sizeof(uint16_t);
 2215              		.loc 1 1383 41 view .LVU657
 2216 0112 1A80     		strh	r2, [r3]
1384:Drivers/STM32F0xx_HAL_Driver/Src/stm32f0xx_hal_spi.c ****         hspi->RxXferCount--;
 2217              		.loc 1 1384 9 is_stmt 1 view .LVU658
1384:Drivers/STM32F0xx_HAL_Driver/Src/stm32f0xx_hal_spi.c ****         hspi->RxXferCount--;
 2218              		.loc 1 1384 13 is_stmt 0 view .LVU659
 2219 0114 236C     		ldr	r3, [r4, #64]
1384:Drivers/STM32F0xx_HAL_Driver/Src/stm32f0xx_hal_spi.c ****         hspi->RxXferCount--;
 2220              		.loc 1 1384 26 view .LVU660
 2221 0116 0233     		adds	r3, r3, #2
 2222 0118 2364     		str	r3, [r4, #64]
1385:Drivers/STM32F0xx_HAL_Driver/Src/stm32f0xx_hal_spi.c ****         /* Next Data is a Transmission (Tx). Tx is allowed */
 2223              		.loc 1 1385 9 is_stmt 1 view .LVU661
1385:Drivers/STM32F0xx_HAL_Driver/Src/stm32f0xx_hal_spi.c ****         /* Next Data is a Transmission (Tx). Tx is allowed */
 2224              		.loc 1 1385 13 is_stmt 0 view .LVU662
 2225 011a 4622     		movs	r2, #70
 2226 011c A35A     		ldrh	r3, [r4, r2]
1385:Drivers/STM32F0xx_HAL_Driver/Src/stm32f0xx_hal_spi.c ****         /* Next Data is a Transmission (Tx). Tx is allowed */
 2227              		.loc 1 1385 26 view .LVU663
 2228 011e 013B     		subs	r3, r3, #1
 2229 0120 9BB2     		uxth	r3, r3
 2230 0122 A352     		strh	r3, [r4, r2]
1387:Drivers/STM32F0xx_HAL_Driver/Src/stm32f0xx_hal_spi.c ****       }
 2231              		.loc 1 1387 9 is_stmt 1 view .LVU664
 2232              	.LVL142:
1387:Drivers/STM32F0xx_HAL_Driver/Src/stm32f0xx_hal_spi.c ****       }
 2233              		.loc 1 1387 19 is_stmt 0 view .LVU665
 2234 0124 0126     		movs	r6, #1
ARM GAS  C:\Users\ADMINI~1\AppData\Local\Temp\ccrv5aWF.s 			page 126


 2235              	.LVL143:
 2236              	.L140:
1389:Drivers/STM32F0xx_HAL_Driver/Src/stm32f0xx_hal_spi.c ****       {
 2237              		.loc 1 1389 7 is_stmt 1 view .LVU666
1389:Drivers/STM32F0xx_HAL_Driver/Src/stm32f0xx_hal_spi.c ****       {
 2238              		.loc 1 1389 13 is_stmt 0 view .LVU667
 2239 0126 FFF7FEFF 		bl	HAL_GetTick
 2240              	.LVL144:
1389:Drivers/STM32F0xx_HAL_Driver/Src/stm32f0xx_hal_spi.c ****       {
 2241              		.loc 1 1389 27 discriminator 1 view .LVU668
 2242 012a C01B     		subs	r0, r0, r7
1389:Drivers/STM32F0xx_HAL_Driver/Src/stm32f0xx_hal_spi.c ****       {
 2243              		.loc 1 1389 10 discriminator 1 view .LVU669
 2244 012c A842     		cmp	r0, r5
 2245 012e 01D3     		bcc	.L141
1389:Drivers/STM32F0xx_HAL_Driver/Src/stm32f0xx_hal_spi.c ****       {
 2246              		.loc 1 1389 53 discriminator 1 view .LVU670
 2247 0130 6B1C     		adds	r3, r5, #1
 2248 0132 10D1     		bne	.L168
 2249              	.LVL145:
 2250              	.L141:
1355:Drivers/STM32F0xx_HAL_Driver/Src/stm32f0xx_hal_spi.c ****     {
 2251              		.loc 1 1355 37 is_stmt 1 view .LVU671
1355:Drivers/STM32F0xx_HAL_Driver/Src/stm32f0xx_hal_spi.c ****     {
 2252              		.loc 1 1355 17 is_stmt 0 view .LVU672
 2253 0134 E38F     		ldrh	r3, [r4, #62]
1355:Drivers/STM32F0xx_HAL_Driver/Src/stm32f0xx_hal_spi.c ****     {
 2254              		.loc 1 1355 37 view .LVU673
 2255 0136 002B     		cmp	r3, #0
 2256 0138 03D1     		bne	.L142
1355:Drivers/STM32F0xx_HAL_Driver/Src/stm32f0xx_hal_spi.c ****     {
 2257              		.loc 1 1355 45 discriminator 1 view .LVU674
 2258 013a 4633     		adds	r3, r3, #70
 2259 013c E35A     		ldrh	r3, [r4, r3]
1355:Drivers/STM32F0xx_HAL_Driver/Src/stm32f0xx_hal_spi.c ****     {
 2260              		.loc 1 1355 37 discriminator 1 view .LVU675
 2261 013e 002B     		cmp	r3, #0
 2262 0140 5ED0     		beq	.L143
 2263              	.L142:
1358:Drivers/STM32F0xx_HAL_Driver/Src/stm32f0xx_hal_spi.c ****       {
 2264              		.loc 1 1358 7 is_stmt 1 view .LVU676
1358:Drivers/STM32F0xx_HAL_Driver/Src/stm32f0xx_hal_spi.c ****       {
 2265              		.loc 1 1358 12 is_stmt 0 view .LVU677
 2266 0142 2268     		ldr	r2, [r4]
 2267 0144 9368     		ldr	r3, [r2, #8]
1358:Drivers/STM32F0xx_HAL_Driver/Src/stm32f0xx_hal_spi.c ****       {
 2268              		.loc 1 1358 10 view .LVU678
 2269 0146 9B07     		lsls	r3, r3, #30
 2270 0148 D9D5     		bpl	.L139
1358:Drivers/STM32F0xx_HAL_Driver/Src/stm32f0xx_hal_spi.c ****       {
 2271              		.loc 1 1358 60 discriminator 1 view .LVU679
 2272 014a E38F     		ldrh	r3, [r4, #62]
1358:Drivers/STM32F0xx_HAL_Driver/Src/stm32f0xx_hal_spi.c ****       {
 2273              		.loc 1 1358 52 discriminator 1 view .LVU680
 2274 014c 002B     		cmp	r3, #0
 2275 014e D6D0     		beq	.L139
1358:Drivers/STM32F0xx_HAL_Driver/Src/stm32f0xx_hal_spi.c ****       {
ARM GAS  C:\Users\ADMINI~1\AppData\Local\Temp\ccrv5aWF.s 			page 127


 2276              		.loc 1 1358 80 discriminator 2 view .LVU681
 2277 0150 012E     		cmp	r6, #1
 2278 0152 D4D1     		bne	.L139
 2279 0154 C8E7     		b	.L169
 2280              	.L168:
1391:Drivers/STM32F0xx_HAL_Driver/Src/stm32f0xx_hal_spi.c ****         hspi->State = HAL_SPI_STATE_READY;
 2281              		.loc 1 1391 9 is_stmt 1 view .LVU682
 2282              	.LVL146:
1392:Drivers/STM32F0xx_HAL_Driver/Src/stm32f0xx_hal_spi.c ****         goto error;
 2283              		.loc 1 1392 9 view .LVU683
1392:Drivers/STM32F0xx_HAL_Driver/Src/stm32f0xx_hal_spi.c ****         goto error;
 2284              		.loc 1 1392 21 is_stmt 0 view .LVU684
 2285 0156 5D23     		movs	r3, #93
 2286 0158 0122     		movs	r2, #1
 2287 015a E254     		strb	r2, [r4, r3]
1393:Drivers/STM32F0xx_HAL_Driver/Src/stm32f0xx_hal_spi.c ****       }
 2288              		.loc 1 1393 9 is_stmt 1 view .LVU685
1391:Drivers/STM32F0xx_HAL_Driver/Src/stm32f0xx_hal_spi.c ****         hspi->State = HAL_SPI_STATE_READY;
 2289              		.loc 1 1391 19 is_stmt 0 view .LVU686
 2290 015c 0320     		movs	r0, #3
1393:Drivers/STM32F0xx_HAL_Driver/Src/stm32f0xx_hal_spi.c ****       }
 2291              		.loc 1 1393 9 view .LVU687
 2292 015e 61E0     		b	.L131
 2293              	.LVL147:
 2294              	.L136:
1400:Drivers/STM32F0xx_HAL_Driver/Src/stm32f0xx_hal_spi.c ****     {
 2295              		.loc 1 1400 5 is_stmt 1 view .LVU688
1400:Drivers/STM32F0xx_HAL_Driver/Src/stm32f0xx_hal_spi.c ****     {
 2296              		.loc 1 1400 20 is_stmt 0 view .LVU689
 2297 0160 6368     		ldr	r3, [r4, #4]
1400:Drivers/STM32F0xx_HAL_Driver/Src/stm32f0xx_hal_spi.c ****     {
 2298              		.loc 1 1400 8 view .LVU690
 2299 0162 002B     		cmp	r3, #0
 2300 0164 01D0     		beq	.L144
1400:Drivers/STM32F0xx_HAL_Driver/Src/stm32f0xx_hal_spi.c ****     {
 2301              		.loc 1 1400 45 discriminator 1 view .LVU691
 2302 0166 012E     		cmp	r6, #1
 2303 0168 0AD1     		bne	.L145
 2304              	.L144:
1402:Drivers/STM32F0xx_HAL_Driver/Src/stm32f0xx_hal_spi.c ****       hspi->pTxBuffPtr += sizeof(uint8_t);
 2305              		.loc 1 1402 7 is_stmt 1 view .LVU692
1402:Drivers/STM32F0xx_HAL_Driver/Src/stm32f0xx_hal_spi.c ****       hspi->pTxBuffPtr += sizeof(uint8_t);
 2306              		.loc 1 1402 54 is_stmt 0 view .LVU693
 2307 016a A26B     		ldr	r2, [r4, #56]
1402:Drivers/STM32F0xx_HAL_Driver/Src/stm32f0xx_hal_spi.c ****       hspi->pTxBuffPtr += sizeof(uint8_t);
 2308              		.loc 1 1402 30 view .LVU694
 2309 016c 2368     		ldr	r3, [r4]
1402:Drivers/STM32F0xx_HAL_Driver/Src/stm32f0xx_hal_spi.c ****       hspi->pTxBuffPtr += sizeof(uint8_t);
 2310              		.loc 1 1402 49 view .LVU695
 2311 016e 1278     		ldrb	r2, [r2]
1402:Drivers/STM32F0xx_HAL_Driver/Src/stm32f0xx_hal_spi.c ****       hspi->pTxBuffPtr += sizeof(uint8_t);
 2312              		.loc 1 1402 46 view .LVU696
 2313 0170 1A73     		strb	r2, [r3, #12]
1403:Drivers/STM32F0xx_HAL_Driver/Src/stm32f0xx_hal_spi.c ****       hspi->TxXferCount--;
 2314              		.loc 1 1403 7 is_stmt 1 view .LVU697
1403:Drivers/STM32F0xx_HAL_Driver/Src/stm32f0xx_hal_spi.c ****       hspi->TxXferCount--;
 2315              		.loc 1 1403 11 is_stmt 0 view .LVU698
ARM GAS  C:\Users\ADMINI~1\AppData\Local\Temp\ccrv5aWF.s 			page 128


 2316 0172 A36B     		ldr	r3, [r4, #56]
1403:Drivers/STM32F0xx_HAL_Driver/Src/stm32f0xx_hal_spi.c ****       hspi->TxXferCount--;
 2317              		.loc 1 1403 24 view .LVU699
 2318 0174 0133     		adds	r3, r3, #1
 2319 0176 A363     		str	r3, [r4, #56]
1404:Drivers/STM32F0xx_HAL_Driver/Src/stm32f0xx_hal_spi.c **** 
 2320              		.loc 1 1404 7 is_stmt 1 view .LVU700
1404:Drivers/STM32F0xx_HAL_Driver/Src/stm32f0xx_hal_spi.c **** 
 2321              		.loc 1 1404 11 is_stmt 0 view .LVU701
 2322 0178 E38F     		ldrh	r3, [r4, #62]
1404:Drivers/STM32F0xx_HAL_Driver/Src/stm32f0xx_hal_spi.c **** 
 2323              		.loc 1 1404 24 view .LVU702
 2324 017a 013B     		subs	r3, r3, #1
 2325 017c 9BB2     		uxth	r3, r3
 2326 017e E387     		strh	r3, [r4, #62]
 2327              	.L145:
1451:Drivers/STM32F0xx_HAL_Driver/Src/stm32f0xx_hal_spi.c ****       }
 2328              		.loc 1 1451 19 view .LVU703
 2329 0180 0126     		movs	r6, #1
 2330              	.LVL148:
1451:Drivers/STM32F0xx_HAL_Driver/Src/stm32f0xx_hal_spi.c ****       }
 2331              		.loc 1 1451 19 view .LVU704
 2332 0182 1CE0     		b	.L150
 2333              	.LVL149:
 2334              	.L146:
1445:Drivers/STM32F0xx_HAL_Driver/Src/stm32f0xx_hal_spi.c ****       {
 2335              		.loc 1 1445 7 is_stmt 1 view .LVU705
1445:Drivers/STM32F0xx_HAL_Driver/Src/stm32f0xx_hal_spi.c ****       {
 2336              		.loc 1 1445 12 is_stmt 0 view .LVU706
 2337 0184 2268     		ldr	r2, [r4]
 2338 0186 9368     		ldr	r3, [r2, #8]
1445:Drivers/STM32F0xx_HAL_Driver/Src/stm32f0xx_hal_spi.c ****       {
 2339              		.loc 1 1445 10 view .LVU707
 2340 0188 DB07     		lsls	r3, r3, #31
 2341 018a 0FD5     		bpl	.L147
1445:Drivers/STM32F0xx_HAL_Driver/Src/stm32f0xx_hal_spi.c ****       {
 2342              		.loc 1 1445 61 discriminator 1 view .LVU708
 2343 018c 4623     		movs	r3, #70
 2344 018e E35A     		ldrh	r3, [r4, r3]
1445:Drivers/STM32F0xx_HAL_Driver/Src/stm32f0xx_hal_spi.c ****       {
 2345              		.loc 1 1445 53 discriminator 1 view .LVU709
 2346 0190 002B     		cmp	r3, #0
 2347 0192 0BD0     		beq	.L147
1447:Drivers/STM32F0xx_HAL_Driver/Src/stm32f0xx_hal_spi.c ****         hspi->pRxBuffPtr++;
 2348              		.loc 1 1447 9 is_stmt 1 view .LVU710
1447:Drivers/STM32F0xx_HAL_Driver/Src/stm32f0xx_hal_spi.c ****         hspi->pRxBuffPtr++;
 2349              		.loc 1 1447 26 is_stmt 0 view .LVU711
 2350 0194 236C     		ldr	r3, [r4, #64]
1447:Drivers/STM32F0xx_HAL_Driver/Src/stm32f0xx_hal_spi.c ****         hspi->pRxBuffPtr++;
 2351              		.loc 1 1447 42 view .LVU712
 2352 0196 127B     		ldrb	r2, [r2, #12]
1447:Drivers/STM32F0xx_HAL_Driver/Src/stm32f0xx_hal_spi.c ****         hspi->pRxBuffPtr++;
 2353              		.loc 1 1447 40 view .LVU713
 2354 0198 1A70     		strb	r2, [r3]
1448:Drivers/STM32F0xx_HAL_Driver/Src/stm32f0xx_hal_spi.c ****         hspi->RxXferCount--;
 2355              		.loc 1 1448 9 is_stmt 1 view .LVU714
1448:Drivers/STM32F0xx_HAL_Driver/Src/stm32f0xx_hal_spi.c ****         hspi->RxXferCount--;
ARM GAS  C:\Users\ADMINI~1\AppData\Local\Temp\ccrv5aWF.s 			page 129


 2356              		.loc 1 1448 13 is_stmt 0 view .LVU715
 2357 019a 236C     		ldr	r3, [r4, #64]
1448:Drivers/STM32F0xx_HAL_Driver/Src/stm32f0xx_hal_spi.c ****         hspi->RxXferCount--;
 2358              		.loc 1 1448 25 view .LVU716
 2359 019c 0133     		adds	r3, r3, #1
 2360 019e 2364     		str	r3, [r4, #64]
1449:Drivers/STM32F0xx_HAL_Driver/Src/stm32f0xx_hal_spi.c ****         /* Next Data is a Transmission (Tx). Tx is allowed */
 2361              		.loc 1 1449 9 is_stmt 1 view .LVU717
1449:Drivers/STM32F0xx_HAL_Driver/Src/stm32f0xx_hal_spi.c ****         /* Next Data is a Transmission (Tx). Tx is allowed */
 2362              		.loc 1 1449 13 is_stmt 0 view .LVU718
 2363 01a0 4622     		movs	r2, #70
 2364 01a2 A35A     		ldrh	r3, [r4, r2]
1449:Drivers/STM32F0xx_HAL_Driver/Src/stm32f0xx_hal_spi.c ****         /* Next Data is a Transmission (Tx). Tx is allowed */
 2365              		.loc 1 1449 26 view .LVU719
 2366 01a4 013B     		subs	r3, r3, #1
 2367 01a6 9BB2     		uxth	r3, r3
 2368 01a8 A352     		strh	r3, [r4, r2]
1451:Drivers/STM32F0xx_HAL_Driver/Src/stm32f0xx_hal_spi.c ****       }
 2369              		.loc 1 1451 9 is_stmt 1 view .LVU720
 2370              	.LVL150:
1451:Drivers/STM32F0xx_HAL_Driver/Src/stm32f0xx_hal_spi.c ****       }
 2371              		.loc 1 1451 19 is_stmt 0 view .LVU721
 2372 01aa 0126     		movs	r6, #1
 2373              	.LVL151:
 2374              	.L147:
1453:Drivers/STM32F0xx_HAL_Driver/Src/stm32f0xx_hal_spi.c ****       {
 2375              		.loc 1 1453 7 is_stmt 1 view .LVU722
1453:Drivers/STM32F0xx_HAL_Driver/Src/stm32f0xx_hal_spi.c ****       {
 2376              		.loc 1 1453 14 is_stmt 0 view .LVU723
 2377 01ac FFF7FEFF 		bl	HAL_GetTick
 2378              	.LVL152:
1453:Drivers/STM32F0xx_HAL_Driver/Src/stm32f0xx_hal_spi.c ****       {
 2379              		.loc 1 1453 28 discriminator 1 view .LVU724
 2380 01b0 C01B     		subs	r0, r0, r7
1453:Drivers/STM32F0xx_HAL_Driver/Src/stm32f0xx_hal_spi.c ****       {
 2381              		.loc 1 1453 10 discriminator 1 view .LVU725
 2382 01b2 A842     		cmp	r0, r5
 2383 01b4 01D3     		bcc	.L148
1453:Drivers/STM32F0xx_HAL_Driver/Src/stm32f0xx_hal_spi.c ****       {
 2384              		.loc 1 1453 54 discriminator 1 view .LVU726
 2385 01b6 6B1C     		adds	r3, r5, #1
 2386 01b8 1DD1     		bne	.L149
 2387              	.L148:
1453:Drivers/STM32F0xx_HAL_Driver/Src/stm32f0xx_hal_spi.c ****       {
 2388              		.loc 1 1453 87 discriminator 3 view .LVU727
 2389 01ba 002D     		cmp	r5, #0
 2390 01bc 1BD0     		beq	.L149
 2391              	.LVL153:
 2392              	.L150:
1419:Drivers/STM32F0xx_HAL_Driver/Src/stm32f0xx_hal_spi.c ****     {
 2393              		.loc 1 1419 37 is_stmt 1 view .LVU728
1419:Drivers/STM32F0xx_HAL_Driver/Src/stm32f0xx_hal_spi.c ****     {
 2394              		.loc 1 1419 17 is_stmt 0 view .LVU729
 2395 01be E38F     		ldrh	r3, [r4, #62]
1419:Drivers/STM32F0xx_HAL_Driver/Src/stm32f0xx_hal_spi.c ****     {
 2396              		.loc 1 1419 37 view .LVU730
 2397 01c0 002B     		cmp	r3, #0
ARM GAS  C:\Users\ADMINI~1\AppData\Local\Temp\ccrv5aWF.s 			page 130


 2398 01c2 03D1     		bne	.L151
1419:Drivers/STM32F0xx_HAL_Driver/Src/stm32f0xx_hal_spi.c ****     {
 2399              		.loc 1 1419 45 discriminator 1 view .LVU731
 2400 01c4 4633     		adds	r3, r3, #70
 2401 01c6 E35A     		ldrh	r3, [r4, r3]
1419:Drivers/STM32F0xx_HAL_Driver/Src/stm32f0xx_hal_spi.c ****     {
 2402              		.loc 1 1419 37 discriminator 1 view .LVU732
 2403 01c8 002B     		cmp	r3, #0
 2404 01ca 19D0     		beq	.L143
 2405              	.L151:
1422:Drivers/STM32F0xx_HAL_Driver/Src/stm32f0xx_hal_spi.c ****       {
 2406              		.loc 1 1422 7 is_stmt 1 view .LVU733
1422:Drivers/STM32F0xx_HAL_Driver/Src/stm32f0xx_hal_spi.c ****       {
 2407              		.loc 1 1422 12 is_stmt 0 view .LVU734
 2408 01cc 2268     		ldr	r2, [r4]
 2409 01ce 9368     		ldr	r3, [r2, #8]
1422:Drivers/STM32F0xx_HAL_Driver/Src/stm32f0xx_hal_spi.c ****       {
 2410              		.loc 1 1422 10 view .LVU735
 2411 01d0 9B07     		lsls	r3, r3, #30
 2412 01d2 D7D5     		bpl	.L146
1422:Drivers/STM32F0xx_HAL_Driver/Src/stm32f0xx_hal_spi.c ****       {
 2413              		.loc 1 1422 60 discriminator 1 view .LVU736
 2414 01d4 E38F     		ldrh	r3, [r4, #62]
1422:Drivers/STM32F0xx_HAL_Driver/Src/stm32f0xx_hal_spi.c ****       {
 2415              		.loc 1 1422 52 discriminator 1 view .LVU737
 2416 01d6 002B     		cmp	r3, #0
 2417 01d8 D4D0     		beq	.L146
1422:Drivers/STM32F0xx_HAL_Driver/Src/stm32f0xx_hal_spi.c ****       {
 2418              		.loc 1 1422 80 discriminator 2 view .LVU738
 2419 01da 012E     		cmp	r6, #1
 2420 01dc D2D1     		bne	.L146
1424:Drivers/STM32F0xx_HAL_Driver/Src/stm32f0xx_hal_spi.c ****         hspi->pTxBuffPtr++;
 2421              		.loc 1 1424 9 is_stmt 1 view .LVU739
1424:Drivers/STM32F0xx_HAL_Driver/Src/stm32f0xx_hal_spi.c ****         hspi->pTxBuffPtr++;
 2422              		.loc 1 1424 54 is_stmt 0 view .LVU740
 2423 01de A36B     		ldr	r3, [r4, #56]
1424:Drivers/STM32F0xx_HAL_Driver/Src/stm32f0xx_hal_spi.c ****         hspi->pTxBuffPtr++;
 2424              		.loc 1 1424 49 view .LVU741
 2425 01e0 1B78     		ldrb	r3, [r3]
1424:Drivers/STM32F0xx_HAL_Driver/Src/stm32f0xx_hal_spi.c ****         hspi->pTxBuffPtr++;
 2426              		.loc 1 1424 46 view .LVU742
 2427 01e2 1373     		strb	r3, [r2, #12]
1425:Drivers/STM32F0xx_HAL_Driver/Src/stm32f0xx_hal_spi.c ****         hspi->TxXferCount--;
 2428              		.loc 1 1425 9 is_stmt 1 view .LVU743
1425:Drivers/STM32F0xx_HAL_Driver/Src/stm32f0xx_hal_spi.c ****         hspi->TxXferCount--;
 2429              		.loc 1 1425 13 is_stmt 0 view .LVU744
 2430 01e4 A36B     		ldr	r3, [r4, #56]
1425:Drivers/STM32F0xx_HAL_Driver/Src/stm32f0xx_hal_spi.c ****         hspi->TxXferCount--;
 2431              		.loc 1 1425 25 view .LVU745
 2432 01e6 0133     		adds	r3, r3, #1
 2433 01e8 A363     		str	r3, [r4, #56]
1426:Drivers/STM32F0xx_HAL_Driver/Src/stm32f0xx_hal_spi.c ****         /* Next Data is a reception (Rx). Tx not allowed */
 2434              		.loc 1 1426 9 is_stmt 1 view .LVU746
1426:Drivers/STM32F0xx_HAL_Driver/Src/stm32f0xx_hal_spi.c ****         /* Next Data is a reception (Rx). Tx not allowed */
 2435              		.loc 1 1426 13 is_stmt 0 view .LVU747
 2436 01ea E38F     		ldrh	r3, [r4, #62]
1426:Drivers/STM32F0xx_HAL_Driver/Src/stm32f0xx_hal_spi.c ****         /* Next Data is a reception (Rx). Tx not allowed */
ARM GAS  C:\Users\ADMINI~1\AppData\Local\Temp\ccrv5aWF.s 			page 131


 2437              		.loc 1 1426 26 view .LVU748
 2438 01ec 013B     		subs	r3, r3, #1
 2439 01ee 9BB2     		uxth	r3, r3
 2440 01f0 E387     		strh	r3, [r4, #62]
1428:Drivers/STM32F0xx_HAL_Driver/Src/stm32f0xx_hal_spi.c **** 
 2441              		.loc 1 1428 9 is_stmt 1 view .LVU749
 2442              	.LVL154:
1428:Drivers/STM32F0xx_HAL_Driver/Src/stm32f0xx_hal_spi.c **** 
 2443              		.loc 1 1428 19 is_stmt 0 view .LVU750
 2444 01f2 0026     		movs	r6, #0
 2445 01f4 C6E7     		b	.L146
 2446              	.LVL155:
 2447              	.L149:
1455:Drivers/STM32F0xx_HAL_Driver/Src/stm32f0xx_hal_spi.c ****         hspi->State = HAL_SPI_STATE_READY;
 2448              		.loc 1 1455 9 is_stmt 1 view .LVU751
1456:Drivers/STM32F0xx_HAL_Driver/Src/stm32f0xx_hal_spi.c ****         goto error;
 2449              		.loc 1 1456 9 view .LVU752
1456:Drivers/STM32F0xx_HAL_Driver/Src/stm32f0xx_hal_spi.c ****         goto error;
 2450              		.loc 1 1456 21 is_stmt 0 view .LVU753
 2451 01f6 5D23     		movs	r3, #93
 2452 01f8 0122     		movs	r2, #1
 2453 01fa E254     		strb	r2, [r4, r3]
1457:Drivers/STM32F0xx_HAL_Driver/Src/stm32f0xx_hal_spi.c ****       }
 2454              		.loc 1 1457 9 is_stmt 1 view .LVU754
1455:Drivers/STM32F0xx_HAL_Driver/Src/stm32f0xx_hal_spi.c ****         hspi->State = HAL_SPI_STATE_READY;
 2455              		.loc 1 1455 19 is_stmt 0 view .LVU755
 2456 01fc 0320     		movs	r0, #3
1457:Drivers/STM32F0xx_HAL_Driver/Src/stm32f0xx_hal_spi.c ****       }
 2457              		.loc 1 1457 9 view .LVU756
 2458 01fe 11E0     		b	.L131
 2459              	.LVL156:
 2460              	.L143:
1520:Drivers/STM32F0xx_HAL_Driver/Src/stm32f0xx_hal_spi.c ****   {
 2461              		.loc 1 1520 3 is_stmt 1 view .LVU757
1520:Drivers/STM32F0xx_HAL_Driver/Src/stm32f0xx_hal_spi.c ****   {
 2462              		.loc 1 1520 7 is_stmt 0 view .LVU758
 2463 0200 3A00     		movs	r2, r7
 2464 0202 2900     		movs	r1, r5
 2465 0204 2000     		movs	r0, r4
 2466 0206 FFF7FEFF 		bl	SPI_EndRxTxTransaction
 2467              	.LVL157:
1520:Drivers/STM32F0xx_HAL_Driver/Src/stm32f0xx_hal_spi.c ****   {
 2468              		.loc 1 1520 6 discriminator 1 view .LVU759
 2469 020a 0028     		cmp	r0, #0
 2470 020c 02D0     		beq	.L152
1522:Drivers/STM32F0xx_HAL_Driver/Src/stm32f0xx_hal_spi.c ****     hspi->ErrorCode = HAL_SPI_ERROR_FLAG;
 2471              		.loc 1 1522 5 is_stmt 1 view .LVU760
 2472              	.LVL158:
1523:Drivers/STM32F0xx_HAL_Driver/Src/stm32f0xx_hal_spi.c ****   }
 2473              		.loc 1 1523 5 view .LVU761
1523:Drivers/STM32F0xx_HAL_Driver/Src/stm32f0xx_hal_spi.c ****   }
 2474              		.loc 1 1523 21 is_stmt 0 view .LVU762
 2475 020e 2023     		movs	r3, #32
 2476 0210 2366     		str	r3, [r4, #96]
1522:Drivers/STM32F0xx_HAL_Driver/Src/stm32f0xx_hal_spi.c ****     hspi->ErrorCode = HAL_SPI_ERROR_FLAG;
 2477              		.loc 1 1522 15 view .LVU763
 2478 0212 0120     		movs	r0, #1
ARM GAS  C:\Users\ADMINI~1\AppData\Local\Temp\ccrv5aWF.s 			page 132


 2479              	.LVL159:
 2480              	.L152:
1526:Drivers/STM32F0xx_HAL_Driver/Src/stm32f0xx_hal_spi.c ****   {
 2481              		.loc 1 1526 3 is_stmt 1 view .LVU764
1526:Drivers/STM32F0xx_HAL_Driver/Src/stm32f0xx_hal_spi.c ****   {
 2482              		.loc 1 1526 11 is_stmt 0 view .LVU765
 2483 0214 236E     		ldr	r3, [r4, #96]
1526:Drivers/STM32F0xx_HAL_Driver/Src/stm32f0xx_hal_spi.c ****   {
 2484              		.loc 1 1526 6 view .LVU766
 2485 0216 002B     		cmp	r3, #0
 2486 0218 13D1     		bne	.L160
1532:Drivers/STM32F0xx_HAL_Driver/Src/stm32f0xx_hal_spi.c ****   }
 2487              		.loc 1 1532 5 is_stmt 1 view .LVU767
1532:Drivers/STM32F0xx_HAL_Driver/Src/stm32f0xx_hal_spi.c ****   }
 2488              		.loc 1 1532 17 is_stmt 0 view .LVU768
 2489 021a 5D33     		adds	r3, r3, #93
 2490 021c 0122     		movs	r2, #1
 2491 021e E254     		strb	r2, [r4, r3]
 2492 0220 00E0     		b	.L131
 2493              	.LVL160:
 2494              	.L154:
1276:Drivers/STM32F0xx_HAL_Driver/Src/stm32f0xx_hal_spi.c ****     goto error;
 2495              		.loc 1 1276 15 view .LVU769
 2496 0222 0220     		movs	r0, #2
 2497              	.LVL161:
 2498              	.L131:
1536:Drivers/STM32F0xx_HAL_Driver/Src/stm32f0xx_hal_spi.c ****   return errorcode;
 2499              		.loc 1 1536 3 is_stmt 1 view .LVU770
1536:Drivers/STM32F0xx_HAL_Driver/Src/stm32f0xx_hal_spi.c ****   return errorcode;
 2500              		.loc 1 1536 3 view .LVU771
 2501 0224 5C23     		movs	r3, #92
 2502 0226 0022     		movs	r2, #0
 2503 0228 E254     		strb	r2, [r4, r3]
1536:Drivers/STM32F0xx_HAL_Driver/Src/stm32f0xx_hal_spi.c ****   return errorcode;
 2504              		.loc 1 1536 3 view .LVU772
1537:Drivers/STM32F0xx_HAL_Driver/Src/stm32f0xx_hal_spi.c **** }
 2505              		.loc 1 1537 3 view .LVU773
 2506              	.LVL162:
 2507              	.L129:
1538:Drivers/STM32F0xx_HAL_Driver/Src/stm32f0xx_hal_spi.c **** 
 2508              		.loc 1 1538 1 is_stmt 0 view .LVU774
 2509 022a 03B0     		add	sp, sp, #12
 2510              	.LVL163:
1538:Drivers/STM32F0xx_HAL_Driver/Src/stm32f0xx_hal_spi.c **** 
 2511              		.loc 1 1538 1 view .LVU775
 2512              		@ sp needed
 2513              	.LVL164:
1538:Drivers/STM32F0xx_HAL_Driver/Src/stm32f0xx_hal_spi.c **** 
 2514              		.loc 1 1538 1 view .LVU776
 2515 022c F0BD     		pop	{r4, r5, r6, r7, pc}
 2516              	.LVL165:
 2517              	.L155:
1276:Drivers/STM32F0xx_HAL_Driver/Src/stm32f0xx_hal_spi.c ****     goto error;
 2518              		.loc 1 1276 15 view .LVU777
 2519 022e 0220     		movs	r0, #2
 2520              	.LVL166:
1276:Drivers/STM32F0xx_HAL_Driver/Src/stm32f0xx_hal_spi.c ****     goto error;
ARM GAS  C:\Users\ADMINI~1\AppData\Local\Temp\ccrv5aWF.s 			page 133


 2521              		.loc 1 1276 15 view .LVU778
 2522 0230 F8E7     		b	.L131
 2523              	.LVL167:
 2524              	.L156:
1276:Drivers/STM32F0xx_HAL_Driver/Src/stm32f0xx_hal_spi.c ****     goto error;
 2525              		.loc 1 1276 15 view .LVU779
 2526 0232 0220     		movs	r0, #2
 2527              	.LVL168:
1276:Drivers/STM32F0xx_HAL_Driver/Src/stm32f0xx_hal_spi.c ****     goto error;
 2528              		.loc 1 1276 15 view .LVU780
 2529 0234 F6E7     		b	.L131
 2530              	.LVL169:
 2531              	.L157:
1282:Drivers/STM32F0xx_HAL_Driver/Src/stm32f0xx_hal_spi.c ****     goto error;
 2532              		.loc 1 1282 15 view .LVU781
 2533 0236 0120     		movs	r0, #1
 2534              	.LVL170:
1282:Drivers/STM32F0xx_HAL_Driver/Src/stm32f0xx_hal_spi.c ****     goto error;
 2535              		.loc 1 1282 15 view .LVU782
 2536 0238 F4E7     		b	.L131
 2537              	.LVL171:
 2538              	.L158:
1282:Drivers/STM32F0xx_HAL_Driver/Src/stm32f0xx_hal_spi.c ****     goto error;
 2539              		.loc 1 1282 15 view .LVU783
 2540 023a 0120     		movs	r0, #1
 2541              	.LVL172:
1282:Drivers/STM32F0xx_HAL_Driver/Src/stm32f0xx_hal_spi.c ****     goto error;
 2542              		.loc 1 1282 15 view .LVU784
 2543 023c F2E7     		b	.L131
 2544              	.LVL173:
 2545              	.L159:
1282:Drivers/STM32F0xx_HAL_Driver/Src/stm32f0xx_hal_spi.c ****     goto error;
 2546              		.loc 1 1282 15 view .LVU785
 2547 023e 0120     		movs	r0, #1
 2548              	.LVL174:
1282:Drivers/STM32F0xx_HAL_Driver/Src/stm32f0xx_hal_spi.c ****     goto error;
 2549              		.loc 1 1282 15 view .LVU786
 2550 0240 F0E7     		b	.L131
 2551              	.LVL175:
 2552              	.L160:
1528:Drivers/STM32F0xx_HAL_Driver/Src/stm32f0xx_hal_spi.c ****   }
 2553              		.loc 1 1528 15 view .LVU787
 2554 0242 0120     		movs	r0, #1
 2555              	.LVL176:
1528:Drivers/STM32F0xx_HAL_Driver/Src/stm32f0xx_hal_spi.c ****   }
 2556              		.loc 1 1528 15 view .LVU788
 2557 0244 EEE7     		b	.L131
 2558              	.LVL177:
 2559              	.L153:
1259:Drivers/STM32F0xx_HAL_Driver/Src/stm32f0xx_hal_spi.c **** 
 2560              		.loc 1 1259 3 discriminator 1 view .LVU789
 2561 0246 0220     		movs	r0, #2
 2562              	.LVL178:
1259:Drivers/STM32F0xx_HAL_Driver/Src/stm32f0xx_hal_spi.c **** 
 2563              		.loc 1 1259 3 discriminator 1 view .LVU790
 2564 0248 EFE7     		b	.L129
 2565              	.L171:
ARM GAS  C:\Users\ADMINI~1\AppData\Local\Temp\ccrv5aWF.s 			page 134


 2566 024a C046     		.align	2
 2567              	.L170:
 2568 024c FFEFFFFF 		.word	-4097
 2569              		.cfi_endproc
 2570              	.LFE46:
 2572              		.section	.text.HAL_SPI_Receive,"ax",%progbits
 2573              		.align	1
 2574              		.global	HAL_SPI_Receive
 2575              		.syntax unified
 2576              		.code	16
 2577              		.thumb_func
 2579              	HAL_SPI_Receive:
 2580              	.LVL179:
 2581              	.LFB45:
 992:Drivers/STM32F0xx_HAL_Driver/Src/stm32f0xx_hal_spi.c **** #if (USE_SPI_CRC != 0U)
 2582              		.loc 1 992 1 is_stmt 1 view -0
 2583              		.cfi_startproc
 2584              		@ args = 0, pretend = 0, frame = 8
 2585              		@ frame_needed = 0, uses_anonymous_args = 0
 992:Drivers/STM32F0xx_HAL_Driver/Src/stm32f0xx_hal_spi.c **** #if (USE_SPI_CRC != 0U)
 2586              		.loc 1 992 1 is_stmt 0 view .LVU792
 2587 0000 F0B5     		push	{r4, r5, r6, r7, lr}
 2588              		.cfi_def_cfa_offset 20
 2589              		.cfi_offset 4, -20
 2590              		.cfi_offset 5, -16
 2591              		.cfi_offset 6, -12
 2592              		.cfi_offset 7, -8
 2593              		.cfi_offset 14, -4
 2594 0002 CE46     		mov	lr, r9
 2595 0004 00B5     		push	{lr}
 2596              		.cfi_def_cfa_offset 24
 2597              		.cfi_offset 9, -24
 2598 0006 84B0     		sub	sp, sp, #16
 2599              		.cfi_def_cfa_offset 40
 2600 0008 0400     		movs	r4, r0
 2601 000a 0391     		str	r1, [sp, #12]
 2602 000c 1600     		movs	r6, r2
 2603 000e 1D00     		movs	r5, r3
 998:Drivers/STM32F0xx_HAL_Driver/Src/stm32f0xx_hal_spi.c ****   HAL_StatusTypeDef errorcode = HAL_OK;
 2604              		.loc 1 998 3 is_stmt 1 view .LVU793
 999:Drivers/STM32F0xx_HAL_Driver/Src/stm32f0xx_hal_spi.c **** 
 2605              		.loc 1 999 3 view .LVU794
 2606              	.LVL180:
1001:Drivers/STM32F0xx_HAL_Driver/Src/stm32f0xx_hal_spi.c ****   {
 2607              		.loc 1 1001 3 view .LVU795
1001:Drivers/STM32F0xx_HAL_Driver/Src/stm32f0xx_hal_spi.c ****   {
 2608              		.loc 1 1001 11 is_stmt 0 view .LVU796
 2609 0010 5D23     		movs	r3, #93
 2610              	.LVL181:
1001:Drivers/STM32F0xx_HAL_Driver/Src/stm32f0xx_hal_spi.c ****   {
 2611              		.loc 1 1001 11 view .LVU797
 2612 0012 C35C     		ldrb	r3, [r0, r3]
 2613 0014 DFB2     		uxtb	r7, r3
1001:Drivers/STM32F0xx_HAL_Driver/Src/stm32f0xx_hal_spi.c ****   {
 2614              		.loc 1 1001 6 view .LVU798
 2615 0016 012B     		cmp	r3, #1
 2616 0018 00D0     		beq	.LCB2414
ARM GAS  C:\Users\ADMINI~1\AppData\Local\Temp\ccrv5aWF.s 			page 135


 2617 001a B8E0     		b	.L194	@long jump
 2618              	.LCB2414:
1007:Drivers/STM32F0xx_HAL_Driver/Src/stm32f0xx_hal_spi.c ****   {
 2619              		.loc 1 1007 3 is_stmt 1 view .LVU799
1007:Drivers/STM32F0xx_HAL_Driver/Src/stm32f0xx_hal_spi.c ****   {
 2620              		.loc 1 1007 18 is_stmt 0 view .LVU800
 2621 001c 4268     		ldr	r2, [r0, #4]
 2622              	.LVL182:
1007:Drivers/STM32F0xx_HAL_Driver/Src/stm32f0xx_hal_spi.c ****   {
 2623              		.loc 1 1007 6 view .LVU801
 2624 001e 0433     		adds	r3, r3, #4
 2625 0020 FF33     		adds	r3, r3, #255
 2626 0022 9A42     		cmp	r2, r3
 2627 0024 3DD0     		beq	.L199
 2628              	.L174:
1015:Drivers/STM32F0xx_HAL_Driver/Src/stm32f0xx_hal_spi.c **** 
 2629              		.loc 1 1015 3 is_stmt 1 view .LVU802
1015:Drivers/STM32F0xx_HAL_Driver/Src/stm32f0xx_hal_spi.c **** 
 2630              		.loc 1 1015 3 view .LVU803
 2631 0026 5C23     		movs	r3, #92
 2632 0028 E35C     		ldrb	r3, [r4, r3]
 2633 002a 012B     		cmp	r3, #1
 2634 002c 00D1     		bne	.LCB2428
 2635 002e B7E0     		b	.L195	@long jump
 2636              	.LCB2428:
1015:Drivers/STM32F0xx_HAL_Driver/Src/stm32f0xx_hal_spi.c **** 
 2637              		.loc 1 1015 3 discriminator 2 view .LVU804
 2638 0030 5C23     		movs	r3, #92
 2639 0032 0122     		movs	r2, #1
 2640 0034 E254     		strb	r2, [r4, r3]
1015:Drivers/STM32F0xx_HAL_Driver/Src/stm32f0xx_hal_spi.c **** 
 2641              		.loc 1 1015 3 view .LVU805
1018:Drivers/STM32F0xx_HAL_Driver/Src/stm32f0xx_hal_spi.c **** 
 2642              		.loc 1 1018 3 view .LVU806
1018:Drivers/STM32F0xx_HAL_Driver/Src/stm32f0xx_hal_spi.c **** 
 2643              		.loc 1 1018 15 is_stmt 0 view .LVU807
 2644 0036 FFF7FEFF 		bl	HAL_GetTick
 2645              	.LVL183:
1018:Drivers/STM32F0xx_HAL_Driver/Src/stm32f0xx_hal_spi.c **** 
 2646              		.loc 1 1018 15 view .LVU808
 2647 003a 8146     		mov	r9, r0
 2648              	.LVL184:
1020:Drivers/STM32F0xx_HAL_Driver/Src/stm32f0xx_hal_spi.c ****   {
 2649              		.loc 1 1020 3 is_stmt 1 view .LVU809
1020:Drivers/STM32F0xx_HAL_Driver/Src/stm32f0xx_hal_spi.c ****   {
 2650              		.loc 1 1020 6 is_stmt 0 view .LVU810
 2651 003c 0399     		ldr	r1, [sp, #12]
 2652 003e 0029     		cmp	r1, #0
 2653 0040 00D1     		bne	.LCB2443
 2654 0042 A5E0     		b	.L173	@long jump
 2655              	.LCB2443:
1020:Drivers/STM32F0xx_HAL_Driver/Src/stm32f0xx_hal_spi.c ****   {
 2656              		.loc 1 1020 23 discriminator 1 view .LVU811
 2657 0044 002E     		cmp	r6, #0
 2658 0046 00D1     		bne	.LCB2445
 2659 0048 A2E0     		b	.L173	@long jump
 2660              	.LCB2445:
ARM GAS  C:\Users\ADMINI~1\AppData\Local\Temp\ccrv5aWF.s 			page 136


1027:Drivers/STM32F0xx_HAL_Driver/Src/stm32f0xx_hal_spi.c ****   hspi->ErrorCode   = HAL_SPI_ERROR_NONE;
 2661              		.loc 1 1027 3 is_stmt 1 view .LVU812
1027:Drivers/STM32F0xx_HAL_Driver/Src/stm32f0xx_hal_spi.c ****   hspi->ErrorCode   = HAL_SPI_ERROR_NONE;
 2662              		.loc 1 1027 21 is_stmt 0 view .LVU813
 2663 004a 5D23     		movs	r3, #93
 2664 004c 0422     		movs	r2, #4
 2665 004e E254     		strb	r2, [r4, r3]
1028:Drivers/STM32F0xx_HAL_Driver/Src/stm32f0xx_hal_spi.c ****   hspi->pRxBuffPtr  = (uint8_t *)pData;
 2666              		.loc 1 1028 3 is_stmt 1 view .LVU814
1028:Drivers/STM32F0xx_HAL_Driver/Src/stm32f0xx_hal_spi.c ****   hspi->pRxBuffPtr  = (uint8_t *)pData;
 2667              		.loc 1 1028 21 is_stmt 0 view .LVU815
 2668 0050 0023     		movs	r3, #0
 2669 0052 2366     		str	r3, [r4, #96]
1029:Drivers/STM32F0xx_HAL_Driver/Src/stm32f0xx_hal_spi.c ****   hspi->RxXferSize  = Size;
 2670              		.loc 1 1029 3 is_stmt 1 view .LVU816
1029:Drivers/STM32F0xx_HAL_Driver/Src/stm32f0xx_hal_spi.c ****   hspi->RxXferSize  = Size;
 2671              		.loc 1 1029 21 is_stmt 0 view .LVU817
 2672 0054 2164     		str	r1, [r4, #64]
1030:Drivers/STM32F0xx_HAL_Driver/Src/stm32f0xx_hal_spi.c ****   hspi->RxXferCount = Size;
 2673              		.loc 1 1030 3 is_stmt 1 view .LVU818
1030:Drivers/STM32F0xx_HAL_Driver/Src/stm32f0xx_hal_spi.c ****   hspi->RxXferCount = Size;
 2674              		.loc 1 1030 21 is_stmt 0 view .LVU819
 2675 0056 4032     		adds	r2, r2, #64
 2676 0058 A652     		strh	r6, [r4, r2]
1031:Drivers/STM32F0xx_HAL_Driver/Src/stm32f0xx_hal_spi.c **** 
 2677              		.loc 1 1031 3 is_stmt 1 view .LVU820
1031:Drivers/STM32F0xx_HAL_Driver/Src/stm32f0xx_hal_spi.c **** 
 2678              		.loc 1 1031 21 is_stmt 0 view .LVU821
 2679 005a 0232     		adds	r2, r2, #2
 2680 005c A652     		strh	r6, [r4, r2]
1034:Drivers/STM32F0xx_HAL_Driver/Src/stm32f0xx_hal_spi.c ****   hspi->TxXferSize  = 0U;
 2681              		.loc 1 1034 3 is_stmt 1 view .LVU822
1034:Drivers/STM32F0xx_HAL_Driver/Src/stm32f0xx_hal_spi.c ****   hspi->TxXferSize  = 0U;
 2682              		.loc 1 1034 21 is_stmt 0 view .LVU823
 2683 005e A363     		str	r3, [r4, #56]
1035:Drivers/STM32F0xx_HAL_Driver/Src/stm32f0xx_hal_spi.c ****   hspi->TxXferCount = 0U;
 2684              		.loc 1 1035 3 is_stmt 1 view .LVU824
1035:Drivers/STM32F0xx_HAL_Driver/Src/stm32f0xx_hal_spi.c ****   hspi->TxXferCount = 0U;
 2685              		.loc 1 1035 21 is_stmt 0 view .LVU825
 2686 0060 A387     		strh	r3, [r4, #60]
1036:Drivers/STM32F0xx_HAL_Driver/Src/stm32f0xx_hal_spi.c ****   hspi->RxISR       = NULL;
 2687              		.loc 1 1036 3 is_stmt 1 view .LVU826
1036:Drivers/STM32F0xx_HAL_Driver/Src/stm32f0xx_hal_spi.c ****   hspi->RxISR       = NULL;
 2688              		.loc 1 1036 21 is_stmt 0 view .LVU827
 2689 0062 E387     		strh	r3, [r4, #62]
1037:Drivers/STM32F0xx_HAL_Driver/Src/stm32f0xx_hal_spi.c ****   hspi->TxISR       = NULL;
 2690              		.loc 1 1037 3 is_stmt 1 view .LVU828
1037:Drivers/STM32F0xx_HAL_Driver/Src/stm32f0xx_hal_spi.c ****   hspi->TxISR       = NULL;
 2691              		.loc 1 1037 21 is_stmt 0 view .LVU829
 2692 0064 E364     		str	r3, [r4, #76]
1038:Drivers/STM32F0xx_HAL_Driver/Src/stm32f0xx_hal_spi.c **** 
 2693              		.loc 1 1038 3 is_stmt 1 view .LVU830
1038:Drivers/STM32F0xx_HAL_Driver/Src/stm32f0xx_hal_spi.c **** 
 2694              		.loc 1 1038 21 is_stmt 0 view .LVU831
 2695 0066 2365     		str	r3, [r4, #80]
1051:Drivers/STM32F0xx_HAL_Driver/Src/stm32f0xx_hal_spi.c ****   {
 2696              		.loc 1 1051 3 is_stmt 1 view .LVU832
ARM GAS  C:\Users\ADMINI~1\AppData\Local\Temp\ccrv5aWF.s 			page 137


1051:Drivers/STM32F0xx_HAL_Driver/Src/stm32f0xx_hal_spi.c ****   {
 2697              		.loc 1 1051 17 is_stmt 0 view .LVU833
 2698 0068 E268     		ldr	r2, [r4, #12]
1051:Drivers/STM32F0xx_HAL_Driver/Src/stm32f0xx_hal_spi.c ****   {
 2699              		.loc 1 1051 6 view .LVU834
 2700 006a E023     		movs	r3, #224
 2701 006c DB00     		lsls	r3, r3, #3
 2702 006e 9A42     		cmp	r2, r3
 2703 0070 24D9     		bls	.L176
1054:Drivers/STM32F0xx_HAL_Driver/Src/stm32f0xx_hal_spi.c ****   }
 2704              		.loc 1 1054 5 is_stmt 1 view .LVU835
 2705 0072 2268     		ldr	r2, [r4]
 2706 0074 5368     		ldr	r3, [r2, #4]
 2707 0076 4B49     		ldr	r1, .L201
 2708 0078 0B40     		ands	r3, r1
 2709 007a 5360     		str	r3, [r2, #4]
 2710              	.L177:
1063:Drivers/STM32F0xx_HAL_Driver/Src/stm32f0xx_hal_spi.c ****   {
 2711              		.loc 1 1063 3 view .LVU836
1063:Drivers/STM32F0xx_HAL_Driver/Src/stm32f0xx_hal_spi.c ****   {
 2712              		.loc 1 1063 17 is_stmt 0 view .LVU837
 2713 007c A268     		ldr	r2, [r4, #8]
1063:Drivers/STM32F0xx_HAL_Driver/Src/stm32f0xx_hal_spi.c ****   {
 2714              		.loc 1 1063 6 view .LVU838
 2715 007e 8023     		movs	r3, #128
 2716 0080 1B02     		lsls	r3, r3, #8
 2717 0082 9A42     		cmp	r2, r3
 2718 0084 21D0     		beq	.L200
 2719              	.L178:
1071:Drivers/STM32F0xx_HAL_Driver/Src/stm32f0xx_hal_spi.c ****   {
 2720              		.loc 1 1071 3 is_stmt 1 view .LVU839
1071:Drivers/STM32F0xx_HAL_Driver/Src/stm32f0xx_hal_spi.c ****   {
 2721              		.loc 1 1071 12 is_stmt 0 view .LVU840
 2722 0086 2268     		ldr	r2, [r4]
1071:Drivers/STM32F0xx_HAL_Driver/Src/stm32f0xx_hal_spi.c ****   {
 2723              		.loc 1 1071 22 view .LVU841
 2724 0088 1368     		ldr	r3, [r2]
1071:Drivers/STM32F0xx_HAL_Driver/Src/stm32f0xx_hal_spi.c ****   {
 2725              		.loc 1 1071 6 view .LVU842
 2726 008a 5B06     		lsls	r3, r3, #25
 2727 008c 03D4     		bmi	.L179
1074:Drivers/STM32F0xx_HAL_Driver/Src/stm32f0xx_hal_spi.c ****   }
 2728              		.loc 1 1074 5 is_stmt 1 view .LVU843
 2729 008e 1368     		ldr	r3, [r2]
 2730 0090 4021     		movs	r1, #64
 2731 0092 0B43     		orrs	r3, r1
 2732 0094 1360     		str	r3, [r2]
 2733              	.L179:
1078:Drivers/STM32F0xx_HAL_Driver/Src/stm32f0xx_hal_spi.c ****   {
 2734              		.loc 1 1078 3 view .LVU844
1078:Drivers/STM32F0xx_HAL_Driver/Src/stm32f0xx_hal_spi.c ****   {
 2735              		.loc 1 1078 17 is_stmt 0 view .LVU845
 2736 0096 E268     		ldr	r2, [r4, #12]
1078:Drivers/STM32F0xx_HAL_Driver/Src/stm32f0xx_hal_spi.c ****   {
 2737              		.loc 1 1078 6 view .LVU846
 2738 0098 E023     		movs	r3, #224
 2739 009a DB00     		lsls	r3, r3, #3
ARM GAS  C:\Users\ADMINI~1\AppData\Local\Temp\ccrv5aWF.s 			page 138


 2740 009c 9A42     		cmp	r2, r3
 2741 009e 29D9     		bls	.L180
 2742 00a0 4BE0     		b	.L181
 2743              	.LVL185:
 2744              	.L199:
1007:Drivers/STM32F0xx_HAL_Driver/Src/stm32f0xx_hal_spi.c ****   {
 2745              		.loc 1 1007 58 discriminator 1 view .LVU847
 2746 00a2 8368     		ldr	r3, [r0, #8]
1007:Drivers/STM32F0xx_HAL_Driver/Src/stm32f0xx_hal_spi.c ****   {
 2747              		.loc 1 1007 44 discriminator 1 view .LVU848
 2748 00a4 002B     		cmp	r3, #0
 2749 00a6 BED1     		bne	.L174
1009:Drivers/STM32F0xx_HAL_Driver/Src/stm32f0xx_hal_spi.c ****     /* Call transmit-receive function to send Dummy data on Tx line and generate clock on CLK line 
 2750              		.loc 1 1009 5 is_stmt 1 view .LVU849
1009:Drivers/STM32F0xx_HAL_Driver/Src/stm32f0xx_hal_spi.c ****     /* Call transmit-receive function to send Dummy data on Tx line and generate clock on CLK line 
 2751              		.loc 1 1009 17 is_stmt 0 view .LVU850
 2752 00a8 5D33     		adds	r3, r3, #93
 2753 00aa 0422     		movs	r2, #4
 2754 00ac C254     		strb	r2, [r0, r3]
1011:Drivers/STM32F0xx_HAL_Driver/Src/stm32f0xx_hal_spi.c ****   }
 2755              		.loc 1 1011 5 is_stmt 1 view .LVU851
1011:Drivers/STM32F0xx_HAL_Driver/Src/stm32f0xx_hal_spi.c ****   }
 2756              		.loc 1 1011 12 is_stmt 0 view .LVU852
 2757 00ae 0095     		str	r5, [sp]
 2758 00b0 3300     		movs	r3, r6
 2759 00b2 0A00     		movs	r2, r1
 2760 00b4 FFF7FEFF 		bl	HAL_SPI_TransmitReceive
 2761              	.LVL186:
1011:Drivers/STM32F0xx_HAL_Driver/Src/stm32f0xx_hal_spi.c ****   }
 2762              		.loc 1 1011 12 view .LVU853
 2763 00b8 0700     		movs	r7, r0
 2764 00ba 6CE0     		b	.L175
 2765              	.LVL187:
 2766              	.L176:
1059:Drivers/STM32F0xx_HAL_Driver/Src/stm32f0xx_hal_spi.c ****   }
 2767              		.loc 1 1059 5 is_stmt 1 view .LVU854
 2768 00bc 2268     		ldr	r2, [r4]
 2769 00be 5168     		ldr	r1, [r2, #4]
 2770 00c0 8023     		movs	r3, #128
 2771 00c2 5B01     		lsls	r3, r3, #5
 2772 00c4 0B43     		orrs	r3, r1
 2773 00c6 5360     		str	r3, [r2, #4]
 2774 00c8 D8E7     		b	.L177
 2775              	.L200:
1066:Drivers/STM32F0xx_HAL_Driver/Src/stm32f0xx_hal_spi.c ****     SPI_1LINE_RX(hspi);
 2776              		.loc 1 1066 5 view .LVU855
 2777 00ca 2268     		ldr	r2, [r4]
 2778 00cc 1368     		ldr	r3, [r2]
 2779 00ce 4021     		movs	r1, #64
 2780 00d0 8B43     		bics	r3, r1
 2781 00d2 1360     		str	r3, [r2]
1067:Drivers/STM32F0xx_HAL_Driver/Src/stm32f0xx_hal_spi.c ****   }
 2782              		.loc 1 1067 5 view .LVU856
 2783 00d4 2268     		ldr	r2, [r4]
 2784 00d6 1368     		ldr	r3, [r2]
 2785 00d8 3349     		ldr	r1, .L201+4
 2786 00da 0B40     		ands	r3, r1
ARM GAS  C:\Users\ADMINI~1\AppData\Local\Temp\ccrv5aWF.s 			page 139


 2787 00dc 1360     		str	r3, [r2]
 2788 00de D2E7     		b	.L178
 2789              	.LVL188:
 2790              	.L182:
1094:Drivers/STM32F0xx_HAL_Driver/Src/stm32f0xx_hal_spi.c ****         {
 2791              		.loc 1 1094 9 view .LVU857
1094:Drivers/STM32F0xx_HAL_Driver/Src/stm32f0xx_hal_spi.c ****         {
 2792              		.loc 1 1094 16 is_stmt 0 view .LVU858
 2793 00e0 FFF7FEFF 		bl	HAL_GetTick
 2794              	.LVL189:
1094:Drivers/STM32F0xx_HAL_Driver/Src/stm32f0xx_hal_spi.c ****         {
 2795              		.loc 1 1094 30 discriminator 1 view .LVU859
 2796 00e4 4B46     		mov	r3, r9
 2797 00e6 C01A     		subs	r0, r0, r3
1094:Drivers/STM32F0xx_HAL_Driver/Src/stm32f0xx_hal_spi.c ****         {
 2798              		.loc 1 1094 12 discriminator 1 view .LVU860
 2799 00e8 A842     		cmp	r0, r5
 2800 00ea 01D3     		bcc	.L184
 2801              	.LVL190:
1094:Drivers/STM32F0xx_HAL_Driver/Src/stm32f0xx_hal_spi.c ****         {
 2802              		.loc 1 1094 56 discriminator 1 view .LVU861
 2803 00ec 6B1C     		adds	r3, r5, #1
 2804 00ee 15D1     		bne	.L185
 2805              	.LVL191:
 2806              	.L184:
1094:Drivers/STM32F0xx_HAL_Driver/Src/stm32f0xx_hal_spi.c ****         {
 2807              		.loc 1 1094 87 discriminator 3 view .LVU862
 2808 00f0 002D     		cmp	r5, #0
 2809 00f2 13D0     		beq	.L185
 2810              	.L180:
1081:Drivers/STM32F0xx_HAL_Driver/Src/stm32f0xx_hal_spi.c ****     {
 2811              		.loc 1 1081 30 is_stmt 1 view .LVU863
1081:Drivers/STM32F0xx_HAL_Driver/Src/stm32f0xx_hal_spi.c ****     {
 2812              		.loc 1 1081 16 is_stmt 0 view .LVU864
 2813 00f4 4623     		movs	r3, #70
 2814 00f6 E35A     		ldrh	r3, [r4, r3]
1081:Drivers/STM32F0xx_HAL_Driver/Src/stm32f0xx_hal_spi.c ****     {
 2815              		.loc 1 1081 30 view .LVU865
 2816 00f8 002B     		cmp	r3, #0
 2817 00fa 37D0     		beq	.L187
1084:Drivers/STM32F0xx_HAL_Driver/Src/stm32f0xx_hal_spi.c ****       {
 2818              		.loc 1 1084 7 is_stmt 1 view .LVU866
1084:Drivers/STM32F0xx_HAL_Driver/Src/stm32f0xx_hal_spi.c ****       {
 2819              		.loc 1 1084 11 is_stmt 0 view .LVU867
 2820 00fc 2268     		ldr	r2, [r4]
 2821 00fe 9368     		ldr	r3, [r2, #8]
1084:Drivers/STM32F0xx_HAL_Driver/Src/stm32f0xx_hal_spi.c ****       {
 2822              		.loc 1 1084 10 view .LVU868
 2823 0100 DB07     		lsls	r3, r3, #31
 2824 0102 EDD5     		bpl	.L182
1087:Drivers/STM32F0xx_HAL_Driver/Src/stm32f0xx_hal_spi.c ****         hspi->pRxBuffPtr += sizeof(uint8_t);
 2825              		.loc 1 1087 9 is_stmt 1 view .LVU869
1087:Drivers/STM32F0xx_HAL_Driver/Src/stm32f0xx_hal_spi.c ****         hspi->pRxBuffPtr += sizeof(uint8_t);
 2826              		.loc 1 1087 27 is_stmt 0 view .LVU870
 2827 0104 236C     		ldr	r3, [r4, #64]
1087:Drivers/STM32F0xx_HAL_Driver/Src/stm32f0xx_hal_spi.c ****         hspi->pRxBuffPtr += sizeof(uint8_t);
 2828              		.loc 1 1087 43 view .LVU871
ARM GAS  C:\Users\ADMINI~1\AppData\Local\Temp\ccrv5aWF.s 			page 140


 2829 0106 127B     		ldrb	r2, [r2, #12]
1087:Drivers/STM32F0xx_HAL_Driver/Src/stm32f0xx_hal_spi.c ****         hspi->pRxBuffPtr += sizeof(uint8_t);
 2830              		.loc 1 1087 41 view .LVU872
 2831 0108 1A70     		strb	r2, [r3]
1088:Drivers/STM32F0xx_HAL_Driver/Src/stm32f0xx_hal_spi.c ****         hspi->RxXferCount--;
 2832              		.loc 1 1088 9 is_stmt 1 view .LVU873
1088:Drivers/STM32F0xx_HAL_Driver/Src/stm32f0xx_hal_spi.c ****         hspi->RxXferCount--;
 2833              		.loc 1 1088 13 is_stmt 0 view .LVU874
 2834 010a 236C     		ldr	r3, [r4, #64]
1088:Drivers/STM32F0xx_HAL_Driver/Src/stm32f0xx_hal_spi.c ****         hspi->RxXferCount--;
 2835              		.loc 1 1088 26 view .LVU875
 2836 010c 0133     		adds	r3, r3, #1
 2837 010e 2364     		str	r3, [r4, #64]
1089:Drivers/STM32F0xx_HAL_Driver/Src/stm32f0xx_hal_spi.c ****       }
 2838              		.loc 1 1089 9 is_stmt 1 view .LVU876
1089:Drivers/STM32F0xx_HAL_Driver/Src/stm32f0xx_hal_spi.c ****       }
 2839              		.loc 1 1089 13 is_stmt 0 view .LVU877
 2840 0110 4622     		movs	r2, #70
 2841 0112 A35A     		ldrh	r3, [r4, r2]
1089:Drivers/STM32F0xx_HAL_Driver/Src/stm32f0xx_hal_spi.c ****       }
 2842              		.loc 1 1089 26 view .LVU878
 2843 0114 013B     		subs	r3, r3, #1
 2844 0116 9BB2     		uxth	r3, r3
 2845 0118 A352     		strh	r3, [r4, r2]
 2846 011a EBE7     		b	.L180
 2847              	.L185:
1096:Drivers/STM32F0xx_HAL_Driver/Src/stm32f0xx_hal_spi.c ****           hspi->State = HAL_SPI_STATE_READY;
 2848              		.loc 1 1096 11 is_stmt 1 view .LVU879
 2849              	.LVL192:
1097:Drivers/STM32F0xx_HAL_Driver/Src/stm32f0xx_hal_spi.c ****           goto error;
 2850              		.loc 1 1097 11 view .LVU880
1097:Drivers/STM32F0xx_HAL_Driver/Src/stm32f0xx_hal_spi.c ****           goto error;
 2851              		.loc 1 1097 23 is_stmt 0 view .LVU881
 2852 011c 5D23     		movs	r3, #93
 2853 011e 0122     		movs	r2, #1
 2854 0120 E254     		strb	r2, [r4, r3]
1098:Drivers/STM32F0xx_HAL_Driver/Src/stm32f0xx_hal_spi.c ****         }
 2855              		.loc 1 1098 11 is_stmt 1 view .LVU882
1096:Drivers/STM32F0xx_HAL_Driver/Src/stm32f0xx_hal_spi.c ****           hspi->State = HAL_SPI_STATE_READY;
 2856              		.loc 1 1096 21 is_stmt 0 view .LVU883
 2857 0122 0327     		movs	r7, #3
1098:Drivers/STM32F0xx_HAL_Driver/Src/stm32f0xx_hal_spi.c ****         }
 2858              		.loc 1 1098 11 view .LVU884
 2859 0124 34E0     		b	.L173
 2860              	.LVL193:
 2861              	.L188:
1118:Drivers/STM32F0xx_HAL_Driver/Src/stm32f0xx_hal_spi.c ****         {
 2862              		.loc 1 1118 9 is_stmt 1 view .LVU885
1118:Drivers/STM32F0xx_HAL_Driver/Src/stm32f0xx_hal_spi.c ****         {
 2863              		.loc 1 1118 16 is_stmt 0 view .LVU886
 2864 0126 FFF7FEFF 		bl	HAL_GetTick
 2865              	.LVL194:
1118:Drivers/STM32F0xx_HAL_Driver/Src/stm32f0xx_hal_spi.c ****         {
 2866              		.loc 1 1118 30 discriminator 1 view .LVU887
 2867 012a 4B46     		mov	r3, r9
 2868 012c C01A     		subs	r0, r0, r3
1118:Drivers/STM32F0xx_HAL_Driver/Src/stm32f0xx_hal_spi.c ****         {
ARM GAS  C:\Users\ADMINI~1\AppData\Local\Temp\ccrv5aWF.s 			page 141


 2869              		.loc 1 1118 12 discriminator 1 view .LVU888
 2870 012e A842     		cmp	r0, r5
 2871 0130 01D3     		bcc	.L190
 2872              	.LVL195:
1118:Drivers/STM32F0xx_HAL_Driver/Src/stm32f0xx_hal_spi.c ****         {
 2873              		.loc 1 1118 56 discriminator 1 view .LVU889
 2874 0132 6B1C     		adds	r3, r5, #1
 2875 0134 15D1     		bne	.L191
 2876              	.LVL196:
 2877              	.L190:
1118:Drivers/STM32F0xx_HAL_Driver/Src/stm32f0xx_hal_spi.c ****         {
 2878              		.loc 1 1118 87 discriminator 3 view .LVU890
 2879 0136 002D     		cmp	r5, #0
 2880 0138 13D0     		beq	.L191
 2881              	.L181:
1106:Drivers/STM32F0xx_HAL_Driver/Src/stm32f0xx_hal_spi.c ****     {
 2882              		.loc 1 1106 30 is_stmt 1 view .LVU891
1106:Drivers/STM32F0xx_HAL_Driver/Src/stm32f0xx_hal_spi.c ****     {
 2883              		.loc 1 1106 16 is_stmt 0 view .LVU892
 2884 013a 4623     		movs	r3, #70
 2885 013c E35A     		ldrh	r3, [r4, r3]
1106:Drivers/STM32F0xx_HAL_Driver/Src/stm32f0xx_hal_spi.c ****     {
 2886              		.loc 1 1106 30 view .LVU893
 2887 013e 002B     		cmp	r3, #0
 2888 0140 14D0     		beq	.L187
1109:Drivers/STM32F0xx_HAL_Driver/Src/stm32f0xx_hal_spi.c ****       {
 2889              		.loc 1 1109 7 is_stmt 1 view .LVU894
1109:Drivers/STM32F0xx_HAL_Driver/Src/stm32f0xx_hal_spi.c ****       {
 2890              		.loc 1 1109 11 is_stmt 0 view .LVU895
 2891 0142 2268     		ldr	r2, [r4]
 2892 0144 9368     		ldr	r3, [r2, #8]
1109:Drivers/STM32F0xx_HAL_Driver/Src/stm32f0xx_hal_spi.c ****       {
 2893              		.loc 1 1109 10 view .LVU896
 2894 0146 DB07     		lsls	r3, r3, #31
 2895 0148 EDD5     		bpl	.L188
1111:Drivers/STM32F0xx_HAL_Driver/Src/stm32f0xx_hal_spi.c ****         hspi->pRxBuffPtr += sizeof(uint16_t);
 2896              		.loc 1 1111 9 is_stmt 1 view .LVU897
1111:Drivers/STM32F0xx_HAL_Driver/Src/stm32f0xx_hal_spi.c ****         hspi->pRxBuffPtr += sizeof(uint16_t);
 2897              		.loc 1 1111 67 is_stmt 0 view .LVU898
 2898 014a D268     		ldr	r2, [r2, #12]
1111:Drivers/STM32F0xx_HAL_Driver/Src/stm32f0xx_hal_spi.c ****         hspi->pRxBuffPtr += sizeof(uint16_t);
 2899              		.loc 1 1111 27 view .LVU899
 2900 014c 236C     		ldr	r3, [r4, #64]
1111:Drivers/STM32F0xx_HAL_Driver/Src/stm32f0xx_hal_spi.c ****         hspi->pRxBuffPtr += sizeof(uint16_t);
 2901              		.loc 1 1111 41 view .LVU900
 2902 014e 1A80     		strh	r2, [r3]
1112:Drivers/STM32F0xx_HAL_Driver/Src/stm32f0xx_hal_spi.c ****         hspi->RxXferCount--;
 2903              		.loc 1 1112 9 is_stmt 1 view .LVU901
1112:Drivers/STM32F0xx_HAL_Driver/Src/stm32f0xx_hal_spi.c ****         hspi->RxXferCount--;
 2904              		.loc 1 1112 13 is_stmt 0 view .LVU902
 2905 0150 236C     		ldr	r3, [r4, #64]
1112:Drivers/STM32F0xx_HAL_Driver/Src/stm32f0xx_hal_spi.c ****         hspi->RxXferCount--;
 2906              		.loc 1 1112 26 view .LVU903
 2907 0152 0233     		adds	r3, r3, #2
 2908 0154 2364     		str	r3, [r4, #64]
1113:Drivers/STM32F0xx_HAL_Driver/Src/stm32f0xx_hal_spi.c ****       }
 2909              		.loc 1 1113 9 is_stmt 1 view .LVU904
ARM GAS  C:\Users\ADMINI~1\AppData\Local\Temp\ccrv5aWF.s 			page 142


1113:Drivers/STM32F0xx_HAL_Driver/Src/stm32f0xx_hal_spi.c ****       }
 2910              		.loc 1 1113 13 is_stmt 0 view .LVU905
 2911 0156 4623     		movs	r3, #70
 2912 0158 E25A     		ldrh	r2, [r4, r3]
1113:Drivers/STM32F0xx_HAL_Driver/Src/stm32f0xx_hal_spi.c ****       }
 2913              		.loc 1 1113 26 view .LVU906
 2914 015a 013A     		subs	r2, r2, #1
 2915 015c 92B2     		uxth	r2, r2
 2916 015e E252     		strh	r2, [r4, r3]
 2917 0160 EBE7     		b	.L181
 2918              	.L191:
1120:Drivers/STM32F0xx_HAL_Driver/Src/stm32f0xx_hal_spi.c ****           hspi->State = HAL_SPI_STATE_READY;
 2919              		.loc 1 1120 11 is_stmt 1 view .LVU907
 2920              	.LVL197:
1121:Drivers/STM32F0xx_HAL_Driver/Src/stm32f0xx_hal_spi.c ****           goto error;
 2921              		.loc 1 1121 11 view .LVU908
1121:Drivers/STM32F0xx_HAL_Driver/Src/stm32f0xx_hal_spi.c ****           goto error;
 2922              		.loc 1 1121 23 is_stmt 0 view .LVU909
 2923 0162 5D23     		movs	r3, #93
 2924 0164 0122     		movs	r2, #1
 2925 0166 E254     		strb	r2, [r4, r3]
1122:Drivers/STM32F0xx_HAL_Driver/Src/stm32f0xx_hal_spi.c ****         }
 2926              		.loc 1 1122 11 is_stmt 1 view .LVU910
1120:Drivers/STM32F0xx_HAL_Driver/Src/stm32f0xx_hal_spi.c ****           hspi->State = HAL_SPI_STATE_READY;
 2927              		.loc 1 1120 21 is_stmt 0 view .LVU911
 2928 0168 0327     		movs	r7, #3
1122:Drivers/STM32F0xx_HAL_Driver/Src/stm32f0xx_hal_spi.c ****         }
 2929              		.loc 1 1122 11 view .LVU912
 2930 016a 11E0     		b	.L173
 2931              	.LVL198:
 2932              	.L187:
1198:Drivers/STM32F0xx_HAL_Driver/Src/stm32f0xx_hal_spi.c ****   {
 2933              		.loc 1 1198 3 is_stmt 1 view .LVU913
1198:Drivers/STM32F0xx_HAL_Driver/Src/stm32f0xx_hal_spi.c ****   {
 2934              		.loc 1 1198 7 is_stmt 0 view .LVU914
 2935 016c 4A46     		mov	r2, r9
 2936 016e 2900     		movs	r1, r5
 2937 0170 2000     		movs	r0, r4
 2938 0172 FFF7FEFF 		bl	SPI_EndRxTransaction
 2939              	.LVL199:
1198:Drivers/STM32F0xx_HAL_Driver/Src/stm32f0xx_hal_spi.c ****   {
 2940              		.loc 1 1198 6 discriminator 1 view .LVU915
 2941 0176 0028     		cmp	r0, #0
 2942 0178 01D0     		beq	.L193
1200:Drivers/STM32F0xx_HAL_Driver/Src/stm32f0xx_hal_spi.c ****   }
 2943              		.loc 1 1200 5 is_stmt 1 view .LVU916
1200:Drivers/STM32F0xx_HAL_Driver/Src/stm32f0xx_hal_spi.c ****   }
 2944              		.loc 1 1200 21 is_stmt 0 view .LVU917
 2945 017a 2023     		movs	r3, #32
 2946 017c 2366     		str	r3, [r4, #96]
 2947              	.L193:
1212:Drivers/STM32F0xx_HAL_Driver/Src/stm32f0xx_hal_spi.c ****   {
 2948              		.loc 1 1212 3 is_stmt 1 view .LVU918
1212:Drivers/STM32F0xx_HAL_Driver/Src/stm32f0xx_hal_spi.c ****   {
 2949              		.loc 1 1212 11 is_stmt 0 view .LVU919
 2950 017e 236E     		ldr	r3, [r4, #96]
1212:Drivers/STM32F0xx_HAL_Driver/Src/stm32f0xx_hal_spi.c ****   {
ARM GAS  C:\Users\ADMINI~1\AppData\Local\Temp\ccrv5aWF.s 			page 143


 2951              		.loc 1 1212 6 view .LVU920
 2952 0180 002B     		cmp	r3, #0
 2953 0182 05D1     		bne	.L173
1218:Drivers/STM32F0xx_HAL_Driver/Src/stm32f0xx_hal_spi.c ****   }
 2954              		.loc 1 1218 5 is_stmt 1 view .LVU921
1218:Drivers/STM32F0xx_HAL_Driver/Src/stm32f0xx_hal_spi.c ****   }
 2955              		.loc 1 1218 17 is_stmt 0 view .LVU922
 2956 0184 5D33     		adds	r3, r3, #93
 2957 0186 0122     		movs	r2, #1
 2958 0188 E254     		strb	r2, [r4, r3]
 999:Drivers/STM32F0xx_HAL_Driver/Src/stm32f0xx_hal_spi.c **** 
 2959              		.loc 1 999 21 view .LVU923
 2960 018a 0027     		movs	r7, #0
 2961 018c 00E0     		b	.L173
 2962              	.LVL200:
 2963              	.L194:
1003:Drivers/STM32F0xx_HAL_Driver/Src/stm32f0xx_hal_spi.c ****     goto error;
 2964              		.loc 1 1003 15 view .LVU924
 2965 018e 0227     		movs	r7, #2
 2966              	.LVL201:
 2967              	.L173:
1222:Drivers/STM32F0xx_HAL_Driver/Src/stm32f0xx_hal_spi.c ****   return errorcode;
 2968              		.loc 1 1222 3 is_stmt 1 view .LVU925
1222:Drivers/STM32F0xx_HAL_Driver/Src/stm32f0xx_hal_spi.c ****   return errorcode;
 2969              		.loc 1 1222 3 view .LVU926
 2970 0190 5C23     		movs	r3, #92
 2971 0192 0022     		movs	r2, #0
 2972 0194 E254     		strb	r2, [r4, r3]
1222:Drivers/STM32F0xx_HAL_Driver/Src/stm32f0xx_hal_spi.c ****   return errorcode;
 2973              		.loc 1 1222 3 view .LVU927
1223:Drivers/STM32F0xx_HAL_Driver/Src/stm32f0xx_hal_spi.c **** }
 2974              		.loc 1 1223 3 view .LVU928
 2975              	.LVL202:
 2976              	.L175:
1224:Drivers/STM32F0xx_HAL_Driver/Src/stm32f0xx_hal_spi.c **** 
 2977              		.loc 1 1224 1 is_stmt 0 view .LVU929
 2978 0196 3800     		movs	r0, r7
 2979 0198 04B0     		add	sp, sp, #16
 2980              		@ sp needed
 2981              	.LVL203:
 2982              	.LVL204:
 2983              	.LVL205:
1224:Drivers/STM32F0xx_HAL_Driver/Src/stm32f0xx_hal_spi.c **** 
 2984              		.loc 1 1224 1 view .LVU930
 2985 019a 80BC     		pop	{r7}
 2986 019c B946     		mov	r9, r7
 2987 019e F0BD     		pop	{r4, r5, r6, r7, pc}
 2988              	.LVL206:
 2989              	.L195:
1015:Drivers/STM32F0xx_HAL_Driver/Src/stm32f0xx_hal_spi.c **** 
 2990              		.loc 1 1015 3 discriminator 1 view .LVU931
 2991 01a0 0227     		movs	r7, #2
 2992 01a2 F8E7     		b	.L175
 2993              	.L202:
 2994              		.align	2
 2995              	.L201:
 2996 01a4 FFEFFFFF 		.word	-4097
ARM GAS  C:\Users\ADMINI~1\AppData\Local\Temp\ccrv5aWF.s 			page 144


 2997 01a8 FFBFFFFF 		.word	-16385
 2998              		.cfi_endproc
 2999              	.LFE45:
 3001              		.section	.text.HAL_SPI_Transmit_IT,"ax",%progbits
 3002              		.align	1
 3003              		.global	HAL_SPI_Transmit_IT
 3004              		.syntax unified
 3005              		.code	16
 3006              		.thumb_func
 3008              	HAL_SPI_Transmit_IT:
 3009              	.LVL207:
 3010              	.LFB47:
1549:Drivers/STM32F0xx_HAL_Driver/Src/stm32f0xx_hal_spi.c ****   HAL_StatusTypeDef errorcode = HAL_OK;
 3011              		.loc 1 1549 1 is_stmt 1 view -0
 3012              		.cfi_startproc
 3013              		@ args = 0, pretend = 0, frame = 0
 3014              		@ frame_needed = 0, uses_anonymous_args = 0
1549:Drivers/STM32F0xx_HAL_Driver/Src/stm32f0xx_hal_spi.c ****   HAL_StatusTypeDef errorcode = HAL_OK;
 3015              		.loc 1 1549 1 is_stmt 0 view .LVU933
 3016 0000 10B5     		push	{r4, lr}
 3017              		.cfi_def_cfa_offset 8
 3018              		.cfi_offset 4, -8
 3019              		.cfi_offset 14, -4
1550:Drivers/STM32F0xx_HAL_Driver/Src/stm32f0xx_hal_spi.c **** 
 3020              		.loc 1 1550 3 is_stmt 1 view .LVU934
 3021              	.LVL208:
1553:Drivers/STM32F0xx_HAL_Driver/Src/stm32f0xx_hal_spi.c **** 
 3022              		.loc 1 1553 3 view .LVU935
1556:Drivers/STM32F0xx_HAL_Driver/Src/stm32f0xx_hal_spi.c ****   {
 3023              		.loc 1 1556 3 view .LVU936
1556:Drivers/STM32F0xx_HAL_Driver/Src/stm32f0xx_hal_spi.c ****   {
 3024              		.loc 1 1556 6 is_stmt 0 view .LVU937
 3025 0002 0029     		cmp	r1, #0
 3026 0004 47D0     		beq	.L209
1556:Drivers/STM32F0xx_HAL_Driver/Src/stm32f0xx_hal_spi.c ****   {
 3027              		.loc 1 1556 23 discriminator 1 view .LVU938
 3028 0006 002A     		cmp	r2, #0
 3029 0008 47D0     		beq	.L210
1562:Drivers/STM32F0xx_HAL_Driver/Src/stm32f0xx_hal_spi.c ****   {
 3030              		.loc 1 1562 3 is_stmt 1 view .LVU939
1562:Drivers/STM32F0xx_HAL_Driver/Src/stm32f0xx_hal_spi.c ****   {
 3031              		.loc 1 1562 11 is_stmt 0 view .LVU940
 3032 000a 5D23     		movs	r3, #93
 3033 000c C35C     		ldrb	r3, [r0, r3]
1562:Drivers/STM32F0xx_HAL_Driver/Src/stm32f0xx_hal_spi.c ****   {
 3034              		.loc 1 1562 6 view .LVU941
 3035 000e 012B     		cmp	r3, #1
 3036 0010 45D1     		bne	.L211
1569:Drivers/STM32F0xx_HAL_Driver/Src/stm32f0xx_hal_spi.c **** 
 3037              		.loc 1 1569 3 is_stmt 1 view .LVU942
1569:Drivers/STM32F0xx_HAL_Driver/Src/stm32f0xx_hal_spi.c **** 
 3038              		.loc 1 1569 3 view .LVU943
 3039 0012 5B33     		adds	r3, r3, #91
 3040 0014 C35C     		ldrb	r3, [r0, r3]
 3041 0016 012B     		cmp	r3, #1
 3042 0018 43D0     		beq	.L212
1569:Drivers/STM32F0xx_HAL_Driver/Src/stm32f0xx_hal_spi.c **** 
ARM GAS  C:\Users\ADMINI~1\AppData\Local\Temp\ccrv5aWF.s 			page 145


 3043              		.loc 1 1569 3 discriminator 2 view .LVU944
 3044 001a 5C23     		movs	r3, #92
 3045 001c 0124     		movs	r4, #1
 3046 001e C454     		strb	r4, [r0, r3]
1569:Drivers/STM32F0xx_HAL_Driver/Src/stm32f0xx_hal_spi.c **** 
 3047              		.loc 1 1569 3 view .LVU945
1572:Drivers/STM32F0xx_HAL_Driver/Src/stm32f0xx_hal_spi.c ****   hspi->ErrorCode   = HAL_SPI_ERROR_NONE;
 3048              		.loc 1 1572 3 view .LVU946
1572:Drivers/STM32F0xx_HAL_Driver/Src/stm32f0xx_hal_spi.c ****   hspi->ErrorCode   = HAL_SPI_ERROR_NONE;
 3049              		.loc 1 1572 21 is_stmt 0 view .LVU947
 3050 0020 0133     		adds	r3, r3, #1
 3051 0022 0234     		adds	r4, r4, #2
 3052 0024 C454     		strb	r4, [r0, r3]
1573:Drivers/STM32F0xx_HAL_Driver/Src/stm32f0xx_hal_spi.c ****   hspi->pTxBuffPtr  = (uint8_t *)pData;
 3053              		.loc 1 1573 3 is_stmt 1 view .LVU948
1573:Drivers/STM32F0xx_HAL_Driver/Src/stm32f0xx_hal_spi.c ****   hspi->pTxBuffPtr  = (uint8_t *)pData;
 3054              		.loc 1 1573 21 is_stmt 0 view .LVU949
 3055 0026 0023     		movs	r3, #0
 3056 0028 0366     		str	r3, [r0, #96]
1574:Drivers/STM32F0xx_HAL_Driver/Src/stm32f0xx_hal_spi.c ****   hspi->TxXferSize  = Size;
 3057              		.loc 1 1574 3 is_stmt 1 view .LVU950
1574:Drivers/STM32F0xx_HAL_Driver/Src/stm32f0xx_hal_spi.c ****   hspi->TxXferSize  = Size;
 3058              		.loc 1 1574 21 is_stmt 0 view .LVU951
 3059 002a 8163     		str	r1, [r0, #56]
1575:Drivers/STM32F0xx_HAL_Driver/Src/stm32f0xx_hal_spi.c ****   hspi->TxXferCount = Size;
 3060              		.loc 1 1575 3 is_stmt 1 view .LVU952
1575:Drivers/STM32F0xx_HAL_Driver/Src/stm32f0xx_hal_spi.c ****   hspi->TxXferCount = Size;
 3061              		.loc 1 1575 21 is_stmt 0 view .LVU953
 3062 002c 8287     		strh	r2, [r0, #60]
1576:Drivers/STM32F0xx_HAL_Driver/Src/stm32f0xx_hal_spi.c **** 
 3063              		.loc 1 1576 3 is_stmt 1 view .LVU954
1576:Drivers/STM32F0xx_HAL_Driver/Src/stm32f0xx_hal_spi.c **** 
 3064              		.loc 1 1576 21 is_stmt 0 view .LVU955
 3065 002e C287     		strh	r2, [r0, #62]
1579:Drivers/STM32F0xx_HAL_Driver/Src/stm32f0xx_hal_spi.c ****   hspi->RxXferSize  = 0U;
 3066              		.loc 1 1579 3 is_stmt 1 view .LVU956
1579:Drivers/STM32F0xx_HAL_Driver/Src/stm32f0xx_hal_spi.c ****   hspi->RxXferSize  = 0U;
 3067              		.loc 1 1579 21 is_stmt 0 view .LVU957
 3068 0030 0364     		str	r3, [r0, #64]
1580:Drivers/STM32F0xx_HAL_Driver/Src/stm32f0xx_hal_spi.c ****   hspi->RxXferCount = 0U;
 3069              		.loc 1 1580 3 is_stmt 1 view .LVU958
1580:Drivers/STM32F0xx_HAL_Driver/Src/stm32f0xx_hal_spi.c ****   hspi->RxXferCount = 0U;
 3070              		.loc 1 1580 21 is_stmt 0 view .LVU959
 3071 0032 4422     		movs	r2, #68
 3072              	.LVL209:
1580:Drivers/STM32F0xx_HAL_Driver/Src/stm32f0xx_hal_spi.c ****   hspi->RxXferCount = 0U;
 3073              		.loc 1 1580 21 view .LVU960
 3074 0034 8352     		strh	r3, [r0, r2]
 3075              	.LVL210:
1581:Drivers/STM32F0xx_HAL_Driver/Src/stm32f0xx_hal_spi.c ****   hspi->RxISR       = NULL;
 3076              		.loc 1 1581 3 is_stmt 1 view .LVU961
1581:Drivers/STM32F0xx_HAL_Driver/Src/stm32f0xx_hal_spi.c ****   hspi->RxISR       = NULL;
 3077              		.loc 1 1581 21 is_stmt 0 view .LVU962
 3078 0036 0232     		adds	r2, r2, #2
 3079 0038 8352     		strh	r3, [r0, r2]
1582:Drivers/STM32F0xx_HAL_Driver/Src/stm32f0xx_hal_spi.c **** 
 3080              		.loc 1 1582 3 is_stmt 1 view .LVU963
ARM GAS  C:\Users\ADMINI~1\AppData\Local\Temp\ccrv5aWF.s 			page 146


1582:Drivers/STM32F0xx_HAL_Driver/Src/stm32f0xx_hal_spi.c **** 
 3081              		.loc 1 1582 21 is_stmt 0 view .LVU964
 3082 003a C364     		str	r3, [r0, #76]
1585:Drivers/STM32F0xx_HAL_Driver/Src/stm32f0xx_hal_spi.c ****   {
 3083              		.loc 1 1585 3 is_stmt 1 view .LVU965
1585:Drivers/STM32F0xx_HAL_Driver/Src/stm32f0xx_hal_spi.c ****   {
 3084              		.loc 1 1585 17 is_stmt 0 view .LVU966
 3085 003c C268     		ldr	r2, [r0, #12]
1585:Drivers/STM32F0xx_HAL_Driver/Src/stm32f0xx_hal_spi.c ****   {
 3086              		.loc 1 1585 6 view .LVU967
 3087 003e E023     		movs	r3, #224
 3088 0040 DB00     		lsls	r3, r3, #3
 3089 0042 9A42     		cmp	r2, r3
 3090 0044 18D9     		bls	.L205
1587:Drivers/STM32F0xx_HAL_Driver/Src/stm32f0xx_hal_spi.c ****   }
 3091              		.loc 1 1587 5 is_stmt 1 view .LVU968
1587:Drivers/STM32F0xx_HAL_Driver/Src/stm32f0xx_hal_spi.c ****   }
 3092              		.loc 1 1587 17 is_stmt 0 view .LVU969
 3093 0046 184B     		ldr	r3, .L215
 3094 0048 0365     		str	r3, [r0, #80]
 3095              	.L206:
1595:Drivers/STM32F0xx_HAL_Driver/Src/stm32f0xx_hal_spi.c ****   {
 3096              		.loc 1 1595 3 is_stmt 1 view .LVU970
1595:Drivers/STM32F0xx_HAL_Driver/Src/stm32f0xx_hal_spi.c ****   {
 3097              		.loc 1 1595 17 is_stmt 0 view .LVU971
 3098 004a 8268     		ldr	r2, [r0, #8]
1595:Drivers/STM32F0xx_HAL_Driver/Src/stm32f0xx_hal_spi.c ****   {
 3099              		.loc 1 1595 6 view .LVU972
 3100 004c 8023     		movs	r3, #128
 3101 004e 1B02     		lsls	r3, r3, #8
 3102 0050 9A42     		cmp	r2, r3
 3103 0052 14D0     		beq	.L214
 3104              	.LVL211:
 3105              	.L207:
1611:Drivers/STM32F0xx_HAL_Driver/Src/stm32f0xx_hal_spi.c ****   {
 3106              		.loc 1 1611 3 is_stmt 1 view .LVU973
1611:Drivers/STM32F0xx_HAL_Driver/Src/stm32f0xx_hal_spi.c ****   {
 3107              		.loc 1 1611 12 is_stmt 0 view .LVU974
 3108 0054 0268     		ldr	r2, [r0]
1611:Drivers/STM32F0xx_HAL_Driver/Src/stm32f0xx_hal_spi.c ****   {
 3109              		.loc 1 1611 22 view .LVU975
 3110 0056 1368     		ldr	r3, [r2]
1611:Drivers/STM32F0xx_HAL_Driver/Src/stm32f0xx_hal_spi.c ****   {
 3111              		.loc 1 1611 6 view .LVU976
 3112 0058 5B06     		lsls	r3, r3, #25
 3113 005a 03D4     		bmi	.L208
1614:Drivers/STM32F0xx_HAL_Driver/Src/stm32f0xx_hal_spi.c ****   }
 3114              		.loc 1 1614 5 is_stmt 1 view .LVU977
 3115 005c 1368     		ldr	r3, [r2]
 3116 005e 4021     		movs	r1, #64
 3117 0060 0B43     		orrs	r3, r1
 3118 0062 1360     		str	r3, [r2]
 3119              	.L208:
1618:Drivers/STM32F0xx_HAL_Driver/Src/stm32f0xx_hal_spi.c ****   /* Enable TXE and ERR interrupt */
 3120              		.loc 1 1618 3 view .LVU978
1618:Drivers/STM32F0xx_HAL_Driver/Src/stm32f0xx_hal_spi.c ****   /* Enable TXE and ERR interrupt */
 3121              		.loc 1 1618 3 view .LVU979
ARM GAS  C:\Users\ADMINI~1\AppData\Local\Temp\ccrv5aWF.s 			page 147


 3122 0064 5C23     		movs	r3, #92
 3123 0066 0022     		movs	r2, #0
 3124 0068 C254     		strb	r2, [r0, r3]
1618:Drivers/STM32F0xx_HAL_Driver/Src/stm32f0xx_hal_spi.c ****   /* Enable TXE and ERR interrupt */
 3125              		.loc 1 1618 3 view .LVU980
1620:Drivers/STM32F0xx_HAL_Driver/Src/stm32f0xx_hal_spi.c **** 
 3126              		.loc 1 1620 3 view .LVU981
 3127 006a 0268     		ldr	r2, [r0]
 3128 006c 5368     		ldr	r3, [r2, #4]
 3129 006e A021     		movs	r1, #160
 3130 0070 0B43     		orrs	r3, r1
 3131 0072 5360     		str	r3, [r2, #4]
1550:Drivers/STM32F0xx_HAL_Driver/Src/stm32f0xx_hal_spi.c **** 
 3132              		.loc 1 1550 21 is_stmt 0 view .LVU982
 3133 0074 0020     		movs	r0, #0
 3134              	.LVL212:
 3135              	.L204:
1624:Drivers/STM32F0xx_HAL_Driver/Src/stm32f0xx_hal_spi.c **** 
 3136              		.loc 1 1624 1 view .LVU983
 3137              		@ sp needed
 3138 0076 10BD     		pop	{r4, pc}
 3139              	.LVL213:
 3140              	.L205:
1591:Drivers/STM32F0xx_HAL_Driver/Src/stm32f0xx_hal_spi.c ****   }
 3141              		.loc 1 1591 5 is_stmt 1 view .LVU984
1591:Drivers/STM32F0xx_HAL_Driver/Src/stm32f0xx_hal_spi.c ****   }
 3142              		.loc 1 1591 17 is_stmt 0 view .LVU985
 3143 0078 0C4B     		ldr	r3, .L215+4
 3144 007a 0365     		str	r3, [r0, #80]
 3145 007c E5E7     		b	.L206
 3146              	.L214:
1598:Drivers/STM32F0xx_HAL_Driver/Src/stm32f0xx_hal_spi.c ****     SPI_1LINE_TX(hspi);
 3147              		.loc 1 1598 5 is_stmt 1 view .LVU986
 3148 007e 0268     		ldr	r2, [r0]
 3149 0080 1368     		ldr	r3, [r2]
 3150 0082 4021     		movs	r1, #64
 3151              	.LVL214:
1598:Drivers/STM32F0xx_HAL_Driver/Src/stm32f0xx_hal_spi.c ****     SPI_1LINE_TX(hspi);
 3152              		.loc 1 1598 5 is_stmt 0 view .LVU987
 3153 0084 8B43     		bics	r3, r1
 3154 0086 1360     		str	r3, [r2]
1599:Drivers/STM32F0xx_HAL_Driver/Src/stm32f0xx_hal_spi.c ****   }
 3155              		.loc 1 1599 5 is_stmt 1 view .LVU988
 3156 0088 0268     		ldr	r2, [r0]
 3157 008a 1168     		ldr	r1, [r2]
 3158 008c 8023     		movs	r3, #128
 3159 008e DB01     		lsls	r3, r3, #7
 3160 0090 0B43     		orrs	r3, r1
 3161 0092 1360     		str	r3, [r2]
 3162 0094 DEE7     		b	.L207
 3163              	.LVL215:
 3164              	.L209:
1558:Drivers/STM32F0xx_HAL_Driver/Src/stm32f0xx_hal_spi.c ****     goto error;
 3165              		.loc 1 1558 15 is_stmt 0 view .LVU989
 3166 0096 0120     		movs	r0, #1
 3167              	.LVL216:
1558:Drivers/STM32F0xx_HAL_Driver/Src/stm32f0xx_hal_spi.c ****     goto error;
ARM GAS  C:\Users\ADMINI~1\AppData\Local\Temp\ccrv5aWF.s 			page 148


 3168              		.loc 1 1558 15 view .LVU990
 3169 0098 EDE7     		b	.L204
 3170              	.LVL217:
 3171              	.L210:
1558:Drivers/STM32F0xx_HAL_Driver/Src/stm32f0xx_hal_spi.c ****     goto error;
 3172              		.loc 1 1558 15 view .LVU991
 3173 009a 0120     		movs	r0, #1
 3174              	.LVL218:
1558:Drivers/STM32F0xx_HAL_Driver/Src/stm32f0xx_hal_spi.c ****     goto error;
 3175              		.loc 1 1558 15 view .LVU992
 3176 009c EBE7     		b	.L204
 3177              	.LVL219:
 3178              	.L211:
1564:Drivers/STM32F0xx_HAL_Driver/Src/stm32f0xx_hal_spi.c ****     goto error;
 3179              		.loc 1 1564 15 view .LVU993
 3180 009e 0220     		movs	r0, #2
 3181              	.LVL220:
1564:Drivers/STM32F0xx_HAL_Driver/Src/stm32f0xx_hal_spi.c ****     goto error;
 3182              		.loc 1 1564 15 view .LVU994
 3183 00a0 E9E7     		b	.L204
 3184              	.LVL221:
 3185              	.L212:
1569:Drivers/STM32F0xx_HAL_Driver/Src/stm32f0xx_hal_spi.c **** 
 3186              		.loc 1 1569 3 discriminator 1 view .LVU995
 3187 00a2 0220     		movs	r0, #2
 3188              	.LVL222:
1569:Drivers/STM32F0xx_HAL_Driver/Src/stm32f0xx_hal_spi.c **** 
 3189              		.loc 1 1569 3 discriminator 1 view .LVU996
 3190 00a4 E7E7     		b	.L204
 3191              	.L216:
 3192 00a6 C046     		.align	2
 3193              	.L215:
 3194 00a8 00000000 		.word	SPI_TxISR_16BIT
 3195 00ac 00000000 		.word	SPI_TxISR_8BIT
 3196              		.cfi_endproc
 3197              	.LFE47:
 3199              		.section	.text.HAL_SPI_TransmitReceive_IT,"ax",%progbits
 3200              		.align	1
 3201              		.global	HAL_SPI_TransmitReceive_IT
 3202              		.syntax unified
 3203              		.code	16
 3204              		.thumb_func
 3206              	HAL_SPI_TransmitReceive_IT:
 3207              	.LVL223:
 3208              	.LFB49:
1744:Drivers/STM32F0xx_HAL_Driver/Src/stm32f0xx_hal_spi.c ****   uint32_t             tmp_mode;
 3209              		.loc 1 1744 1 is_stmt 1 view -0
 3210              		.cfi_startproc
 3211              		@ args = 0, pretend = 0, frame = 0
 3212              		@ frame_needed = 0, uses_anonymous_args = 0
1744:Drivers/STM32F0xx_HAL_Driver/Src/stm32f0xx_hal_spi.c ****   uint32_t             tmp_mode;
 3213              		.loc 1 1744 1 is_stmt 0 view .LVU998
 3214 0000 70B5     		push	{r4, r5, r6, lr}
 3215              		.cfi_def_cfa_offset 16
 3216              		.cfi_offset 4, -16
 3217              		.cfi_offset 5, -12
 3218              		.cfi_offset 6, -8
ARM GAS  C:\Users\ADMINI~1\AppData\Local\Temp\ccrv5aWF.s 			page 149


 3219              		.cfi_offset 14, -4
1745:Drivers/STM32F0xx_HAL_Driver/Src/stm32f0xx_hal_spi.c ****   HAL_SPI_StateTypeDef tmp_state;
 3220              		.loc 1 1745 3 is_stmt 1 view .LVU999
1746:Drivers/STM32F0xx_HAL_Driver/Src/stm32f0xx_hal_spi.c ****   HAL_StatusTypeDef    errorcode = HAL_OK;
 3221              		.loc 1 1746 3 view .LVU1000
1747:Drivers/STM32F0xx_HAL_Driver/Src/stm32f0xx_hal_spi.c **** 
 3222              		.loc 1 1747 3 view .LVU1001
 3223              	.LVL224:
1750:Drivers/STM32F0xx_HAL_Driver/Src/stm32f0xx_hal_spi.c **** 
 3224              		.loc 1 1750 3 view .LVU1002
1753:Drivers/STM32F0xx_HAL_Driver/Src/stm32f0xx_hal_spi.c ****   tmp_mode            = hspi->Init.Mode;
 3225              		.loc 1 1753 3 view .LVU1003
1753:Drivers/STM32F0xx_HAL_Driver/Src/stm32f0xx_hal_spi.c ****   tmp_mode            = hspi->Init.Mode;
 3226              		.loc 1 1753 23 is_stmt 0 view .LVU1004
 3227 0002 5D24     		movs	r4, #93
 3228 0004 045D     		ldrb	r4, [r0, r4]
 3229 0006 E6B2     		uxtb	r6, r4
 3230              	.LVL225:
1754:Drivers/STM32F0xx_HAL_Driver/Src/stm32f0xx_hal_spi.c **** 
 3231              		.loc 1 1754 3 is_stmt 1 view .LVU1005
1754:Drivers/STM32F0xx_HAL_Driver/Src/stm32f0xx_hal_spi.c **** 
 3232              		.loc 1 1754 23 is_stmt 0 view .LVU1006
 3233 0008 4568     		ldr	r5, [r0, #4]
 3234              	.LVL226:
1756:Drivers/STM32F0xx_HAL_Driver/Src/stm32f0xx_hal_spi.c ****         ((tmp_mode == SPI_MODE_MASTER) && (hspi->Init.Direction == SPI_DIRECTION_2LINES) && (tmp_st
 3235              		.loc 1 1756 3 is_stmt 1 view .LVU1007
1756:Drivers/STM32F0xx_HAL_Driver/Src/stm32f0xx_hal_spi.c ****         ((tmp_mode == SPI_MODE_MASTER) && (hspi->Init.Direction == SPI_DIRECTION_2LINES) && (tmp_st
 3236              		.loc 1 1756 6 is_stmt 0 view .LVU1008
 3237 000a 012C     		cmp	r4, #1
 3238 000c 08D0     		beq	.L218
1756:Drivers/STM32F0xx_HAL_Driver/Src/stm32f0xx_hal_spi.c ****         ((tmp_mode == SPI_MODE_MASTER) && (hspi->Init.Direction == SPI_DIRECTION_2LINES) && (tmp_st
 3239              		.loc 1 1756 7 discriminator 1 view .LVU1009
 3240 000e 8224     		movs	r4, #130
 3241 0010 6400     		lsls	r4, r4, #1
 3242 0012 A542     		cmp	r5, r4
 3243 0014 54D1     		bne	.L227
1757:Drivers/STM32F0xx_HAL_Driver/Src/stm32f0xx_hal_spi.c ****   {
 3244              		.loc 1 1757 54 view .LVU1010
 3245 0016 8468     		ldr	r4, [r0, #8]
1757:Drivers/STM32F0xx_HAL_Driver/Src/stm32f0xx_hal_spi.c ****   {
 3246              		.loc 1 1757 40 view .LVU1011
 3247 0018 002C     		cmp	r4, #0
 3248 001a 53D1     		bne	.L228
1757:Drivers/STM32F0xx_HAL_Driver/Src/stm32f0xx_hal_spi.c ****   {
 3249              		.loc 1 1757 90 discriminator 1 view .LVU1012
 3250 001c 042E     		cmp	r6, #4
 3251 001e 53D1     		bne	.L229
 3252              	.L218:
1763:Drivers/STM32F0xx_HAL_Driver/Src/stm32f0xx_hal_spi.c ****   {
 3253              		.loc 1 1763 3 is_stmt 1 view .LVU1013
1763:Drivers/STM32F0xx_HAL_Driver/Src/stm32f0xx_hal_spi.c ****   {
 3254              		.loc 1 1763 6 is_stmt 0 view .LVU1014
 3255 0020 0029     		cmp	r1, #0
 3256 0022 53D0     		beq	.L230
1763:Drivers/STM32F0xx_HAL_Driver/Src/stm32f0xx_hal_spi.c ****   {
 3257              		.loc 1 1763 25 discriminator 1 view .LVU1015
 3258 0024 002A     		cmp	r2, #0
ARM GAS  C:\Users\ADMINI~1\AppData\Local\Temp\ccrv5aWF.s 			page 150


 3259 0026 53D0     		beq	.L231
1763:Drivers/STM32F0xx_HAL_Driver/Src/stm32f0xx_hal_spi.c ****   {
 3260              		.loc 1 1763 46 discriminator 2 view .LVU1016
 3261 0028 002B     		cmp	r3, #0
 3262 002a 53D0     		beq	.L232
1770:Drivers/STM32F0xx_HAL_Driver/Src/stm32f0xx_hal_spi.c **** 
 3263              		.loc 1 1770 3 is_stmt 1 view .LVU1017
1770:Drivers/STM32F0xx_HAL_Driver/Src/stm32f0xx_hal_spi.c **** 
 3264              		.loc 1 1770 3 view .LVU1018
 3265 002c 5C24     		movs	r4, #92
 3266 002e 045D     		ldrb	r4, [r0, r4]
 3267 0030 012C     		cmp	r4, #1
 3268 0032 51D0     		beq	.L233
1770:Drivers/STM32F0xx_HAL_Driver/Src/stm32f0xx_hal_spi.c **** 
 3269              		.loc 1 1770 3 discriminator 2 view .LVU1019
 3270 0034 5C24     		movs	r4, #92
 3271 0036 0125     		movs	r5, #1
 3272              	.LVL227:
1770:Drivers/STM32F0xx_HAL_Driver/Src/stm32f0xx_hal_spi.c **** 
 3273              		.loc 1 1770 3 is_stmt 0 discriminator 2 view .LVU1020
 3274 0038 0555     		strb	r5, [r0, r4]
 3275              	.LVL228:
1770:Drivers/STM32F0xx_HAL_Driver/Src/stm32f0xx_hal_spi.c **** 
 3276              		.loc 1 1770 3 is_stmt 1 view .LVU1021
1773:Drivers/STM32F0xx_HAL_Driver/Src/stm32f0xx_hal_spi.c ****   {
 3277              		.loc 1 1773 3 view .LVU1022
1773:Drivers/STM32F0xx_HAL_Driver/Src/stm32f0xx_hal_spi.c ****   {
 3278              		.loc 1 1773 11 is_stmt 0 view .LVU1023
 3279 003a 0134     		adds	r4, r4, #1
 3280 003c 045D     		ldrb	r4, [r0, r4]
1773:Drivers/STM32F0xx_HAL_Driver/Src/stm32f0xx_hal_spi.c ****   {
 3281              		.loc 1 1773 6 view .LVU1024
 3282 003e 042C     		cmp	r4, #4
 3283 0040 02D0     		beq	.L220
1775:Drivers/STM32F0xx_HAL_Driver/Src/stm32f0xx_hal_spi.c ****   }
 3284              		.loc 1 1775 5 is_stmt 1 view .LVU1025
1775:Drivers/STM32F0xx_HAL_Driver/Src/stm32f0xx_hal_spi.c ****   }
 3285              		.loc 1 1775 17 is_stmt 0 view .LVU1026
 3286 0042 5D24     		movs	r4, #93
 3287 0044 0435     		adds	r5, r5, #4
 3288 0046 0555     		strb	r5, [r0, r4]
 3289              	.L220:
1779:Drivers/STM32F0xx_HAL_Driver/Src/stm32f0xx_hal_spi.c ****   hspi->pTxBuffPtr  = (uint8_t *)pTxData;
 3290              		.loc 1 1779 3 is_stmt 1 view .LVU1027
1779:Drivers/STM32F0xx_HAL_Driver/Src/stm32f0xx_hal_spi.c ****   hspi->pTxBuffPtr  = (uint8_t *)pTxData;
 3291              		.loc 1 1779 21 is_stmt 0 view .LVU1028
 3292 0048 0024     		movs	r4, #0
 3293 004a 0466     		str	r4, [r0, #96]
1780:Drivers/STM32F0xx_HAL_Driver/Src/stm32f0xx_hal_spi.c ****   hspi->TxXferSize  = Size;
 3294              		.loc 1 1780 3 is_stmt 1 view .LVU1029
1780:Drivers/STM32F0xx_HAL_Driver/Src/stm32f0xx_hal_spi.c ****   hspi->TxXferSize  = Size;
 3295              		.loc 1 1780 21 is_stmt 0 view .LVU1030
 3296 004c 8163     		str	r1, [r0, #56]
1781:Drivers/STM32F0xx_HAL_Driver/Src/stm32f0xx_hal_spi.c ****   hspi->TxXferCount = Size;
 3297              		.loc 1 1781 3 is_stmt 1 view .LVU1031
1781:Drivers/STM32F0xx_HAL_Driver/Src/stm32f0xx_hal_spi.c ****   hspi->TxXferCount = Size;
 3298              		.loc 1 1781 21 is_stmt 0 view .LVU1032
ARM GAS  C:\Users\ADMINI~1\AppData\Local\Temp\ccrv5aWF.s 			page 151


 3299 004e 8387     		strh	r3, [r0, #60]
1782:Drivers/STM32F0xx_HAL_Driver/Src/stm32f0xx_hal_spi.c ****   hspi->pRxBuffPtr  = (uint8_t *)pRxData;
 3300              		.loc 1 1782 3 is_stmt 1 view .LVU1033
1782:Drivers/STM32F0xx_HAL_Driver/Src/stm32f0xx_hal_spi.c ****   hspi->pRxBuffPtr  = (uint8_t *)pRxData;
 3301              		.loc 1 1782 21 is_stmt 0 view .LVU1034
 3302 0050 C387     		strh	r3, [r0, #62]
1783:Drivers/STM32F0xx_HAL_Driver/Src/stm32f0xx_hal_spi.c ****   hspi->RxXferSize  = Size;
 3303              		.loc 1 1783 3 is_stmt 1 view .LVU1035
1783:Drivers/STM32F0xx_HAL_Driver/Src/stm32f0xx_hal_spi.c ****   hspi->RxXferSize  = Size;
 3304              		.loc 1 1783 21 is_stmt 0 view .LVU1036
 3305 0052 0264     		str	r2, [r0, #64]
1784:Drivers/STM32F0xx_HAL_Driver/Src/stm32f0xx_hal_spi.c ****   hspi->RxXferCount = Size;
 3306              		.loc 1 1784 3 is_stmt 1 view .LVU1037
1784:Drivers/STM32F0xx_HAL_Driver/Src/stm32f0xx_hal_spi.c ****   hspi->RxXferCount = Size;
 3307              		.loc 1 1784 21 is_stmt 0 view .LVU1038
 3308 0054 4422     		movs	r2, #68
 3309              	.LVL229:
1784:Drivers/STM32F0xx_HAL_Driver/Src/stm32f0xx_hal_spi.c ****   hspi->RxXferCount = Size;
 3310              		.loc 1 1784 21 view .LVU1039
 3311 0056 8352     		strh	r3, [r0, r2]
 3312              	.LVL230:
1785:Drivers/STM32F0xx_HAL_Driver/Src/stm32f0xx_hal_spi.c **** 
 3313              		.loc 1 1785 3 is_stmt 1 view .LVU1040
1785:Drivers/STM32F0xx_HAL_Driver/Src/stm32f0xx_hal_spi.c **** 
 3314              		.loc 1 1785 21 is_stmt 0 view .LVU1041
 3315 0058 0232     		adds	r2, r2, #2
 3316 005a 8352     		strh	r3, [r0, r2]
1788:Drivers/STM32F0xx_HAL_Driver/Src/stm32f0xx_hal_spi.c ****   {
 3317              		.loc 1 1788 3 is_stmt 1 view .LVU1042
1788:Drivers/STM32F0xx_HAL_Driver/Src/stm32f0xx_hal_spi.c ****   {
 3318              		.loc 1 1788 17 is_stmt 0 view .LVU1043
 3319 005c C268     		ldr	r2, [r0, #12]
1788:Drivers/STM32F0xx_HAL_Driver/Src/stm32f0xx_hal_spi.c ****   {
 3320              		.loc 1 1788 6 view .LVU1044
 3321 005e E021     		movs	r1, #224
 3322              	.LVL231:
1788:Drivers/STM32F0xx_HAL_Driver/Src/stm32f0xx_hal_spi.c ****   {
 3323              		.loc 1 1788 6 view .LVU1045
 3324 0060 C900     		lsls	r1, r1, #3
 3325 0062 8A42     		cmp	r2, r1
 3326 0064 20D9     		bls	.L221
1790:Drivers/STM32F0xx_HAL_Driver/Src/stm32f0xx_hal_spi.c ****     hspi->TxISR     = SPI_2linesTxISR_16BIT;
 3327              		.loc 1 1790 5 is_stmt 1 view .LVU1046
1790:Drivers/STM32F0xx_HAL_Driver/Src/stm32f0xx_hal_spi.c ****     hspi->TxISR     = SPI_2linesTxISR_16BIT;
 3328              		.loc 1 1790 21 is_stmt 0 view .LVU1047
 3329 0066 1D49     		ldr	r1, .L235
 3330 0068 C164     		str	r1, [r0, #76]
1791:Drivers/STM32F0xx_HAL_Driver/Src/stm32f0xx_hal_spi.c ****   }
 3331              		.loc 1 1791 5 is_stmt 1 view .LVU1048
1791:Drivers/STM32F0xx_HAL_Driver/Src/stm32f0xx_hal_spi.c ****   }
 3332              		.loc 1 1791 21 is_stmt 0 view .LVU1049
 3333 006a 1D49     		ldr	r1, .L235+4
 3334 006c 0165     		str	r1, [r0, #80]
 3335              	.L222:
1817:Drivers/STM32F0xx_HAL_Driver/Src/stm32f0xx_hal_spi.c ****   {
 3336              		.loc 1 1817 3 is_stmt 1 view .LVU1050
1817:Drivers/STM32F0xx_HAL_Driver/Src/stm32f0xx_hal_spi.c ****   {
ARM GAS  C:\Users\ADMINI~1\AppData\Local\Temp\ccrv5aWF.s 			page 152


 3337              		.loc 1 1817 6 is_stmt 0 view .LVU1051
 3338 006e E021     		movs	r1, #224
 3339 0070 C900     		lsls	r1, r1, #3
 3340 0072 8A42     		cmp	r2, r1
 3341 0074 01D8     		bhi	.L223
1817:Drivers/STM32F0xx_HAL_Driver/Src/stm32f0xx_hal_spi.c ****   {
 3342              		.loc 1 1817 49 discriminator 1 view .LVU1052
 3343 0076 012B     		cmp	r3, #1
 3344 0078 1BD9     		bls	.L224
 3345              	.L223:
1820:Drivers/STM32F0xx_HAL_Driver/Src/stm32f0xx_hal_spi.c ****   }
 3346              		.loc 1 1820 5 is_stmt 1 view .LVU1053
 3347 007a 0268     		ldr	r2, [r0]
 3348 007c 5368     		ldr	r3, [r2, #4]
 3349              	.LVL232:
1820:Drivers/STM32F0xx_HAL_Driver/Src/stm32f0xx_hal_spi.c ****   }
 3350              		.loc 1 1820 5 is_stmt 0 view .LVU1054
 3351 007e 1949     		ldr	r1, .L235+8
 3352 0080 0B40     		ands	r3, r1
 3353 0082 5360     		str	r3, [r2, #4]
 3354              	.L225:
1830:Drivers/STM32F0xx_HAL_Driver/Src/stm32f0xx_hal_spi.c ****   {
 3355              		.loc 1 1830 3 is_stmt 1 view .LVU1055
1830:Drivers/STM32F0xx_HAL_Driver/Src/stm32f0xx_hal_spi.c ****   {
 3356              		.loc 1 1830 12 is_stmt 0 view .LVU1056
 3357 0084 0368     		ldr	r3, [r0]
1830:Drivers/STM32F0xx_HAL_Driver/Src/stm32f0xx_hal_spi.c ****   {
 3358              		.loc 1 1830 22 view .LVU1057
 3359 0086 1A68     		ldr	r2, [r3]
1830:Drivers/STM32F0xx_HAL_Driver/Src/stm32f0xx_hal_spi.c ****   {
 3360              		.loc 1 1830 6 view .LVU1058
 3361 0088 5206     		lsls	r2, r2, #25
 3362 008a 03D4     		bmi	.L226
1833:Drivers/STM32F0xx_HAL_Driver/Src/stm32f0xx_hal_spi.c ****   }
 3363              		.loc 1 1833 5 is_stmt 1 view .LVU1059
 3364 008c 1A68     		ldr	r2, [r3]
 3365 008e 4021     		movs	r1, #64
 3366 0090 0A43     		orrs	r2, r1
 3367 0092 1A60     		str	r2, [r3]
 3368              	.L226:
1837:Drivers/STM32F0xx_HAL_Driver/Src/stm32f0xx_hal_spi.c ****   /* Enable TXE, RXNE and ERR interrupt */
 3369              		.loc 1 1837 3 view .LVU1060
1837:Drivers/STM32F0xx_HAL_Driver/Src/stm32f0xx_hal_spi.c ****   /* Enable TXE, RXNE and ERR interrupt */
 3370              		.loc 1 1837 3 view .LVU1061
 3371 0094 5C23     		movs	r3, #92
 3372 0096 0022     		movs	r2, #0
 3373 0098 C254     		strb	r2, [r0, r3]
1837:Drivers/STM32F0xx_HAL_Driver/Src/stm32f0xx_hal_spi.c ****   /* Enable TXE, RXNE and ERR interrupt */
 3374              		.loc 1 1837 3 view .LVU1062
1839:Drivers/STM32F0xx_HAL_Driver/Src/stm32f0xx_hal_spi.c **** 
 3375              		.loc 1 1839 3 view .LVU1063
 3376 009a 0268     		ldr	r2, [r0]
 3377 009c 5368     		ldr	r3, [r2, #4]
 3378 009e E021     		movs	r1, #224
 3379 00a0 0B43     		orrs	r3, r1
 3380 00a2 5360     		str	r3, [r2, #4]
1747:Drivers/STM32F0xx_HAL_Driver/Src/stm32f0xx_hal_spi.c **** 
ARM GAS  C:\Users\ADMINI~1\AppData\Local\Temp\ccrv5aWF.s 			page 153


 3381              		.loc 1 1747 24 is_stmt 0 view .LVU1064
 3382 00a4 0020     		movs	r0, #0
 3383              	.LVL233:
1747:Drivers/STM32F0xx_HAL_Driver/Src/stm32f0xx_hal_spi.c **** 
 3384              		.loc 1 1747 24 view .LVU1065
 3385 00a6 0CE0     		b	.L219
 3386              	.LVL234:
 3387              	.L221:
1795:Drivers/STM32F0xx_HAL_Driver/Src/stm32f0xx_hal_spi.c ****     hspi->TxISR     = SPI_2linesTxISR_8BIT;
 3388              		.loc 1 1795 5 is_stmt 1 view .LVU1066
1795:Drivers/STM32F0xx_HAL_Driver/Src/stm32f0xx_hal_spi.c ****     hspi->TxISR     = SPI_2linesTxISR_8BIT;
 3389              		.loc 1 1795 21 is_stmt 0 view .LVU1067
 3390 00a8 0F49     		ldr	r1, .L235+12
 3391 00aa C164     		str	r1, [r0, #76]
1796:Drivers/STM32F0xx_HAL_Driver/Src/stm32f0xx_hal_spi.c ****   }
 3392              		.loc 1 1796 5 is_stmt 1 view .LVU1068
1796:Drivers/STM32F0xx_HAL_Driver/Src/stm32f0xx_hal_spi.c ****   }
 3393              		.loc 1 1796 21 is_stmt 0 view .LVU1069
 3394 00ac 0F49     		ldr	r1, .L235+16
 3395 00ae 0165     		str	r1, [r0, #80]
 3396 00b0 DDE7     		b	.L222
 3397              	.L224:
1825:Drivers/STM32F0xx_HAL_Driver/Src/stm32f0xx_hal_spi.c ****   }
 3398              		.loc 1 1825 5 is_stmt 1 view .LVU1070
 3399 00b2 0268     		ldr	r2, [r0]
 3400 00b4 5168     		ldr	r1, [r2, #4]
 3401 00b6 8023     		movs	r3, #128
 3402              	.LVL235:
1825:Drivers/STM32F0xx_HAL_Driver/Src/stm32f0xx_hal_spi.c ****   }
 3403              		.loc 1 1825 5 is_stmt 0 view .LVU1071
 3404 00b8 5B01     		lsls	r3, r3, #5
 3405 00ba 0B43     		orrs	r3, r1
 3406 00bc 5360     		str	r3, [r2, #4]
 3407 00be E1E7     		b	.L225
 3408              	.LVL236:
 3409              	.L227:
1759:Drivers/STM32F0xx_HAL_Driver/Src/stm32f0xx_hal_spi.c ****     goto error;
 3410              		.loc 1 1759 15 view .LVU1072
 3411 00c0 0220     		movs	r0, #2
 3412              	.LVL237:
 3413              	.L219:
1843:Drivers/STM32F0xx_HAL_Driver/Src/stm32f0xx_hal_spi.c **** 
 3414              		.loc 1 1843 1 view .LVU1073
 3415              		@ sp needed
 3416              	.LVL238:
1843:Drivers/STM32F0xx_HAL_Driver/Src/stm32f0xx_hal_spi.c **** 
 3417              		.loc 1 1843 1 view .LVU1074
 3418 00c2 70BD     		pop	{r4, r5, r6, pc}
 3419              	.LVL239:
 3420              	.L228:
1759:Drivers/STM32F0xx_HAL_Driver/Src/stm32f0xx_hal_spi.c ****     goto error;
 3421              		.loc 1 1759 15 view .LVU1075
 3422 00c4 0220     		movs	r0, #2
 3423              	.LVL240:
1759:Drivers/STM32F0xx_HAL_Driver/Src/stm32f0xx_hal_spi.c ****     goto error;
 3424              		.loc 1 1759 15 view .LVU1076
 3425 00c6 FCE7     		b	.L219
ARM GAS  C:\Users\ADMINI~1\AppData\Local\Temp\ccrv5aWF.s 			page 154


 3426              	.LVL241:
 3427              	.L229:
1759:Drivers/STM32F0xx_HAL_Driver/Src/stm32f0xx_hal_spi.c ****     goto error;
 3428              		.loc 1 1759 15 view .LVU1077
 3429 00c8 0220     		movs	r0, #2
 3430              	.LVL242:
1759:Drivers/STM32F0xx_HAL_Driver/Src/stm32f0xx_hal_spi.c ****     goto error;
 3431              		.loc 1 1759 15 view .LVU1078
 3432 00ca FAE7     		b	.L219
 3433              	.LVL243:
 3434              	.L230:
1765:Drivers/STM32F0xx_HAL_Driver/Src/stm32f0xx_hal_spi.c ****     goto error;
 3435              		.loc 1 1765 15 view .LVU1079
 3436 00cc 0120     		movs	r0, #1
 3437              	.LVL244:
1765:Drivers/STM32F0xx_HAL_Driver/Src/stm32f0xx_hal_spi.c ****     goto error;
 3438              		.loc 1 1765 15 view .LVU1080
 3439 00ce F8E7     		b	.L219
 3440              	.LVL245:
 3441              	.L231:
1765:Drivers/STM32F0xx_HAL_Driver/Src/stm32f0xx_hal_spi.c ****     goto error;
 3442              		.loc 1 1765 15 view .LVU1081
 3443 00d0 0120     		movs	r0, #1
 3444              	.LVL246:
1765:Drivers/STM32F0xx_HAL_Driver/Src/stm32f0xx_hal_spi.c ****     goto error;
 3445              		.loc 1 1765 15 view .LVU1082
 3446 00d2 F6E7     		b	.L219
 3447              	.LVL247:
 3448              	.L232:
1765:Drivers/STM32F0xx_HAL_Driver/Src/stm32f0xx_hal_spi.c ****     goto error;
 3449              		.loc 1 1765 15 view .LVU1083
 3450 00d4 0120     		movs	r0, #1
 3451              	.LVL248:
1765:Drivers/STM32F0xx_HAL_Driver/Src/stm32f0xx_hal_spi.c ****     goto error;
 3452              		.loc 1 1765 15 view .LVU1084
 3453 00d6 F4E7     		b	.L219
 3454              	.LVL249:
 3455              	.L233:
1770:Drivers/STM32F0xx_HAL_Driver/Src/stm32f0xx_hal_spi.c **** 
 3456              		.loc 1 1770 3 discriminator 1 view .LVU1085
 3457 00d8 0220     		movs	r0, #2
 3458              	.LVL250:
1770:Drivers/STM32F0xx_HAL_Driver/Src/stm32f0xx_hal_spi.c **** 
 3459              		.loc 1 1770 3 discriminator 1 view .LVU1086
 3460 00da F2E7     		b	.L219
 3461              	.L236:
 3462              		.align	2
 3463              	.L235:
 3464 00dc 00000000 		.word	SPI_2linesRxISR_16BIT
 3465 00e0 00000000 		.word	SPI_2linesTxISR_16BIT
 3466 00e4 FFEFFFFF 		.word	-4097
 3467 00e8 00000000 		.word	SPI_2linesRxISR_8BIT
 3468 00ec 00000000 		.word	SPI_2linesTxISR_8BIT
 3469              		.cfi_endproc
 3470              	.LFE49:
 3472              		.section	.text.HAL_SPI_Receive_IT,"ax",%progbits
 3473              		.align	1
ARM GAS  C:\Users\ADMINI~1\AppData\Local\Temp\ccrv5aWF.s 			page 155


 3474              		.global	HAL_SPI_Receive_IT
 3475              		.syntax unified
 3476              		.code	16
 3477              		.thumb_func
 3479              	HAL_SPI_Receive_IT:
 3480              	.LVL251:
 3481              	.LFB48:
1635:Drivers/STM32F0xx_HAL_Driver/Src/stm32f0xx_hal_spi.c ****   HAL_StatusTypeDef errorcode = HAL_OK;
 3482              		.loc 1 1635 1 is_stmt 1 view -0
 3483              		.cfi_startproc
 3484              		@ args = 0, pretend = 0, frame = 0
 3485              		@ frame_needed = 0, uses_anonymous_args = 0
1635:Drivers/STM32F0xx_HAL_Driver/Src/stm32f0xx_hal_spi.c ****   HAL_StatusTypeDef errorcode = HAL_OK;
 3486              		.loc 1 1635 1 is_stmt 0 view .LVU1088
 3487 0000 70B5     		push	{r4, r5, r6, lr}
 3488              		.cfi_def_cfa_offset 16
 3489              		.cfi_offset 4, -16
 3490              		.cfi_offset 5, -12
 3491              		.cfi_offset 6, -8
 3492              		.cfi_offset 14, -4
 3493 0002 0400     		movs	r4, r0
1636:Drivers/STM32F0xx_HAL_Driver/Src/stm32f0xx_hal_spi.c **** 
 3494              		.loc 1 1636 3 is_stmt 1 view .LVU1089
 3495              	.LVL252:
1639:Drivers/STM32F0xx_HAL_Driver/Src/stm32f0xx_hal_spi.c ****   {
 3496              		.loc 1 1639 3 view .LVU1090
1639:Drivers/STM32F0xx_HAL_Driver/Src/stm32f0xx_hal_spi.c ****   {
 3497              		.loc 1 1639 11 is_stmt 0 view .LVU1091
 3498 0004 5D23     		movs	r3, #93
 3499 0006 C35C     		ldrb	r3, [r0, r3]
 3500 0008 D8B2     		uxtb	r0, r3
 3501              	.LVL253:
1639:Drivers/STM32F0xx_HAL_Driver/Src/stm32f0xx_hal_spi.c ****   {
 3502              		.loc 1 1639 6 view .LVU1092
 3503 000a 012B     		cmp	r3, #1
 3504 000c 60D1     		bne	.L244
1645:Drivers/STM32F0xx_HAL_Driver/Src/stm32f0xx_hal_spi.c ****   {
 3505              		.loc 1 1645 3 is_stmt 1 view .LVU1093
1645:Drivers/STM32F0xx_HAL_Driver/Src/stm32f0xx_hal_spi.c ****   {
 3506              		.loc 1 1645 18 is_stmt 0 view .LVU1094
 3507 000e A368     		ldr	r3, [r4, #8]
1645:Drivers/STM32F0xx_HAL_Driver/Src/stm32f0xx_hal_spi.c ****   {
 3508              		.loc 1 1645 6 view .LVU1095
 3509 0010 002B     		cmp	r3, #0
 3510 0012 04D1     		bne	.L239
1645:Drivers/STM32F0xx_HAL_Driver/Src/stm32f0xx_hal_spi.c ****   {
 3511              		.loc 1 1645 68 discriminator 1 view .LVU1096
 3512 0014 6568     		ldr	r5, [r4, #4]
1645:Drivers/STM32F0xx_HAL_Driver/Src/stm32f0xx_hal_spi.c ****   {
 3513              		.loc 1 1645 54 discriminator 1 view .LVU1097
 3514 0016 0533     		adds	r3, r3, #5
 3515 0018 FF33     		adds	r3, r3, #255
 3516 001a 9D42     		cmp	r5, r3
 3517 001c 3BD0     		beq	.L247
 3518              	.L239:
1653:Drivers/STM32F0xx_HAL_Driver/Src/stm32f0xx_hal_spi.c ****   {
 3519              		.loc 1 1653 3 is_stmt 1 view .LVU1098
ARM GAS  C:\Users\ADMINI~1\AppData\Local\Temp\ccrv5aWF.s 			page 156


1653:Drivers/STM32F0xx_HAL_Driver/Src/stm32f0xx_hal_spi.c ****   {
 3520              		.loc 1 1653 6 is_stmt 0 view .LVU1099
 3521 001e 0029     		cmp	r1, #0
 3522 0020 57D0     		beq	.L238
1653:Drivers/STM32F0xx_HAL_Driver/Src/stm32f0xx_hal_spi.c ****   {
 3523              		.loc 1 1653 23 discriminator 1 view .LVU1100
 3524 0022 002A     		cmp	r2, #0
 3525 0024 55D0     		beq	.L238
1660:Drivers/STM32F0xx_HAL_Driver/Src/stm32f0xx_hal_spi.c **** 
 3526              		.loc 1 1660 3 is_stmt 1 view .LVU1101
1660:Drivers/STM32F0xx_HAL_Driver/Src/stm32f0xx_hal_spi.c **** 
 3527              		.loc 1 1660 3 view .LVU1102
 3528 0026 5C23     		movs	r3, #92
 3529 0028 E35C     		ldrb	r3, [r4, r3]
 3530 002a 012B     		cmp	r3, #1
 3531 002c 52D0     		beq	.L245
1660:Drivers/STM32F0xx_HAL_Driver/Src/stm32f0xx_hal_spi.c **** 
 3532              		.loc 1 1660 3 discriminator 2 view .LVU1103
 3533 002e 5C23     		movs	r3, #92
 3534 0030 0120     		movs	r0, #1
 3535 0032 E054     		strb	r0, [r4, r3]
1660:Drivers/STM32F0xx_HAL_Driver/Src/stm32f0xx_hal_spi.c **** 
 3536              		.loc 1 1660 3 view .LVU1104
1663:Drivers/STM32F0xx_HAL_Driver/Src/stm32f0xx_hal_spi.c ****   hspi->ErrorCode   = HAL_SPI_ERROR_NONE;
 3537              		.loc 1 1663 3 view .LVU1105
1663:Drivers/STM32F0xx_HAL_Driver/Src/stm32f0xx_hal_spi.c ****   hspi->ErrorCode   = HAL_SPI_ERROR_NONE;
 3538              		.loc 1 1663 21 is_stmt 0 view .LVU1106
 3539 0034 0133     		adds	r3, r3, #1
 3540 0036 0330     		adds	r0, r0, #3
 3541 0038 E054     		strb	r0, [r4, r3]
1664:Drivers/STM32F0xx_HAL_Driver/Src/stm32f0xx_hal_spi.c ****   hspi->pRxBuffPtr  = (uint8_t *)pData;
 3542              		.loc 1 1664 3 is_stmt 1 view .LVU1107
1664:Drivers/STM32F0xx_HAL_Driver/Src/stm32f0xx_hal_spi.c ****   hspi->pRxBuffPtr  = (uint8_t *)pData;
 3543              		.loc 1 1664 21 is_stmt 0 view .LVU1108
 3544 003a 0023     		movs	r3, #0
 3545 003c 2366     		str	r3, [r4, #96]
1665:Drivers/STM32F0xx_HAL_Driver/Src/stm32f0xx_hal_spi.c ****   hspi->RxXferSize  = Size;
 3546              		.loc 1 1665 3 is_stmt 1 view .LVU1109
1665:Drivers/STM32F0xx_HAL_Driver/Src/stm32f0xx_hal_spi.c ****   hspi->RxXferSize  = Size;
 3547              		.loc 1 1665 21 is_stmt 0 view .LVU1110
 3548 003e 2164     		str	r1, [r4, #64]
1666:Drivers/STM32F0xx_HAL_Driver/Src/stm32f0xx_hal_spi.c ****   hspi->RxXferCount = Size;
 3549              		.loc 1 1666 3 is_stmt 1 view .LVU1111
1666:Drivers/STM32F0xx_HAL_Driver/Src/stm32f0xx_hal_spi.c ****   hspi->RxXferCount = Size;
 3550              		.loc 1 1666 21 is_stmt 0 view .LVU1112
 3551 0040 4421     		movs	r1, #68
 3552              	.LVL254:
1666:Drivers/STM32F0xx_HAL_Driver/Src/stm32f0xx_hal_spi.c ****   hspi->RxXferCount = Size;
 3553              		.loc 1 1666 21 view .LVU1113
 3554 0042 6252     		strh	r2, [r4, r1]
 3555              	.LVL255:
1667:Drivers/STM32F0xx_HAL_Driver/Src/stm32f0xx_hal_spi.c **** 
 3556              		.loc 1 1667 3 is_stmt 1 view .LVU1114
1667:Drivers/STM32F0xx_HAL_Driver/Src/stm32f0xx_hal_spi.c **** 
 3557              		.loc 1 1667 21 is_stmt 0 view .LVU1115
 3558 0044 0231     		adds	r1, r1, #2
 3559 0046 6252     		strh	r2, [r4, r1]
ARM GAS  C:\Users\ADMINI~1\AppData\Local\Temp\ccrv5aWF.s 			page 157


1670:Drivers/STM32F0xx_HAL_Driver/Src/stm32f0xx_hal_spi.c ****   hspi->TxXferSize  = 0U;
 3560              		.loc 1 1670 3 is_stmt 1 view .LVU1116
1670:Drivers/STM32F0xx_HAL_Driver/Src/stm32f0xx_hal_spi.c ****   hspi->TxXferSize  = 0U;
 3561              		.loc 1 1670 21 is_stmt 0 view .LVU1117
 3562 0048 A363     		str	r3, [r4, #56]
1671:Drivers/STM32F0xx_HAL_Driver/Src/stm32f0xx_hal_spi.c ****   hspi->TxXferCount = 0U;
 3563              		.loc 1 1671 3 is_stmt 1 view .LVU1118
1671:Drivers/STM32F0xx_HAL_Driver/Src/stm32f0xx_hal_spi.c ****   hspi->TxXferCount = 0U;
 3564              		.loc 1 1671 21 is_stmt 0 view .LVU1119
 3565 004a A387     		strh	r3, [r4, #60]
1672:Drivers/STM32F0xx_HAL_Driver/Src/stm32f0xx_hal_spi.c ****   hspi->TxISR       = NULL;
 3566              		.loc 1 1672 3 is_stmt 1 view .LVU1120
1672:Drivers/STM32F0xx_HAL_Driver/Src/stm32f0xx_hal_spi.c ****   hspi->TxISR       = NULL;
 3567              		.loc 1 1672 21 is_stmt 0 view .LVU1121
 3568 004c E387     		strh	r3, [r4, #62]
1673:Drivers/STM32F0xx_HAL_Driver/Src/stm32f0xx_hal_spi.c **** 
 3569              		.loc 1 1673 3 is_stmt 1 view .LVU1122
1673:Drivers/STM32F0xx_HAL_Driver/Src/stm32f0xx_hal_spi.c **** 
 3570              		.loc 1 1673 21 is_stmt 0 view .LVU1123
 3571 004e 2365     		str	r3, [r4, #80]
1676:Drivers/STM32F0xx_HAL_Driver/Src/stm32f0xx_hal_spi.c ****   {
 3572              		.loc 1 1676 3 is_stmt 1 view .LVU1124
1676:Drivers/STM32F0xx_HAL_Driver/Src/stm32f0xx_hal_spi.c ****   {
 3573              		.loc 1 1676 17 is_stmt 0 view .LVU1125
 3574 0050 E268     		ldr	r2, [r4, #12]
 3575              	.LVL256:
1676:Drivers/STM32F0xx_HAL_Driver/Src/stm32f0xx_hal_spi.c ****   {
 3576              		.loc 1 1676 6 view .LVU1126
 3577 0052 E023     		movs	r3, #224
 3578 0054 DB00     		lsls	r3, r3, #3
 3579 0056 9A42     		cmp	r2, r3
 3580 0058 26D9     		bls	.L240
1679:Drivers/STM32F0xx_HAL_Driver/Src/stm32f0xx_hal_spi.c ****     hspi->RxISR = SPI_RxISR_16BIT;
 3581              		.loc 1 1679 5 is_stmt 1 view .LVU1127
 3582 005a 2268     		ldr	r2, [r4]
 3583 005c 5368     		ldr	r3, [r2, #4]
 3584 005e 1E49     		ldr	r1, .L249
 3585 0060 0B40     		ands	r3, r1
 3586 0062 5360     		str	r3, [r2, #4]
1680:Drivers/STM32F0xx_HAL_Driver/Src/stm32f0xx_hal_spi.c ****   }
 3587              		.loc 1 1680 5 view .LVU1128
1680:Drivers/STM32F0xx_HAL_Driver/Src/stm32f0xx_hal_spi.c ****   }
 3588              		.loc 1 1680 17 is_stmt 0 view .LVU1129
 3589 0064 1D4B     		ldr	r3, .L249+4
 3590 0066 E364     		str	r3, [r4, #76]
 3591              	.L241:
1690:Drivers/STM32F0xx_HAL_Driver/Src/stm32f0xx_hal_spi.c ****   {
 3592              		.loc 1 1690 3 is_stmt 1 view .LVU1130
1690:Drivers/STM32F0xx_HAL_Driver/Src/stm32f0xx_hal_spi.c ****   {
 3593              		.loc 1 1690 17 is_stmt 0 view .LVU1131
 3594 0068 A268     		ldr	r2, [r4, #8]
1690:Drivers/STM32F0xx_HAL_Driver/Src/stm32f0xx_hal_spi.c ****   {
 3595              		.loc 1 1690 6 view .LVU1132
 3596 006a 8023     		movs	r3, #128
 3597 006c 1B02     		lsls	r3, r3, #8
 3598 006e 9A42     		cmp	r2, r3
 3599 0070 23D0     		beq	.L248
ARM GAS  C:\Users\ADMINI~1\AppData\Local\Temp\ccrv5aWF.s 			page 158


 3600              	.L242:
1719:Drivers/STM32F0xx_HAL_Driver/Src/stm32f0xx_hal_spi.c ****   {
 3601              		.loc 1 1719 3 is_stmt 1 view .LVU1133
1719:Drivers/STM32F0xx_HAL_Driver/Src/stm32f0xx_hal_spi.c ****   {
 3602              		.loc 1 1719 12 is_stmt 0 view .LVU1134
 3603 0072 2268     		ldr	r2, [r4]
1719:Drivers/STM32F0xx_HAL_Driver/Src/stm32f0xx_hal_spi.c ****   {
 3604              		.loc 1 1719 22 view .LVU1135
 3605 0074 1368     		ldr	r3, [r2]
1719:Drivers/STM32F0xx_HAL_Driver/Src/stm32f0xx_hal_spi.c ****   {
 3606              		.loc 1 1719 6 view .LVU1136
 3607 0076 5B06     		lsls	r3, r3, #25
 3608 0078 03D4     		bmi	.L243
1722:Drivers/STM32F0xx_HAL_Driver/Src/stm32f0xx_hal_spi.c ****   }
 3609              		.loc 1 1722 5 is_stmt 1 view .LVU1137
 3610 007a 1368     		ldr	r3, [r2]
 3611 007c 4021     		movs	r1, #64
 3612 007e 0B43     		orrs	r3, r1
 3613 0080 1360     		str	r3, [r2]
 3614              	.L243:
1726:Drivers/STM32F0xx_HAL_Driver/Src/stm32f0xx_hal_spi.c ****   /* Enable RXNE and ERR interrupt */
 3615              		.loc 1 1726 3 view .LVU1138
1726:Drivers/STM32F0xx_HAL_Driver/Src/stm32f0xx_hal_spi.c ****   /* Enable RXNE and ERR interrupt */
 3616              		.loc 1 1726 3 view .LVU1139
 3617 0082 5C23     		movs	r3, #92
 3618 0084 0022     		movs	r2, #0
 3619 0086 E254     		strb	r2, [r4, r3]
1726:Drivers/STM32F0xx_HAL_Driver/Src/stm32f0xx_hal_spi.c ****   /* Enable RXNE and ERR interrupt */
 3620              		.loc 1 1726 3 view .LVU1140
1728:Drivers/STM32F0xx_HAL_Driver/Src/stm32f0xx_hal_spi.c **** 
 3621              		.loc 1 1728 3 view .LVU1141
 3622 0088 2268     		ldr	r2, [r4]
 3623 008a 5368     		ldr	r3, [r2, #4]
 3624 008c 6021     		movs	r1, #96
 3625 008e 0B43     		orrs	r3, r1
 3626 0090 5360     		str	r3, [r2, #4]
1636:Drivers/STM32F0xx_HAL_Driver/Src/stm32f0xx_hal_spi.c **** 
 3627              		.loc 1 1636 21 is_stmt 0 view .LVU1142
 3628 0092 0020     		movs	r0, #0
 3629 0094 1DE0     		b	.L238
 3630              	.LVL257:
 3631              	.L247:
1647:Drivers/STM32F0xx_HAL_Driver/Src/stm32f0xx_hal_spi.c ****     /* Call transmit-receive function to send Dummy data on Tx line and generate clock on CLK line 
 3632              		.loc 1 1647 5 is_stmt 1 view .LVU1143
1647:Drivers/STM32F0xx_HAL_Driver/Src/stm32f0xx_hal_spi.c ****     /* Call transmit-receive function to send Dummy data on Tx line and generate clock on CLK line 
 3633              		.loc 1 1647 17 is_stmt 0 view .LVU1144
 3634 0096 A73B     		subs	r3, r3, #167
 3635 0098 0420     		movs	r0, #4
 3636 009a E054     		strb	r0, [r4, r3]
1649:Drivers/STM32F0xx_HAL_Driver/Src/stm32f0xx_hal_spi.c ****   }
 3637              		.loc 1 1649 5 is_stmt 1 view .LVU1145
1649:Drivers/STM32F0xx_HAL_Driver/Src/stm32f0xx_hal_spi.c ****   }
 3638              		.loc 1 1649 12 is_stmt 0 view .LVU1146
 3639 009c 1300     		movs	r3, r2
 3640 009e 0A00     		movs	r2, r1
 3641              	.LVL258:
1649:Drivers/STM32F0xx_HAL_Driver/Src/stm32f0xx_hal_spi.c ****   }
ARM GAS  C:\Users\ADMINI~1\AppData\Local\Temp\ccrv5aWF.s 			page 159


 3642              		.loc 1 1649 12 view .LVU1147
 3643 00a0 2000     		movs	r0, r4
 3644 00a2 FFF7FEFF 		bl	HAL_SPI_TransmitReceive_IT
 3645              	.LVL259:
1649:Drivers/STM32F0xx_HAL_Driver/Src/stm32f0xx_hal_spi.c ****   }
 3646              		.loc 1 1649 12 view .LVU1148
 3647 00a6 14E0     		b	.L238
 3648              	.L240:
1685:Drivers/STM32F0xx_HAL_Driver/Src/stm32f0xx_hal_spi.c ****     hspi->RxISR = SPI_RxISR_8BIT;
 3649              		.loc 1 1685 5 is_stmt 1 view .LVU1149
 3650 00a8 2268     		ldr	r2, [r4]
 3651 00aa 5168     		ldr	r1, [r2, #4]
 3652 00ac 8023     		movs	r3, #128
 3653 00ae 5B01     		lsls	r3, r3, #5
 3654 00b0 0B43     		orrs	r3, r1
 3655 00b2 5360     		str	r3, [r2, #4]
1686:Drivers/STM32F0xx_HAL_Driver/Src/stm32f0xx_hal_spi.c ****   }
 3656              		.loc 1 1686 5 view .LVU1150
1686:Drivers/STM32F0xx_HAL_Driver/Src/stm32f0xx_hal_spi.c ****   }
 3657              		.loc 1 1686 17 is_stmt 0 view .LVU1151
 3658 00b4 0A4B     		ldr	r3, .L249+8
 3659 00b6 E364     		str	r3, [r4, #76]
 3660 00b8 D6E7     		b	.L241
 3661              	.L248:
1693:Drivers/STM32F0xx_HAL_Driver/Src/stm32f0xx_hal_spi.c ****     SPI_1LINE_RX(hspi);
 3662              		.loc 1 1693 5 is_stmt 1 view .LVU1152
 3663 00ba 2268     		ldr	r2, [r4]
 3664 00bc 1368     		ldr	r3, [r2]
 3665 00be 4021     		movs	r1, #64
 3666 00c0 8B43     		bics	r3, r1
 3667 00c2 1360     		str	r3, [r2]
1694:Drivers/STM32F0xx_HAL_Driver/Src/stm32f0xx_hal_spi.c ****   }
 3668              		.loc 1 1694 5 view .LVU1153
 3669 00c4 2268     		ldr	r2, [r4]
 3670 00c6 1368     		ldr	r3, [r2]
 3671 00c8 0649     		ldr	r1, .L249+12
 3672 00ca 0B40     		ands	r3, r1
 3673 00cc 1360     		str	r3, [r2]
 3674 00ce D0E7     		b	.L242
 3675              	.LVL260:
 3676              	.L244:
1641:Drivers/STM32F0xx_HAL_Driver/Src/stm32f0xx_hal_spi.c ****     goto error;
 3677              		.loc 1 1641 15 is_stmt 0 view .LVU1154
 3678 00d0 0220     		movs	r0, #2
 3679              	.LVL261:
 3680              	.L238:
1732:Drivers/STM32F0xx_HAL_Driver/Src/stm32f0xx_hal_spi.c **** 
 3681              		.loc 1 1732 1 view .LVU1155
 3682              		@ sp needed
 3683              	.LVL262:
1732:Drivers/STM32F0xx_HAL_Driver/Src/stm32f0xx_hal_spi.c **** 
 3684              		.loc 1 1732 1 view .LVU1156
 3685 00d2 70BD     		pop	{r4, r5, r6, pc}
 3686              	.LVL263:
 3687              	.L245:
1660:Drivers/STM32F0xx_HAL_Driver/Src/stm32f0xx_hal_spi.c **** 
 3688              		.loc 1 1660 3 discriminator 1 view .LVU1157
ARM GAS  C:\Users\ADMINI~1\AppData\Local\Temp\ccrv5aWF.s 			page 160


 3689 00d4 0220     		movs	r0, #2
 3690 00d6 FCE7     		b	.L238
 3691              	.L250:
 3692              		.align	2
 3693              	.L249:
 3694 00d8 FFEFFFFF 		.word	-4097
 3695 00dc 00000000 		.word	SPI_RxISR_16BIT
 3696 00e0 00000000 		.word	SPI_RxISR_8BIT
 3697 00e4 FFBFFFFF 		.word	-16385
 3698              		.cfi_endproc
 3699              	.LFE48:
 3701              		.section	.text.HAL_SPI_Transmit_DMA,"ax",%progbits
 3702              		.align	1
 3703              		.global	HAL_SPI_Transmit_DMA
 3704              		.syntax unified
 3705              		.code	16
 3706              		.thumb_func
 3708              	HAL_SPI_Transmit_DMA:
 3709              	.LVL264:
 3710              	.LFB50:
1854:Drivers/STM32F0xx_HAL_Driver/Src/stm32f0xx_hal_spi.c ****   HAL_StatusTypeDef errorcode = HAL_OK;
 3711              		.loc 1 1854 1 is_stmt 1 view -0
 3712              		.cfi_startproc
 3713              		@ args = 0, pretend = 0, frame = 0
 3714              		@ frame_needed = 0, uses_anonymous_args = 0
1854:Drivers/STM32F0xx_HAL_Driver/Src/stm32f0xx_hal_spi.c ****   HAL_StatusTypeDef errorcode = HAL_OK;
 3715              		.loc 1 1854 1 is_stmt 0 view .LVU1159
 3716 0000 70B5     		push	{r4, r5, r6, lr}
 3717              		.cfi_def_cfa_offset 16
 3718              		.cfi_offset 4, -16
 3719              		.cfi_offset 5, -12
 3720              		.cfi_offset 6, -8
 3721              		.cfi_offset 14, -4
 3722 0002 0400     		movs	r4, r0
1855:Drivers/STM32F0xx_HAL_Driver/Src/stm32f0xx_hal_spi.c **** 
 3723              		.loc 1 1855 3 is_stmt 1 view .LVU1160
 3724              	.LVL265:
1858:Drivers/STM32F0xx_HAL_Driver/Src/stm32f0xx_hal_spi.c **** 
 3725              		.loc 1 1858 3 view .LVU1161
1861:Drivers/STM32F0xx_HAL_Driver/Src/stm32f0xx_hal_spi.c **** 
 3726              		.loc 1 1861 3 view .LVU1162
1864:Drivers/STM32F0xx_HAL_Driver/Src/stm32f0xx_hal_spi.c **** 
 3727              		.loc 1 1864 3 view .LVU1163
1864:Drivers/STM32F0xx_HAL_Driver/Src/stm32f0xx_hal_spi.c **** 
 3728              		.loc 1 1864 3 view .LVU1164
 3729 0004 5C23     		movs	r3, #92
 3730 0006 C35C     		ldrb	r3, [r0, r3]
 3731 0008 012B     		cmp	r3, #1
 3732 000a 00D1     		bne	.LCB3482
 3733 000c 86E0     		b	.L259	@long jump
 3734              	.LCB3482:
1864:Drivers/STM32F0xx_HAL_Driver/Src/stm32f0xx_hal_spi.c **** 
 3735              		.loc 1 1864 3 discriminator 2 view .LVU1165
 3736 000e 5C23     		movs	r3, #92
 3737 0010 0120     		movs	r0, #1
 3738              	.LVL266:
1864:Drivers/STM32F0xx_HAL_Driver/Src/stm32f0xx_hal_spi.c **** 
ARM GAS  C:\Users\ADMINI~1\AppData\Local\Temp\ccrv5aWF.s 			page 161


 3739              		.loc 1 1864 3 is_stmt 0 discriminator 2 view .LVU1166
 3740 0012 E054     		strb	r0, [r4, r3]
1864:Drivers/STM32F0xx_HAL_Driver/Src/stm32f0xx_hal_spi.c **** 
 3741              		.loc 1 1864 3 is_stmt 1 view .LVU1167
1866:Drivers/STM32F0xx_HAL_Driver/Src/stm32f0xx_hal_spi.c ****   {
 3742              		.loc 1 1866 3 view .LVU1168
1866:Drivers/STM32F0xx_HAL_Driver/Src/stm32f0xx_hal_spi.c ****   {
 3743              		.loc 1 1866 11 is_stmt 0 view .LVU1169
 3744 0014 0133     		adds	r3, r3, #1
 3745 0016 E35C     		ldrb	r3, [r4, r3]
 3746 0018 DDB2     		uxtb	r5, r3
1866:Drivers/STM32F0xx_HAL_Driver/Src/stm32f0xx_hal_spi.c ****   {
 3747              		.loc 1 1866 6 view .LVU1170
 3748 001a 012B     		cmp	r3, #1
 3749 001c 78D1     		bne	.L260
1872:Drivers/STM32F0xx_HAL_Driver/Src/stm32f0xx_hal_spi.c ****   {
 3750              		.loc 1 1872 3 is_stmt 1 view .LVU1171
1872:Drivers/STM32F0xx_HAL_Driver/Src/stm32f0xx_hal_spi.c ****   {
 3751              		.loc 1 1872 6 is_stmt 0 view .LVU1172
 3752 001e 0029     		cmp	r1, #0
 3753 0020 77D0     		beq	.L253
1872:Drivers/STM32F0xx_HAL_Driver/Src/stm32f0xx_hal_spi.c ****   {
 3754              		.loc 1 1872 23 discriminator 1 view .LVU1173
 3755 0022 002A     		cmp	r2, #0
 3756 0024 75D0     		beq	.L253
1879:Drivers/STM32F0xx_HAL_Driver/Src/stm32f0xx_hal_spi.c ****   hspi->ErrorCode   = HAL_SPI_ERROR_NONE;
 3757              		.loc 1 1879 3 is_stmt 1 view .LVU1174
1879:Drivers/STM32F0xx_HAL_Driver/Src/stm32f0xx_hal_spi.c ****   hspi->ErrorCode   = HAL_SPI_ERROR_NONE;
 3758              		.loc 1 1879 21 is_stmt 0 view .LVU1175
 3759 0026 5C33     		adds	r3, r3, #92
 3760 0028 0230     		adds	r0, r0, #2
 3761 002a E054     		strb	r0, [r4, r3]
1880:Drivers/STM32F0xx_HAL_Driver/Src/stm32f0xx_hal_spi.c ****   hspi->pTxBuffPtr  = (uint8_t *)pData;
 3762              		.loc 1 1880 3 is_stmt 1 view .LVU1176
1880:Drivers/STM32F0xx_HAL_Driver/Src/stm32f0xx_hal_spi.c ****   hspi->pTxBuffPtr  = (uint8_t *)pData;
 3763              		.loc 1 1880 21 is_stmt 0 view .LVU1177
 3764 002c 0023     		movs	r3, #0
 3765 002e 2366     		str	r3, [r4, #96]
1881:Drivers/STM32F0xx_HAL_Driver/Src/stm32f0xx_hal_spi.c ****   hspi->TxXferSize  = Size;
 3766              		.loc 1 1881 3 is_stmt 1 view .LVU1178
1881:Drivers/STM32F0xx_HAL_Driver/Src/stm32f0xx_hal_spi.c ****   hspi->TxXferSize  = Size;
 3767              		.loc 1 1881 21 is_stmt 0 view .LVU1179
 3768 0030 A163     		str	r1, [r4, #56]
1882:Drivers/STM32F0xx_HAL_Driver/Src/stm32f0xx_hal_spi.c ****   hspi->TxXferCount = Size;
 3769              		.loc 1 1882 3 is_stmt 1 view .LVU1180
1882:Drivers/STM32F0xx_HAL_Driver/Src/stm32f0xx_hal_spi.c ****   hspi->TxXferCount = Size;
 3770              		.loc 1 1882 21 is_stmt 0 view .LVU1181
 3771 0032 A287     		strh	r2, [r4, #60]
1883:Drivers/STM32F0xx_HAL_Driver/Src/stm32f0xx_hal_spi.c **** 
 3772              		.loc 1 1883 3 is_stmt 1 view .LVU1182
1883:Drivers/STM32F0xx_HAL_Driver/Src/stm32f0xx_hal_spi.c **** 
 3773              		.loc 1 1883 21 is_stmt 0 view .LVU1183
 3774 0034 E287     		strh	r2, [r4, #62]
1886:Drivers/STM32F0xx_HAL_Driver/Src/stm32f0xx_hal_spi.c ****   hspi->TxISR       = NULL;
 3775              		.loc 1 1886 3 is_stmt 1 view .LVU1184
1886:Drivers/STM32F0xx_HAL_Driver/Src/stm32f0xx_hal_spi.c ****   hspi->TxISR       = NULL;
 3776              		.loc 1 1886 21 is_stmt 0 view .LVU1185
ARM GAS  C:\Users\ADMINI~1\AppData\Local\Temp\ccrv5aWF.s 			page 162


 3777 0036 2364     		str	r3, [r4, #64]
1887:Drivers/STM32F0xx_HAL_Driver/Src/stm32f0xx_hal_spi.c ****   hspi->RxISR       = NULL;
 3778              		.loc 1 1887 3 is_stmt 1 view .LVU1186
1887:Drivers/STM32F0xx_HAL_Driver/Src/stm32f0xx_hal_spi.c ****   hspi->RxISR       = NULL;
 3779              		.loc 1 1887 21 is_stmt 0 view .LVU1187
 3780 0038 2365     		str	r3, [r4, #80]
1888:Drivers/STM32F0xx_HAL_Driver/Src/stm32f0xx_hal_spi.c ****   hspi->RxXferSize  = 0U;
 3781              		.loc 1 1888 3 is_stmt 1 view .LVU1188
1888:Drivers/STM32F0xx_HAL_Driver/Src/stm32f0xx_hal_spi.c ****   hspi->RxXferSize  = 0U;
 3782              		.loc 1 1888 21 is_stmt 0 view .LVU1189
 3783 003a E364     		str	r3, [r4, #76]
1889:Drivers/STM32F0xx_HAL_Driver/Src/stm32f0xx_hal_spi.c ****   hspi->RxXferCount = 0U;
 3784              		.loc 1 1889 3 is_stmt 1 view .LVU1190
1889:Drivers/STM32F0xx_HAL_Driver/Src/stm32f0xx_hal_spi.c ****   hspi->RxXferCount = 0U;
 3785              		.loc 1 1889 21 is_stmt 0 view .LVU1191
 3786 003c 4422     		movs	r2, #68
 3787              	.LVL267:
1889:Drivers/STM32F0xx_HAL_Driver/Src/stm32f0xx_hal_spi.c ****   hspi->RxXferCount = 0U;
 3788              		.loc 1 1889 21 view .LVU1192
 3789 003e A352     		strh	r3, [r4, r2]
 3790              	.LVL268:
1890:Drivers/STM32F0xx_HAL_Driver/Src/stm32f0xx_hal_spi.c **** 
 3791              		.loc 1 1890 3 is_stmt 1 view .LVU1193
1890:Drivers/STM32F0xx_HAL_Driver/Src/stm32f0xx_hal_spi.c **** 
 3792              		.loc 1 1890 21 is_stmt 0 view .LVU1194
 3793 0040 0232     		adds	r2, r2, #2
 3794 0042 A352     		strh	r3, [r4, r2]
1893:Drivers/STM32F0xx_HAL_Driver/Src/stm32f0xx_hal_spi.c ****   {
 3795              		.loc 1 1893 3 is_stmt 1 view .LVU1195
1893:Drivers/STM32F0xx_HAL_Driver/Src/stm32f0xx_hal_spi.c ****   {
 3796              		.loc 1 1893 17 is_stmt 0 view .LVU1196
 3797 0044 A268     		ldr	r2, [r4, #8]
1893:Drivers/STM32F0xx_HAL_Driver/Src/stm32f0xx_hal_spi.c ****   {
 3798              		.loc 1 1893 6 view .LVU1197
 3799 0046 8023     		movs	r3, #128
 3800 0048 1B02     		lsls	r3, r3, #8
 3801 004a 9A42     		cmp	r2, r3
 3802 004c 39D0     		beq	.L262
 3803              	.LVL269:
 3804              	.L254:
1909:Drivers/STM32F0xx_HAL_Driver/Src/stm32f0xx_hal_spi.c **** 
 3805              		.loc 1 1909 3 is_stmt 1 view .LVU1198
1909:Drivers/STM32F0xx_HAL_Driver/Src/stm32f0xx_hal_spi.c **** 
 3806              		.loc 1 1909 7 is_stmt 0 view .LVU1199
 3807 004e 636D     		ldr	r3, [r4, #84]
1909:Drivers/STM32F0xx_HAL_Driver/Src/stm32f0xx_hal_spi.c **** 
 3808              		.loc 1 1909 38 view .LVU1200
 3809 0050 334A     		ldr	r2, .L265
 3810 0052 DA62     		str	r2, [r3, #44]
1912:Drivers/STM32F0xx_HAL_Driver/Src/stm32f0xx_hal_spi.c **** 
 3811              		.loc 1 1912 3 is_stmt 1 view .LVU1201
1912:Drivers/STM32F0xx_HAL_Driver/Src/stm32f0xx_hal_spi.c **** 
 3812              		.loc 1 1912 7 is_stmt 0 view .LVU1202
 3813 0054 636D     		ldr	r3, [r4, #84]
1912:Drivers/STM32F0xx_HAL_Driver/Src/stm32f0xx_hal_spi.c **** 
 3814              		.loc 1 1912 34 view .LVU1203
 3815 0056 334A     		ldr	r2, .L265+4
ARM GAS  C:\Users\ADMINI~1\AppData\Local\Temp\ccrv5aWF.s 			page 163


 3816 0058 9A62     		str	r2, [r3, #40]
1915:Drivers/STM32F0xx_HAL_Driver/Src/stm32f0xx_hal_spi.c **** 
 3817              		.loc 1 1915 3 is_stmt 1 view .LVU1204
1915:Drivers/STM32F0xx_HAL_Driver/Src/stm32f0xx_hal_spi.c **** 
 3818              		.loc 1 1915 7 is_stmt 0 view .LVU1205
 3819 005a 636D     		ldr	r3, [r4, #84]
1915:Drivers/STM32F0xx_HAL_Driver/Src/stm32f0xx_hal_spi.c **** 
 3820              		.loc 1 1915 35 view .LVU1206
 3821 005c 324A     		ldr	r2, .L265+8
 3822 005e 1A63     		str	r2, [r3, #48]
1918:Drivers/STM32F0xx_HAL_Driver/Src/stm32f0xx_hal_spi.c **** 
 3823              		.loc 1 1918 3 is_stmt 1 view .LVU1207
1918:Drivers/STM32F0xx_HAL_Driver/Src/stm32f0xx_hal_spi.c **** 
 3824              		.loc 1 1918 7 is_stmt 0 view .LVU1208
 3825 0060 636D     		ldr	r3, [r4, #84]
1918:Drivers/STM32F0xx_HAL_Driver/Src/stm32f0xx_hal_spi.c **** 
 3826              		.loc 1 1918 35 view .LVU1209
 3827 0062 0022     		movs	r2, #0
 3828 0064 5A63     		str	r2, [r3, #52]
1920:Drivers/STM32F0xx_HAL_Driver/Src/stm32f0xx_hal_spi.c ****   /* Packing mode is enabled only if the DMA setting is HALWORD */
 3829              		.loc 1 1920 3 is_stmt 1 view .LVU1210
 3830 0066 2268     		ldr	r2, [r4]
 3831 0068 5368     		ldr	r3, [r2, #4]
 3832 006a 3049     		ldr	r1, .L265+12
 3833 006c 0B40     		ands	r3, r1
 3834 006e 5360     		str	r3, [r2, #4]
1922:Drivers/STM32F0xx_HAL_Driver/Src/stm32f0xx_hal_spi.c ****   {
 3835              		.loc 1 1922 3 view .LVU1211
1922:Drivers/STM32F0xx_HAL_Driver/Src/stm32f0xx_hal_spi.c ****   {
 3836              		.loc 1 1922 18 is_stmt 0 view .LVU1212
 3837 0070 E268     		ldr	r2, [r4, #12]
1922:Drivers/STM32F0xx_HAL_Driver/Src/stm32f0xx_hal_spi.c ****   {
 3838              		.loc 1 1922 6 view .LVU1213
 3839 0072 E023     		movs	r3, #224
 3840 0074 DB00     		lsls	r3, r3, #3
 3841 0076 9A42     		cmp	r2, r3
 3842 0078 05D8     		bhi	.L255
1922:Drivers/STM32F0xx_HAL_Driver/Src/stm32f0xx_hal_spi.c ****   {
 3843              		.loc 1 1922 58 discriminator 1 view .LVU1214
 3844 007a 636D     		ldr	r3, [r4, #84]
1922:Drivers/STM32F0xx_HAL_Driver/Src/stm32f0xx_hal_spi.c ****   {
 3845              		.loc 1 1922 72 discriminator 1 view .LVU1215
 3846 007c 5A69     		ldr	r2, [r3, #20]
1922:Drivers/STM32F0xx_HAL_Driver/Src/stm32f0xx_hal_spi.c ****   {
 3847              		.loc 1 1922 50 discriminator 1 view .LVU1216
 3848 007e 8023     		movs	r3, #128
 3849 0080 DB00     		lsls	r3, r3, #3
 3850 0082 9A42     		cmp	r2, r3
 3851 0084 29D0     		beq	.L263
 3852              	.L255:
1938:Drivers/STM32F0xx_HAL_Driver/Src/stm32f0xx_hal_spi.c ****                                  hspi->TxXferCount))
 3853              		.loc 1 1938 3 is_stmt 1 view .LVU1217
1938:Drivers/STM32F0xx_HAL_Driver/Src/stm32f0xx_hal_spi.c ****                                  hspi->TxXferCount))
 3854              		.loc 1 1938 62 is_stmt 0 view .LVU1218
 3855 0086 A16B     		ldr	r1, [r4, #56]
1938:Drivers/STM32F0xx_HAL_Driver/Src/stm32f0xx_hal_spi.c ****                                  hspi->TxXferCount))
 3856              		.loc 1 1938 91 view .LVU1219
ARM GAS  C:\Users\ADMINI~1\AppData\Local\Temp\ccrv5aWF.s 			page 164


 3857 0088 2268     		ldr	r2, [r4]
1938:Drivers/STM32F0xx_HAL_Driver/Src/stm32f0xx_hal_spi.c ****                                  hspi->TxXferCount))
 3858              		.loc 1 1938 86 view .LVU1220
 3859 008a 0C32     		adds	r2, r2, #12
1939:Drivers/STM32F0xx_HAL_Driver/Src/stm32f0xx_hal_spi.c ****   {
 3860              		.loc 1 1939 38 view .LVU1221
 3861 008c E38F     		ldrh	r3, [r4, #62]
 3862 008e 9BB2     		uxth	r3, r3
1938:Drivers/STM32F0xx_HAL_Driver/Src/stm32f0xx_hal_spi.c ****                                  hspi->TxXferCount))
 3863              		.loc 1 1938 17 view .LVU1222
 3864 0090 606D     		ldr	r0, [r4, #84]
 3865 0092 FFF7FEFF 		bl	HAL_DMA_Start_IT
 3866              	.LVL270:
1938:Drivers/STM32F0xx_HAL_Driver/Src/stm32f0xx_hal_spi.c ****                                  hspi->TxXferCount))
 3867              		.loc 1 1938 6 discriminator 1 view .LVU1223
 3868 0096 0028     		cmp	r0, #0
 3869 0098 35D1     		bne	.L264
1949:Drivers/STM32F0xx_HAL_Driver/Src/stm32f0xx_hal_spi.c ****   {
 3870              		.loc 1 1949 3 is_stmt 1 view .LVU1224
1949:Drivers/STM32F0xx_HAL_Driver/Src/stm32f0xx_hal_spi.c ****   {
 3871              		.loc 1 1949 12 is_stmt 0 view .LVU1225
 3872 009a 2368     		ldr	r3, [r4]
1949:Drivers/STM32F0xx_HAL_Driver/Src/stm32f0xx_hal_spi.c ****   {
 3873              		.loc 1 1949 22 view .LVU1226
 3874 009c 1A68     		ldr	r2, [r3]
1949:Drivers/STM32F0xx_HAL_Driver/Src/stm32f0xx_hal_spi.c ****   {
 3875              		.loc 1 1949 6 view .LVU1227
 3876 009e 5206     		lsls	r2, r2, #25
 3877 00a0 03D4     		bmi	.L258
1952:Drivers/STM32F0xx_HAL_Driver/Src/stm32f0xx_hal_spi.c ****   }
 3878              		.loc 1 1952 5 is_stmt 1 view .LVU1228
 3879 00a2 1A68     		ldr	r2, [r3]
 3880 00a4 4021     		movs	r1, #64
 3881 00a6 0A43     		orrs	r2, r1
 3882 00a8 1A60     		str	r2, [r3]
 3883              	.L258:
1956:Drivers/STM32F0xx_HAL_Driver/Src/stm32f0xx_hal_spi.c **** 
 3884              		.loc 1 1956 3 view .LVU1229
 3885 00aa 2268     		ldr	r2, [r4]
 3886 00ac 5368     		ldr	r3, [r2, #4]
 3887 00ae 2021     		movs	r1, #32
 3888 00b0 0B43     		orrs	r3, r1
 3889 00b2 5360     		str	r3, [r2, #4]
1959:Drivers/STM32F0xx_HAL_Driver/Src/stm32f0xx_hal_spi.c **** 
 3890              		.loc 1 1959 3 view .LVU1230
 3891 00b4 2268     		ldr	r2, [r4]
 3892 00b6 5368     		ldr	r3, [r2, #4]
 3893 00b8 1E39     		subs	r1, r1, #30
 3894 00ba 0B43     		orrs	r3, r1
 3895 00bc 5360     		str	r3, [r2, #4]
1855:Drivers/STM32F0xx_HAL_Driver/Src/stm32f0xx_hal_spi.c **** 
 3896              		.loc 1 1855 21 is_stmt 0 view .LVU1231
 3897 00be 0500     		movs	r5, r0
 3898 00c0 27E0     		b	.L253
 3899              	.LVL271:
 3900              	.L262:
1896:Drivers/STM32F0xx_HAL_Driver/Src/stm32f0xx_hal_spi.c ****     SPI_1LINE_TX(hspi);
ARM GAS  C:\Users\ADMINI~1\AppData\Local\Temp\ccrv5aWF.s 			page 165


 3901              		.loc 1 1896 5 is_stmt 1 view .LVU1232
 3902 00c2 2268     		ldr	r2, [r4]
 3903 00c4 1368     		ldr	r3, [r2]
 3904 00c6 4021     		movs	r1, #64
 3905              	.LVL272:
1896:Drivers/STM32F0xx_HAL_Driver/Src/stm32f0xx_hal_spi.c ****     SPI_1LINE_TX(hspi);
 3906              		.loc 1 1896 5 is_stmt 0 view .LVU1233
 3907 00c8 8B43     		bics	r3, r1
 3908 00ca 1360     		str	r3, [r2]
1897:Drivers/STM32F0xx_HAL_Driver/Src/stm32f0xx_hal_spi.c ****   }
 3909              		.loc 1 1897 5 is_stmt 1 view .LVU1234
 3910 00cc 2268     		ldr	r2, [r4]
 3911 00ce 1168     		ldr	r1, [r2]
 3912 00d0 8023     		movs	r3, #128
 3913 00d2 DB01     		lsls	r3, r3, #7
 3914 00d4 0B43     		orrs	r3, r1
 3915 00d6 1360     		str	r3, [r2]
 3916 00d8 B9E7     		b	.L254
 3917              	.L263:
1925:Drivers/STM32F0xx_HAL_Driver/Src/stm32f0xx_hal_spi.c ****     {
 3918              		.loc 1 1925 5 view .LVU1235
1925:Drivers/STM32F0xx_HAL_Driver/Src/stm32f0xx_hal_spi.c ****     {
 3919              		.loc 1 1925 14 is_stmt 0 view .LVU1236
 3920 00da E38F     		ldrh	r3, [r4, #62]
1925:Drivers/STM32F0xx_HAL_Driver/Src/stm32f0xx_hal_spi.c ****     {
 3921              		.loc 1 1925 8 view .LVU1237
 3922 00dc DB07     		lsls	r3, r3, #31
 3923 00de 07D4     		bmi	.L256
1927:Drivers/STM32F0xx_HAL_Driver/Src/stm32f0xx_hal_spi.c ****       hspi->TxXferCount = (hspi->TxXferCount >> 1U);
 3924              		.loc 1 1927 7 is_stmt 1 view .LVU1238
 3925 00e0 2268     		ldr	r2, [r4]
 3926 00e2 5368     		ldr	r3, [r2, #4]
 3927 00e4 0B40     		ands	r3, r1
 3928 00e6 5360     		str	r3, [r2, #4]
1928:Drivers/STM32F0xx_HAL_Driver/Src/stm32f0xx_hal_spi.c ****     }
 3929              		.loc 1 1928 7 view .LVU1239
1928:Drivers/STM32F0xx_HAL_Driver/Src/stm32f0xx_hal_spi.c ****     }
 3930              		.loc 1 1928 32 is_stmt 0 view .LVU1240
 3931 00e8 E38F     		ldrh	r3, [r4, #62]
1928:Drivers/STM32F0xx_HAL_Driver/Src/stm32f0xx_hal_spi.c ****     }
 3932              		.loc 1 1928 25 view .LVU1241
 3933 00ea 5B08     		lsrs	r3, r3, #1
 3934 00ec E387     		strh	r3, [r4, #62]
 3935 00ee CAE7     		b	.L255
 3936              	.L256:
1932:Drivers/STM32F0xx_HAL_Driver/Src/stm32f0xx_hal_spi.c ****       hspi->TxXferCount = (hspi->TxXferCount >> 1U) + 1U;
 3937              		.loc 1 1932 7 is_stmt 1 view .LVU1242
 3938 00f0 2268     		ldr	r2, [r4]
 3939 00f2 5168     		ldr	r1, [r2, #4]
 3940 00f4 8023     		movs	r3, #128
 3941 00f6 DB01     		lsls	r3, r3, #7
 3942 00f8 0B43     		orrs	r3, r1
 3943 00fa 5360     		str	r3, [r2, #4]
1933:Drivers/STM32F0xx_HAL_Driver/Src/stm32f0xx_hal_spi.c ****     }
 3944              		.loc 1 1933 7 view .LVU1243
1933:Drivers/STM32F0xx_HAL_Driver/Src/stm32f0xx_hal_spi.c ****     }
 3945              		.loc 1 1933 32 is_stmt 0 view .LVU1244
ARM GAS  C:\Users\ADMINI~1\AppData\Local\Temp\ccrv5aWF.s 			page 166


 3946 00fc E38F     		ldrh	r3, [r4, #62]
1933:Drivers/STM32F0xx_HAL_Driver/Src/stm32f0xx_hal_spi.c ****     }
 3947              		.loc 1 1933 53 view .LVU1245
 3948 00fe 5B08     		lsrs	r3, r3, #1
 3949 0100 0133     		adds	r3, r3, #1
1933:Drivers/STM32F0xx_HAL_Driver/Src/stm32f0xx_hal_spi.c ****     }
 3950              		.loc 1 1933 25 view .LVU1246
 3951 0102 E387     		strh	r3, [r4, #62]
 3952 0104 BFE7     		b	.L255
 3953              	.L264:
1942:Drivers/STM32F0xx_HAL_Driver/Src/stm32f0xx_hal_spi.c ****     errorcode = HAL_ERROR;
 3954              		.loc 1 1942 5 is_stmt 1 view .LVU1247
 3955 0106 236E     		ldr	r3, [r4, #96]
 3956 0108 1022     		movs	r2, #16
 3957 010a 1343     		orrs	r3, r2
 3958 010c 2366     		str	r3, [r4, #96]
1943:Drivers/STM32F0xx_HAL_Driver/Src/stm32f0xx_hal_spi.c **** 
 3959              		.loc 1 1943 5 view .LVU1248
 3960              	.LVL273:
1945:Drivers/STM32F0xx_HAL_Driver/Src/stm32f0xx_hal_spi.c ****   }
 3961              		.loc 1 1945 5 view .LVU1249
 3962 010e 00E0     		b	.L253
 3963              	.LVL274:
 3964              	.L260:
1868:Drivers/STM32F0xx_HAL_Driver/Src/stm32f0xx_hal_spi.c ****     goto error;
 3965              		.loc 1 1868 15 is_stmt 0 view .LVU1250
 3966 0110 0225     		movs	r5, #2
 3967              	.LVL275:
 3968              	.L253:
1963:Drivers/STM32F0xx_HAL_Driver/Src/stm32f0xx_hal_spi.c ****   return errorcode;
 3969              		.loc 1 1963 3 is_stmt 1 view .LVU1251
1963:Drivers/STM32F0xx_HAL_Driver/Src/stm32f0xx_hal_spi.c ****   return errorcode;
 3970              		.loc 1 1963 3 view .LVU1252
 3971 0112 5C23     		movs	r3, #92
 3972 0114 0022     		movs	r2, #0
 3973 0116 E254     		strb	r2, [r4, r3]
1963:Drivers/STM32F0xx_HAL_Driver/Src/stm32f0xx_hal_spi.c ****   return errorcode;
 3974              		.loc 1 1963 3 view .LVU1253
1964:Drivers/STM32F0xx_HAL_Driver/Src/stm32f0xx_hal_spi.c **** }
 3975              		.loc 1 1964 3 view .LVU1254
 3976              	.LVL276:
 3977              	.L252:
1965:Drivers/STM32F0xx_HAL_Driver/Src/stm32f0xx_hal_spi.c **** 
 3978              		.loc 1 1965 1 is_stmt 0 view .LVU1255
 3979 0118 2800     		movs	r0, r5
 3980              		@ sp needed
 3981              	.LVL277:
1965:Drivers/STM32F0xx_HAL_Driver/Src/stm32f0xx_hal_spi.c **** 
 3982              		.loc 1 1965 1 view .LVU1256
 3983 011a 70BD     		pop	{r4, r5, r6, pc}
 3984              	.LVL278:
 3985              	.L259:
1864:Drivers/STM32F0xx_HAL_Driver/Src/stm32f0xx_hal_spi.c **** 
 3986              		.loc 1 1864 3 discriminator 1 view .LVU1257
 3987 011c 0225     		movs	r5, #2
 3988 011e FBE7     		b	.L252
 3989              	.L266:
ARM GAS  C:\Users\ADMINI~1\AppData\Local\Temp\ccrv5aWF.s 			page 167


 3990              		.align	2
 3991              	.L265:
 3992 0120 00000000 		.word	SPI_DMAHalfTransmitCplt
 3993 0124 00000000 		.word	SPI_DMATransmitCplt
 3994 0128 00000000 		.word	SPI_DMAError
 3995 012c FFBFFFFF 		.word	-16385
 3996              		.cfi_endproc
 3997              	.LFE50:
 3999              		.section	.text.HAL_SPI_TransmitReceive_DMA,"ax",%progbits
 4000              		.align	1
 4001              		.global	HAL_SPI_TransmitReceive_DMA
 4002              		.syntax unified
 4003              		.code	16
 4004              		.thumb_func
 4006              	HAL_SPI_TransmitReceive_DMA:
 4007              	.LVL279:
 4008              	.LFB52:
2132:Drivers/STM32F0xx_HAL_Driver/Src/stm32f0xx_hal_spi.c ****   uint32_t             tmp_mode;
 4009              		.loc 1 2132 1 is_stmt 1 view -0
 4010              		.cfi_startproc
 4011              		@ args = 0, pretend = 0, frame = 0
 4012              		@ frame_needed = 0, uses_anonymous_args = 0
2132:Drivers/STM32F0xx_HAL_Driver/Src/stm32f0xx_hal_spi.c ****   uint32_t             tmp_mode;
 4013              		.loc 1 2132 1 is_stmt 0 view .LVU1259
 4014 0000 70B5     		push	{r4, r5, r6, lr}
 4015              		.cfi_def_cfa_offset 16
 4016              		.cfi_offset 4, -16
 4017              		.cfi_offset 5, -12
 4018              		.cfi_offset 6, -8
 4019              		.cfi_offset 14, -4
 4020 0002 0400     		movs	r4, r0
2133:Drivers/STM32F0xx_HAL_Driver/Src/stm32f0xx_hal_spi.c ****   HAL_SPI_StateTypeDef tmp_state;
 4021              		.loc 1 2133 3 is_stmt 1 view .LVU1260
2134:Drivers/STM32F0xx_HAL_Driver/Src/stm32f0xx_hal_spi.c ****   HAL_StatusTypeDef errorcode = HAL_OK;
 4022              		.loc 1 2134 3 view .LVU1261
2135:Drivers/STM32F0xx_HAL_Driver/Src/stm32f0xx_hal_spi.c **** 
 4023              		.loc 1 2135 3 view .LVU1262
 4024              	.LVL280:
2138:Drivers/STM32F0xx_HAL_Driver/Src/stm32f0xx_hal_spi.c ****   assert_param(IS_SPI_DMA_HANDLE(hspi->hdmatx));
 4025              		.loc 1 2138 3 view .LVU1263
2139:Drivers/STM32F0xx_HAL_Driver/Src/stm32f0xx_hal_spi.c **** 
 4026              		.loc 1 2139 3 view .LVU1264
2142:Drivers/STM32F0xx_HAL_Driver/Src/stm32f0xx_hal_spi.c **** 
 4027              		.loc 1 2142 3 view .LVU1265
2145:Drivers/STM32F0xx_HAL_Driver/Src/stm32f0xx_hal_spi.c **** 
 4028              		.loc 1 2145 3 view .LVU1266
2145:Drivers/STM32F0xx_HAL_Driver/Src/stm32f0xx_hal_spi.c **** 
 4029              		.loc 1 2145 3 view .LVU1267
 4030 0004 5C20     		movs	r0, #92
 4031              	.LVL281:
2145:Drivers/STM32F0xx_HAL_Driver/Src/stm32f0xx_hal_spi.c **** 
 4032              		.loc 1 2145 3 is_stmt 0 view .LVU1268
 4033 0006 205C     		ldrb	r0, [r4, r0]
 4034 0008 0128     		cmp	r0, #1
 4035 000a 00D1     		bne	.LCB3766
 4036 000c FDE0     		b	.L283	@long jump
 4037              	.LCB3766:
ARM GAS  C:\Users\ADMINI~1\AppData\Local\Temp\ccrv5aWF.s 			page 168


2145:Drivers/STM32F0xx_HAL_Driver/Src/stm32f0xx_hal_spi.c **** 
 4038              		.loc 1 2145 3 is_stmt 1 discriminator 2 view .LVU1269
 4039 000e 5C20     		movs	r0, #92
 4040 0010 0125     		movs	r5, #1
 4041 0012 2554     		strb	r5, [r4, r0]
2145:Drivers/STM32F0xx_HAL_Driver/Src/stm32f0xx_hal_spi.c **** 
 4042              		.loc 1 2145 3 view .LVU1270
2148:Drivers/STM32F0xx_HAL_Driver/Src/stm32f0xx_hal_spi.c ****   tmp_mode            = hspi->Init.Mode;
 4043              		.loc 1 2148 3 view .LVU1271
2148:Drivers/STM32F0xx_HAL_Driver/Src/stm32f0xx_hal_spi.c ****   tmp_mode            = hspi->Init.Mode;
 4044              		.loc 1 2148 23 is_stmt 0 view .LVU1272
 4045 0014 0130     		adds	r0, r0, #1
 4046 0016 205C     		ldrb	r0, [r4, r0]
 4047 0018 C6B2     		uxtb	r6, r0
 4048              	.LVL282:
2149:Drivers/STM32F0xx_HAL_Driver/Src/stm32f0xx_hal_spi.c **** 
 4049              		.loc 1 2149 3 is_stmt 1 view .LVU1273
2149:Drivers/STM32F0xx_HAL_Driver/Src/stm32f0xx_hal_spi.c **** 
 4050              		.loc 1 2149 23 is_stmt 0 view .LVU1274
 4051 001a 6568     		ldr	r5, [r4, #4]
 4052              	.LVL283:
2151:Drivers/STM32F0xx_HAL_Driver/Src/stm32f0xx_hal_spi.c ****         ((tmp_mode == SPI_MODE_MASTER) && (hspi->Init.Direction == SPI_DIRECTION_2LINES) && (tmp_st
 4053              		.loc 1 2151 3 is_stmt 1 view .LVU1275
2151:Drivers/STM32F0xx_HAL_Driver/Src/stm32f0xx_hal_spi.c ****         ((tmp_mode == SPI_MODE_MASTER) && (hspi->Init.Direction == SPI_DIRECTION_2LINES) && (tmp_st
 4054              		.loc 1 2151 6 is_stmt 0 view .LVU1276
 4055 001c 0128     		cmp	r0, #1
 4056 001e 0BD0     		beq	.L269
2151:Drivers/STM32F0xx_HAL_Driver/Src/stm32f0xx_hal_spi.c ****         ((tmp_mode == SPI_MODE_MASTER) && (hspi->Init.Direction == SPI_DIRECTION_2LINES) && (tmp_st
 4057              		.loc 1 2151 7 discriminator 1 view .LVU1277
 4058 0020 8220     		movs	r0, #130
 4059 0022 4000     		lsls	r0, r0, #1
 4060 0024 8542     		cmp	r5, r0
 4061 0026 00D0     		beq	.LCB3786
 4062 0028 DEE0     		b	.L284	@long jump
 4063              	.LCB3786:
2152:Drivers/STM32F0xx_HAL_Driver/Src/stm32f0xx_hal_spi.c ****   {
 4064              		.loc 1 2152 54 view .LVU1278
 4065 002a A068     		ldr	r0, [r4, #8]
2152:Drivers/STM32F0xx_HAL_Driver/Src/stm32f0xx_hal_spi.c ****   {
 4066              		.loc 1 2152 40 view .LVU1279
 4067 002c 0028     		cmp	r0, #0
 4068 002e 00D0     		beq	.LCB3789
 4069 0030 DFE0     		b	.L285	@long jump
 4070              	.LCB3789:
2152:Drivers/STM32F0xx_HAL_Driver/Src/stm32f0xx_hal_spi.c ****   {
 4071              		.loc 1 2152 90 discriminator 1 view .LVU1280
 4072 0032 042E     		cmp	r6, #4
 4073 0034 00D0     		beq	.LCB3791
 4074 0036 DEE0     		b	.L286	@long jump
 4075              	.LCB3791:
 4076              	.L269:
2158:Drivers/STM32F0xx_HAL_Driver/Src/stm32f0xx_hal_spi.c ****   {
 4077              		.loc 1 2158 3 is_stmt 1 view .LVU1281
2158:Drivers/STM32F0xx_HAL_Driver/Src/stm32f0xx_hal_spi.c ****   {
 4078              		.loc 1 2158 6 is_stmt 0 view .LVU1282
 4079 0038 0029     		cmp	r1, #0
 4080 003a 00D1     		bne	.LCB3795
ARM GAS  C:\Users\ADMINI~1\AppData\Local\Temp\ccrv5aWF.s 			page 169


 4081 003c DDE0     		b	.L287	@long jump
 4082              	.LCB3795:
2158:Drivers/STM32F0xx_HAL_Driver/Src/stm32f0xx_hal_spi.c ****   {
 4083              		.loc 1 2158 25 discriminator 1 view .LVU1283
 4084 003e 002A     		cmp	r2, #0
 4085 0040 00D1     		bne	.LCB3797
 4086 0042 DCE0     		b	.L288	@long jump
 4087              	.LCB3797:
2158:Drivers/STM32F0xx_HAL_Driver/Src/stm32f0xx_hal_spi.c ****   {
 4088              		.loc 1 2158 46 discriminator 2 view .LVU1284
 4089 0044 002B     		cmp	r3, #0
 4090 0046 00D1     		bne	.LCB3799
 4091 0048 DBE0     		b	.L289	@long jump
 4092              	.LCB3799:
2165:Drivers/STM32F0xx_HAL_Driver/Src/stm32f0xx_hal_spi.c ****   {
 4093              		.loc 1 2165 3 is_stmt 1 view .LVU1285
2165:Drivers/STM32F0xx_HAL_Driver/Src/stm32f0xx_hal_spi.c ****   {
 4094              		.loc 1 2165 11 is_stmt 0 view .LVU1286
 4095 004a 5D20     		movs	r0, #93
 4096 004c 205C     		ldrb	r0, [r4, r0]
2165:Drivers/STM32F0xx_HAL_Driver/Src/stm32f0xx_hal_spi.c ****   {
 4097              		.loc 1 2165 6 view .LVU1287
 4098 004e 0428     		cmp	r0, #4
 4099 0050 02D0     		beq	.L271
2167:Drivers/STM32F0xx_HAL_Driver/Src/stm32f0xx_hal_spi.c ****   }
 4100              		.loc 1 2167 5 is_stmt 1 view .LVU1288
2167:Drivers/STM32F0xx_HAL_Driver/Src/stm32f0xx_hal_spi.c ****   }
 4101              		.loc 1 2167 17 is_stmt 0 view .LVU1289
 4102 0052 5D20     		movs	r0, #93
 4103 0054 0525     		movs	r5, #5
 4104              	.LVL284:
2167:Drivers/STM32F0xx_HAL_Driver/Src/stm32f0xx_hal_spi.c ****   }
 4105              		.loc 1 2167 17 view .LVU1290
 4106 0056 2554     		strb	r5, [r4, r0]
 4107              	.LVL285:
 4108              	.L271:
2171:Drivers/STM32F0xx_HAL_Driver/Src/stm32f0xx_hal_spi.c ****   hspi->pTxBuffPtr  = (uint8_t *)pTxData;
 4109              		.loc 1 2171 3 is_stmt 1 view .LVU1291
2171:Drivers/STM32F0xx_HAL_Driver/Src/stm32f0xx_hal_spi.c ****   hspi->pTxBuffPtr  = (uint8_t *)pTxData;
 4110              		.loc 1 2171 21 is_stmt 0 view .LVU1292
 4111 0058 0020     		movs	r0, #0
 4112 005a 2066     		str	r0, [r4, #96]
2172:Drivers/STM32F0xx_HAL_Driver/Src/stm32f0xx_hal_spi.c ****   hspi->TxXferSize  = Size;
 4113              		.loc 1 2172 3 is_stmt 1 view .LVU1293
2172:Drivers/STM32F0xx_HAL_Driver/Src/stm32f0xx_hal_spi.c ****   hspi->TxXferSize  = Size;
 4114              		.loc 1 2172 21 is_stmt 0 view .LVU1294
 4115 005c A163     		str	r1, [r4, #56]
2173:Drivers/STM32F0xx_HAL_Driver/Src/stm32f0xx_hal_spi.c ****   hspi->TxXferCount = Size;
 4116              		.loc 1 2173 3 is_stmt 1 view .LVU1295
2173:Drivers/STM32F0xx_HAL_Driver/Src/stm32f0xx_hal_spi.c ****   hspi->TxXferCount = Size;
 4117              		.loc 1 2173 21 is_stmt 0 view .LVU1296
 4118 005e A387     		strh	r3, [r4, #60]
2174:Drivers/STM32F0xx_HAL_Driver/Src/stm32f0xx_hal_spi.c ****   hspi->pRxBuffPtr  = (uint8_t *)pRxData;
 4119              		.loc 1 2174 3 is_stmt 1 view .LVU1297
2174:Drivers/STM32F0xx_HAL_Driver/Src/stm32f0xx_hal_spi.c ****   hspi->pRxBuffPtr  = (uint8_t *)pRxData;
 4120              		.loc 1 2174 21 is_stmt 0 view .LVU1298
 4121 0060 E387     		strh	r3, [r4, #62]
ARM GAS  C:\Users\ADMINI~1\AppData\Local\Temp\ccrv5aWF.s 			page 170


2175:Drivers/STM32F0xx_HAL_Driver/Src/stm32f0xx_hal_spi.c ****   hspi->RxXferSize  = Size;
 4122              		.loc 1 2175 3 is_stmt 1 view .LVU1299
2175:Drivers/STM32F0xx_HAL_Driver/Src/stm32f0xx_hal_spi.c ****   hspi->RxXferSize  = Size;
 4123              		.loc 1 2175 21 is_stmt 0 view .LVU1300
 4124 0062 2264     		str	r2, [r4, #64]
2176:Drivers/STM32F0xx_HAL_Driver/Src/stm32f0xx_hal_spi.c ****   hspi->RxXferCount = Size;
 4125              		.loc 1 2176 3 is_stmt 1 view .LVU1301
2176:Drivers/STM32F0xx_HAL_Driver/Src/stm32f0xx_hal_spi.c ****   hspi->RxXferCount = Size;
 4126              		.loc 1 2176 21 is_stmt 0 view .LVU1302
 4127 0064 4422     		movs	r2, #68
 4128              	.LVL286:
2176:Drivers/STM32F0xx_HAL_Driver/Src/stm32f0xx_hal_spi.c ****   hspi->RxXferCount = Size;
 4129              		.loc 1 2176 21 view .LVU1303
 4130 0066 A352     		strh	r3, [r4, r2]
 4131              	.LVL287:
2177:Drivers/STM32F0xx_HAL_Driver/Src/stm32f0xx_hal_spi.c **** 
 4132              		.loc 1 2177 3 is_stmt 1 view .LVU1304
2177:Drivers/STM32F0xx_HAL_Driver/Src/stm32f0xx_hal_spi.c **** 
 4133              		.loc 1 2177 21 is_stmt 0 view .LVU1305
 4134 0068 0232     		adds	r2, r2, #2
 4135 006a A352     		strh	r3, [r4, r2]
2180:Drivers/STM32F0xx_HAL_Driver/Src/stm32f0xx_hal_spi.c ****   hspi->TxISR       = NULL;
 4136              		.loc 1 2180 3 is_stmt 1 view .LVU1306
2180:Drivers/STM32F0xx_HAL_Driver/Src/stm32f0xx_hal_spi.c ****   hspi->TxISR       = NULL;
 4137              		.loc 1 2180 21 is_stmt 0 view .LVU1307
 4138 006c E064     		str	r0, [r4, #76]
2181:Drivers/STM32F0xx_HAL_Driver/Src/stm32f0xx_hal_spi.c **** 
 4139              		.loc 1 2181 3 is_stmt 1 view .LVU1308
2181:Drivers/STM32F0xx_HAL_Driver/Src/stm32f0xx_hal_spi.c **** 
 4140              		.loc 1 2181 21 is_stmt 0 view .LVU1309
 4141 006e 2065     		str	r0, [r4, #80]
2193:Drivers/STM32F0xx_HAL_Driver/Src/stm32f0xx_hal_spi.c ****   {
 4142              		.loc 1 2193 3 is_stmt 1 view .LVU1310
2193:Drivers/STM32F0xx_HAL_Driver/Src/stm32f0xx_hal_spi.c ****   {
 4143              		.loc 1 2193 18 is_stmt 0 view .LVU1311
 4144 0070 E268     		ldr	r2, [r4, #12]
2193:Drivers/STM32F0xx_HAL_Driver/Src/stm32f0xx_hal_spi.c ****   {
 4145              		.loc 1 2193 6 view .LVU1312
 4146 0072 E023     		movs	r3, #224
 4147              	.LVL288:
2193:Drivers/STM32F0xx_HAL_Driver/Src/stm32f0xx_hal_spi.c ****   {
 4148              		.loc 1 2193 6 view .LVU1313
 4149 0074 DB00     		lsls	r3, r3, #3
 4150 0076 9A42     		cmp	r2, r3
 4151 0078 06D8     		bhi	.L272
2193:Drivers/STM32F0xx_HAL_Driver/Src/stm32f0xx_hal_spi.c ****   {
 4152              		.loc 1 2193 58 discriminator 1 view .LVU1314
 4153 007a A36D     		ldr	r3, [r4, #88]
2193:Drivers/STM32F0xx_HAL_Driver/Src/stm32f0xx_hal_spi.c ****   {
 4154              		.loc 1 2193 72 discriminator 1 view .LVU1315
 4155 007c 5A69     		ldr	r2, [r3, #20]
2193:Drivers/STM32F0xx_HAL_Driver/Src/stm32f0xx_hal_spi.c ****   {
 4156              		.loc 1 2193 50 discriminator 1 view .LVU1316
 4157 007e 8023     		movs	r3, #128
 4158 0080 DB00     		lsls	r3, r3, #3
 4159 0082 9A42     		cmp	r2, r3
 4160 0084 00D1     		bne	.LCB3850
ARM GAS  C:\Users\ADMINI~1\AppData\Local\Temp\ccrv5aWF.s 			page 171


 4161 0086 BEE0     		b	.L290	@long jump
 4162              	.LCB3850:
 4163              	.L272:
2202:Drivers/STM32F0xx_HAL_Driver/Src/stm32f0xx_hal_spi.c **** 
 4164              		.loc 1 2202 3 is_stmt 1 view .LVU1317
 4165 0088 2268     		ldr	r2, [r4]
 4166 008a 5368     		ldr	r3, [r2, #4]
 4167 008c 6049     		ldr	r1, .L295
 4168              	.LVL289:
2202:Drivers/STM32F0xx_HAL_Driver/Src/stm32f0xx_hal_spi.c **** 
 4169              		.loc 1 2202 3 is_stmt 0 view .LVU1318
 4170 008e 0B40     		ands	r3, r1
 4171 0090 5360     		str	r3, [r2, #4]
2205:Drivers/STM32F0xx_HAL_Driver/Src/stm32f0xx_hal_spi.c ****   {
 4172              		.loc 1 2205 3 is_stmt 1 view .LVU1319
2205:Drivers/STM32F0xx_HAL_Driver/Src/stm32f0xx_hal_spi.c ****   {
 4173              		.loc 1 2205 17 is_stmt 0 view .LVU1320
 4174 0092 E268     		ldr	r2, [r4, #12]
2205:Drivers/STM32F0xx_HAL_Driver/Src/stm32f0xx_hal_spi.c ****   {
 4175              		.loc 1 2205 6 view .LVU1321
 4176 0094 E023     		movs	r3, #224
 4177 0096 DB00     		lsls	r3, r3, #3
 4178 0098 9A42     		cmp	r2, r3
 4179 009a 25D9     		bls	.L273
2208:Drivers/STM32F0xx_HAL_Driver/Src/stm32f0xx_hal_spi.c ****   }
 4180              		.loc 1 2208 5 is_stmt 1 view .LVU1322
 4181 009c 2268     		ldr	r2, [r4]
 4182 009e 5368     		ldr	r3, [r2, #4]
 4183 00a0 5C49     		ldr	r1, .L295+4
 4184 00a2 0B40     		ands	r3, r1
 4185 00a4 5360     		str	r3, [r2, #4]
 4186              	.L274:
2248:Drivers/STM32F0xx_HAL_Driver/Src/stm32f0xx_hal_spi.c ****   {
 4187              		.loc 1 2248 3 view .LVU1323
2248:Drivers/STM32F0xx_HAL_Driver/Src/stm32f0xx_hal_spi.c ****   {
 4188              		.loc 1 2248 11 is_stmt 0 view .LVU1324
 4189 00a6 5D23     		movs	r3, #93
 4190 00a8 E35C     		ldrb	r3, [r4, r3]
2248:Drivers/STM32F0xx_HAL_Driver/Src/stm32f0xx_hal_spi.c ****   {
 4191              		.loc 1 2248 6 view .LVU1325
 4192 00aa 042B     		cmp	r3, #4
 4193 00ac 64D0     		beq	.L292
2257:Drivers/STM32F0xx_HAL_Driver/Src/stm32f0xx_hal_spi.c ****     hspi->hdmarx->XferCpltCallback     = SPI_DMATransmitReceiveCplt;
 4194              		.loc 1 2257 5 is_stmt 1 view .LVU1326
2257:Drivers/STM32F0xx_HAL_Driver/Src/stm32f0xx_hal_spi.c ****     hspi->hdmarx->XferCpltCallback     = SPI_DMATransmitReceiveCplt;
 4195              		.loc 1 2257 9 is_stmt 0 view .LVU1327
 4196 00ae A36D     		ldr	r3, [r4, #88]
2257:Drivers/STM32F0xx_HAL_Driver/Src/stm32f0xx_hal_spi.c ****     hspi->hdmarx->XferCpltCallback     = SPI_DMATransmitReceiveCplt;
 4197              		.loc 1 2257 40 view .LVU1328
 4198 00b0 594A     		ldr	r2, .L295+8
 4199 00b2 DA62     		str	r2, [r3, #44]
2258:Drivers/STM32F0xx_HAL_Driver/Src/stm32f0xx_hal_spi.c ****   }
 4200              		.loc 1 2258 5 is_stmt 1 view .LVU1329
2258:Drivers/STM32F0xx_HAL_Driver/Src/stm32f0xx_hal_spi.c ****   }
 4201              		.loc 1 2258 9 is_stmt 0 view .LVU1330
 4202 00b4 A36D     		ldr	r3, [r4, #88]
2258:Drivers/STM32F0xx_HAL_Driver/Src/stm32f0xx_hal_spi.c ****   }
ARM GAS  C:\Users\ADMINI~1\AppData\Local\Temp\ccrv5aWF.s 			page 172


 4203              		.loc 1 2258 40 view .LVU1331
 4204 00b6 594A     		ldr	r2, .L295+12
 4205 00b8 9A62     		str	r2, [r3, #40]
 4206              	.L279:
2262:Drivers/STM32F0xx_HAL_Driver/Src/stm32f0xx_hal_spi.c **** 
 4207              		.loc 1 2262 3 is_stmt 1 view .LVU1332
2262:Drivers/STM32F0xx_HAL_Driver/Src/stm32f0xx_hal_spi.c **** 
 4208              		.loc 1 2262 7 is_stmt 0 view .LVU1333
 4209 00ba A36D     		ldr	r3, [r4, #88]
2262:Drivers/STM32F0xx_HAL_Driver/Src/stm32f0xx_hal_spi.c **** 
 4210              		.loc 1 2262 35 view .LVU1334
 4211 00bc 584A     		ldr	r2, .L295+16
 4212 00be 1A63     		str	r2, [r3, #48]
2265:Drivers/STM32F0xx_HAL_Driver/Src/stm32f0xx_hal_spi.c **** 
 4213              		.loc 1 2265 3 is_stmt 1 view .LVU1335
2265:Drivers/STM32F0xx_HAL_Driver/Src/stm32f0xx_hal_spi.c **** 
 4214              		.loc 1 2265 7 is_stmt 0 view .LVU1336
 4215 00c0 A36D     		ldr	r3, [r4, #88]
2265:Drivers/STM32F0xx_HAL_Driver/Src/stm32f0xx_hal_spi.c **** 
 4216              		.loc 1 2265 35 view .LVU1337
 4217 00c2 0022     		movs	r2, #0
 4218 00c4 5A63     		str	r2, [r3, #52]
2268:Drivers/STM32F0xx_HAL_Driver/Src/stm32f0xx_hal_spi.c ****                                  hspi->RxXferCount))
 4219              		.loc 1 2268 3 is_stmt 1 view .LVU1338
2268:Drivers/STM32F0xx_HAL_Driver/Src/stm32f0xx_hal_spi.c ****                                  hspi->RxXferCount))
 4220              		.loc 1 2268 63 is_stmt 0 view .LVU1339
 4221 00c6 2168     		ldr	r1, [r4]
2268:Drivers/STM32F0xx_HAL_Driver/Src/stm32f0xx_hal_spi.c ****                                  hspi->RxXferCount))
 4222              		.loc 1 2268 58 view .LVU1340
 4223 00c8 0C31     		adds	r1, r1, #12
2268:Drivers/STM32F0xx_HAL_Driver/Src/stm32f0xx_hal_spi.c ****                                  hspi->RxXferCount))
 4224              		.loc 1 2268 93 view .LVU1341
 4225 00ca 226C     		ldr	r2, [r4, #64]
2269:Drivers/STM32F0xx_HAL_Driver/Src/stm32f0xx_hal_spi.c ****   {
 4226              		.loc 1 2269 38 view .LVU1342
 4227 00cc 4623     		movs	r3, #70
 4228 00ce E35A     		ldrh	r3, [r4, r3]
 4229 00d0 9BB2     		uxth	r3, r3
2268:Drivers/STM32F0xx_HAL_Driver/Src/stm32f0xx_hal_spi.c ****                                  hspi->RxXferCount))
 4230              		.loc 1 2268 17 view .LVU1343
 4231 00d2 A06D     		ldr	r0, [r4, #88]
 4232 00d4 FFF7FEFF 		bl	HAL_DMA_Start_IT
 4233              	.LVL290:
2268:Drivers/STM32F0xx_HAL_Driver/Src/stm32f0xx_hal_spi.c ****                                  hspi->RxXferCount))
 4234              		.loc 1 2268 6 discriminator 1 view .LVU1344
 4235 00d8 0028     		cmp	r0, #0
 4236 00da 54D0     		beq	.L280
2272:Drivers/STM32F0xx_HAL_Driver/Src/stm32f0xx_hal_spi.c ****     errorcode = HAL_ERROR;
 4237              		.loc 1 2272 5 is_stmt 1 view .LVU1345
 4238 00dc 236E     		ldr	r3, [r4, #96]
 4239 00de 1022     		movs	r2, #16
 4240 00e0 1343     		orrs	r3, r2
 4241 00e2 2366     		str	r3, [r4, #96]
2273:Drivers/STM32F0xx_HAL_Driver/Src/stm32f0xx_hal_spi.c **** 
 4242              		.loc 1 2273 5 view .LVU1346
 4243              	.LVL291:
2275:Drivers/STM32F0xx_HAL_Driver/Src/stm32f0xx_hal_spi.c ****   }
ARM GAS  C:\Users\ADMINI~1\AppData\Local\Temp\ccrv5aWF.s 			page 173


 4244              		.loc 1 2275 5 view .LVU1347
2273:Drivers/STM32F0xx_HAL_Driver/Src/stm32f0xx_hal_spi.c **** 
 4245              		.loc 1 2273 15 is_stmt 0 view .LVU1348
 4246 00e4 0120     		movs	r0, #1
2275:Drivers/STM32F0xx_HAL_Driver/Src/stm32f0xx_hal_spi.c ****   }
 4247              		.loc 1 2275 5 view .LVU1349
 4248 00e6 80E0     		b	.L270
 4249              	.LVL292:
 4250              	.L273:
2213:Drivers/STM32F0xx_HAL_Driver/Src/stm32f0xx_hal_spi.c **** 
 4251              		.loc 1 2213 5 is_stmt 1 view .LVU1350
 4252 00e8 2268     		ldr	r2, [r4]
 4253 00ea 5168     		ldr	r1, [r2, #4]
 4254 00ec 8023     		movs	r3, #128
 4255 00ee 5B01     		lsls	r3, r3, #5
 4256 00f0 0B43     		orrs	r3, r1
 4257 00f2 5360     		str	r3, [r2, #4]
2215:Drivers/STM32F0xx_HAL_Driver/Src/stm32f0xx_hal_spi.c ****     {
 4258              		.loc 1 2215 5 view .LVU1351
2215:Drivers/STM32F0xx_HAL_Driver/Src/stm32f0xx_hal_spi.c ****     {
 4259              		.loc 1 2215 13 is_stmt 0 view .LVU1352
 4260 00f4 636D     		ldr	r3, [r4, #84]
2215:Drivers/STM32F0xx_HAL_Driver/Src/stm32f0xx_hal_spi.c ****     {
 4261              		.loc 1 2215 27 view .LVU1353
 4262 00f6 5A69     		ldr	r2, [r3, #20]
2215:Drivers/STM32F0xx_HAL_Driver/Src/stm32f0xx_hal_spi.c ****     {
 4263              		.loc 1 2215 8 view .LVU1354
 4264 00f8 8023     		movs	r3, #128
 4265 00fa DB00     		lsls	r3, r3, #3
 4266 00fc 9A42     		cmp	r2, r3
 4267 00fe 18D0     		beq	.L293
 4268              	.L275:
2229:Drivers/STM32F0xx_HAL_Driver/Src/stm32f0xx_hal_spi.c ****     {
 4269              		.loc 1 2229 5 is_stmt 1 view .LVU1355
2229:Drivers/STM32F0xx_HAL_Driver/Src/stm32f0xx_hal_spi.c ****     {
 4270              		.loc 1 2229 13 is_stmt 0 view .LVU1356
 4271 0100 A36D     		ldr	r3, [r4, #88]
2229:Drivers/STM32F0xx_HAL_Driver/Src/stm32f0xx_hal_spi.c ****     {
 4272              		.loc 1 2229 27 view .LVU1357
 4273 0102 5A69     		ldr	r2, [r3, #20]
2229:Drivers/STM32F0xx_HAL_Driver/Src/stm32f0xx_hal_spi.c ****     {
 4274              		.loc 1 2229 8 view .LVU1358
 4275 0104 8023     		movs	r3, #128
 4276 0106 DB00     		lsls	r3, r3, #3
 4277 0108 9A42     		cmp	r2, r3
 4278 010a CCD1     		bne	.L274
2232:Drivers/STM32F0xx_HAL_Driver/Src/stm32f0xx_hal_spi.c **** 
 4279              		.loc 1 2232 7 is_stmt 1 view .LVU1359
 4280 010c 2268     		ldr	r2, [r4]
 4281 010e 5368     		ldr	r3, [r2, #4]
 4282 0110 4049     		ldr	r1, .L295+4
 4283 0112 0B40     		ands	r3, r1
 4284 0114 5360     		str	r3, [r2, #4]
2234:Drivers/STM32F0xx_HAL_Driver/Src/stm32f0xx_hal_spi.c ****       {
 4285              		.loc 1 2234 7 view .LVU1360
2234:Drivers/STM32F0xx_HAL_Driver/Src/stm32f0xx_hal_spi.c ****       {
 4286              		.loc 1 2234 16 is_stmt 0 view .LVU1361
ARM GAS  C:\Users\ADMINI~1\AppData\Local\Temp\ccrv5aWF.s 			page 174


 4287 0116 4623     		movs	r3, #70
 4288 0118 E35A     		ldrh	r3, [r4, r3]
2234:Drivers/STM32F0xx_HAL_Driver/Src/stm32f0xx_hal_spi.c ****       {
 4289              		.loc 1 2234 10 view .LVU1362
 4290 011a DB07     		lsls	r3, r3, #31
 4291 011c 20D4     		bmi	.L277
2236:Drivers/STM32F0xx_HAL_Driver/Src/stm32f0xx_hal_spi.c ****         hspi->RxXferCount = hspi->RxXferCount >> 1U;
 4292              		.loc 1 2236 9 is_stmt 1 view .LVU1363
 4293 011e 2268     		ldr	r2, [r4]
 4294 0120 5368     		ldr	r3, [r2, #4]
 4295 0122 4049     		ldr	r1, .L295+20
 4296 0124 0B40     		ands	r3, r1
 4297 0126 5360     		str	r3, [r2, #4]
2237:Drivers/STM32F0xx_HAL_Driver/Src/stm32f0xx_hal_spi.c ****       }
 4298              		.loc 1 2237 9 view .LVU1364
2237:Drivers/STM32F0xx_HAL_Driver/Src/stm32f0xx_hal_spi.c ****       }
 4299              		.loc 1 2237 33 is_stmt 0 view .LVU1365
 4300 0128 4622     		movs	r2, #70
 4301 012a A35A     		ldrh	r3, [r4, r2]
2237:Drivers/STM32F0xx_HAL_Driver/Src/stm32f0xx_hal_spi.c ****       }
 4302              		.loc 1 2237 27 view .LVU1366
 4303 012c 5B08     		lsrs	r3, r3, #1
 4304 012e A352     		strh	r3, [r4, r2]
 4305 0130 B9E7     		b	.L274
 4306              	.L293:
2217:Drivers/STM32F0xx_HAL_Driver/Src/stm32f0xx_hal_spi.c ****       {
 4307              		.loc 1 2217 7 is_stmt 1 view .LVU1367
2217:Drivers/STM32F0xx_HAL_Driver/Src/stm32f0xx_hal_spi.c ****       {
 4308              		.loc 1 2217 16 is_stmt 0 view .LVU1368
 4309 0132 A38F     		ldrh	r3, [r4, #60]
2217:Drivers/STM32F0xx_HAL_Driver/Src/stm32f0xx_hal_spi.c ****       {
 4310              		.loc 1 2217 10 view .LVU1369
 4311 0134 DB07     		lsls	r3, r3, #31
 4312 0136 08D4     		bmi	.L276
2219:Drivers/STM32F0xx_HAL_Driver/Src/stm32f0xx_hal_spi.c ****         hspi->TxXferCount = hspi->TxXferCount >> 1U;
 4313              		.loc 1 2219 9 is_stmt 1 view .LVU1370
 4314 0138 2268     		ldr	r2, [r4]
 4315 013a 5368     		ldr	r3, [r2, #4]
 4316 013c 3A49     		ldr	r1, .L295+24
 4317 013e 0B40     		ands	r3, r1
 4318 0140 5360     		str	r3, [r2, #4]
2220:Drivers/STM32F0xx_HAL_Driver/Src/stm32f0xx_hal_spi.c ****       }
 4319              		.loc 1 2220 9 view .LVU1371
2220:Drivers/STM32F0xx_HAL_Driver/Src/stm32f0xx_hal_spi.c ****       }
 4320              		.loc 1 2220 33 is_stmt 0 view .LVU1372
 4321 0142 E38F     		ldrh	r3, [r4, #62]
2220:Drivers/STM32F0xx_HAL_Driver/Src/stm32f0xx_hal_spi.c ****       }
 4322              		.loc 1 2220 27 view .LVU1373
 4323 0144 5B08     		lsrs	r3, r3, #1
 4324 0146 E387     		strh	r3, [r4, #62]
 4325 0148 DAE7     		b	.L275
 4326              	.L276:
2224:Drivers/STM32F0xx_HAL_Driver/Src/stm32f0xx_hal_spi.c ****         hspi->TxXferCount = (hspi->TxXferCount >> 1U) + 1U;
 4327              		.loc 1 2224 9 is_stmt 1 view .LVU1374
 4328 014a 2268     		ldr	r2, [r4]
 4329 014c 5168     		ldr	r1, [r2, #4]
 4330 014e 8023     		movs	r3, #128
ARM GAS  C:\Users\ADMINI~1\AppData\Local\Temp\ccrv5aWF.s 			page 175


 4331 0150 DB01     		lsls	r3, r3, #7
 4332 0152 0B43     		orrs	r3, r1
 4333 0154 5360     		str	r3, [r2, #4]
2225:Drivers/STM32F0xx_HAL_Driver/Src/stm32f0xx_hal_spi.c ****       }
 4334              		.loc 1 2225 9 view .LVU1375
2225:Drivers/STM32F0xx_HAL_Driver/Src/stm32f0xx_hal_spi.c ****       }
 4335              		.loc 1 2225 34 is_stmt 0 view .LVU1376
 4336 0156 E38F     		ldrh	r3, [r4, #62]
2225:Drivers/STM32F0xx_HAL_Driver/Src/stm32f0xx_hal_spi.c ****       }
 4337              		.loc 1 2225 55 view .LVU1377
 4338 0158 5B08     		lsrs	r3, r3, #1
 4339 015a 0133     		adds	r3, r3, #1
2225:Drivers/STM32F0xx_HAL_Driver/Src/stm32f0xx_hal_spi.c ****       }
 4340              		.loc 1 2225 27 view .LVU1378
 4341 015c E387     		strh	r3, [r4, #62]
 4342 015e CFE7     		b	.L275
 4343              	.L277:
2241:Drivers/STM32F0xx_HAL_Driver/Src/stm32f0xx_hal_spi.c ****         hspi->RxXferCount = (hspi->RxXferCount >> 1U) + 1U;
 4344              		.loc 1 2241 9 is_stmt 1 view .LVU1379
 4345 0160 2268     		ldr	r2, [r4]
 4346 0162 5168     		ldr	r1, [r2, #4]
 4347 0164 8023     		movs	r3, #128
 4348 0166 9B01     		lsls	r3, r3, #6
 4349 0168 0B43     		orrs	r3, r1
 4350 016a 5360     		str	r3, [r2, #4]
2242:Drivers/STM32F0xx_HAL_Driver/Src/stm32f0xx_hal_spi.c ****       }
 4351              		.loc 1 2242 9 view .LVU1380
2242:Drivers/STM32F0xx_HAL_Driver/Src/stm32f0xx_hal_spi.c ****       }
 4352              		.loc 1 2242 34 is_stmt 0 view .LVU1381
 4353 016c 4622     		movs	r2, #70
 4354 016e A35A     		ldrh	r3, [r4, r2]
2242:Drivers/STM32F0xx_HAL_Driver/Src/stm32f0xx_hal_spi.c ****       }
 4355              		.loc 1 2242 55 view .LVU1382
 4356 0170 5B08     		lsrs	r3, r3, #1
 4357 0172 0133     		adds	r3, r3, #1
2242:Drivers/STM32F0xx_HAL_Driver/Src/stm32f0xx_hal_spi.c ****       }
 4358              		.loc 1 2242 27 view .LVU1383
 4359 0174 A352     		strh	r3, [r4, r2]
 4360 0176 96E7     		b	.L274
 4361              	.L292:
2251:Drivers/STM32F0xx_HAL_Driver/Src/stm32f0xx_hal_spi.c ****     hspi->hdmarx->XferCpltCallback     = SPI_DMAReceiveCplt;
 4362              		.loc 1 2251 5 is_stmt 1 view .LVU1384
2251:Drivers/STM32F0xx_HAL_Driver/Src/stm32f0xx_hal_spi.c ****     hspi->hdmarx->XferCpltCallback     = SPI_DMAReceiveCplt;
 4363              		.loc 1 2251 9 is_stmt 0 view .LVU1385
 4364 0178 A36D     		ldr	r3, [r4, #88]
2251:Drivers/STM32F0xx_HAL_Driver/Src/stm32f0xx_hal_spi.c ****     hspi->hdmarx->XferCpltCallback     = SPI_DMAReceiveCplt;
 4365              		.loc 1 2251 40 view .LVU1386
 4366 017a 2C4A     		ldr	r2, .L295+28
 4367 017c DA62     		str	r2, [r3, #44]
2252:Drivers/STM32F0xx_HAL_Driver/Src/stm32f0xx_hal_spi.c ****   }
 4368              		.loc 1 2252 5 is_stmt 1 view .LVU1387
2252:Drivers/STM32F0xx_HAL_Driver/Src/stm32f0xx_hal_spi.c ****   }
 4369              		.loc 1 2252 9 is_stmt 0 view .LVU1388
 4370 017e A36D     		ldr	r3, [r4, #88]
2252:Drivers/STM32F0xx_HAL_Driver/Src/stm32f0xx_hal_spi.c ****   }
 4371              		.loc 1 2252 40 view .LVU1389
 4372 0180 2B4A     		ldr	r2, .L295+32
ARM GAS  C:\Users\ADMINI~1\AppData\Local\Temp\ccrv5aWF.s 			page 176


 4373 0182 9A62     		str	r2, [r3, #40]
 4374 0184 99E7     		b	.L279
 4375              	.L280:
2279:Drivers/STM32F0xx_HAL_Driver/Src/stm32f0xx_hal_spi.c **** 
 4376              		.loc 1 2279 3 is_stmt 1 view .LVU1390
 4377 0186 2268     		ldr	r2, [r4]
 4378 0188 5368     		ldr	r3, [r2, #4]
 4379 018a 0121     		movs	r1, #1
 4380 018c 0B43     		orrs	r3, r1
 4381 018e 5360     		str	r3, [r2, #4]
2283:Drivers/STM32F0xx_HAL_Driver/Src/stm32f0xx_hal_spi.c ****   hspi->hdmatx->XferCpltCallback     = NULL;
 4382              		.loc 1 2283 3 view .LVU1391
2283:Drivers/STM32F0xx_HAL_Driver/Src/stm32f0xx_hal_spi.c ****   hspi->hdmatx->XferCpltCallback     = NULL;
 4383              		.loc 1 2283 7 is_stmt 0 view .LVU1392
 4384 0190 626D     		ldr	r2, [r4, #84]
2283:Drivers/STM32F0xx_HAL_Driver/Src/stm32f0xx_hal_spi.c ****   hspi->hdmatx->XferCpltCallback     = NULL;
 4385              		.loc 1 2283 38 view .LVU1393
 4386 0192 0023     		movs	r3, #0
 4387 0194 D362     		str	r3, [r2, #44]
2284:Drivers/STM32F0xx_HAL_Driver/Src/stm32f0xx_hal_spi.c ****   hspi->hdmatx->XferErrorCallback    = NULL;
 4388              		.loc 1 2284 3 is_stmt 1 view .LVU1394
2284:Drivers/STM32F0xx_HAL_Driver/Src/stm32f0xx_hal_spi.c ****   hspi->hdmatx->XferErrorCallback    = NULL;
 4389              		.loc 1 2284 7 is_stmt 0 view .LVU1395
 4390 0196 626D     		ldr	r2, [r4, #84]
2284:Drivers/STM32F0xx_HAL_Driver/Src/stm32f0xx_hal_spi.c ****   hspi->hdmatx->XferErrorCallback    = NULL;
 4391              		.loc 1 2284 38 view .LVU1396
 4392 0198 9362     		str	r3, [r2, #40]
2285:Drivers/STM32F0xx_HAL_Driver/Src/stm32f0xx_hal_spi.c ****   hspi->hdmatx->XferAbortCallback    = NULL;
 4393              		.loc 1 2285 3 is_stmt 1 view .LVU1397
2285:Drivers/STM32F0xx_HAL_Driver/Src/stm32f0xx_hal_spi.c ****   hspi->hdmatx->XferAbortCallback    = NULL;
 4394              		.loc 1 2285 7 is_stmt 0 view .LVU1398
 4395 019a 626D     		ldr	r2, [r4, #84]
2285:Drivers/STM32F0xx_HAL_Driver/Src/stm32f0xx_hal_spi.c ****   hspi->hdmatx->XferAbortCallback    = NULL;
 4396              		.loc 1 2285 38 view .LVU1399
 4397 019c 1363     		str	r3, [r2, #48]
2286:Drivers/STM32F0xx_HAL_Driver/Src/stm32f0xx_hal_spi.c **** 
 4398              		.loc 1 2286 3 is_stmt 1 view .LVU1400
2286:Drivers/STM32F0xx_HAL_Driver/Src/stm32f0xx_hal_spi.c **** 
 4399              		.loc 1 2286 7 is_stmt 0 view .LVU1401
 4400 019e 626D     		ldr	r2, [r4, #84]
2286:Drivers/STM32F0xx_HAL_Driver/Src/stm32f0xx_hal_spi.c **** 
 4401              		.loc 1 2286 38 view .LVU1402
 4402 01a0 5363     		str	r3, [r2, #52]
2289:Drivers/STM32F0xx_HAL_Driver/Src/stm32f0xx_hal_spi.c ****                                  hspi->TxXferCount))
 4403              		.loc 1 2289 3 is_stmt 1 view .LVU1403
2289:Drivers/STM32F0xx_HAL_Driver/Src/stm32f0xx_hal_spi.c ****                                  hspi->TxXferCount))
 4404              		.loc 1 2289 62 is_stmt 0 view .LVU1404
 4405 01a2 A16B     		ldr	r1, [r4, #56]
2289:Drivers/STM32F0xx_HAL_Driver/Src/stm32f0xx_hal_spi.c ****                                  hspi->TxXferCount))
 4406              		.loc 1 2289 91 view .LVU1405
 4407 01a4 2268     		ldr	r2, [r4]
2289:Drivers/STM32F0xx_HAL_Driver/Src/stm32f0xx_hal_spi.c ****                                  hspi->TxXferCount))
 4408              		.loc 1 2289 86 view .LVU1406
 4409 01a6 0C32     		adds	r2, r2, #12
2290:Drivers/STM32F0xx_HAL_Driver/Src/stm32f0xx_hal_spi.c ****   {
 4410              		.loc 1 2290 38 view .LVU1407
 4411 01a8 E38F     		ldrh	r3, [r4, #62]
ARM GAS  C:\Users\ADMINI~1\AppData\Local\Temp\ccrv5aWF.s 			page 177


 4412 01aa 9BB2     		uxth	r3, r3
2289:Drivers/STM32F0xx_HAL_Driver/Src/stm32f0xx_hal_spi.c ****                                  hspi->TxXferCount))
 4413              		.loc 1 2289 17 view .LVU1408
 4414 01ac 606D     		ldr	r0, [r4, #84]
 4415 01ae FFF7FEFF 		bl	HAL_DMA_Start_IT
 4416              	.LVL293:
2289:Drivers/STM32F0xx_HAL_Driver/Src/stm32f0xx_hal_spi.c ****                                  hspi->TxXferCount))
 4417              		.loc 1 2289 6 discriminator 1 view .LVU1409
 4418 01b2 0028     		cmp	r0, #0
 4419 01b4 12D1     		bne	.L294
2300:Drivers/STM32F0xx_HAL_Driver/Src/stm32f0xx_hal_spi.c ****   {
 4420              		.loc 1 2300 3 is_stmt 1 view .LVU1410
2300:Drivers/STM32F0xx_HAL_Driver/Src/stm32f0xx_hal_spi.c ****   {
 4421              		.loc 1 2300 12 is_stmt 0 view .LVU1411
 4422 01b6 2368     		ldr	r3, [r4]
2300:Drivers/STM32F0xx_HAL_Driver/Src/stm32f0xx_hal_spi.c ****   {
 4423              		.loc 1 2300 22 view .LVU1412
 4424 01b8 1A68     		ldr	r2, [r3]
2300:Drivers/STM32F0xx_HAL_Driver/Src/stm32f0xx_hal_spi.c ****   {
 4425              		.loc 1 2300 6 view .LVU1413
 4426 01ba 5206     		lsls	r2, r2, #25
 4427 01bc 03D4     		bmi	.L282
2303:Drivers/STM32F0xx_HAL_Driver/Src/stm32f0xx_hal_spi.c ****   }
 4428              		.loc 1 2303 5 is_stmt 1 view .LVU1414
 4429 01be 1A68     		ldr	r2, [r3]
 4430 01c0 4021     		movs	r1, #64
 4431 01c2 0A43     		orrs	r2, r1
 4432 01c4 1A60     		str	r2, [r3]
 4433              	.L282:
2306:Drivers/STM32F0xx_HAL_Driver/Src/stm32f0xx_hal_spi.c **** 
 4434              		.loc 1 2306 3 view .LVU1415
 4435 01c6 2268     		ldr	r2, [r4]
 4436 01c8 5368     		ldr	r3, [r2, #4]
 4437 01ca 2021     		movs	r1, #32
 4438 01cc 0B43     		orrs	r3, r1
 4439 01ce 5360     		str	r3, [r2, #4]
2309:Drivers/STM32F0xx_HAL_Driver/Src/stm32f0xx_hal_spi.c **** 
 4440              		.loc 1 2309 3 view .LVU1416
 4441 01d0 2268     		ldr	r2, [r4]
 4442 01d2 5368     		ldr	r3, [r2, #4]
 4443 01d4 1E39     		subs	r1, r1, #30
 4444 01d6 0B43     		orrs	r3, r1
 4445 01d8 5360     		str	r3, [r2, #4]
 4446 01da 06E0     		b	.L270
 4447              	.L294:
2293:Drivers/STM32F0xx_HAL_Driver/Src/stm32f0xx_hal_spi.c ****     errorcode = HAL_ERROR;
 4448              		.loc 1 2293 5 view .LVU1417
 4449 01dc 236E     		ldr	r3, [r4, #96]
 4450 01de 1022     		movs	r2, #16
 4451 01e0 1343     		orrs	r3, r2
 4452 01e2 2366     		str	r3, [r4, #96]
2294:Drivers/STM32F0xx_HAL_Driver/Src/stm32f0xx_hal_spi.c **** 
 4453              		.loc 1 2294 5 view .LVU1418
 4454              	.LVL294:
2296:Drivers/STM32F0xx_HAL_Driver/Src/stm32f0xx_hal_spi.c ****   }
 4455              		.loc 1 2296 5 view .LVU1419
2294:Drivers/STM32F0xx_HAL_Driver/Src/stm32f0xx_hal_spi.c **** 
ARM GAS  C:\Users\ADMINI~1\AppData\Local\Temp\ccrv5aWF.s 			page 178


 4456              		.loc 1 2294 15 is_stmt 0 view .LVU1420
 4457 01e4 0120     		movs	r0, #1
2296:Drivers/STM32F0xx_HAL_Driver/Src/stm32f0xx_hal_spi.c ****   }
 4458              		.loc 1 2296 5 view .LVU1421
 4459 01e6 00E0     		b	.L270
 4460              	.LVL295:
 4461              	.L284:
2154:Drivers/STM32F0xx_HAL_Driver/Src/stm32f0xx_hal_spi.c ****     goto error;
 4462              		.loc 1 2154 15 view .LVU1422
 4463 01e8 0220     		movs	r0, #2
 4464              	.LVL296:
 4465              	.L270:
2313:Drivers/STM32F0xx_HAL_Driver/Src/stm32f0xx_hal_spi.c ****   return errorcode;
 4466              		.loc 1 2313 3 is_stmt 1 view .LVU1423
2313:Drivers/STM32F0xx_HAL_Driver/Src/stm32f0xx_hal_spi.c ****   return errorcode;
 4467              		.loc 1 2313 3 view .LVU1424
 4468 01ea 5C23     		movs	r3, #92
 4469 01ec 0022     		movs	r2, #0
 4470 01ee E254     		strb	r2, [r4, r3]
2313:Drivers/STM32F0xx_HAL_Driver/Src/stm32f0xx_hal_spi.c ****   return errorcode;
 4471              		.loc 1 2313 3 view .LVU1425
2314:Drivers/STM32F0xx_HAL_Driver/Src/stm32f0xx_hal_spi.c **** }
 4472              		.loc 1 2314 3 view .LVU1426
 4473              	.LVL297:
 4474              	.L268:
2315:Drivers/STM32F0xx_HAL_Driver/Src/stm32f0xx_hal_spi.c **** 
 4475              		.loc 1 2315 1 is_stmt 0 view .LVU1427
 4476              		@ sp needed
 4477              	.LVL298:
2315:Drivers/STM32F0xx_HAL_Driver/Src/stm32f0xx_hal_spi.c **** 
 4478              		.loc 1 2315 1 view .LVU1428
 4479 01f0 70BD     		pop	{r4, r5, r6, pc}
 4480              	.LVL299:
 4481              	.L285:
2154:Drivers/STM32F0xx_HAL_Driver/Src/stm32f0xx_hal_spi.c ****     goto error;
 4482              		.loc 1 2154 15 view .LVU1429
 4483 01f2 0220     		movs	r0, #2
 4484 01f4 F9E7     		b	.L270
 4485              	.L286:
 4486 01f6 0220     		movs	r0, #2
 4487 01f8 F7E7     		b	.L270
 4488              	.L287:
2160:Drivers/STM32F0xx_HAL_Driver/Src/stm32f0xx_hal_spi.c ****     goto error;
 4489              		.loc 1 2160 15 view .LVU1430
 4490 01fa 0120     		movs	r0, #1
 4491 01fc F5E7     		b	.L270
 4492              	.L288:
 4493 01fe 0120     		movs	r0, #1
 4494 0200 F3E7     		b	.L270
 4495              	.L289:
 4496 0202 0120     		movs	r0, #1
 4497 0204 F1E7     		b	.L270
 4498              	.LVL300:
 4499              	.L290:
2196:Drivers/STM32F0xx_HAL_Driver/Src/stm32f0xx_hal_spi.c ****     goto error;
 4500              		.loc 1 2196 15 view .LVU1431
 4501 0206 0120     		movs	r0, #1
ARM GAS  C:\Users\ADMINI~1\AppData\Local\Temp\ccrv5aWF.s 			page 179


 4502 0208 EFE7     		b	.L270
 4503              	.LVL301:
 4504              	.L283:
2145:Drivers/STM32F0xx_HAL_Driver/Src/stm32f0xx_hal_spi.c **** 
 4505              		.loc 1 2145 3 discriminator 1 view .LVU1432
 4506 020a 0220     		movs	r0, #2
 4507 020c F0E7     		b	.L268
 4508              	.L296:
 4509 020e C046     		.align	2
 4510              	.L295:
 4511 0210 FF9FFFFF 		.word	-24577
 4512 0214 FFEFFFFF 		.word	-4097
 4513 0218 00000000 		.word	SPI_DMAHalfTransmitReceiveCplt
 4514 021c 00000000 		.word	SPI_DMATransmitReceiveCplt
 4515 0220 00000000 		.word	SPI_DMAError
 4516 0224 FFDFFFFF 		.word	-8193
 4517 0228 FFBFFFFF 		.word	-16385
 4518 022c 00000000 		.word	SPI_DMAHalfReceiveCplt
 4519 0230 00000000 		.word	SPI_DMAReceiveCplt
 4520              		.cfi_endproc
 4521              	.LFE52:
 4523              		.section	.text.HAL_SPI_Receive_DMA,"ax",%progbits
 4524              		.align	1
 4525              		.global	HAL_SPI_Receive_DMA
 4526              		.syntax unified
 4527              		.code	16
 4528              		.thumb_func
 4530              	HAL_SPI_Receive_DMA:
 4531              	.LVL302:
 4532              	.LFB51:
1978:Drivers/STM32F0xx_HAL_Driver/Src/stm32f0xx_hal_spi.c ****   HAL_StatusTypeDef errorcode = HAL_OK;
 4533              		.loc 1 1978 1 is_stmt 1 view -0
 4534              		.cfi_startproc
 4535              		@ args = 0, pretend = 0, frame = 0
 4536              		@ frame_needed = 0, uses_anonymous_args = 0
1978:Drivers/STM32F0xx_HAL_Driver/Src/stm32f0xx_hal_spi.c ****   HAL_StatusTypeDef errorcode = HAL_OK;
 4537              		.loc 1 1978 1 is_stmt 0 view .LVU1434
 4538 0000 70B5     		push	{r4, r5, r6, lr}
 4539              		.cfi_def_cfa_offset 16
 4540              		.cfi_offset 4, -16
 4541              		.cfi_offset 5, -12
 4542              		.cfi_offset 6, -8
 4543              		.cfi_offset 14, -4
 4544 0002 0400     		movs	r4, r0
1979:Drivers/STM32F0xx_HAL_Driver/Src/stm32f0xx_hal_spi.c **** 
 4545              		.loc 1 1979 3 is_stmt 1 view .LVU1435
 4546              	.LVL303:
1982:Drivers/STM32F0xx_HAL_Driver/Src/stm32f0xx_hal_spi.c **** 
 4547              		.loc 1 1982 3 view .LVU1436
1984:Drivers/STM32F0xx_HAL_Driver/Src/stm32f0xx_hal_spi.c ****   {
 4548              		.loc 1 1984 3 view .LVU1437
1984:Drivers/STM32F0xx_HAL_Driver/Src/stm32f0xx_hal_spi.c ****   {
 4549              		.loc 1 1984 11 is_stmt 0 view .LVU1438
 4550 0004 5D20     		movs	r0, #93
 4551              	.LVL304:
1984:Drivers/STM32F0xx_HAL_Driver/Src/stm32f0xx_hal_spi.c ****   {
 4552              		.loc 1 1984 11 view .LVU1439
ARM GAS  C:\Users\ADMINI~1\AppData\Local\Temp\ccrv5aWF.s 			page 180


 4553 0006 255C     		ldrb	r5, [r4, r0]
 4554 0008 EEB2     		uxtb	r6, r5
1984:Drivers/STM32F0xx_HAL_Driver/Src/stm32f0xx_hal_spi.c ****   {
 4555              		.loc 1 1984 6 view .LVU1440
 4556 000a 012D     		cmp	r5, #1
 4557 000c 00D0     		beq	.LCB4257
 4558 000e B2E0     		b	.L308	@long jump
 4559              	.LCB4257:
1990:Drivers/STM32F0xx_HAL_Driver/Src/stm32f0xx_hal_spi.c ****   {
 4560              		.loc 1 1990 3 is_stmt 1 view .LVU1441
1990:Drivers/STM32F0xx_HAL_Driver/Src/stm32f0xx_hal_spi.c ****   {
 4561              		.loc 1 1990 18 is_stmt 0 view .LVU1442
 4562 0010 A068     		ldr	r0, [r4, #8]
1990:Drivers/STM32F0xx_HAL_Driver/Src/stm32f0xx_hal_spi.c ****   {
 4563              		.loc 1 1990 6 view .LVU1443
 4564 0012 0028     		cmp	r0, #0
 4565 0014 04D1     		bne	.L299
1990:Drivers/STM32F0xx_HAL_Driver/Src/stm32f0xx_hal_spi.c ****   {
 4566              		.loc 1 1990 68 discriminator 1 view .LVU1444
 4567 0016 6568     		ldr	r5, [r4, #4]
1990:Drivers/STM32F0xx_HAL_Driver/Src/stm32f0xx_hal_spi.c ****   {
 4568              		.loc 1 1990 54 discriminator 1 view .LVU1445
 4569 0018 8223     		movs	r3, #130
 4570 001a 5B00     		lsls	r3, r3, #1
 4571 001c 9D42     		cmp	r5, r3
 4572 001e 65D0     		beq	.L311
 4573              	.L299:
2002:Drivers/STM32F0xx_HAL_Driver/Src/stm32f0xx_hal_spi.c **** 
 4574              		.loc 1 2002 3 is_stmt 1 view .LVU1446
2002:Drivers/STM32F0xx_HAL_Driver/Src/stm32f0xx_hal_spi.c **** 
 4575              		.loc 1 2002 3 view .LVU1447
 4576 0020 5C23     		movs	r3, #92
 4577 0022 E35C     		ldrb	r3, [r4, r3]
 4578 0024 012B     		cmp	r3, #1
 4579 0026 00D1     		bne	.LCB4273
 4580 0028 ABE0     		b	.L309	@long jump
 4581              	.LCB4273:
2002:Drivers/STM32F0xx_HAL_Driver/Src/stm32f0xx_hal_spi.c **** 
 4582              		.loc 1 2002 3 discriminator 2 view .LVU1448
 4583 002a 5C23     		movs	r3, #92
 4584 002c 0125     		movs	r5, #1
 4585 002e E554     		strb	r5, [r4, r3]
2002:Drivers/STM32F0xx_HAL_Driver/Src/stm32f0xx_hal_spi.c **** 
 4586              		.loc 1 2002 3 view .LVU1449
2004:Drivers/STM32F0xx_HAL_Driver/Src/stm32f0xx_hal_spi.c ****   {
 4587              		.loc 1 2004 3 view .LVU1450
2004:Drivers/STM32F0xx_HAL_Driver/Src/stm32f0xx_hal_spi.c ****   {
 4588              		.loc 1 2004 6 is_stmt 0 view .LVU1451
 4589 0030 0029     		cmp	r1, #0
 4590 0032 00D1     		bne	.LCB4281
 4591 0034 A0E0     		b	.L298	@long jump
 4592              	.LCB4281:
2004:Drivers/STM32F0xx_HAL_Driver/Src/stm32f0xx_hal_spi.c ****   {
 4593              		.loc 1 2004 23 discriminator 1 view .LVU1452
 4594 0036 002A     		cmp	r2, #0
 4595 0038 00D1     		bne	.LCB4283
 4596 003a 9DE0     		b	.L298	@long jump
ARM GAS  C:\Users\ADMINI~1\AppData\Local\Temp\ccrv5aWF.s 			page 181


 4597              	.LCB4283:
2011:Drivers/STM32F0xx_HAL_Driver/Src/stm32f0xx_hal_spi.c ****   hspi->ErrorCode   = HAL_SPI_ERROR_NONE;
 4598              		.loc 1 2011 3 is_stmt 1 view .LVU1453
2011:Drivers/STM32F0xx_HAL_Driver/Src/stm32f0xx_hal_spi.c ****   hspi->ErrorCode   = HAL_SPI_ERROR_NONE;
 4599              		.loc 1 2011 21 is_stmt 0 view .LVU1454
 4600 003c 0133     		adds	r3, r3, #1
 4601 003e 0335     		adds	r5, r5, #3
 4602 0040 E554     		strb	r5, [r4, r3]
2012:Drivers/STM32F0xx_HAL_Driver/Src/stm32f0xx_hal_spi.c ****   hspi->pRxBuffPtr  = (uint8_t *)pData;
 4603              		.loc 1 2012 3 is_stmt 1 view .LVU1455
2012:Drivers/STM32F0xx_HAL_Driver/Src/stm32f0xx_hal_spi.c ****   hspi->pRxBuffPtr  = (uint8_t *)pData;
 4604              		.loc 1 2012 21 is_stmt 0 view .LVU1456
 4605 0042 0023     		movs	r3, #0
 4606 0044 2366     		str	r3, [r4, #96]
2013:Drivers/STM32F0xx_HAL_Driver/Src/stm32f0xx_hal_spi.c ****   hspi->RxXferSize  = Size;
 4607              		.loc 1 2013 3 is_stmt 1 view .LVU1457
2013:Drivers/STM32F0xx_HAL_Driver/Src/stm32f0xx_hal_spi.c ****   hspi->RxXferSize  = Size;
 4608              		.loc 1 2013 21 is_stmt 0 view .LVU1458
 4609 0046 2164     		str	r1, [r4, #64]
2014:Drivers/STM32F0xx_HAL_Driver/Src/stm32f0xx_hal_spi.c ****   hspi->RxXferCount = Size;
 4610              		.loc 1 2014 3 is_stmt 1 view .LVU1459
2014:Drivers/STM32F0xx_HAL_Driver/Src/stm32f0xx_hal_spi.c ****   hspi->RxXferCount = Size;
 4611              		.loc 1 2014 21 is_stmt 0 view .LVU1460
 4612 0048 4421     		movs	r1, #68
 4613              	.LVL305:
2014:Drivers/STM32F0xx_HAL_Driver/Src/stm32f0xx_hal_spi.c ****   hspi->RxXferCount = Size;
 4614              		.loc 1 2014 21 view .LVU1461
 4615 004a 6252     		strh	r2, [r4, r1]
 4616              	.LVL306:
2015:Drivers/STM32F0xx_HAL_Driver/Src/stm32f0xx_hal_spi.c **** 
 4617              		.loc 1 2015 3 is_stmt 1 view .LVU1462
2015:Drivers/STM32F0xx_HAL_Driver/Src/stm32f0xx_hal_spi.c **** 
 4618              		.loc 1 2015 21 is_stmt 0 view .LVU1463
 4619 004c 0231     		adds	r1, r1, #2
 4620 004e 6252     		strh	r2, [r4, r1]
2018:Drivers/STM32F0xx_HAL_Driver/Src/stm32f0xx_hal_spi.c ****   hspi->TxISR       = NULL;
 4621              		.loc 1 2018 3 is_stmt 1 view .LVU1464
2018:Drivers/STM32F0xx_HAL_Driver/Src/stm32f0xx_hal_spi.c ****   hspi->TxISR       = NULL;
 4622              		.loc 1 2018 21 is_stmt 0 view .LVU1465
 4623 0050 E364     		str	r3, [r4, #76]
2019:Drivers/STM32F0xx_HAL_Driver/Src/stm32f0xx_hal_spi.c ****   hspi->TxXferSize  = 0U;
 4624              		.loc 1 2019 3 is_stmt 1 view .LVU1466
2019:Drivers/STM32F0xx_HAL_Driver/Src/stm32f0xx_hal_spi.c ****   hspi->TxXferSize  = 0U;
 4625              		.loc 1 2019 21 is_stmt 0 view .LVU1467
 4626 0052 2365     		str	r3, [r4, #80]
2020:Drivers/STM32F0xx_HAL_Driver/Src/stm32f0xx_hal_spi.c ****   hspi->TxXferCount = 0U;
 4627              		.loc 1 2020 3 is_stmt 1 view .LVU1468
2020:Drivers/STM32F0xx_HAL_Driver/Src/stm32f0xx_hal_spi.c ****   hspi->TxXferCount = 0U;
 4628              		.loc 1 2020 21 is_stmt 0 view .LVU1469
 4629 0054 A387     		strh	r3, [r4, #60]
2021:Drivers/STM32F0xx_HAL_Driver/Src/stm32f0xx_hal_spi.c **** 
 4630              		.loc 1 2021 3 is_stmt 1 view .LVU1470
2021:Drivers/STM32F0xx_HAL_Driver/Src/stm32f0xx_hal_spi.c **** 
 4631              		.loc 1 2021 21 is_stmt 0 view .LVU1471
 4632 0056 E387     		strh	r3, [r4, #62]
2024:Drivers/STM32F0xx_HAL_Driver/Src/stm32f0xx_hal_spi.c ****   {
 4633              		.loc 1 2024 3 is_stmt 1 view .LVU1472
ARM GAS  C:\Users\ADMINI~1\AppData\Local\Temp\ccrv5aWF.s 			page 182


2024:Drivers/STM32F0xx_HAL_Driver/Src/stm32f0xx_hal_spi.c ****   {
 4634              		.loc 1 2024 6 is_stmt 0 view .LVU1473
 4635 0058 8023     		movs	r3, #128
 4636 005a 1B02     		lsls	r3, r3, #8
 4637 005c 9842     		cmp	r0, r3
 4638 005e 4FD0     		beq	.L312
 4639              	.LVL307:
 4640              	.L301:
2041:Drivers/STM32F0xx_HAL_Driver/Src/stm32f0xx_hal_spi.c ****   {
 4641              		.loc 1 2041 3 is_stmt 1 view .LVU1474
2041:Drivers/STM32F0xx_HAL_Driver/Src/stm32f0xx_hal_spi.c ****   {
 4642              		.loc 1 2041 18 is_stmt 0 view .LVU1475
 4643 0060 E268     		ldr	r2, [r4, #12]
2041:Drivers/STM32F0xx_HAL_Driver/Src/stm32f0xx_hal_spi.c ****   {
 4644              		.loc 1 2041 6 view .LVU1476
 4645 0062 E023     		movs	r3, #224
 4646 0064 DB00     		lsls	r3, r3, #3
 4647 0066 9A42     		cmp	r2, r3
 4648 0068 06D8     		bhi	.L302
2041:Drivers/STM32F0xx_HAL_Driver/Src/stm32f0xx_hal_spi.c ****   {
 4649              		.loc 1 2041 58 discriminator 1 view .LVU1477
 4650 006a A36D     		ldr	r3, [r4, #88]
2041:Drivers/STM32F0xx_HAL_Driver/Src/stm32f0xx_hal_spi.c ****   {
 4651              		.loc 1 2041 72 discriminator 1 view .LVU1478
 4652 006c 5A69     		ldr	r2, [r3, #20]
2041:Drivers/STM32F0xx_HAL_Driver/Src/stm32f0xx_hal_spi.c ****   {
 4653              		.loc 1 2041 50 discriminator 1 view .LVU1479
 4654 006e 8023     		movs	r3, #128
 4655 0070 DB00     		lsls	r3, r3, #3
 4656 0072 9A42     		cmp	r2, r3
 4657 0074 00D1     		bne	.LCB4327
 4658 0076 7FE0     		b	.L298	@long jump
 4659              	.LCB4327:
 4660              	.L302:
2049:Drivers/STM32F0xx_HAL_Driver/Src/stm32f0xx_hal_spi.c ****   if (hspi->Init.DataSize > SPI_DATASIZE_8BIT)
 4661              		.loc 1 2049 3 is_stmt 1 view .LVU1480
 4662 0078 2268     		ldr	r2, [r4]
 4663 007a 5368     		ldr	r3, [r2, #4]
 4664 007c 4249     		ldr	r1, .L314
 4665 007e 0B40     		ands	r3, r1
 4666 0080 5360     		str	r3, [r2, #4]
2050:Drivers/STM32F0xx_HAL_Driver/Src/stm32f0xx_hal_spi.c ****   {
 4667              		.loc 1 2050 3 view .LVU1481
2050:Drivers/STM32F0xx_HAL_Driver/Src/stm32f0xx_hal_spi.c ****   {
 4668              		.loc 1 2050 17 is_stmt 0 view .LVU1482
 4669 0082 E268     		ldr	r2, [r4, #12]
2050:Drivers/STM32F0xx_HAL_Driver/Src/stm32f0xx_hal_spi.c ****   {
 4670              		.loc 1 2050 6 view .LVU1483
 4671 0084 E023     		movs	r3, #224
 4672 0086 DB00     		lsls	r3, r3, #3
 4673 0088 9A42     		cmp	r2, r3
 4674 008a 44D9     		bls	.L303
2053:Drivers/STM32F0xx_HAL_Driver/Src/stm32f0xx_hal_spi.c ****   }
 4675              		.loc 1 2053 5 is_stmt 1 view .LVU1484
 4676 008c 2268     		ldr	r2, [r4]
 4677 008e 5368     		ldr	r3, [r2, #4]
 4678 0090 3E49     		ldr	r1, .L314+4
ARM GAS  C:\Users\ADMINI~1\AppData\Local\Temp\ccrv5aWF.s 			page 183


 4679 0092 0B40     		ands	r3, r1
 4680 0094 5360     		str	r3, [r2, #4]
 4681              	.L304:
2079:Drivers/STM32F0xx_HAL_Driver/Src/stm32f0xx_hal_spi.c **** 
 4682              		.loc 1 2079 3 view .LVU1485
2079:Drivers/STM32F0xx_HAL_Driver/Src/stm32f0xx_hal_spi.c **** 
 4683              		.loc 1 2079 7 is_stmt 0 view .LVU1486
 4684 0096 A36D     		ldr	r3, [r4, #88]
2079:Drivers/STM32F0xx_HAL_Driver/Src/stm32f0xx_hal_spi.c **** 
 4685              		.loc 1 2079 38 view .LVU1487
 4686 0098 3D4A     		ldr	r2, .L314+8
 4687 009a DA62     		str	r2, [r3, #44]
2082:Drivers/STM32F0xx_HAL_Driver/Src/stm32f0xx_hal_spi.c **** 
 4688              		.loc 1 2082 3 is_stmt 1 view .LVU1488
2082:Drivers/STM32F0xx_HAL_Driver/Src/stm32f0xx_hal_spi.c **** 
 4689              		.loc 1 2082 7 is_stmt 0 view .LVU1489
 4690 009c A36D     		ldr	r3, [r4, #88]
2082:Drivers/STM32F0xx_HAL_Driver/Src/stm32f0xx_hal_spi.c **** 
 4691              		.loc 1 2082 34 view .LVU1490
 4692 009e 3D4A     		ldr	r2, .L314+12
 4693 00a0 9A62     		str	r2, [r3, #40]
2085:Drivers/STM32F0xx_HAL_Driver/Src/stm32f0xx_hal_spi.c **** 
 4694              		.loc 1 2085 3 is_stmt 1 view .LVU1491
2085:Drivers/STM32F0xx_HAL_Driver/Src/stm32f0xx_hal_spi.c **** 
 4695              		.loc 1 2085 7 is_stmt 0 view .LVU1492
 4696 00a2 A36D     		ldr	r3, [r4, #88]
2085:Drivers/STM32F0xx_HAL_Driver/Src/stm32f0xx_hal_spi.c **** 
 4697              		.loc 1 2085 35 view .LVU1493
 4698 00a4 3C4A     		ldr	r2, .L314+16
 4699 00a6 1A63     		str	r2, [r3, #48]
2088:Drivers/STM32F0xx_HAL_Driver/Src/stm32f0xx_hal_spi.c **** 
 4700              		.loc 1 2088 3 is_stmt 1 view .LVU1494
2088:Drivers/STM32F0xx_HAL_Driver/Src/stm32f0xx_hal_spi.c **** 
 4701              		.loc 1 2088 7 is_stmt 0 view .LVU1495
 4702 00a8 A36D     		ldr	r3, [r4, #88]
2088:Drivers/STM32F0xx_HAL_Driver/Src/stm32f0xx_hal_spi.c **** 
 4703              		.loc 1 2088 35 view .LVU1496
 4704 00aa 0022     		movs	r2, #0
 4705 00ac 5A63     		str	r2, [r3, #52]
2091:Drivers/STM32F0xx_HAL_Driver/Src/stm32f0xx_hal_spi.c ****                                  hspi->RxXferCount))
 4706              		.loc 1 2091 3 is_stmt 1 view .LVU1497
2091:Drivers/STM32F0xx_HAL_Driver/Src/stm32f0xx_hal_spi.c ****                                  hspi->RxXferCount))
 4707              		.loc 1 2091 63 is_stmt 0 view .LVU1498
 4708 00ae 2168     		ldr	r1, [r4]
2091:Drivers/STM32F0xx_HAL_Driver/Src/stm32f0xx_hal_spi.c ****                                  hspi->RxXferCount))
 4709              		.loc 1 2091 58 view .LVU1499
 4710 00b0 0C31     		adds	r1, r1, #12
2091:Drivers/STM32F0xx_HAL_Driver/Src/stm32f0xx_hal_spi.c ****                                  hspi->RxXferCount))
 4711              		.loc 1 2091 93 view .LVU1500
 4712 00b2 226C     		ldr	r2, [r4, #64]
2092:Drivers/STM32F0xx_HAL_Driver/Src/stm32f0xx_hal_spi.c ****   {
 4713              		.loc 1 2092 38 view .LVU1501
 4714 00b4 4623     		movs	r3, #70
 4715 00b6 E35A     		ldrh	r3, [r4, r3]
 4716 00b8 9BB2     		uxth	r3, r3
2091:Drivers/STM32F0xx_HAL_Driver/Src/stm32f0xx_hal_spi.c ****                                  hspi->RxXferCount))
 4717              		.loc 1 2091 17 view .LVU1502
ARM GAS  C:\Users\ADMINI~1\AppData\Local\Temp\ccrv5aWF.s 			page 184


 4718 00ba A06D     		ldr	r0, [r4, #88]
 4719 00bc FFF7FEFF 		bl	HAL_DMA_Start_IT
 4720              	.LVL308:
2091:Drivers/STM32F0xx_HAL_Driver/Src/stm32f0xx_hal_spi.c ****                                  hspi->RxXferCount))
 4721              		.loc 1 2091 6 discriminator 1 view .LVU1503
 4722 00c0 0028     		cmp	r0, #0
 4723 00c2 53D1     		bne	.L313
2102:Drivers/STM32F0xx_HAL_Driver/Src/stm32f0xx_hal_spi.c ****   {
 4724              		.loc 1 2102 3 is_stmt 1 view .LVU1504
2102:Drivers/STM32F0xx_HAL_Driver/Src/stm32f0xx_hal_spi.c ****   {
 4725              		.loc 1 2102 12 is_stmt 0 view .LVU1505
 4726 00c4 2268     		ldr	r2, [r4]
2102:Drivers/STM32F0xx_HAL_Driver/Src/stm32f0xx_hal_spi.c ****   {
 4727              		.loc 1 2102 22 view .LVU1506
 4728 00c6 1368     		ldr	r3, [r2]
2102:Drivers/STM32F0xx_HAL_Driver/Src/stm32f0xx_hal_spi.c ****   {
 4729              		.loc 1 2102 6 view .LVU1507
 4730 00c8 5B06     		lsls	r3, r3, #25
 4731 00ca 03D4     		bmi	.L307
2105:Drivers/STM32F0xx_HAL_Driver/Src/stm32f0xx_hal_spi.c ****   }
 4732              		.loc 1 2105 5 is_stmt 1 view .LVU1508
 4733 00cc 1368     		ldr	r3, [r2]
 4734 00ce 4021     		movs	r1, #64
 4735 00d0 0B43     		orrs	r3, r1
 4736 00d2 1360     		str	r3, [r2]
 4737              	.L307:
2109:Drivers/STM32F0xx_HAL_Driver/Src/stm32f0xx_hal_spi.c **** 
 4738              		.loc 1 2109 3 view .LVU1509
 4739 00d4 2268     		ldr	r2, [r4]
 4740 00d6 5368     		ldr	r3, [r2, #4]
 4741 00d8 2021     		movs	r1, #32
 4742 00da 0B43     		orrs	r3, r1
 4743 00dc 5360     		str	r3, [r2, #4]
2112:Drivers/STM32F0xx_HAL_Driver/Src/stm32f0xx_hal_spi.c **** 
 4744              		.loc 1 2112 3 view .LVU1510
 4745 00de 2268     		ldr	r2, [r4]
 4746 00e0 5368     		ldr	r3, [r2, #4]
 4747 00e2 1F39     		subs	r1, r1, #31
 4748 00e4 0B43     		orrs	r3, r1
 4749 00e6 5360     		str	r3, [r2, #4]
1979:Drivers/STM32F0xx_HAL_Driver/Src/stm32f0xx_hal_spi.c **** 
 4750              		.loc 1 1979 21 is_stmt 0 view .LVU1511
 4751 00e8 0600     		movs	r6, r0
 4752 00ea 45E0     		b	.L298
 4753              	.LVL309:
 4754              	.L311:
1992:Drivers/STM32F0xx_HAL_Driver/Src/stm32f0xx_hal_spi.c **** 
 4755              		.loc 1 1992 5 is_stmt 1 view .LVU1512
1992:Drivers/STM32F0xx_HAL_Driver/Src/stm32f0xx_hal_spi.c **** 
 4756              		.loc 1 1992 17 is_stmt 0 view .LVU1513
 4757 00ec A73B     		subs	r3, r3, #167
 4758 00ee 0430     		adds	r0, r0, #4
 4759 00f0 E054     		strb	r0, [r4, r3]
1995:Drivers/STM32F0xx_HAL_Driver/Src/stm32f0xx_hal_spi.c **** 
 4760              		.loc 1 1995 5 is_stmt 1 view .LVU1514
1998:Drivers/STM32F0xx_HAL_Driver/Src/stm32f0xx_hal_spi.c ****   }
 4761              		.loc 1 1998 5 view .LVU1515
ARM GAS  C:\Users\ADMINI~1\AppData\Local\Temp\ccrv5aWF.s 			page 185


1998:Drivers/STM32F0xx_HAL_Driver/Src/stm32f0xx_hal_spi.c ****   }
 4762              		.loc 1 1998 12 is_stmt 0 view .LVU1516
 4763 00f2 1300     		movs	r3, r2
 4764 00f4 0A00     		movs	r2, r1
 4765              	.LVL310:
1998:Drivers/STM32F0xx_HAL_Driver/Src/stm32f0xx_hal_spi.c ****   }
 4766              		.loc 1 1998 12 view .LVU1517
 4767 00f6 2000     		movs	r0, r4
 4768 00f8 FFF7FEFF 		bl	HAL_SPI_TransmitReceive_DMA
 4769              	.LVL311:
1998:Drivers/STM32F0xx_HAL_Driver/Src/stm32f0xx_hal_spi.c ****   }
 4770              		.loc 1 1998 12 view .LVU1518
 4771 00fc 0600     		movs	r6, r0
 4772 00fe 3EE0     		b	.L300
 4773              	.LVL312:
 4774              	.L312:
2027:Drivers/STM32F0xx_HAL_Driver/Src/stm32f0xx_hal_spi.c ****     SPI_1LINE_RX(hspi);
 4775              		.loc 1 2027 5 is_stmt 1 view .LVU1519
 4776 0100 2268     		ldr	r2, [r4]
 4777              	.LVL313:
2027:Drivers/STM32F0xx_HAL_Driver/Src/stm32f0xx_hal_spi.c ****     SPI_1LINE_RX(hspi);
 4778              		.loc 1 2027 5 is_stmt 0 view .LVU1520
 4779 0102 1368     		ldr	r3, [r2]
 4780 0104 0639     		subs	r1, r1, #6
 4781 0106 8B43     		bics	r3, r1
 4782 0108 1360     		str	r3, [r2]
2028:Drivers/STM32F0xx_HAL_Driver/Src/stm32f0xx_hal_spi.c ****   }
 4783              		.loc 1 2028 5 is_stmt 1 view .LVU1521
 4784 010a 2268     		ldr	r2, [r4]
 4785 010c 1368     		ldr	r3, [r2]
 4786 010e 2349     		ldr	r1, .L314+20
 4787 0110 0B40     		ands	r3, r1
 4788 0112 1360     		str	r3, [r2]
 4789 0114 A4E7     		b	.L301
 4790              	.L303:
2058:Drivers/STM32F0xx_HAL_Driver/Src/stm32f0xx_hal_spi.c **** 
 4791              		.loc 1 2058 5 view .LVU1522
 4792 0116 2268     		ldr	r2, [r4]
 4793 0118 5168     		ldr	r1, [r2, #4]
 4794 011a 8023     		movs	r3, #128
 4795 011c 5B01     		lsls	r3, r3, #5
 4796 011e 0B43     		orrs	r3, r1
 4797 0120 5360     		str	r3, [r2, #4]
2060:Drivers/STM32F0xx_HAL_Driver/Src/stm32f0xx_hal_spi.c ****     {
 4798              		.loc 1 2060 5 view .LVU1523
2060:Drivers/STM32F0xx_HAL_Driver/Src/stm32f0xx_hal_spi.c ****     {
 4799              		.loc 1 2060 13 is_stmt 0 view .LVU1524
 4800 0122 A36D     		ldr	r3, [r4, #88]
2060:Drivers/STM32F0xx_HAL_Driver/Src/stm32f0xx_hal_spi.c ****     {
 4801              		.loc 1 2060 27 view .LVU1525
 4802 0124 5A69     		ldr	r2, [r3, #20]
2060:Drivers/STM32F0xx_HAL_Driver/Src/stm32f0xx_hal_spi.c ****     {
 4803              		.loc 1 2060 8 view .LVU1526
 4804 0126 8023     		movs	r3, #128
 4805 0128 DB00     		lsls	r3, r3, #3
 4806 012a 9A42     		cmp	r2, r3
 4807 012c B3D1     		bne	.L304
ARM GAS  C:\Users\ADMINI~1\AppData\Local\Temp\ccrv5aWF.s 			page 186


2063:Drivers/STM32F0xx_HAL_Driver/Src/stm32f0xx_hal_spi.c **** 
 4808              		.loc 1 2063 7 is_stmt 1 view .LVU1527
 4809 012e 2268     		ldr	r2, [r4]
 4810 0130 5368     		ldr	r3, [r2, #4]
 4811 0132 1649     		ldr	r1, .L314+4
 4812 0134 0B40     		ands	r3, r1
 4813 0136 5360     		str	r3, [r2, #4]
2065:Drivers/STM32F0xx_HAL_Driver/Src/stm32f0xx_hal_spi.c ****       {
 4814              		.loc 1 2065 7 view .LVU1528
2065:Drivers/STM32F0xx_HAL_Driver/Src/stm32f0xx_hal_spi.c ****       {
 4815              		.loc 1 2065 16 is_stmt 0 view .LVU1529
 4816 0138 4623     		movs	r3, #70
 4817 013a E35A     		ldrh	r3, [r4, r3]
2065:Drivers/STM32F0xx_HAL_Driver/Src/stm32f0xx_hal_spi.c ****       {
 4818              		.loc 1 2065 10 view .LVU1530
 4819 013c DB07     		lsls	r3, r3, #31
 4820 013e 09D4     		bmi	.L305
2067:Drivers/STM32F0xx_HAL_Driver/Src/stm32f0xx_hal_spi.c ****         hspi->RxXferCount = hspi->RxXferCount >> 1U;
 4821              		.loc 1 2067 9 is_stmt 1 view .LVU1531
 4822 0140 2268     		ldr	r2, [r4]
 4823 0142 5368     		ldr	r3, [r2, #4]
 4824 0144 1049     		ldr	r1, .L314
 4825 0146 0B40     		ands	r3, r1
 4826 0148 5360     		str	r3, [r2, #4]
2068:Drivers/STM32F0xx_HAL_Driver/Src/stm32f0xx_hal_spi.c ****       }
 4827              		.loc 1 2068 9 view .LVU1532
2068:Drivers/STM32F0xx_HAL_Driver/Src/stm32f0xx_hal_spi.c ****       }
 4828              		.loc 1 2068 33 is_stmt 0 view .LVU1533
 4829 014a 4622     		movs	r2, #70
 4830 014c A35A     		ldrh	r3, [r4, r2]
2068:Drivers/STM32F0xx_HAL_Driver/Src/stm32f0xx_hal_spi.c ****       }
 4831              		.loc 1 2068 27 view .LVU1534
 4832 014e 5B08     		lsrs	r3, r3, #1
 4833 0150 A352     		strh	r3, [r4, r2]
 4834 0152 A0E7     		b	.L304
 4835              	.L305:
2072:Drivers/STM32F0xx_HAL_Driver/Src/stm32f0xx_hal_spi.c ****         hspi->RxXferCount = (hspi->RxXferCount >> 1U) + 1U;
 4836              		.loc 1 2072 9 is_stmt 1 view .LVU1535
 4837 0154 2268     		ldr	r2, [r4]
 4838 0156 5168     		ldr	r1, [r2, #4]
 4839 0158 8023     		movs	r3, #128
 4840 015a 9B01     		lsls	r3, r3, #6
 4841 015c 0B43     		orrs	r3, r1
 4842 015e 5360     		str	r3, [r2, #4]
2073:Drivers/STM32F0xx_HAL_Driver/Src/stm32f0xx_hal_spi.c ****       }
 4843              		.loc 1 2073 9 view .LVU1536
2073:Drivers/STM32F0xx_HAL_Driver/Src/stm32f0xx_hal_spi.c ****       }
 4844              		.loc 1 2073 34 is_stmt 0 view .LVU1537
 4845 0160 4622     		movs	r2, #70
 4846 0162 A35A     		ldrh	r3, [r4, r2]
2073:Drivers/STM32F0xx_HAL_Driver/Src/stm32f0xx_hal_spi.c ****       }
 4847              		.loc 1 2073 55 view .LVU1538
 4848 0164 5B08     		lsrs	r3, r3, #1
 4849 0166 0133     		adds	r3, r3, #1
2073:Drivers/STM32F0xx_HAL_Driver/Src/stm32f0xx_hal_spi.c ****       }
 4850              		.loc 1 2073 27 view .LVU1539
 4851 0168 A352     		strh	r3, [r4, r2]
ARM GAS  C:\Users\ADMINI~1\AppData\Local\Temp\ccrv5aWF.s 			page 187


 4852 016a 94E7     		b	.L304
 4853              	.L313:
2095:Drivers/STM32F0xx_HAL_Driver/Src/stm32f0xx_hal_spi.c ****     errorcode = HAL_ERROR;
 4854              		.loc 1 2095 5 is_stmt 1 view .LVU1540
 4855 016c 236E     		ldr	r3, [r4, #96]
 4856 016e 1022     		movs	r2, #16
 4857 0170 1343     		orrs	r3, r2
 4858 0172 2366     		str	r3, [r4, #96]
2096:Drivers/STM32F0xx_HAL_Driver/Src/stm32f0xx_hal_spi.c **** 
 4859              		.loc 1 2096 5 view .LVU1541
 4860              	.LVL314:
2098:Drivers/STM32F0xx_HAL_Driver/Src/stm32f0xx_hal_spi.c ****   }
 4861              		.loc 1 2098 5 view .LVU1542
 4862 0174 00E0     		b	.L298
 4863              	.LVL315:
 4864              	.L308:
1986:Drivers/STM32F0xx_HAL_Driver/Src/stm32f0xx_hal_spi.c ****     goto error;
 4865              		.loc 1 1986 15 is_stmt 0 view .LVU1543
 4866 0176 0226     		movs	r6, #2
 4867              	.LVL316:
 4868              	.L298:
2116:Drivers/STM32F0xx_HAL_Driver/Src/stm32f0xx_hal_spi.c ****   return errorcode;
 4869              		.loc 1 2116 3 is_stmt 1 view .LVU1544
2116:Drivers/STM32F0xx_HAL_Driver/Src/stm32f0xx_hal_spi.c ****   return errorcode;
 4870              		.loc 1 2116 3 view .LVU1545
 4871 0178 5C23     		movs	r3, #92
 4872 017a 0022     		movs	r2, #0
 4873 017c E254     		strb	r2, [r4, r3]
2116:Drivers/STM32F0xx_HAL_Driver/Src/stm32f0xx_hal_spi.c ****   return errorcode;
 4874              		.loc 1 2116 3 view .LVU1546
2117:Drivers/STM32F0xx_HAL_Driver/Src/stm32f0xx_hal_spi.c **** }
 4875              		.loc 1 2117 3 view .LVU1547
 4876              	.LVL317:
 4877              	.L300:
2118:Drivers/STM32F0xx_HAL_Driver/Src/stm32f0xx_hal_spi.c **** 
 4878              		.loc 1 2118 1 is_stmt 0 view .LVU1548
 4879 017e 3000     		movs	r0, r6
 4880              		@ sp needed
 4881              	.LVL318:
2118:Drivers/STM32F0xx_HAL_Driver/Src/stm32f0xx_hal_spi.c **** 
 4882              		.loc 1 2118 1 view .LVU1549
 4883 0180 70BD     		pop	{r4, r5, r6, pc}
 4884              	.LVL319:
 4885              	.L309:
2002:Drivers/STM32F0xx_HAL_Driver/Src/stm32f0xx_hal_spi.c **** 
 4886              		.loc 1 2002 3 discriminator 1 view .LVU1550
 4887 0182 0226     		movs	r6, #2
 4888 0184 FBE7     		b	.L300
 4889              	.L315:
 4890 0186 C046     		.align	2
 4891              	.L314:
 4892 0188 FFDFFFFF 		.word	-8193
 4893 018c FFEFFFFF 		.word	-4097
 4894 0190 00000000 		.word	SPI_DMAHalfReceiveCplt
 4895 0194 00000000 		.word	SPI_DMAReceiveCplt
 4896 0198 00000000 		.word	SPI_DMAError
 4897 019c FFBFFFFF 		.word	-16385
ARM GAS  C:\Users\ADMINI~1\AppData\Local\Temp\ccrv5aWF.s 			page 188


 4898              		.cfi_endproc
 4899              	.LFE51:
 4901              		.section	.text.HAL_SPI_Abort,"ax",%progbits
 4902              		.align	1
 4903              		.global	HAL_SPI_Abort
 4904              		.syntax unified
 4905              		.code	16
 4906              		.thumb_func
 4908              	HAL_SPI_Abort:
 4909              	.LVL320:
 4910              	.LFB53:
2331:Drivers/STM32F0xx_HAL_Driver/Src/stm32f0xx_hal_spi.c ****   HAL_StatusTypeDef errorcode;
 4911              		.loc 1 2331 1 is_stmt 1 view -0
 4912              		.cfi_startproc
 4913              		@ args = 0, pretend = 0, frame = 16
 4914              		@ frame_needed = 0, uses_anonymous_args = 0
2331:Drivers/STM32F0xx_HAL_Driver/Src/stm32f0xx_hal_spi.c ****   HAL_StatusTypeDef errorcode;
 4915              		.loc 1 2331 1 is_stmt 0 view .LVU1552
 4916 0000 10B5     		push	{r4, lr}
 4917              		.cfi_def_cfa_offset 8
 4918              		.cfi_offset 4, -8
 4919              		.cfi_offset 14, -4
 4920 0002 86B0     		sub	sp, sp, #24
 4921              		.cfi_def_cfa_offset 32
 4922 0004 0400     		movs	r4, r0
2332:Drivers/STM32F0xx_HAL_Driver/Src/stm32f0xx_hal_spi.c ****   __IO uint32_t count;
 4923              		.loc 1 2332 3 is_stmt 1 view .LVU1553
2333:Drivers/STM32F0xx_HAL_Driver/Src/stm32f0xx_hal_spi.c ****   __IO uint32_t resetcount;
 4924              		.loc 1 2333 3 view .LVU1554
2334:Drivers/STM32F0xx_HAL_Driver/Src/stm32f0xx_hal_spi.c **** 
 4925              		.loc 1 2334 3 view .LVU1555
2337:Drivers/STM32F0xx_HAL_Driver/Src/stm32f0xx_hal_spi.c ****   resetcount = SPI_DEFAULT_TIMEOUT * (SystemCoreClock / 24U / 1000U);
 4926              		.loc 1 2337 3 view .LVU1556
 4927              	.LVL321:
2338:Drivers/STM32F0xx_HAL_Driver/Src/stm32f0xx_hal_spi.c ****   count = resetcount;
 4928              		.loc 1 2338 3 view .LVU1557
2338:Drivers/STM32F0xx_HAL_Driver/Src/stm32f0xx_hal_spi.c ****   count = resetcount;
 4929              		.loc 1 2338 61 is_stmt 0 view .LVU1558
 4930 0006 604B     		ldr	r3, .L340
 4931 0008 1868     		ldr	r0, [r3]
 4932              	.LVL322:
2338:Drivers/STM32F0xx_HAL_Driver/Src/stm32f0xx_hal_spi.c ****   count = resetcount;
 4933              		.loc 1 2338 61 view .LVU1559
 4934 000a 6049     		ldr	r1, .L340+4
 4935 000c FFF7FEFF 		bl	__aeabi_uidiv
 4936              	.LVL323:
2338:Drivers/STM32F0xx_HAL_Driver/Src/stm32f0xx_hal_spi.c ****   count = resetcount;
 4937              		.loc 1 2338 36 view .LVU1560
 4938 0010 6423     		movs	r3, #100
 4939 0012 4343     		muls	r3, r0
2338:Drivers/STM32F0xx_HAL_Driver/Src/stm32f0xx_hal_spi.c ****   count = resetcount;
 4940              		.loc 1 2338 14 view .LVU1561
 4941 0014 0493     		str	r3, [sp, #16]
2339:Drivers/STM32F0xx_HAL_Driver/Src/stm32f0xx_hal_spi.c **** 
 4942              		.loc 1 2339 3 is_stmt 1 view .LVU1562
2339:Drivers/STM32F0xx_HAL_Driver/Src/stm32f0xx_hal_spi.c **** 
 4943              		.loc 1 2339 9 is_stmt 0 view .LVU1563
ARM GAS  C:\Users\ADMINI~1\AppData\Local\Temp\ccrv5aWF.s 			page 189


 4944 0016 049B     		ldr	r3, [sp, #16]
 4945 0018 0593     		str	r3, [sp, #20]
2342:Drivers/STM32F0xx_HAL_Driver/Src/stm32f0xx_hal_spi.c **** 
 4946              		.loc 1 2342 3 is_stmt 1 view .LVU1564
 4947 001a 2268     		ldr	r2, [r4]
 4948 001c 5368     		ldr	r3, [r2, #4]
 4949 001e 2021     		movs	r1, #32
 4950 0020 8B43     		bics	r3, r1
 4951 0022 5360     		str	r3, [r2, #4]
2345:Drivers/STM32F0xx_HAL_Driver/Src/stm32f0xx_hal_spi.c ****   {
 4952              		.loc 1 2345 3 view .LVU1565
2345:Drivers/STM32F0xx_HAL_Driver/Src/stm32f0xx_hal_spi.c ****   {
 4953              		.loc 1 2345 7 is_stmt 0 view .LVU1566
 4954 0024 2268     		ldr	r2, [r4]
 4955 0026 5368     		ldr	r3, [r2, #4]
2345:Drivers/STM32F0xx_HAL_Driver/Src/stm32f0xx_hal_spi.c ****   {
 4956              		.loc 1 2345 6 view .LVU1567
 4957 0028 1B06     		lsls	r3, r3, #24
 4958 002a 12D5     		bpl	.L317
2347:Drivers/STM32F0xx_HAL_Driver/Src/stm32f0xx_hal_spi.c ****     /* Wait HAL_SPI_STATE_ABORT state */
 4959              		.loc 1 2347 5 is_stmt 1 view .LVU1568
2347:Drivers/STM32F0xx_HAL_Driver/Src/stm32f0xx_hal_spi.c ****     /* Wait HAL_SPI_STATE_ABORT state */
 4960              		.loc 1 2347 17 is_stmt 0 view .LVU1569
 4961 002c 584B     		ldr	r3, .L340+8
 4962 002e 2365     		str	r3, [r4, #80]
 4963              	.L320:
2349:Drivers/STM32F0xx_HAL_Driver/Src/stm32f0xx_hal_spi.c ****     {
 4964              		.loc 1 2349 5 is_stmt 1 view .LVU1570
2351:Drivers/STM32F0xx_HAL_Driver/Src/stm32f0xx_hal_spi.c ****       {
 4965              		.loc 1 2351 7 view .LVU1571
2351:Drivers/STM32F0xx_HAL_Driver/Src/stm32f0xx_hal_spi.c ****       {
 4966              		.loc 1 2351 17 is_stmt 0 view .LVU1572
 4967 0030 059B     		ldr	r3, [sp, #20]
2351:Drivers/STM32F0xx_HAL_Driver/Src/stm32f0xx_hal_spi.c ****       {
 4968              		.loc 1 2351 10 view .LVU1573
 4969 0032 002B     		cmp	r3, #0
 4970 0034 07D0     		beq	.L338
2356:Drivers/STM32F0xx_HAL_Driver/Src/stm32f0xx_hal_spi.c ****     } while (hspi->State != HAL_SPI_STATE_ABORT);
 4971              		.loc 1 2356 7 is_stmt 1 view .LVU1574
2356:Drivers/STM32F0xx_HAL_Driver/Src/stm32f0xx_hal_spi.c ****     } while (hspi->State != HAL_SPI_STATE_ABORT);
 4972              		.loc 1 2356 12 is_stmt 0 view .LVU1575
 4973 0036 059B     		ldr	r3, [sp, #20]
 4974 0038 013B     		subs	r3, r3, #1
 4975 003a 0593     		str	r3, [sp, #20]
2357:Drivers/STM32F0xx_HAL_Driver/Src/stm32f0xx_hal_spi.c ****     /* Reset Timeout Counter */
 4976              		.loc 1 2357 26 is_stmt 1 view .LVU1576
2357:Drivers/STM32F0xx_HAL_Driver/Src/stm32f0xx_hal_spi.c ****     /* Reset Timeout Counter */
 4977              		.loc 1 2357 18 is_stmt 0 view .LVU1577
 4978 003c 5D23     		movs	r3, #93
 4979 003e E35C     		ldrb	r3, [r4, r3]
2357:Drivers/STM32F0xx_HAL_Driver/Src/stm32f0xx_hal_spi.c ****     /* Reset Timeout Counter */
 4980              		.loc 1 2357 26 view .LVU1578
 4981 0040 072B     		cmp	r3, #7
 4982 0042 F5D1     		bne	.L320
 4983 0044 03E0     		b	.L319
 4984              	.L338:
2353:Drivers/STM32F0xx_HAL_Driver/Src/stm32f0xx_hal_spi.c ****         break;
ARM GAS  C:\Users\ADMINI~1\AppData\Local\Temp\ccrv5aWF.s 			page 190


 4985              		.loc 1 2353 9 is_stmt 1 view .LVU1579
 4986 0046 236E     		ldr	r3, [r4, #96]
 4987 0048 4021     		movs	r1, #64
 4988 004a 0B43     		orrs	r3, r1
 4989 004c 2366     		str	r3, [r4, #96]
2354:Drivers/STM32F0xx_HAL_Driver/Src/stm32f0xx_hal_spi.c ****       }
 4990              		.loc 1 2354 9 view .LVU1580
 4991              	.L319:
2359:Drivers/STM32F0xx_HAL_Driver/Src/stm32f0xx_hal_spi.c ****   }
 4992              		.loc 1 2359 5 view .LVU1581
2359:Drivers/STM32F0xx_HAL_Driver/Src/stm32f0xx_hal_spi.c ****   }
 4993              		.loc 1 2359 11 is_stmt 0 view .LVU1582
 4994 004e 049B     		ldr	r3, [sp, #16]
 4995 0050 0593     		str	r3, [sp, #20]
 4996              	.L317:
2362:Drivers/STM32F0xx_HAL_Driver/Src/stm32f0xx_hal_spi.c ****   {
 4997              		.loc 1 2362 3 is_stmt 1 view .LVU1583
2362:Drivers/STM32F0xx_HAL_Driver/Src/stm32f0xx_hal_spi.c ****   {
 4998              		.loc 1 2362 7 is_stmt 0 view .LVU1584
 4999 0052 5368     		ldr	r3, [r2, #4]
2362:Drivers/STM32F0xx_HAL_Driver/Src/stm32f0xx_hal_spi.c ****   {
 5000              		.loc 1 2362 6 view .LVU1585
 5001 0054 5B06     		lsls	r3, r3, #25
 5002 0056 12D5     		bpl	.L321
2364:Drivers/STM32F0xx_HAL_Driver/Src/stm32f0xx_hal_spi.c ****     /* Wait HAL_SPI_STATE_ABORT state */
 5003              		.loc 1 2364 5 is_stmt 1 view .LVU1586
2364:Drivers/STM32F0xx_HAL_Driver/Src/stm32f0xx_hal_spi.c ****     /* Wait HAL_SPI_STATE_ABORT state */
 5004              		.loc 1 2364 17 is_stmt 0 view .LVU1587
 5005 0058 4E4B     		ldr	r3, .L340+12
 5006 005a E364     		str	r3, [r4, #76]
 5007              	.L324:
2366:Drivers/STM32F0xx_HAL_Driver/Src/stm32f0xx_hal_spi.c ****     {
 5008              		.loc 1 2366 5 is_stmt 1 view .LVU1588
2368:Drivers/STM32F0xx_HAL_Driver/Src/stm32f0xx_hal_spi.c ****       {
 5009              		.loc 1 2368 7 view .LVU1589
2368:Drivers/STM32F0xx_HAL_Driver/Src/stm32f0xx_hal_spi.c ****       {
 5010              		.loc 1 2368 17 is_stmt 0 view .LVU1590
 5011 005c 059B     		ldr	r3, [sp, #20]
2368:Drivers/STM32F0xx_HAL_Driver/Src/stm32f0xx_hal_spi.c ****       {
 5012              		.loc 1 2368 10 view .LVU1591
 5013 005e 002B     		cmp	r3, #0
 5014 0060 07D0     		beq	.L339
2373:Drivers/STM32F0xx_HAL_Driver/Src/stm32f0xx_hal_spi.c ****     } while (hspi->State != HAL_SPI_STATE_ABORT);
 5015              		.loc 1 2373 7 is_stmt 1 view .LVU1592
2373:Drivers/STM32F0xx_HAL_Driver/Src/stm32f0xx_hal_spi.c ****     } while (hspi->State != HAL_SPI_STATE_ABORT);
 5016              		.loc 1 2373 12 is_stmt 0 view .LVU1593
 5017 0062 059B     		ldr	r3, [sp, #20]
 5018 0064 013B     		subs	r3, r3, #1
 5019 0066 0593     		str	r3, [sp, #20]
2374:Drivers/STM32F0xx_HAL_Driver/Src/stm32f0xx_hal_spi.c ****     /* Reset Timeout Counter */
 5020              		.loc 1 2374 26 is_stmt 1 view .LVU1594
2374:Drivers/STM32F0xx_HAL_Driver/Src/stm32f0xx_hal_spi.c ****     /* Reset Timeout Counter */
 5021              		.loc 1 2374 18 is_stmt 0 view .LVU1595
 5022 0068 5D23     		movs	r3, #93
 5023 006a E35C     		ldrb	r3, [r4, r3]
2374:Drivers/STM32F0xx_HAL_Driver/Src/stm32f0xx_hal_spi.c ****     /* Reset Timeout Counter */
 5024              		.loc 1 2374 26 view .LVU1596
ARM GAS  C:\Users\ADMINI~1\AppData\Local\Temp\ccrv5aWF.s 			page 191


 5025 006c 072B     		cmp	r3, #7
 5026 006e F5D1     		bne	.L324
 5027 0070 03E0     		b	.L323
 5028              	.L339:
2370:Drivers/STM32F0xx_HAL_Driver/Src/stm32f0xx_hal_spi.c ****         break;
 5029              		.loc 1 2370 9 is_stmt 1 view .LVU1597
 5030 0072 236E     		ldr	r3, [r4, #96]
 5031 0074 4021     		movs	r1, #64
 5032 0076 0B43     		orrs	r3, r1
 5033 0078 2366     		str	r3, [r4, #96]
2371:Drivers/STM32F0xx_HAL_Driver/Src/stm32f0xx_hal_spi.c ****       }
 5034              		.loc 1 2371 9 view .LVU1598
 5035              	.L323:
2376:Drivers/STM32F0xx_HAL_Driver/Src/stm32f0xx_hal_spi.c ****   }
 5036              		.loc 1 2376 5 view .LVU1599
2376:Drivers/STM32F0xx_HAL_Driver/Src/stm32f0xx_hal_spi.c ****   }
 5037              		.loc 1 2376 11 is_stmt 0 view .LVU1600
 5038 007a 049B     		ldr	r3, [sp, #16]
 5039 007c 0593     		str	r3, [sp, #20]
 5040              	.L321:
2380:Drivers/STM32F0xx_HAL_Driver/Src/stm32f0xx_hal_spi.c ****   {
 5041              		.loc 1 2380 3 is_stmt 1 view .LVU1601
2380:Drivers/STM32F0xx_HAL_Driver/Src/stm32f0xx_hal_spi.c ****   {
 5042              		.loc 1 2380 7 is_stmt 0 view .LVU1602
 5043 007e 5368     		ldr	r3, [r2, #4]
2380:Drivers/STM32F0xx_HAL_Driver/Src/stm32f0xx_hal_spi.c ****   {
 5044              		.loc 1 2380 6 view .LVU1603
 5045 0080 9B07     		lsls	r3, r3, #30
 5046 0082 2ED5     		bpl	.L325
2383:Drivers/STM32F0xx_HAL_Driver/Src/stm32f0xx_hal_spi.c ****     {
 5047              		.loc 1 2383 5 is_stmt 1 view .LVU1604
2383:Drivers/STM32F0xx_HAL_Driver/Src/stm32f0xx_hal_spi.c ****     {
 5048              		.loc 1 2383 13 is_stmt 0 view .LVU1605
 5049 0084 636D     		ldr	r3, [r4, #84]
2383:Drivers/STM32F0xx_HAL_Driver/Src/stm32f0xx_hal_spi.c ****     {
 5050              		.loc 1 2383 8 view .LVU1606
 5051 0086 002B     		cmp	r3, #0
 5052 0088 2BD0     		beq	.L325
2387:Drivers/STM32F0xx_HAL_Driver/Src/stm32f0xx_hal_spi.c **** 
 5053              		.loc 1 2387 7 is_stmt 1 view .LVU1607
2387:Drivers/STM32F0xx_HAL_Driver/Src/stm32f0xx_hal_spi.c **** 
 5054              		.loc 1 2387 39 is_stmt 0 view .LVU1608
 5055 008a 0022     		movs	r2, #0
 5056 008c 5A63     		str	r2, [r3, #52]
2390:Drivers/STM32F0xx_HAL_Driver/Src/stm32f0xx_hal_spi.c ****       {
 5057              		.loc 1 2390 7 is_stmt 1 view .LVU1609
2390:Drivers/STM32F0xx_HAL_Driver/Src/stm32f0xx_hal_spi.c ****       {
 5058              		.loc 1 2390 11 is_stmt 0 view .LVU1610
 5059 008e 606D     		ldr	r0, [r4, #84]
 5060 0090 FFF7FEFF 		bl	HAL_DMA_Abort
 5061              	.LVL324:
2390:Drivers/STM32F0xx_HAL_Driver/Src/stm32f0xx_hal_spi.c ****       {
 5062              		.loc 1 2390 10 discriminator 1 view .LVU1611
 5063 0094 0028     		cmp	r0, #0
 5064 0096 01D0     		beq	.L326
2392:Drivers/STM32F0xx_HAL_Driver/Src/stm32f0xx_hal_spi.c ****       }
 5065              		.loc 1 2392 9 is_stmt 1 view .LVU1612
ARM GAS  C:\Users\ADMINI~1\AppData\Local\Temp\ccrv5aWF.s 			page 192


2392:Drivers/STM32F0xx_HAL_Driver/Src/stm32f0xx_hal_spi.c ****       }
 5066              		.loc 1 2392 25 is_stmt 0 view .LVU1613
 5067 0098 4023     		movs	r3, #64
 5068 009a 2366     		str	r3, [r4, #96]
 5069              	.L326:
2396:Drivers/STM32F0xx_HAL_Driver/Src/stm32f0xx_hal_spi.c **** 
 5070              		.loc 1 2396 7 is_stmt 1 view .LVU1614
 5071 009c 2268     		ldr	r2, [r4]
 5072 009e 5368     		ldr	r3, [r2, #4]
 5073 00a0 0221     		movs	r1, #2
 5074 00a2 8B43     		bics	r3, r1
 5075 00a4 5360     		str	r3, [r2, #4]
2398:Drivers/STM32F0xx_HAL_Driver/Src/stm32f0xx_hal_spi.c ****       {
 5076              		.loc 1 2398 7 view .LVU1615
2398:Drivers/STM32F0xx_HAL_Driver/Src/stm32f0xx_hal_spi.c ****       {
 5077              		.loc 1 2398 11 is_stmt 0 view .LVU1616
 5078 00a6 FFF7FEFF 		bl	HAL_GetTick
 5079              	.LVL325:
 5080 00aa 0200     		movs	r2, r0
2398:Drivers/STM32F0xx_HAL_Driver/Src/stm32f0xx_hal_spi.c ****       {
 5081              		.loc 1 2398 11 discriminator 1 view .LVU1617
 5082 00ac 6421     		movs	r1, #100
 5083 00ae 2000     		movs	r0, r4
 5084 00b0 FFF7FEFF 		bl	SPI_EndRxTxTransaction
 5085              	.LVL326:
2398:Drivers/STM32F0xx_HAL_Driver/Src/stm32f0xx_hal_spi.c ****       {
 5086              		.loc 1 2398 10 discriminator 2 view .LVU1618
 5087 00b4 0028     		cmp	r0, #0
 5088 00b6 01D0     		beq	.L327
2400:Drivers/STM32F0xx_HAL_Driver/Src/stm32f0xx_hal_spi.c ****       }
 5089              		.loc 1 2400 9 is_stmt 1 view .LVU1619
2400:Drivers/STM32F0xx_HAL_Driver/Src/stm32f0xx_hal_spi.c ****       }
 5090              		.loc 1 2400 25 is_stmt 0 view .LVU1620
 5091 00b8 4023     		movs	r3, #64
 5092 00ba 2366     		str	r3, [r4, #96]
 5093              	.L327:
2404:Drivers/STM32F0xx_HAL_Driver/Src/stm32f0xx_hal_spi.c **** 
 5094              		.loc 1 2404 7 is_stmt 1 view .LVU1621
 5095 00bc 2268     		ldr	r2, [r4]
 5096 00be 1368     		ldr	r3, [r2]
 5097 00c0 4021     		movs	r1, #64
 5098 00c2 8B43     		bics	r3, r1
 5099 00c4 1360     		str	r3, [r2]
2407:Drivers/STM32F0xx_HAL_Driver/Src/stm32f0xx_hal_spi.c ****       {
 5100              		.loc 1 2407 7 view .LVU1622
2407:Drivers/STM32F0xx_HAL_Driver/Src/stm32f0xx_hal_spi.c ****       {
 5101              		.loc 1 2407 11 is_stmt 0 view .LVU1623
 5102 00c6 FFF7FEFF 		bl	HAL_GetTick
 5103              	.LVL327:
2407:Drivers/STM32F0xx_HAL_Driver/Src/stm32f0xx_hal_spi.c ****       {
 5104              		.loc 1 2407 11 discriminator 1 view .LVU1624
 5105 00ca C021     		movs	r1, #192
 5106 00cc 0090     		str	r0, [sp]
 5107 00ce 6423     		movs	r3, #100
 5108 00d0 0022     		movs	r2, #0
 5109 00d2 C900     		lsls	r1, r1, #3
 5110 00d4 2000     		movs	r0, r4
ARM GAS  C:\Users\ADMINI~1\AppData\Local\Temp\ccrv5aWF.s 			page 193


 5111 00d6 FFF7FEFF 		bl	SPI_WaitFifoStateUntilTimeout
 5112              	.LVL328:
2407:Drivers/STM32F0xx_HAL_Driver/Src/stm32f0xx_hal_spi.c ****       {
 5113              		.loc 1 2407 10 discriminator 2 view .LVU1625
 5114 00da 0028     		cmp	r0, #0
 5115 00dc 01D0     		beq	.L325
2409:Drivers/STM32F0xx_HAL_Driver/Src/stm32f0xx_hal_spi.c ****       }
 5116              		.loc 1 2409 9 is_stmt 1 view .LVU1626
2409:Drivers/STM32F0xx_HAL_Driver/Src/stm32f0xx_hal_spi.c ****       }
 5117              		.loc 1 2409 25 is_stmt 0 view .LVU1627
 5118 00de 4023     		movs	r3, #64
 5119 00e0 2366     		str	r3, [r4, #96]
 5120              	.L325:
2415:Drivers/STM32F0xx_HAL_Driver/Src/stm32f0xx_hal_spi.c ****   {
 5121              		.loc 1 2415 3 is_stmt 1 view .LVU1628
2415:Drivers/STM32F0xx_HAL_Driver/Src/stm32f0xx_hal_spi.c ****   {
 5122              		.loc 1 2415 7 is_stmt 0 view .LVU1629
 5123 00e2 2368     		ldr	r3, [r4]
 5124 00e4 5B68     		ldr	r3, [r3, #4]
2415:Drivers/STM32F0xx_HAL_Driver/Src/stm32f0xx_hal_spi.c ****   {
 5125              		.loc 1 2415 6 view .LVU1630
 5126 00e6 DB07     		lsls	r3, r3, #31
 5127 00e8 30D5     		bpl	.L328
2418:Drivers/STM32F0xx_HAL_Driver/Src/stm32f0xx_hal_spi.c ****     {
 5128              		.loc 1 2418 5 is_stmt 1 view .LVU1631
2418:Drivers/STM32F0xx_HAL_Driver/Src/stm32f0xx_hal_spi.c ****     {
 5129              		.loc 1 2418 13 is_stmt 0 view .LVU1632
 5130 00ea A36D     		ldr	r3, [r4, #88]
2418:Drivers/STM32F0xx_HAL_Driver/Src/stm32f0xx_hal_spi.c ****     {
 5131              		.loc 1 2418 8 view .LVU1633
 5132 00ec 002B     		cmp	r3, #0
 5133 00ee 2DD0     		beq	.L328
2422:Drivers/STM32F0xx_HAL_Driver/Src/stm32f0xx_hal_spi.c **** 
 5134              		.loc 1 2422 7 is_stmt 1 view .LVU1634
2422:Drivers/STM32F0xx_HAL_Driver/Src/stm32f0xx_hal_spi.c **** 
 5135              		.loc 1 2422 39 is_stmt 0 view .LVU1635
 5136 00f0 0022     		movs	r2, #0
 5137 00f2 5A63     		str	r2, [r3, #52]
2425:Drivers/STM32F0xx_HAL_Driver/Src/stm32f0xx_hal_spi.c ****       {
 5138              		.loc 1 2425 7 is_stmt 1 view .LVU1636
2425:Drivers/STM32F0xx_HAL_Driver/Src/stm32f0xx_hal_spi.c ****       {
 5139              		.loc 1 2425 11 is_stmt 0 view .LVU1637
 5140 00f4 A06D     		ldr	r0, [r4, #88]
 5141 00f6 FFF7FEFF 		bl	HAL_DMA_Abort
 5142              	.LVL329:
2425:Drivers/STM32F0xx_HAL_Driver/Src/stm32f0xx_hal_spi.c ****       {
 5143              		.loc 1 2425 10 discriminator 1 view .LVU1638
 5144 00fa 0028     		cmp	r0, #0
 5145 00fc 01D0     		beq	.L329
2427:Drivers/STM32F0xx_HAL_Driver/Src/stm32f0xx_hal_spi.c ****       }
 5146              		.loc 1 2427 9 is_stmt 1 view .LVU1639
2427:Drivers/STM32F0xx_HAL_Driver/Src/stm32f0xx_hal_spi.c ****       }
 5147              		.loc 1 2427 25 is_stmt 0 view .LVU1640
 5148 00fe 4023     		movs	r3, #64
 5149 0100 2366     		str	r3, [r4, #96]
 5150              	.L329:
2431:Drivers/STM32F0xx_HAL_Driver/Src/stm32f0xx_hal_spi.c **** 
ARM GAS  C:\Users\ADMINI~1\AppData\Local\Temp\ccrv5aWF.s 			page 194


 5151              		.loc 1 2431 7 is_stmt 1 view .LVU1641
 5152 0102 2268     		ldr	r2, [r4]
 5153 0104 1368     		ldr	r3, [r2]
 5154 0106 4021     		movs	r1, #64
 5155 0108 8B43     		bics	r3, r1
 5156 010a 1360     		str	r3, [r2]
2434:Drivers/STM32F0xx_HAL_Driver/Src/stm32f0xx_hal_spi.c ****       {
 5157              		.loc 1 2434 7 view .LVU1642
2434:Drivers/STM32F0xx_HAL_Driver/Src/stm32f0xx_hal_spi.c ****       {
 5158              		.loc 1 2434 11 is_stmt 0 view .LVU1643
 5159 010c FFF7FEFF 		bl	HAL_GetTick
 5160              	.LVL330:
2434:Drivers/STM32F0xx_HAL_Driver/Src/stm32f0xx_hal_spi.c ****       {
 5161              		.loc 1 2434 11 discriminator 1 view .LVU1644
 5162 0110 0090     		str	r0, [sp]
 5163 0112 6423     		movs	r3, #100
 5164 0114 0022     		movs	r2, #0
 5165 0116 8021     		movs	r1, #128
 5166 0118 2000     		movs	r0, r4
 5167 011a FFF7FEFF 		bl	SPI_WaitFlagStateUntilTimeout
 5168              	.LVL331:
2434:Drivers/STM32F0xx_HAL_Driver/Src/stm32f0xx_hal_spi.c ****       {
 5169              		.loc 1 2434 10 discriminator 2 view .LVU1645
 5170 011e 0028     		cmp	r0, #0
 5171 0120 01D0     		beq	.L330
2436:Drivers/STM32F0xx_HAL_Driver/Src/stm32f0xx_hal_spi.c ****       }
 5172              		.loc 1 2436 9 is_stmt 1 view .LVU1646
2436:Drivers/STM32F0xx_HAL_Driver/Src/stm32f0xx_hal_spi.c ****       }
 5173              		.loc 1 2436 25 is_stmt 0 view .LVU1647
 5174 0122 4023     		movs	r3, #64
 5175 0124 2366     		str	r3, [r4, #96]
 5176              	.L330:
2440:Drivers/STM32F0xx_HAL_Driver/Src/stm32f0xx_hal_spi.c ****       {
 5177              		.loc 1 2440 7 is_stmt 1 view .LVU1648
2440:Drivers/STM32F0xx_HAL_Driver/Src/stm32f0xx_hal_spi.c ****       {
 5178              		.loc 1 2440 11 is_stmt 0 view .LVU1649
 5179 0126 FFF7FEFF 		bl	HAL_GetTick
 5180              	.LVL332:
2440:Drivers/STM32F0xx_HAL_Driver/Src/stm32f0xx_hal_spi.c ****       {
 5181              		.loc 1 2440 11 discriminator 1 view .LVU1650
 5182 012a C021     		movs	r1, #192
 5183 012c 0090     		str	r0, [sp]
 5184 012e 6423     		movs	r3, #100
 5185 0130 0022     		movs	r2, #0
 5186 0132 C900     		lsls	r1, r1, #3
 5187 0134 2000     		movs	r0, r4
 5188 0136 FFF7FEFF 		bl	SPI_WaitFifoStateUntilTimeout
 5189              	.LVL333:
2440:Drivers/STM32F0xx_HAL_Driver/Src/stm32f0xx_hal_spi.c ****       {
 5190              		.loc 1 2440 10 discriminator 2 view .LVU1651
 5191 013a 0028     		cmp	r0, #0
 5192 013c 01D0     		beq	.L331
2442:Drivers/STM32F0xx_HAL_Driver/Src/stm32f0xx_hal_spi.c ****       }
 5193              		.loc 1 2442 9 is_stmt 1 view .LVU1652
2442:Drivers/STM32F0xx_HAL_Driver/Src/stm32f0xx_hal_spi.c ****       }
 5194              		.loc 1 2442 25 is_stmt 0 view .LVU1653
 5195 013e 4023     		movs	r3, #64
ARM GAS  C:\Users\ADMINI~1\AppData\Local\Temp\ccrv5aWF.s 			page 195


 5196 0140 2366     		str	r3, [r4, #96]
 5197              	.L331:
2446:Drivers/STM32F0xx_HAL_Driver/Src/stm32f0xx_hal_spi.c ****     }
 5198              		.loc 1 2446 7 is_stmt 1 view .LVU1654
 5199 0142 2268     		ldr	r2, [r4]
 5200 0144 5368     		ldr	r3, [r2, #4]
 5201 0146 0121     		movs	r1, #1
 5202 0148 8B43     		bics	r3, r1
 5203 014a 5360     		str	r3, [r2, #4]
 5204              	.L328:
2450:Drivers/STM32F0xx_HAL_Driver/Src/stm32f0xx_hal_spi.c ****   hspi->TxXferCount = 0U;
 5205              		.loc 1 2450 3 view .LVU1655
2450:Drivers/STM32F0xx_HAL_Driver/Src/stm32f0xx_hal_spi.c ****   hspi->TxXferCount = 0U;
 5206              		.loc 1 2450 21 is_stmt 0 view .LVU1656
 5207 014c 0023     		movs	r3, #0
 5208 014e 4622     		movs	r2, #70
 5209 0150 A352     		strh	r3, [r4, r2]
2451:Drivers/STM32F0xx_HAL_Driver/Src/stm32f0xx_hal_spi.c **** 
 5210              		.loc 1 2451 3 is_stmt 1 view .LVU1657
2451:Drivers/STM32F0xx_HAL_Driver/Src/stm32f0xx_hal_spi.c **** 
 5211              		.loc 1 2451 21 is_stmt 0 view .LVU1658
 5212 0152 E387     		strh	r3, [r4, #62]
2454:Drivers/STM32F0xx_HAL_Driver/Src/stm32f0xx_hal_spi.c ****   {
 5213              		.loc 1 2454 3 is_stmt 1 view .LVU1659
2454:Drivers/STM32F0xx_HAL_Driver/Src/stm32f0xx_hal_spi.c ****   {
 5214              		.loc 1 2454 11 is_stmt 0 view .LVU1660
 5215 0154 236E     		ldr	r3, [r4, #96]
2454:Drivers/STM32F0xx_HAL_Driver/Src/stm32f0xx_hal_spi.c ****   {
 5216              		.loc 1 2454 6 view .LVU1661
 5217 0156 402B     		cmp	r3, #64
 5218 0158 13D0     		beq	.L333
2462:Drivers/STM32F0xx_HAL_Driver/Src/stm32f0xx_hal_spi.c ****   }
 5219              		.loc 1 2462 5 is_stmt 1 view .LVU1662
2462:Drivers/STM32F0xx_HAL_Driver/Src/stm32f0xx_hal_spi.c ****   }
 5220              		.loc 1 2462 21 is_stmt 0 view .LVU1663
 5221 015a 0023     		movs	r3, #0
 5222 015c 2366     		str	r3, [r4, #96]
2337:Drivers/STM32F0xx_HAL_Driver/Src/stm32f0xx_hal_spi.c ****   resetcount = SPI_DEFAULT_TIMEOUT * (SystemCoreClock / 24U / 1000U);
 5223              		.loc 1 2337 13 view .LVU1664
 5224 015e 0020     		movs	r0, #0
 5225              	.L332:
 5226              	.LVL334:
2466:Drivers/STM32F0xx_HAL_Driver/Src/stm32f0xx_hal_spi.c ****   __HAL_SPI_CLEAR_FREFLAG(hspi);
 5227              		.loc 1 2466 3 is_stmt 1 view .LVU1665
 5228              	.LBB3:
2466:Drivers/STM32F0xx_HAL_Driver/Src/stm32f0xx_hal_spi.c ****   __HAL_SPI_CLEAR_FREFLAG(hspi);
 5229              		.loc 1 2466 3 view .LVU1666
 5230 0160 0022     		movs	r2, #0
 5231 0162 0292     		str	r2, [sp, #8]
2466:Drivers/STM32F0xx_HAL_Driver/Src/stm32f0xx_hal_spi.c ****   __HAL_SPI_CLEAR_FREFLAG(hspi);
 5232              		.loc 1 2466 3 view .LVU1667
 5233 0164 2368     		ldr	r3, [r4]
 5234 0166 D968     		ldr	r1, [r3, #12]
 5235 0168 0291     		str	r1, [sp, #8]
2466:Drivers/STM32F0xx_HAL_Driver/Src/stm32f0xx_hal_spi.c ****   __HAL_SPI_CLEAR_FREFLAG(hspi);
 5236              		.loc 1 2466 3 view .LVU1668
 5237 016a 9968     		ldr	r1, [r3, #8]
ARM GAS  C:\Users\ADMINI~1\AppData\Local\Temp\ccrv5aWF.s 			page 196


 5238 016c 0291     		str	r1, [sp, #8]
2466:Drivers/STM32F0xx_HAL_Driver/Src/stm32f0xx_hal_spi.c ****   __HAL_SPI_CLEAR_FREFLAG(hspi);
 5239              		.loc 1 2466 3 view .LVU1669
 5240 016e 0299     		ldr	r1, [sp, #8]
 5241              	.LBE3:
2466:Drivers/STM32F0xx_HAL_Driver/Src/stm32f0xx_hal_spi.c ****   __HAL_SPI_CLEAR_FREFLAG(hspi);
 5242              		.loc 1 2466 3 view .LVU1670
2467:Drivers/STM32F0xx_HAL_Driver/Src/stm32f0xx_hal_spi.c **** 
 5243              		.loc 1 2467 3 view .LVU1671
 5244              	.LBB4:
2467:Drivers/STM32F0xx_HAL_Driver/Src/stm32f0xx_hal_spi.c **** 
 5245              		.loc 1 2467 3 view .LVU1672
 5246 0170 0392     		str	r2, [sp, #12]
2467:Drivers/STM32F0xx_HAL_Driver/Src/stm32f0xx_hal_spi.c **** 
 5247              		.loc 1 2467 3 view .LVU1673
 5248 0172 9B68     		ldr	r3, [r3, #8]
 5249 0174 0393     		str	r3, [sp, #12]
2467:Drivers/STM32F0xx_HAL_Driver/Src/stm32f0xx_hal_spi.c **** 
 5250              		.loc 1 2467 3 view .LVU1674
 5251 0176 039B     		ldr	r3, [sp, #12]
 5252              	.LBE4:
2467:Drivers/STM32F0xx_HAL_Driver/Src/stm32f0xx_hal_spi.c **** 
 5253              		.loc 1 2467 3 view .LVU1675
2470:Drivers/STM32F0xx_HAL_Driver/Src/stm32f0xx_hal_spi.c **** 
 5254              		.loc 1 2470 3 view .LVU1676
2470:Drivers/STM32F0xx_HAL_Driver/Src/stm32f0xx_hal_spi.c **** 
 5255              		.loc 1 2470 15 is_stmt 0 view .LVU1677
 5256 0178 5D23     		movs	r3, #93
 5257 017a 0132     		adds	r2, r2, #1
 5258 017c E254     		strb	r2, [r4, r3]
2472:Drivers/STM32F0xx_HAL_Driver/Src/stm32f0xx_hal_spi.c **** }
 5259              		.loc 1 2472 3 is_stmt 1 view .LVU1678
2473:Drivers/STM32F0xx_HAL_Driver/Src/stm32f0xx_hal_spi.c **** 
 5260              		.loc 1 2473 1 is_stmt 0 view .LVU1679
 5261 017e 06B0     		add	sp, sp, #24
 5262              		@ sp needed
 5263              	.LVL335:
2473:Drivers/STM32F0xx_HAL_Driver/Src/stm32f0xx_hal_spi.c **** 
 5264              		.loc 1 2473 1 view .LVU1680
 5265 0180 10BD     		pop	{r4, pc}
 5266              	.LVL336:
 5267              	.L333:
2457:Drivers/STM32F0xx_HAL_Driver/Src/stm32f0xx_hal_spi.c ****   }
 5268              		.loc 1 2457 15 view .LVU1681
 5269 0182 0120     		movs	r0, #1
 5270 0184 ECE7     		b	.L332
 5271              	.L341:
 5272 0186 C046     		.align	2
 5273              	.L340:
 5274 0188 00000000 		.word	SystemCoreClock
 5275 018c C05D0000 		.word	24000
 5276 0190 00000000 		.word	SPI_AbortTx_ISR
 5277 0194 00000000 		.word	SPI_AbortRx_ISR
 5278              		.cfi_endproc
 5279              	.LFE53:
 5281              		.section	.text.HAL_SPI_DMAPause,"ax",%progbits
 5282              		.align	1
ARM GAS  C:\Users\ADMINI~1\AppData\Local\Temp\ccrv5aWF.s 			page 197


 5283              		.global	HAL_SPI_DMAPause
 5284              		.syntax unified
 5285              		.code	16
 5286              		.thumb_func
 5288              	HAL_SPI_DMAPause:
 5289              	.LVL337:
 5290              	.LFB55:
2652:Drivers/STM32F0xx_HAL_Driver/Src/stm32f0xx_hal_spi.c ****   /* Process Locked */
 5291              		.loc 1 2652 1 is_stmt 1 view -0
 5292              		.cfi_startproc
 5293              		@ args = 0, pretend = 0, frame = 0
 5294              		@ frame_needed = 0, uses_anonymous_args = 0
2652:Drivers/STM32F0xx_HAL_Driver/Src/stm32f0xx_hal_spi.c ****   /* Process Locked */
 5295              		.loc 1 2652 1 is_stmt 0 view .LVU1683
 5296 0000 10B5     		push	{r4, lr}
 5297              		.cfi_def_cfa_offset 8
 5298              		.cfi_offset 4, -8
 5299              		.cfi_offset 14, -4
2654:Drivers/STM32F0xx_HAL_Driver/Src/stm32f0xx_hal_spi.c **** 
 5300              		.loc 1 2654 3 is_stmt 1 view .LVU1684
2654:Drivers/STM32F0xx_HAL_Driver/Src/stm32f0xx_hal_spi.c **** 
 5301              		.loc 1 2654 3 view .LVU1685
 5302 0002 5C23     		movs	r3, #92
 5303 0004 C35C     		ldrb	r3, [r0, r3]
 5304 0006 012B     		cmp	r3, #1
 5305 0008 0BD0     		beq	.L344
2654:Drivers/STM32F0xx_HAL_Driver/Src/stm32f0xx_hal_spi.c **** 
 5306              		.loc 1 2654 3 discriminator 2 view .LVU1686
 5307 000a 5C22     		movs	r2, #92
 5308 000c 0123     		movs	r3, #1
 5309 000e 8354     		strb	r3, [r0, r2]
2654:Drivers/STM32F0xx_HAL_Driver/Src/stm32f0xx_hal_spi.c **** 
 5310              		.loc 1 2654 3 view .LVU1687
2657:Drivers/STM32F0xx_HAL_Driver/Src/stm32f0xx_hal_spi.c **** 
 5311              		.loc 1 2657 3 view .LVU1688
 5312 0010 0168     		ldr	r1, [r0]
 5313 0012 4B68     		ldr	r3, [r1, #4]
 5314 0014 0324     		movs	r4, #3
 5315 0016 A343     		bics	r3, r4
 5316 0018 4B60     		str	r3, [r1, #4]
2660:Drivers/STM32F0xx_HAL_Driver/Src/stm32f0xx_hal_spi.c **** 
 5317              		.loc 1 2660 3 view .LVU1689
2660:Drivers/STM32F0xx_HAL_Driver/Src/stm32f0xx_hal_spi.c **** 
 5318              		.loc 1 2660 3 view .LVU1690
 5319 001a 0023     		movs	r3, #0
 5320 001c 8354     		strb	r3, [r0, r2]
2660:Drivers/STM32F0xx_HAL_Driver/Src/stm32f0xx_hal_spi.c **** 
 5321              		.loc 1 2660 3 view .LVU1691
2662:Drivers/STM32F0xx_HAL_Driver/Src/stm32f0xx_hal_spi.c **** }
 5322              		.loc 1 2662 3 view .LVU1692
2662:Drivers/STM32F0xx_HAL_Driver/Src/stm32f0xx_hal_spi.c **** }
 5323              		.loc 1 2662 10 is_stmt 0 view .LVU1693
 5324 001e 0020     		movs	r0, #0
 5325              	.LVL338:
 5326              	.L343:
2663:Drivers/STM32F0xx_HAL_Driver/Src/stm32f0xx_hal_spi.c **** 
 5327              		.loc 1 2663 1 view .LVU1694
ARM GAS  C:\Users\ADMINI~1\AppData\Local\Temp\ccrv5aWF.s 			page 198


 5328              		@ sp needed
 5329 0020 10BD     		pop	{r4, pc}
 5330              	.LVL339:
 5331              	.L344:
2654:Drivers/STM32F0xx_HAL_Driver/Src/stm32f0xx_hal_spi.c **** 
 5332              		.loc 1 2654 3 discriminator 1 view .LVU1695
 5333 0022 0220     		movs	r0, #2
 5334              	.LVL340:
2654:Drivers/STM32F0xx_HAL_Driver/Src/stm32f0xx_hal_spi.c **** 
 5335              		.loc 1 2654 3 discriminator 1 view .LVU1696
 5336 0024 FCE7     		b	.L343
 5337              		.cfi_endproc
 5338              	.LFE55:
 5340              		.section	.text.HAL_SPI_DMAResume,"ax",%progbits
 5341              		.align	1
 5342              		.global	HAL_SPI_DMAResume
 5343              		.syntax unified
 5344              		.code	16
 5345              		.thumb_func
 5347              	HAL_SPI_DMAResume:
 5348              	.LVL341:
 5349              	.LFB56:
2672:Drivers/STM32F0xx_HAL_Driver/Src/stm32f0xx_hal_spi.c ****   /* Process Locked */
 5350              		.loc 1 2672 1 is_stmt 1 view -0
 5351              		.cfi_startproc
 5352              		@ args = 0, pretend = 0, frame = 0
 5353              		@ frame_needed = 0, uses_anonymous_args = 0
2672:Drivers/STM32F0xx_HAL_Driver/Src/stm32f0xx_hal_spi.c ****   /* Process Locked */
 5354              		.loc 1 2672 1 is_stmt 0 view .LVU1698
 5355 0000 10B5     		push	{r4, lr}
 5356              		.cfi_def_cfa_offset 8
 5357              		.cfi_offset 4, -8
 5358              		.cfi_offset 14, -4
2674:Drivers/STM32F0xx_HAL_Driver/Src/stm32f0xx_hal_spi.c **** 
 5359              		.loc 1 2674 3 is_stmt 1 view .LVU1699
2674:Drivers/STM32F0xx_HAL_Driver/Src/stm32f0xx_hal_spi.c **** 
 5360              		.loc 1 2674 3 view .LVU1700
 5361 0002 5C23     		movs	r3, #92
 5362 0004 C35C     		ldrb	r3, [r0, r3]
 5363 0006 012B     		cmp	r3, #1
 5364 0008 0BD0     		beq	.L347
2674:Drivers/STM32F0xx_HAL_Driver/Src/stm32f0xx_hal_spi.c **** 
 5365              		.loc 1 2674 3 discriminator 2 view .LVU1701
 5366 000a 5C22     		movs	r2, #92
 5367 000c 0123     		movs	r3, #1
 5368 000e 8354     		strb	r3, [r0, r2]
2674:Drivers/STM32F0xx_HAL_Driver/Src/stm32f0xx_hal_spi.c **** 
 5369              		.loc 1 2674 3 view .LVU1702
2677:Drivers/STM32F0xx_HAL_Driver/Src/stm32f0xx_hal_spi.c **** 
 5370              		.loc 1 2677 3 view .LVU1703
 5371 0010 0168     		ldr	r1, [r0]
 5372 0012 4B68     		ldr	r3, [r1, #4]
 5373 0014 0324     		movs	r4, #3
 5374 0016 2343     		orrs	r3, r4
 5375 0018 4B60     		str	r3, [r1, #4]
2680:Drivers/STM32F0xx_HAL_Driver/Src/stm32f0xx_hal_spi.c **** 
 5376              		.loc 1 2680 3 view .LVU1704
ARM GAS  C:\Users\ADMINI~1\AppData\Local\Temp\ccrv5aWF.s 			page 199


2680:Drivers/STM32F0xx_HAL_Driver/Src/stm32f0xx_hal_spi.c **** 
 5377              		.loc 1 2680 3 view .LVU1705
 5378 001a 0023     		movs	r3, #0
 5379 001c 8354     		strb	r3, [r0, r2]
2680:Drivers/STM32F0xx_HAL_Driver/Src/stm32f0xx_hal_spi.c **** 
 5380              		.loc 1 2680 3 view .LVU1706
2682:Drivers/STM32F0xx_HAL_Driver/Src/stm32f0xx_hal_spi.c **** }
 5381              		.loc 1 2682 3 view .LVU1707
2682:Drivers/STM32F0xx_HAL_Driver/Src/stm32f0xx_hal_spi.c **** }
 5382              		.loc 1 2682 10 is_stmt 0 view .LVU1708
 5383 001e 0020     		movs	r0, #0
 5384              	.LVL342:
 5385              	.L346:
2683:Drivers/STM32F0xx_HAL_Driver/Src/stm32f0xx_hal_spi.c **** 
 5386              		.loc 1 2683 1 view .LVU1709
 5387              		@ sp needed
 5388 0020 10BD     		pop	{r4, pc}
 5389              	.LVL343:
 5390              	.L347:
2674:Drivers/STM32F0xx_HAL_Driver/Src/stm32f0xx_hal_spi.c **** 
 5391              		.loc 1 2674 3 discriminator 1 view .LVU1710
 5392 0022 0220     		movs	r0, #2
 5393              	.LVL344:
2674:Drivers/STM32F0xx_HAL_Driver/Src/stm32f0xx_hal_spi.c **** 
 5394              		.loc 1 2674 3 discriminator 1 view .LVU1711
 5395 0024 FCE7     		b	.L346
 5396              		.cfi_endproc
 5397              	.LFE56:
 5399              		.section	.text.HAL_SPI_DMAStop,"ax",%progbits
 5400              		.align	1
 5401              		.global	HAL_SPI_DMAStop
 5402              		.syntax unified
 5403              		.code	16
 5404              		.thumb_func
 5406              	HAL_SPI_DMAStop:
 5407              	.LVL345:
 5408              	.LFB57:
2692:Drivers/STM32F0xx_HAL_Driver/Src/stm32f0xx_hal_spi.c ****   HAL_StatusTypeDef errorcode = HAL_OK;
 5409              		.loc 1 2692 1 is_stmt 1 view -0
 5410              		.cfi_startproc
 5411              		@ args = 0, pretend = 0, frame = 0
 5412              		@ frame_needed = 0, uses_anonymous_args = 0
2692:Drivers/STM32F0xx_HAL_Driver/Src/stm32f0xx_hal_spi.c ****   HAL_StatusTypeDef errorcode = HAL_OK;
 5413              		.loc 1 2692 1 is_stmt 0 view .LVU1713
 5414 0000 70B5     		push	{r4, r5, r6, lr}
 5415              		.cfi_def_cfa_offset 16
 5416              		.cfi_offset 4, -16
 5417              		.cfi_offset 5, -12
 5418              		.cfi_offset 6, -8
 5419              		.cfi_offset 14, -4
 5420 0002 0400     		movs	r4, r0
2693:Drivers/STM32F0xx_HAL_Driver/Src/stm32f0xx_hal_spi.c ****   /* The Lock is not implemented on this API to allow the user application
 5421              		.loc 1 2693 3 is_stmt 1 view .LVU1714
 5422              	.LVL346:
2701:Drivers/STM32F0xx_HAL_Driver/Src/stm32f0xx_hal_spi.c ****   {
 5423              		.loc 1 2701 3 view .LVU1715
2701:Drivers/STM32F0xx_HAL_Driver/Src/stm32f0xx_hal_spi.c ****   {
ARM GAS  C:\Users\ADMINI~1\AppData\Local\Temp\ccrv5aWF.s 			page 200


 5424              		.loc 1 2701 11 is_stmt 0 view .LVU1716
 5425 0004 406D     		ldr	r0, [r0, #84]
 5426              	.LVL347:
2701:Drivers/STM32F0xx_HAL_Driver/Src/stm32f0xx_hal_spi.c ****   {
 5427              		.loc 1 2701 6 view .LVU1717
 5428 0006 0028     		cmp	r0, #0
 5429 0008 09D0     		beq	.L351
2703:Drivers/STM32F0xx_HAL_Driver/Src/stm32f0xx_hal_spi.c ****     {
 5430              		.loc 1 2703 5 is_stmt 1 view .LVU1718
2703:Drivers/STM32F0xx_HAL_Driver/Src/stm32f0xx_hal_spi.c ****     {
 5431              		.loc 1 2703 19 is_stmt 0 view .LVU1719
 5432 000a FFF7FEFF 		bl	HAL_DMA_Abort
 5433              	.LVL348:
 5434 000e 051E     		subs	r5, r0, #0
2703:Drivers/STM32F0xx_HAL_Driver/Src/stm32f0xx_hal_spi.c ****     {
 5435              		.loc 1 2703 8 discriminator 1 view .LVU1720
 5436 0010 06D0     		beq	.L349
2705:Drivers/STM32F0xx_HAL_Driver/Src/stm32f0xx_hal_spi.c ****       errorcode = HAL_ERROR;
 5437              		.loc 1 2705 7 is_stmt 1 view .LVU1721
 5438 0012 236E     		ldr	r3, [r4, #96]
 5439 0014 1022     		movs	r2, #16
 5440 0016 1343     		orrs	r3, r2
 5441 0018 2366     		str	r3, [r4, #96]
2706:Drivers/STM32F0xx_HAL_Driver/Src/stm32f0xx_hal_spi.c ****     }
 5442              		.loc 1 2706 7 view .LVU1722
 5443              	.LVL349:
2706:Drivers/STM32F0xx_HAL_Driver/Src/stm32f0xx_hal_spi.c ****     }
 5444              		.loc 1 2706 17 is_stmt 0 view .LVU1723
 5445 001a 0125     		movs	r5, #1
 5446 001c 00E0     		b	.L349
 5447              	.LVL350:
 5448              	.L351:
2693:Drivers/STM32F0xx_HAL_Driver/Src/stm32f0xx_hal_spi.c ****   /* The Lock is not implemented on this API to allow the user application
 5449              		.loc 1 2693 21 view .LVU1724
 5450 001e 0025     		movs	r5, #0
 5451              	.LVL351:
 5452              	.L349:
2710:Drivers/STM32F0xx_HAL_Driver/Src/stm32f0xx_hal_spi.c ****   {
 5453              		.loc 1 2710 3 is_stmt 1 view .LVU1725
2710:Drivers/STM32F0xx_HAL_Driver/Src/stm32f0xx_hal_spi.c ****   {
 5454              		.loc 1 2710 11 is_stmt 0 view .LVU1726
 5455 0020 A06D     		ldr	r0, [r4, #88]
2710:Drivers/STM32F0xx_HAL_Driver/Src/stm32f0xx_hal_spi.c ****   {
 5456              		.loc 1 2710 6 view .LVU1727
 5457 0022 0028     		cmp	r0, #0
 5458 0024 08D0     		beq	.L350
2712:Drivers/STM32F0xx_HAL_Driver/Src/stm32f0xx_hal_spi.c ****     {
 5459              		.loc 1 2712 5 is_stmt 1 view .LVU1728
2712:Drivers/STM32F0xx_HAL_Driver/Src/stm32f0xx_hal_spi.c ****     {
 5460              		.loc 1 2712 19 is_stmt 0 view .LVU1729
 5461 0026 FFF7FEFF 		bl	HAL_DMA_Abort
 5462              	.LVL352:
2712:Drivers/STM32F0xx_HAL_Driver/Src/stm32f0xx_hal_spi.c ****     {
 5463              		.loc 1 2712 8 discriminator 1 view .LVU1730
 5464 002a 0028     		cmp	r0, #0
 5465 002c 04D0     		beq	.L350
2714:Drivers/STM32F0xx_HAL_Driver/Src/stm32f0xx_hal_spi.c ****       errorcode = HAL_ERROR;
ARM GAS  C:\Users\ADMINI~1\AppData\Local\Temp\ccrv5aWF.s 			page 201


 5466              		.loc 1 2714 7 is_stmt 1 view .LVU1731
 5467 002e 236E     		ldr	r3, [r4, #96]
 5468 0030 1022     		movs	r2, #16
 5469 0032 1343     		orrs	r3, r2
 5470 0034 2366     		str	r3, [r4, #96]
2715:Drivers/STM32F0xx_HAL_Driver/Src/stm32f0xx_hal_spi.c ****     }
 5471              		.loc 1 2715 7 view .LVU1732
 5472              	.LVL353:
2715:Drivers/STM32F0xx_HAL_Driver/Src/stm32f0xx_hal_spi.c ****     }
 5473              		.loc 1 2715 17 is_stmt 0 view .LVU1733
 5474 0036 0125     		movs	r5, #1
 5475              	.LVL354:
 5476              	.L350:
2720:Drivers/STM32F0xx_HAL_Driver/Src/stm32f0xx_hal_spi.c ****   hspi->State = HAL_SPI_STATE_READY;
 5477              		.loc 1 2720 3 is_stmt 1 view .LVU1734
 5478 0038 2268     		ldr	r2, [r4]
 5479 003a 5368     		ldr	r3, [r2, #4]
 5480 003c 0321     		movs	r1, #3
 5481 003e 8B43     		bics	r3, r1
 5482 0040 5360     		str	r3, [r2, #4]
2721:Drivers/STM32F0xx_HAL_Driver/Src/stm32f0xx_hal_spi.c ****   return errorcode;
 5483              		.loc 1 2721 3 view .LVU1735
2721:Drivers/STM32F0xx_HAL_Driver/Src/stm32f0xx_hal_spi.c ****   return errorcode;
 5484              		.loc 1 2721 15 is_stmt 0 view .LVU1736
 5485 0042 5D23     		movs	r3, #93
 5486 0044 0122     		movs	r2, #1
 5487 0046 E254     		strb	r2, [r4, r3]
2722:Drivers/STM32F0xx_HAL_Driver/Src/stm32f0xx_hal_spi.c **** }
 5488              		.loc 1 2722 3 is_stmt 1 view .LVU1737
2723:Drivers/STM32F0xx_HAL_Driver/Src/stm32f0xx_hal_spi.c **** 
 5489              		.loc 1 2723 1 is_stmt 0 view .LVU1738
 5490 0048 2800     		movs	r0, r5
 5491              		@ sp needed
 5492              	.LVL355:
 5493              	.LVL356:
2723:Drivers/STM32F0xx_HAL_Driver/Src/stm32f0xx_hal_spi.c **** 
 5494              		.loc 1 2723 1 view .LVU1739
 5495 004a 70BD     		pop	{r4, r5, r6, pc}
 5496              		.cfi_endproc
 5497              	.LFE57:
 5499              		.section	.text.HAL_SPI_TxCpltCallback,"ax",%progbits
 5500              		.align	1
 5501              		.weak	HAL_SPI_TxCpltCallback
 5502              		.syntax unified
 5503              		.code	16
 5504              		.thumb_func
 5506              	HAL_SPI_TxCpltCallback:
 5507              	.LVL357:
 5508              	.LFB59:
2839:Drivers/STM32F0xx_HAL_Driver/Src/stm32f0xx_hal_spi.c ****   /* Prevent unused argument(s) compilation warning */
 5509              		.loc 1 2839 1 is_stmt 1 view -0
 5510              		.cfi_startproc
 5511              		@ args = 0, pretend = 0, frame = 0
 5512              		@ frame_needed = 0, uses_anonymous_args = 0
 5513              		@ link register save eliminated.
2841:Drivers/STM32F0xx_HAL_Driver/Src/stm32f0xx_hal_spi.c **** 
 5514              		.loc 1 2841 3 view .LVU1741
ARM GAS  C:\Users\ADMINI~1\AppData\Local\Temp\ccrv5aWF.s 			page 202


2846:Drivers/STM32F0xx_HAL_Driver/Src/stm32f0xx_hal_spi.c **** 
 5515              		.loc 1 2846 1 is_stmt 0 view .LVU1742
 5516              		@ sp needed
 5517 0000 7047     		bx	lr
 5518              		.cfi_endproc
 5519              	.LFE59:
 5521              		.section	.text.HAL_SPI_RxCpltCallback,"ax",%progbits
 5522              		.align	1
 5523              		.weak	HAL_SPI_RxCpltCallback
 5524              		.syntax unified
 5525              		.code	16
 5526              		.thumb_func
 5528              	HAL_SPI_RxCpltCallback:
 5529              	.LVL358:
 5530              	.LFB60:
2855:Drivers/STM32F0xx_HAL_Driver/Src/stm32f0xx_hal_spi.c ****   /* Prevent unused argument(s) compilation warning */
 5531              		.loc 1 2855 1 is_stmt 1 view -0
 5532              		.cfi_startproc
 5533              		@ args = 0, pretend = 0, frame = 0
 5534              		@ frame_needed = 0, uses_anonymous_args = 0
 5535              		@ link register save eliminated.
2857:Drivers/STM32F0xx_HAL_Driver/Src/stm32f0xx_hal_spi.c **** 
 5536              		.loc 1 2857 3 view .LVU1744
2862:Drivers/STM32F0xx_HAL_Driver/Src/stm32f0xx_hal_spi.c **** 
 5537              		.loc 1 2862 1 is_stmt 0 view .LVU1745
 5538              		@ sp needed
 5539 0000 7047     		bx	lr
 5540              		.cfi_endproc
 5541              	.LFE60:
 5543              		.section	.text.HAL_SPI_TxRxCpltCallback,"ax",%progbits
 5544              		.align	1
 5545              		.weak	HAL_SPI_TxRxCpltCallback
 5546              		.syntax unified
 5547              		.code	16
 5548              		.thumb_func
 5550              	HAL_SPI_TxRxCpltCallback:
 5551              	.LVL359:
 5552              	.LFB61:
2871:Drivers/STM32F0xx_HAL_Driver/Src/stm32f0xx_hal_spi.c ****   /* Prevent unused argument(s) compilation warning */
 5553              		.loc 1 2871 1 is_stmt 1 view -0
 5554              		.cfi_startproc
 5555              		@ args = 0, pretend = 0, frame = 0
 5556              		@ frame_needed = 0, uses_anonymous_args = 0
 5557              		@ link register save eliminated.
2873:Drivers/STM32F0xx_HAL_Driver/Src/stm32f0xx_hal_spi.c **** 
 5558              		.loc 1 2873 3 view .LVU1747
2878:Drivers/STM32F0xx_HAL_Driver/Src/stm32f0xx_hal_spi.c **** 
 5559              		.loc 1 2878 1 is_stmt 0 view .LVU1748
 5560              		@ sp needed
 5561 0000 7047     		bx	lr
 5562              		.cfi_endproc
 5563              	.LFE61:
 5565              		.section	.text.HAL_SPI_TxHalfCpltCallback,"ax",%progbits
 5566              		.align	1
 5567              		.weak	HAL_SPI_TxHalfCpltCallback
 5568              		.syntax unified
 5569              		.code	16
ARM GAS  C:\Users\ADMINI~1\AppData\Local\Temp\ccrv5aWF.s 			page 203


 5570              		.thumb_func
 5572              	HAL_SPI_TxHalfCpltCallback:
 5573              	.LVL360:
 5574              	.LFB62:
2887:Drivers/STM32F0xx_HAL_Driver/Src/stm32f0xx_hal_spi.c ****   /* Prevent unused argument(s) compilation warning */
 5575              		.loc 1 2887 1 is_stmt 1 view -0
 5576              		.cfi_startproc
 5577              		@ args = 0, pretend = 0, frame = 0
 5578              		@ frame_needed = 0, uses_anonymous_args = 0
 5579              		@ link register save eliminated.
2889:Drivers/STM32F0xx_HAL_Driver/Src/stm32f0xx_hal_spi.c **** 
 5580              		.loc 1 2889 3 view .LVU1750
2894:Drivers/STM32F0xx_HAL_Driver/Src/stm32f0xx_hal_spi.c **** 
 5581              		.loc 1 2894 1 is_stmt 0 view .LVU1751
 5582              		@ sp needed
 5583 0000 7047     		bx	lr
 5584              		.cfi_endproc
 5585              	.LFE62:
 5587              		.section	.text.SPI_DMAHalfTransmitCplt,"ax",%progbits
 5588              		.align	1
 5589              		.syntax unified
 5590              		.code	16
 5591              		.thumb_func
 5593              	SPI_DMAHalfTransmitCplt:
 5594              	.LVL361:
 5595              	.LFB72:
3299:Drivers/STM32F0xx_HAL_Driver/Src/stm32f0xx_hal_spi.c ****   SPI_HandleTypeDef *hspi = (SPI_HandleTypeDef *)(((DMA_HandleTypeDef *)hdma)->Parent); /* Derogati
 5596              		.loc 1 3299 1 is_stmt 1 view -0
 5597              		.cfi_startproc
 5598              		@ args = 0, pretend = 0, frame = 0
 5599              		@ frame_needed = 0, uses_anonymous_args = 0
3299:Drivers/STM32F0xx_HAL_Driver/Src/stm32f0xx_hal_spi.c ****   SPI_HandleTypeDef *hspi = (SPI_HandleTypeDef *)(((DMA_HandleTypeDef *)hdma)->Parent); /* Derogati
 5600              		.loc 1 3299 1 is_stmt 0 view .LVU1753
 5601 0000 10B5     		push	{r4, lr}
 5602              		.cfi_def_cfa_offset 8
 5603              		.cfi_offset 4, -8
 5604              		.cfi_offset 14, -4
3300:Drivers/STM32F0xx_HAL_Driver/Src/stm32f0xx_hal_spi.c **** 
 5605              		.loc 1 3300 3 is_stmt 1 view .LVU1754
3300:Drivers/STM32F0xx_HAL_Driver/Src/stm32f0xx_hal_spi.c **** 
 5606              		.loc 1 3300 22 is_stmt 0 view .LVU1755
 5607 0002 406A     		ldr	r0, [r0, #36]
 5608              	.LVL362:
3306:Drivers/STM32F0xx_HAL_Driver/Src/stm32f0xx_hal_spi.c **** #endif /* USE_HAL_SPI_REGISTER_CALLBACKS */
 5609              		.loc 1 3306 3 is_stmt 1 view .LVU1756
 5610 0004 FFF7FEFF 		bl	HAL_SPI_TxHalfCpltCallback
 5611              	.LVL363:
3308:Drivers/STM32F0xx_HAL_Driver/Src/stm32f0xx_hal_spi.c **** 
 5612              		.loc 1 3308 1 is_stmt 0 view .LVU1757
 5613              		@ sp needed
 5614 0008 10BD     		pop	{r4, pc}
 5615              		.cfi_endproc
 5616              	.LFE72:
 5618              		.section	.text.HAL_SPI_RxHalfCpltCallback,"ax",%progbits
 5619              		.align	1
 5620              		.weak	HAL_SPI_RxHalfCpltCallback
 5621              		.syntax unified
ARM GAS  C:\Users\ADMINI~1\AppData\Local\Temp\ccrv5aWF.s 			page 204


 5622              		.code	16
 5623              		.thumb_func
 5625              	HAL_SPI_RxHalfCpltCallback:
 5626              	.LVL364:
 5627              	.LFB63:
2903:Drivers/STM32F0xx_HAL_Driver/Src/stm32f0xx_hal_spi.c ****   /* Prevent unused argument(s) compilation warning */
 5628              		.loc 1 2903 1 is_stmt 1 view -0
 5629              		.cfi_startproc
 5630              		@ args = 0, pretend = 0, frame = 0
 5631              		@ frame_needed = 0, uses_anonymous_args = 0
 5632              		@ link register save eliminated.
2905:Drivers/STM32F0xx_HAL_Driver/Src/stm32f0xx_hal_spi.c **** 
 5633              		.loc 1 2905 3 view .LVU1759
2910:Drivers/STM32F0xx_HAL_Driver/Src/stm32f0xx_hal_spi.c **** 
 5634              		.loc 1 2910 1 is_stmt 0 view .LVU1760
 5635              		@ sp needed
 5636 0000 7047     		bx	lr
 5637              		.cfi_endproc
 5638              	.LFE63:
 5640              		.section	.text.SPI_DMAHalfReceiveCplt,"ax",%progbits
 5641              		.align	1
 5642              		.syntax unified
 5643              		.code	16
 5644              		.thumb_func
 5646              	SPI_DMAHalfReceiveCplt:
 5647              	.LVL365:
 5648              	.LFB73:
3317:Drivers/STM32F0xx_HAL_Driver/Src/stm32f0xx_hal_spi.c ****   SPI_HandleTypeDef *hspi = (SPI_HandleTypeDef *)(((DMA_HandleTypeDef *)hdma)->Parent); /* Derogati
 5649              		.loc 1 3317 1 is_stmt 1 view -0
 5650              		.cfi_startproc
 5651              		@ args = 0, pretend = 0, frame = 0
 5652              		@ frame_needed = 0, uses_anonymous_args = 0
3317:Drivers/STM32F0xx_HAL_Driver/Src/stm32f0xx_hal_spi.c ****   SPI_HandleTypeDef *hspi = (SPI_HandleTypeDef *)(((DMA_HandleTypeDef *)hdma)->Parent); /* Derogati
 5653              		.loc 1 3317 1 is_stmt 0 view .LVU1762
 5654 0000 10B5     		push	{r4, lr}
 5655              		.cfi_def_cfa_offset 8
 5656              		.cfi_offset 4, -8
 5657              		.cfi_offset 14, -4
3318:Drivers/STM32F0xx_HAL_Driver/Src/stm32f0xx_hal_spi.c **** 
 5658              		.loc 1 3318 3 is_stmt 1 view .LVU1763
3318:Drivers/STM32F0xx_HAL_Driver/Src/stm32f0xx_hal_spi.c **** 
 5659              		.loc 1 3318 22 is_stmt 0 view .LVU1764
 5660 0002 406A     		ldr	r0, [r0, #36]
 5661              	.LVL366:
3324:Drivers/STM32F0xx_HAL_Driver/Src/stm32f0xx_hal_spi.c **** #endif /* USE_HAL_SPI_REGISTER_CALLBACKS */
 5662              		.loc 1 3324 3 is_stmt 1 view .LVU1765
 5663 0004 FFF7FEFF 		bl	HAL_SPI_RxHalfCpltCallback
 5664              	.LVL367:
3326:Drivers/STM32F0xx_HAL_Driver/Src/stm32f0xx_hal_spi.c **** 
 5665              		.loc 1 3326 1 is_stmt 0 view .LVU1766
 5666              		@ sp needed
 5667 0008 10BD     		pop	{r4, pc}
 5668              		.cfi_endproc
 5669              	.LFE73:
 5671              		.section	.text.HAL_SPI_TxRxHalfCpltCallback,"ax",%progbits
 5672              		.align	1
 5673              		.weak	HAL_SPI_TxRxHalfCpltCallback
ARM GAS  C:\Users\ADMINI~1\AppData\Local\Temp\ccrv5aWF.s 			page 205


 5674              		.syntax unified
 5675              		.code	16
 5676              		.thumb_func
 5678              	HAL_SPI_TxRxHalfCpltCallback:
 5679              	.LVL368:
 5680              	.LFB64:
2919:Drivers/STM32F0xx_HAL_Driver/Src/stm32f0xx_hal_spi.c ****   /* Prevent unused argument(s) compilation warning */
 5681              		.loc 1 2919 1 is_stmt 1 view -0
 5682              		.cfi_startproc
 5683              		@ args = 0, pretend = 0, frame = 0
 5684              		@ frame_needed = 0, uses_anonymous_args = 0
 5685              		@ link register save eliminated.
2921:Drivers/STM32F0xx_HAL_Driver/Src/stm32f0xx_hal_spi.c **** 
 5686              		.loc 1 2921 3 view .LVU1768
2926:Drivers/STM32F0xx_HAL_Driver/Src/stm32f0xx_hal_spi.c **** 
 5687              		.loc 1 2926 1 is_stmt 0 view .LVU1769
 5688              		@ sp needed
 5689 0000 7047     		bx	lr
 5690              		.cfi_endproc
 5691              	.LFE64:
 5693              		.section	.text.SPI_DMAHalfTransmitReceiveCplt,"ax",%progbits
 5694              		.align	1
 5695              		.syntax unified
 5696              		.code	16
 5697              		.thumb_func
 5699              	SPI_DMAHalfTransmitReceiveCplt:
 5700              	.LVL369:
 5701              	.LFB74:
3335:Drivers/STM32F0xx_HAL_Driver/Src/stm32f0xx_hal_spi.c ****   SPI_HandleTypeDef *hspi = (SPI_HandleTypeDef *)(((DMA_HandleTypeDef *)hdma)->Parent); /* Derogati
 5702              		.loc 1 3335 1 is_stmt 1 view -0
 5703              		.cfi_startproc
 5704              		@ args = 0, pretend = 0, frame = 0
 5705              		@ frame_needed = 0, uses_anonymous_args = 0
3335:Drivers/STM32F0xx_HAL_Driver/Src/stm32f0xx_hal_spi.c ****   SPI_HandleTypeDef *hspi = (SPI_HandleTypeDef *)(((DMA_HandleTypeDef *)hdma)->Parent); /* Derogati
 5706              		.loc 1 3335 1 is_stmt 0 view .LVU1771
 5707 0000 10B5     		push	{r4, lr}
 5708              		.cfi_def_cfa_offset 8
 5709              		.cfi_offset 4, -8
 5710              		.cfi_offset 14, -4
3336:Drivers/STM32F0xx_HAL_Driver/Src/stm32f0xx_hal_spi.c **** 
 5711              		.loc 1 3336 3 is_stmt 1 view .LVU1772
3336:Drivers/STM32F0xx_HAL_Driver/Src/stm32f0xx_hal_spi.c **** 
 5712              		.loc 1 3336 22 is_stmt 0 view .LVU1773
 5713 0002 406A     		ldr	r0, [r0, #36]
 5714              	.LVL370:
3342:Drivers/STM32F0xx_HAL_Driver/Src/stm32f0xx_hal_spi.c **** #endif /* USE_HAL_SPI_REGISTER_CALLBACKS */
 5715              		.loc 1 3342 3 is_stmt 1 view .LVU1774
 5716 0004 FFF7FEFF 		bl	HAL_SPI_TxRxHalfCpltCallback
 5717              	.LVL371:
3344:Drivers/STM32F0xx_HAL_Driver/Src/stm32f0xx_hal_spi.c **** 
 5718              		.loc 1 3344 1 is_stmt 0 view .LVU1775
 5719              		@ sp needed
 5720 0008 10BD     		pop	{r4, pc}
 5721              		.cfi_endproc
 5722              	.LFE74:
 5724              		.section	.text.HAL_SPI_ErrorCallback,"ax",%progbits
 5725              		.align	1
ARM GAS  C:\Users\ADMINI~1\AppData\Local\Temp\ccrv5aWF.s 			page 206


 5726              		.weak	HAL_SPI_ErrorCallback
 5727              		.syntax unified
 5728              		.code	16
 5729              		.thumb_func
 5731              	HAL_SPI_ErrorCallback:
 5732              	.LVL372:
 5733              	.LFB65:
2935:Drivers/STM32F0xx_HAL_Driver/Src/stm32f0xx_hal_spi.c ****   /* Prevent unused argument(s) compilation warning */
 5734              		.loc 1 2935 1 is_stmt 1 view -0
 5735              		.cfi_startproc
 5736              		@ args = 0, pretend = 0, frame = 0
 5737              		@ frame_needed = 0, uses_anonymous_args = 0
 5738              		@ link register save eliminated.
2937:Drivers/STM32F0xx_HAL_Driver/Src/stm32f0xx_hal_spi.c **** 
 5739              		.loc 1 2937 3 view .LVU1777
2945:Drivers/STM32F0xx_HAL_Driver/Src/stm32f0xx_hal_spi.c **** 
 5740              		.loc 1 2945 1 is_stmt 0 view .LVU1778
 5741              		@ sp needed
 5742 0000 7047     		bx	lr
 5743              		.cfi_endproc
 5744              	.LFE65:
 5746              		.section	.text.SPI_CloseTx_ISR,"ax",%progbits
 5747              		.align	1
 5748              		.syntax unified
 5749              		.code	16
 5750              		.thumb_func
 5752              	SPI_CloseTx_ISR:
 5753              	.LVL373:
 5754              	.LFB93:
4277:Drivers/STM32F0xx_HAL_Driver/Src/stm32f0xx_hal_spi.c ****   uint32_t tickstart;
 5755              		.loc 1 4277 1 is_stmt 1 view -0
 5756              		.cfi_startproc
 5757              		@ args = 0, pretend = 0, frame = 8
 5758              		@ frame_needed = 0, uses_anonymous_args = 0
4277:Drivers/STM32F0xx_HAL_Driver/Src/stm32f0xx_hal_spi.c ****   uint32_t tickstart;
 5759              		.loc 1 4277 1 is_stmt 0 view .LVU1780
 5760 0000 10B5     		push	{r4, lr}
 5761              		.cfi_def_cfa_offset 8
 5762              		.cfi_offset 4, -8
 5763              		.cfi_offset 14, -4
 5764 0002 82B0     		sub	sp, sp, #8
 5765              		.cfi_def_cfa_offset 16
 5766 0004 0400     		movs	r4, r0
4278:Drivers/STM32F0xx_HAL_Driver/Src/stm32f0xx_hal_spi.c **** 
 5767              		.loc 1 4278 3 is_stmt 1 view .LVU1781
4281:Drivers/STM32F0xx_HAL_Driver/Src/stm32f0xx_hal_spi.c **** 
 5768              		.loc 1 4281 3 view .LVU1782
4281:Drivers/STM32F0xx_HAL_Driver/Src/stm32f0xx_hal_spi.c **** 
 5769              		.loc 1 4281 15 is_stmt 0 view .LVU1783
 5770 0006 FFF7FEFF 		bl	HAL_GetTick
 5771              	.LVL374:
4281:Drivers/STM32F0xx_HAL_Driver/Src/stm32f0xx_hal_spi.c **** 
 5772              		.loc 1 4281 15 view .LVU1784
 5773 000a 0200     		movs	r2, r0
 5774              	.LVL375:
4284:Drivers/STM32F0xx_HAL_Driver/Src/stm32f0xx_hal_spi.c **** 
 5775              		.loc 1 4284 3 is_stmt 1 view .LVU1785
ARM GAS  C:\Users\ADMINI~1\AppData\Local\Temp\ccrv5aWF.s 			page 207


 5776 000c 2168     		ldr	r1, [r4]
 5777 000e 4B68     		ldr	r3, [r1, #4]
 5778 0010 A020     		movs	r0, #160
 5779              	.LVL376:
4284:Drivers/STM32F0xx_HAL_Driver/Src/stm32f0xx_hal_spi.c **** 
 5780              		.loc 1 4284 3 is_stmt 0 view .LVU1786
 5781 0012 8343     		bics	r3, r0
 5782 0014 4B60     		str	r3, [r1, #4]
4287:Drivers/STM32F0xx_HAL_Driver/Src/stm32f0xx_hal_spi.c ****   {
 5783              		.loc 1 4287 3 is_stmt 1 view .LVU1787
4287:Drivers/STM32F0xx_HAL_Driver/Src/stm32f0xx_hal_spi.c ****   {
 5784              		.loc 1 4287 7 is_stmt 0 view .LVU1788
 5785 0016 6421     		movs	r1, #100
 5786 0018 2000     		movs	r0, r4
 5787 001a FFF7FEFF 		bl	SPI_EndRxTxTransaction
 5788              	.LVL377:
4287:Drivers/STM32F0xx_HAL_Driver/Src/stm32f0xx_hal_spi.c ****   {
 5789              		.loc 1 4287 6 discriminator 1 view .LVU1789
 5790 001e 0028     		cmp	r0, #0
 5791 0020 03D0     		beq	.L363
4289:Drivers/STM32F0xx_HAL_Driver/Src/stm32f0xx_hal_spi.c ****   }
 5792              		.loc 1 4289 5 is_stmt 1 view .LVU1790
 5793 0022 236E     		ldr	r3, [r4, #96]
 5794 0024 2022     		movs	r2, #32
 5795 0026 1343     		orrs	r3, r2
 5796 0028 2366     		str	r3, [r4, #96]
 5797              	.L363:
4293:Drivers/STM32F0xx_HAL_Driver/Src/stm32f0xx_hal_spi.c ****   {
 5798              		.loc 1 4293 3 view .LVU1791
4293:Drivers/STM32F0xx_HAL_Driver/Src/stm32f0xx_hal_spi.c ****   {
 5799              		.loc 1 4293 17 is_stmt 0 view .LVU1792
 5800 002a A368     		ldr	r3, [r4, #8]
4293:Drivers/STM32F0xx_HAL_Driver/Src/stm32f0xx_hal_spi.c ****   {
 5801              		.loc 1 4293 6 view .LVU1793
 5802 002c 002B     		cmp	r3, #0
 5803 002e 06D1     		bne	.L364
4295:Drivers/STM32F0xx_HAL_Driver/Src/stm32f0xx_hal_spi.c ****   }
 5804              		.loc 1 4295 5 is_stmt 1 view .LVU1794
 5805              	.LBB5:
4295:Drivers/STM32F0xx_HAL_Driver/Src/stm32f0xx_hal_spi.c ****   }
 5806              		.loc 1 4295 5 view .LVU1795
 5807 0030 0193     		str	r3, [sp, #4]
4295:Drivers/STM32F0xx_HAL_Driver/Src/stm32f0xx_hal_spi.c ****   }
 5808              		.loc 1 4295 5 view .LVU1796
 5809 0032 2368     		ldr	r3, [r4]
 5810 0034 DA68     		ldr	r2, [r3, #12]
 5811 0036 0192     		str	r2, [sp, #4]
4295:Drivers/STM32F0xx_HAL_Driver/Src/stm32f0xx_hal_spi.c ****   }
 5812              		.loc 1 4295 5 view .LVU1797
 5813 0038 9B68     		ldr	r3, [r3, #8]
 5814 003a 0193     		str	r3, [sp, #4]
4295:Drivers/STM32F0xx_HAL_Driver/Src/stm32f0xx_hal_spi.c ****   }
 5815              		.loc 1 4295 5 view .LVU1798
 5816 003c 019B     		ldr	r3, [sp, #4]
 5817              	.L364:
 5818              	.LBE5:
4295:Drivers/STM32F0xx_HAL_Driver/Src/stm32f0xx_hal_spi.c ****   }
ARM GAS  C:\Users\ADMINI~1\AppData\Local\Temp\ccrv5aWF.s 			page 208


 5819              		.loc 1 4295 5 discriminator 1 view .LVU1799
4298:Drivers/STM32F0xx_HAL_Driver/Src/stm32f0xx_hal_spi.c ****   if (hspi->ErrorCode != HAL_SPI_ERROR_NONE)
 5820              		.loc 1 4298 3 view .LVU1800
4298:Drivers/STM32F0xx_HAL_Driver/Src/stm32f0xx_hal_spi.c ****   if (hspi->ErrorCode != HAL_SPI_ERROR_NONE)
 5821              		.loc 1 4298 15 is_stmt 0 view .LVU1801
 5822 003e 5D23     		movs	r3, #93
 5823 0040 0122     		movs	r2, #1
 5824 0042 E254     		strb	r2, [r4, r3]
4299:Drivers/STM32F0xx_HAL_Driver/Src/stm32f0xx_hal_spi.c ****   {
 5825              		.loc 1 4299 3 is_stmt 1 view .LVU1802
4299:Drivers/STM32F0xx_HAL_Driver/Src/stm32f0xx_hal_spi.c ****   {
 5826              		.loc 1 4299 11 is_stmt 0 view .LVU1803
 5827 0044 236E     		ldr	r3, [r4, #96]
4299:Drivers/STM32F0xx_HAL_Driver/Src/stm32f0xx_hal_spi.c ****   {
 5828              		.loc 1 4299 6 view .LVU1804
 5829 0046 002B     		cmp	r3, #0
 5830 0048 04D0     		beq	.L365
4305:Drivers/STM32F0xx_HAL_Driver/Src/stm32f0xx_hal_spi.c **** #endif /* USE_HAL_SPI_REGISTER_CALLBACKS */
 5831              		.loc 1 4305 5 is_stmt 1 view .LVU1805
 5832 004a 2000     		movs	r0, r4
 5833 004c FFF7FEFF 		bl	HAL_SPI_ErrorCallback
 5834              	.LVL378:
 5835              	.L362:
4317:Drivers/STM32F0xx_HAL_Driver/Src/stm32f0xx_hal_spi.c **** 
 5836              		.loc 1 4317 1 is_stmt 0 view .LVU1806
 5837 0050 02B0     		add	sp, sp, #8
 5838              		@ sp needed
 5839              	.LVL379:
4317:Drivers/STM32F0xx_HAL_Driver/Src/stm32f0xx_hal_spi.c **** 
 5840              		.loc 1 4317 1 view .LVU1807
 5841 0052 10BD     		pop	{r4, pc}
 5842              	.LVL380:
 5843              	.L365:
4314:Drivers/STM32F0xx_HAL_Driver/Src/stm32f0xx_hal_spi.c **** #endif /* USE_HAL_SPI_REGISTER_CALLBACKS */
 5844              		.loc 1 4314 5 is_stmt 1 view .LVU1808
 5845 0054 2000     		movs	r0, r4
 5846 0056 FFF7FEFF 		bl	HAL_SPI_TxCpltCallback
 5847              	.LVL381:
4317:Drivers/STM32F0xx_HAL_Driver/Src/stm32f0xx_hal_spi.c **** 
 5848              		.loc 1 4317 1 is_stmt 0 view .LVU1809
 5849 005a F9E7     		b	.L362
 5850              		.cfi_endproc
 5851              	.LFE93:
 5853              		.section	.text.SPI_TxISR_8BIT,"ax",%progbits
 5854              		.align	1
 5855              		.syntax unified
 5856              		.code	16
 5857              		.thumb_func
 5859              	SPI_TxISR_8BIT:
 5860              	.LVL382:
 5861              	.LFB85:
3871:Drivers/STM32F0xx_HAL_Driver/Src/stm32f0xx_hal_spi.c ****   *(__IO uint8_t *)&hspi->Instance->DR = (*hspi->pTxBuffPtr);
 5862              		.loc 1 3871 1 is_stmt 1 view -0
 5863              		.cfi_startproc
 5864              		@ args = 0, pretend = 0, frame = 0
 5865              		@ frame_needed = 0, uses_anonymous_args = 0
3871:Drivers/STM32F0xx_HAL_Driver/Src/stm32f0xx_hal_spi.c ****   *(__IO uint8_t *)&hspi->Instance->DR = (*hspi->pTxBuffPtr);
ARM GAS  C:\Users\ADMINI~1\AppData\Local\Temp\ccrv5aWF.s 			page 209


 5866              		.loc 1 3871 1 is_stmt 0 view .LVU1811
 5867 0000 10B5     		push	{r4, lr}
 5868              		.cfi_def_cfa_offset 8
 5869              		.cfi_offset 4, -8
 5870              		.cfi_offset 14, -4
3872:Drivers/STM32F0xx_HAL_Driver/Src/stm32f0xx_hal_spi.c ****   hspi->pTxBuffPtr++;
 5871              		.loc 1 3872 3 is_stmt 1 view .LVU1812
3872:Drivers/STM32F0xx_HAL_Driver/Src/stm32f0xx_hal_spi.c ****   hspi->pTxBuffPtr++;
 5872              		.loc 1 3872 48 is_stmt 0 view .LVU1813
 5873 0002 826B     		ldr	r2, [r0, #56]
3872:Drivers/STM32F0xx_HAL_Driver/Src/stm32f0xx_hal_spi.c ****   hspi->pTxBuffPtr++;
 5874              		.loc 1 3872 25 view .LVU1814
 5875 0004 0368     		ldr	r3, [r0]
3872:Drivers/STM32F0xx_HAL_Driver/Src/stm32f0xx_hal_spi.c ****   hspi->pTxBuffPtr++;
 5876              		.loc 1 3872 43 view .LVU1815
 5877 0006 1278     		ldrb	r2, [r2]
3872:Drivers/STM32F0xx_HAL_Driver/Src/stm32f0xx_hal_spi.c ****   hspi->pTxBuffPtr++;
 5878              		.loc 1 3872 40 view .LVU1816
 5879 0008 1A73     		strb	r2, [r3, #12]
3873:Drivers/STM32F0xx_HAL_Driver/Src/stm32f0xx_hal_spi.c ****   hspi->TxXferCount--;
 5880              		.loc 1 3873 3 is_stmt 1 view .LVU1817
3873:Drivers/STM32F0xx_HAL_Driver/Src/stm32f0xx_hal_spi.c ****   hspi->TxXferCount--;
 5881              		.loc 1 3873 7 is_stmt 0 view .LVU1818
 5882 000a 836B     		ldr	r3, [r0, #56]
3873:Drivers/STM32F0xx_HAL_Driver/Src/stm32f0xx_hal_spi.c ****   hspi->TxXferCount--;
 5883              		.loc 1 3873 19 view .LVU1819
 5884 000c 0133     		adds	r3, r3, #1
 5885 000e 8363     		str	r3, [r0, #56]
3874:Drivers/STM32F0xx_HAL_Driver/Src/stm32f0xx_hal_spi.c **** 
 5886              		.loc 1 3874 3 is_stmt 1 view .LVU1820
3874:Drivers/STM32F0xx_HAL_Driver/Src/stm32f0xx_hal_spi.c **** 
 5887              		.loc 1 3874 7 is_stmt 0 view .LVU1821
 5888 0010 C38F     		ldrh	r3, [r0, #62]
3874:Drivers/STM32F0xx_HAL_Driver/Src/stm32f0xx_hal_spi.c **** 
 5889              		.loc 1 3874 20 view .LVU1822
 5890 0012 013B     		subs	r3, r3, #1
 5891 0014 9BB2     		uxth	r3, r3
 5892 0016 C387     		strh	r3, [r0, #62]
3876:Drivers/STM32F0xx_HAL_Driver/Src/stm32f0xx_hal_spi.c ****   {
 5893              		.loc 1 3876 3 is_stmt 1 view .LVU1823
3876:Drivers/STM32F0xx_HAL_Driver/Src/stm32f0xx_hal_spi.c ****   {
 5894              		.loc 1 3876 11 is_stmt 0 view .LVU1824
 5895 0018 C38F     		ldrh	r3, [r0, #62]
3876:Drivers/STM32F0xx_HAL_Driver/Src/stm32f0xx_hal_spi.c ****   {
 5896              		.loc 1 3876 6 view .LVU1825
 5897 001a 002B     		cmp	r3, #0
 5898 001c 00D0     		beq	.L369
 5899              	.LVL383:
 5900              	.L367:
3887:Drivers/STM32F0xx_HAL_Driver/Src/stm32f0xx_hal_spi.c **** 
 5901              		.loc 1 3887 1 view .LVU1826
 5902              		@ sp needed
 5903 001e 10BD     		pop	{r4, pc}
 5904              	.LVL384:
 5905              	.L369:
3885:Drivers/STM32F0xx_HAL_Driver/Src/stm32f0xx_hal_spi.c ****   }
 5906              		.loc 1 3885 5 is_stmt 1 view .LVU1827
ARM GAS  C:\Users\ADMINI~1\AppData\Local\Temp\ccrv5aWF.s 			page 210


 5907 0020 FFF7FEFF 		bl	SPI_CloseTx_ISR
 5908              	.LVL385:
3887:Drivers/STM32F0xx_HAL_Driver/Src/stm32f0xx_hal_spi.c **** 
 5909              		.loc 1 3887 1 is_stmt 0 view .LVU1828
 5910 0024 FBE7     		b	.L367
 5911              		.cfi_endproc
 5912              	.LFE85:
 5914              		.section	.text.SPI_TxISR_16BIT,"ax",%progbits
 5915              		.align	1
 5916              		.syntax unified
 5917              		.code	16
 5918              		.thumb_func
 5920              	SPI_TxISR_16BIT:
 5921              	.LVL386:
 5922              	.LFB86:
3896:Drivers/STM32F0xx_HAL_Driver/Src/stm32f0xx_hal_spi.c ****   /* Transmit data in 16 Bit mode */
 5923              		.loc 1 3896 1 is_stmt 1 view -0
 5924              		.cfi_startproc
 5925              		@ args = 0, pretend = 0, frame = 0
 5926              		@ frame_needed = 0, uses_anonymous_args = 0
3896:Drivers/STM32F0xx_HAL_Driver/Src/stm32f0xx_hal_spi.c ****   /* Transmit data in 16 Bit mode */
 5927              		.loc 1 3896 1 is_stmt 0 view .LVU1830
 5928 0000 10B5     		push	{r4, lr}
 5929              		.cfi_def_cfa_offset 8
 5930              		.cfi_offset 4, -8
 5931              		.cfi_offset 14, -4
3898:Drivers/STM32F0xx_HAL_Driver/Src/stm32f0xx_hal_spi.c ****   hspi->pTxBuffPtr += sizeof(uint16_t);
 5932              		.loc 1 3898 3 is_stmt 1 view .LVU1831
3898:Drivers/STM32F0xx_HAL_Driver/Src/stm32f0xx_hal_spi.c ****   hspi->pTxBuffPtr += sizeof(uint16_t);
 5933              		.loc 1 3898 42 is_stmt 0 view .LVU1832
 5934 0002 826B     		ldr	r2, [r0, #56]
3898:Drivers/STM32F0xx_HAL_Driver/Src/stm32f0xx_hal_spi.c ****   hspi->pTxBuffPtr += sizeof(uint16_t);
 5935              		.loc 1 3898 7 view .LVU1833
 5936 0004 0368     		ldr	r3, [r0]
3898:Drivers/STM32F0xx_HAL_Driver/Src/stm32f0xx_hal_spi.c ****   hspi->pTxBuffPtr += sizeof(uint16_t);
 5937              		.loc 1 3898 24 view .LVU1834
 5938 0006 1288     		ldrh	r2, [r2]
3898:Drivers/STM32F0xx_HAL_Driver/Src/stm32f0xx_hal_spi.c ****   hspi->pTxBuffPtr += sizeof(uint16_t);
 5939              		.loc 1 3898 22 view .LVU1835
 5940 0008 DA60     		str	r2, [r3, #12]
3899:Drivers/STM32F0xx_HAL_Driver/Src/stm32f0xx_hal_spi.c ****   hspi->TxXferCount--;
 5941              		.loc 1 3899 3 is_stmt 1 view .LVU1836
3899:Drivers/STM32F0xx_HAL_Driver/Src/stm32f0xx_hal_spi.c ****   hspi->TxXferCount--;
 5942              		.loc 1 3899 7 is_stmt 0 view .LVU1837
 5943 000a 836B     		ldr	r3, [r0, #56]
3899:Drivers/STM32F0xx_HAL_Driver/Src/stm32f0xx_hal_spi.c ****   hspi->TxXferCount--;
 5944              		.loc 1 3899 20 view .LVU1838
 5945 000c 0233     		adds	r3, r3, #2
 5946 000e 8363     		str	r3, [r0, #56]
3900:Drivers/STM32F0xx_HAL_Driver/Src/stm32f0xx_hal_spi.c **** 
 5947              		.loc 1 3900 3 is_stmt 1 view .LVU1839
3900:Drivers/STM32F0xx_HAL_Driver/Src/stm32f0xx_hal_spi.c **** 
 5948              		.loc 1 3900 7 is_stmt 0 view .LVU1840
 5949 0010 C38F     		ldrh	r3, [r0, #62]
3900:Drivers/STM32F0xx_HAL_Driver/Src/stm32f0xx_hal_spi.c **** 
 5950              		.loc 1 3900 20 view .LVU1841
 5951 0012 013B     		subs	r3, r3, #1
ARM GAS  C:\Users\ADMINI~1\AppData\Local\Temp\ccrv5aWF.s 			page 211


 5952 0014 9BB2     		uxth	r3, r3
 5953 0016 C387     		strh	r3, [r0, #62]
3902:Drivers/STM32F0xx_HAL_Driver/Src/stm32f0xx_hal_spi.c ****   {
 5954              		.loc 1 3902 3 is_stmt 1 view .LVU1842
3902:Drivers/STM32F0xx_HAL_Driver/Src/stm32f0xx_hal_spi.c ****   {
 5955              		.loc 1 3902 11 is_stmt 0 view .LVU1843
 5956 0018 C38F     		ldrh	r3, [r0, #62]
3902:Drivers/STM32F0xx_HAL_Driver/Src/stm32f0xx_hal_spi.c ****   {
 5957              		.loc 1 3902 6 view .LVU1844
 5958 001a 002B     		cmp	r3, #0
 5959 001c 00D0     		beq	.L372
 5960              	.LVL387:
 5961              	.L370:
3913:Drivers/STM32F0xx_HAL_Driver/Src/stm32f0xx_hal_spi.c **** 
 5962              		.loc 1 3913 1 view .LVU1845
 5963              		@ sp needed
 5964 001e 10BD     		pop	{r4, pc}
 5965              	.LVL388:
 5966              	.L372:
3911:Drivers/STM32F0xx_HAL_Driver/Src/stm32f0xx_hal_spi.c ****   }
 5967              		.loc 1 3911 5 is_stmt 1 view .LVU1846
 5968 0020 FFF7FEFF 		bl	SPI_CloseTx_ISR
 5969              	.LVL389:
3913:Drivers/STM32F0xx_HAL_Driver/Src/stm32f0xx_hal_spi.c **** 
 5970              		.loc 1 3913 1 is_stmt 0 view .LVU1847
 5971 0024 FBE7     		b	.L370
 5972              		.cfi_endproc
 5973              	.LFE86:
 5975              		.section	.text.SPI_CloseRx_ISR,"ax",%progbits
 5976              		.align	1
 5977              		.syntax unified
 5978              		.code	16
 5979              		.thumb_func
 5981              	SPI_CloseRx_ISR:
 5982              	.LVL390:
 5983              	.LFB92:
4220:Drivers/STM32F0xx_HAL_Driver/Src/stm32f0xx_hal_spi.c ****   /* Disable RXNE and ERR interrupt */
 5984              		.loc 1 4220 1 is_stmt 1 view -0
 5985              		.cfi_startproc
 5986              		@ args = 0, pretend = 0, frame = 0
 5987              		@ frame_needed = 0, uses_anonymous_args = 0
4220:Drivers/STM32F0xx_HAL_Driver/Src/stm32f0xx_hal_spi.c ****   /* Disable RXNE and ERR interrupt */
 5988              		.loc 1 4220 1 is_stmt 0 view .LVU1849
 5989 0000 10B5     		push	{r4, lr}
 5990              		.cfi_def_cfa_offset 8
 5991              		.cfi_offset 4, -8
 5992              		.cfi_offset 14, -4
 5993 0002 0400     		movs	r4, r0
4222:Drivers/STM32F0xx_HAL_Driver/Src/stm32f0xx_hal_spi.c **** 
 5994              		.loc 1 4222 3 is_stmt 1 view .LVU1850
 5995 0004 0268     		ldr	r2, [r0]
 5996 0006 5368     		ldr	r3, [r2, #4]
 5997 0008 6021     		movs	r1, #96
 5998 000a 8B43     		bics	r3, r1
 5999 000c 5360     		str	r3, [r2, #4]
4225:Drivers/STM32F0xx_HAL_Driver/Src/stm32f0xx_hal_spi.c ****   {
 6000              		.loc 1 4225 3 view .LVU1851
ARM GAS  C:\Users\ADMINI~1\AppData\Local\Temp\ccrv5aWF.s 			page 212


4225:Drivers/STM32F0xx_HAL_Driver/Src/stm32f0xx_hal_spi.c ****   {
 6001              		.loc 1 4225 7 is_stmt 0 view .LVU1852
 6002 000e FFF7FEFF 		bl	HAL_GetTick
 6003              	.LVL391:
4225:Drivers/STM32F0xx_HAL_Driver/Src/stm32f0xx_hal_spi.c ****   {
 6004              		.loc 1 4225 7 view .LVU1853
 6005 0012 0200     		movs	r2, r0
4225:Drivers/STM32F0xx_HAL_Driver/Src/stm32f0xx_hal_spi.c ****   {
 6006              		.loc 1 4225 7 discriminator 1 view .LVU1854
 6007 0014 6421     		movs	r1, #100
 6008 0016 2000     		movs	r0, r4
 6009 0018 FFF7FEFF 		bl	SPI_EndRxTransaction
 6010              	.LVL392:
4225:Drivers/STM32F0xx_HAL_Driver/Src/stm32f0xx_hal_spi.c ****   {
 6011              		.loc 1 4225 6 discriminator 2 view .LVU1855
 6012 001c 0028     		cmp	r0, #0
 6013 001e 03D0     		beq	.L374
4227:Drivers/STM32F0xx_HAL_Driver/Src/stm32f0xx_hal_spi.c ****   }
 6014              		.loc 1 4227 5 is_stmt 1 view .LVU1856
 6015 0020 236E     		ldr	r3, [r4, #96]
 6016 0022 2022     		movs	r2, #32
 6017 0024 1343     		orrs	r3, r2
 6018 0026 2366     		str	r3, [r4, #96]
 6019              	.L374:
4229:Drivers/STM32F0xx_HAL_Driver/Src/stm32f0xx_hal_spi.c **** 
 6020              		.loc 1 4229 3 view .LVU1857
4229:Drivers/STM32F0xx_HAL_Driver/Src/stm32f0xx_hal_spi.c **** 
 6021              		.loc 1 4229 15 is_stmt 0 view .LVU1858
 6022 0028 5D23     		movs	r3, #93
 6023 002a 0122     		movs	r2, #1
 6024 002c E254     		strb	r2, [r4, r3]
4247:Drivers/STM32F0xx_HAL_Driver/Src/stm32f0xx_hal_spi.c ****     {
 6025              		.loc 1 4247 5 is_stmt 1 view .LVU1859
4247:Drivers/STM32F0xx_HAL_Driver/Src/stm32f0xx_hal_spi.c ****     {
 6026              		.loc 1 4247 13 is_stmt 0 view .LVU1860
 6027 002e 236E     		ldr	r3, [r4, #96]
4247:Drivers/STM32F0xx_HAL_Driver/Src/stm32f0xx_hal_spi.c ****     {
 6028              		.loc 1 4247 8 view .LVU1861
 6029 0030 002B     		cmp	r3, #0
 6030 0032 03D1     		bne	.L375
4253:Drivers/STM32F0xx_HAL_Driver/Src/stm32f0xx_hal_spi.c **** #endif /* USE_HAL_SPI_REGISTER_CALLBACKS */
 6031              		.loc 1 4253 7 is_stmt 1 view .LVU1862
 6032 0034 2000     		movs	r0, r4
 6033 0036 FFF7FEFF 		bl	HAL_SPI_RxCpltCallback
 6034              	.LVL393:
 6035              	.L373:
4268:Drivers/STM32F0xx_HAL_Driver/Src/stm32f0xx_hal_spi.c **** 
 6036              		.loc 1 4268 1 is_stmt 0 view .LVU1863
 6037              		@ sp needed
 6038              	.LVL394:
4268:Drivers/STM32F0xx_HAL_Driver/Src/stm32f0xx_hal_spi.c **** 
 6039              		.loc 1 4268 1 view .LVU1864
 6040 003a 10BD     		pop	{r4, pc}
 6041              	.LVL395:
 6042              	.L375:
4262:Drivers/STM32F0xx_HAL_Driver/Src/stm32f0xx_hal_spi.c **** #endif /* USE_HAL_SPI_REGISTER_CALLBACKS */
 6043              		.loc 1 4262 7 is_stmt 1 view .LVU1865
ARM GAS  C:\Users\ADMINI~1\AppData\Local\Temp\ccrv5aWF.s 			page 213


 6044 003c 2000     		movs	r0, r4
 6045 003e FFF7FEFF 		bl	HAL_SPI_ErrorCallback
 6046              	.LVL396:
4268:Drivers/STM32F0xx_HAL_Driver/Src/stm32f0xx_hal_spi.c **** 
 6047              		.loc 1 4268 1 is_stmt 0 view .LVU1866
 6048 0042 FAE7     		b	.L373
 6049              		.cfi_endproc
 6050              	.LFE92:
 6052              		.section	.text.SPI_RxISR_8BIT,"ax",%progbits
 6053              		.align	1
 6054              		.syntax unified
 6055              		.code	16
 6056              		.thumb_func
 6058              	SPI_RxISR_8BIT:
 6059              	.LVL397:
 6060              	.LFB83:
3782:Drivers/STM32F0xx_HAL_Driver/Src/stm32f0xx_hal_spi.c ****   *hspi->pRxBuffPtr = (*(__IO uint8_t *)&hspi->Instance->DR);
 6061              		.loc 1 3782 1 is_stmt 1 view -0
 6062              		.cfi_startproc
 6063              		@ args = 0, pretend = 0, frame = 0
 6064              		@ frame_needed = 0, uses_anonymous_args = 0
3782:Drivers/STM32F0xx_HAL_Driver/Src/stm32f0xx_hal_spi.c ****   *hspi->pRxBuffPtr = (*(__IO uint8_t *)&hspi->Instance->DR);
 6065              		.loc 1 3782 1 is_stmt 0 view .LVU1868
 6066 0000 10B5     		push	{r4, lr}
 6067              		.cfi_def_cfa_offset 8
 6068              		.cfi_offset 4, -8
 6069              		.cfi_offset 14, -4
3783:Drivers/STM32F0xx_HAL_Driver/Src/stm32f0xx_hal_spi.c ****   hspi->pRxBuffPtr++;
 6070              		.loc 1 3783 3 is_stmt 1 view .LVU1869
3783:Drivers/STM32F0xx_HAL_Driver/Src/stm32f0xx_hal_spi.c ****   hspi->pRxBuffPtr++;
 6071              		.loc 1 3783 46 is_stmt 0 view .LVU1870
 6072 0002 0268     		ldr	r2, [r0]
3783:Drivers/STM32F0xx_HAL_Driver/Src/stm32f0xx_hal_spi.c ****   hspi->pRxBuffPtr++;
 6073              		.loc 1 3783 8 view .LVU1871
 6074 0004 036C     		ldr	r3, [r0, #64]
3783:Drivers/STM32F0xx_HAL_Driver/Src/stm32f0xx_hal_spi.c ****   hspi->pRxBuffPtr++;
 6075              		.loc 1 3783 24 view .LVU1872
 6076 0006 127B     		ldrb	r2, [r2, #12]
3783:Drivers/STM32F0xx_HAL_Driver/Src/stm32f0xx_hal_spi.c ****   hspi->pRxBuffPtr++;
 6077              		.loc 1 3783 21 view .LVU1873
 6078 0008 1A70     		strb	r2, [r3]
3784:Drivers/STM32F0xx_HAL_Driver/Src/stm32f0xx_hal_spi.c ****   hspi->RxXferCount--;
 6079              		.loc 1 3784 3 is_stmt 1 view .LVU1874
3784:Drivers/STM32F0xx_HAL_Driver/Src/stm32f0xx_hal_spi.c ****   hspi->RxXferCount--;
 6080              		.loc 1 3784 7 is_stmt 0 view .LVU1875
 6081 000a 036C     		ldr	r3, [r0, #64]
3784:Drivers/STM32F0xx_HAL_Driver/Src/stm32f0xx_hal_spi.c ****   hspi->RxXferCount--;
 6082              		.loc 1 3784 19 view .LVU1876
 6083 000c 0133     		adds	r3, r3, #1
 6084 000e 0364     		str	r3, [r0, #64]
3785:Drivers/STM32F0xx_HAL_Driver/Src/stm32f0xx_hal_spi.c **** 
 6085              		.loc 1 3785 3 is_stmt 1 view .LVU1877
3785:Drivers/STM32F0xx_HAL_Driver/Src/stm32f0xx_hal_spi.c **** 
 6086              		.loc 1 3785 7 is_stmt 0 view .LVU1878
 6087 0010 4622     		movs	r2, #70
 6088 0012 835A     		ldrh	r3, [r0, r2]
3785:Drivers/STM32F0xx_HAL_Driver/Src/stm32f0xx_hal_spi.c **** 
ARM GAS  C:\Users\ADMINI~1\AppData\Local\Temp\ccrv5aWF.s 			page 214


 6089              		.loc 1 3785 20 view .LVU1879
 6090 0014 013B     		subs	r3, r3, #1
 6091 0016 9BB2     		uxth	r3, r3
 6092 0018 8352     		strh	r3, [r0, r2]
3795:Drivers/STM32F0xx_HAL_Driver/Src/stm32f0xx_hal_spi.c ****   {
 6093              		.loc 1 3795 3 is_stmt 1 view .LVU1880
3795:Drivers/STM32F0xx_HAL_Driver/Src/stm32f0xx_hal_spi.c ****   {
 6094              		.loc 1 3795 11 is_stmt 0 view .LVU1881
 6095 001a 835A     		ldrh	r3, [r0, r2]
3795:Drivers/STM32F0xx_HAL_Driver/Src/stm32f0xx_hal_spi.c ****   {
 6096              		.loc 1 3795 6 view .LVU1882
 6097 001c 002B     		cmp	r3, #0
 6098 001e 00D0     		beq	.L379
 6099              	.LVL398:
 6100              	.L377:
3806:Drivers/STM32F0xx_HAL_Driver/Src/stm32f0xx_hal_spi.c **** 
 6101              		.loc 1 3806 1 view .LVU1883
 6102              		@ sp needed
 6103 0020 10BD     		pop	{r4, pc}
 6104              	.LVL399:
 6105              	.L379:
3804:Drivers/STM32F0xx_HAL_Driver/Src/stm32f0xx_hal_spi.c ****   }
 6106              		.loc 1 3804 5 is_stmt 1 view .LVU1884
 6107 0022 FFF7FEFF 		bl	SPI_CloseRx_ISR
 6108              	.LVL400:
3806:Drivers/STM32F0xx_HAL_Driver/Src/stm32f0xx_hal_spi.c **** 
 6109              		.loc 1 3806 1 is_stmt 0 view .LVU1885
 6110 0026 FBE7     		b	.L377
 6111              		.cfi_endproc
 6112              	.LFE83:
 6114              		.section	.text.SPI_RxISR_16BIT,"ax",%progbits
 6115              		.align	1
 6116              		.syntax unified
 6117              		.code	16
 6118              		.thumb_func
 6120              	SPI_RxISR_16BIT:
 6121              	.LVL401:
 6122              	.LFB84:
3838:Drivers/STM32F0xx_HAL_Driver/Src/stm32f0xx_hal_spi.c ****   *((uint16_t *)hspi->pRxBuffPtr) = (uint16_t)(hspi->Instance->DR);
 6123              		.loc 1 3838 1 is_stmt 1 view -0
 6124              		.cfi_startproc
 6125              		@ args = 0, pretend = 0, frame = 0
 6126              		@ frame_needed = 0, uses_anonymous_args = 0
3838:Drivers/STM32F0xx_HAL_Driver/Src/stm32f0xx_hal_spi.c ****   *((uint16_t *)hspi->pRxBuffPtr) = (uint16_t)(hspi->Instance->DR);
 6127              		.loc 1 3838 1 is_stmt 0 view .LVU1887
 6128 0000 10B5     		push	{r4, lr}
 6129              		.cfi_def_cfa_offset 8
 6130              		.cfi_offset 4, -8
 6131              		.cfi_offset 14, -4
3839:Drivers/STM32F0xx_HAL_Driver/Src/stm32f0xx_hal_spi.c ****   hspi->pRxBuffPtr += sizeof(uint16_t);
 6132              		.loc 1 3839 3 is_stmt 1 view .LVU1888
3839:Drivers/STM32F0xx_HAL_Driver/Src/stm32f0xx_hal_spi.c ****   hspi->pRxBuffPtr += sizeof(uint16_t);
 6133              		.loc 1 3839 52 is_stmt 0 view .LVU1889
 6134 0002 0368     		ldr	r3, [r0]
3839:Drivers/STM32F0xx_HAL_Driver/Src/stm32f0xx_hal_spi.c ****   hspi->pRxBuffPtr += sizeof(uint16_t);
 6135              		.loc 1 3839 62 view .LVU1890
 6136 0004 DA68     		ldr	r2, [r3, #12]
ARM GAS  C:\Users\ADMINI~1\AppData\Local\Temp\ccrv5aWF.s 			page 215


3839:Drivers/STM32F0xx_HAL_Driver/Src/stm32f0xx_hal_spi.c ****   hspi->pRxBuffPtr += sizeof(uint16_t);
 6137              		.loc 1 3839 21 view .LVU1891
 6138 0006 036C     		ldr	r3, [r0, #64]
3839:Drivers/STM32F0xx_HAL_Driver/Src/stm32f0xx_hal_spi.c ****   hspi->pRxBuffPtr += sizeof(uint16_t);
 6139              		.loc 1 3839 35 view .LVU1892
 6140 0008 1A80     		strh	r2, [r3]
3840:Drivers/STM32F0xx_HAL_Driver/Src/stm32f0xx_hal_spi.c ****   hspi->RxXferCount--;
 6141              		.loc 1 3840 3 is_stmt 1 view .LVU1893
3840:Drivers/STM32F0xx_HAL_Driver/Src/stm32f0xx_hal_spi.c ****   hspi->RxXferCount--;
 6142              		.loc 1 3840 7 is_stmt 0 view .LVU1894
 6143 000a 036C     		ldr	r3, [r0, #64]
3840:Drivers/STM32F0xx_HAL_Driver/Src/stm32f0xx_hal_spi.c ****   hspi->RxXferCount--;
 6144              		.loc 1 3840 20 view .LVU1895
 6145 000c 0233     		adds	r3, r3, #2
 6146 000e 0364     		str	r3, [r0, #64]
3841:Drivers/STM32F0xx_HAL_Driver/Src/stm32f0xx_hal_spi.c **** 
 6147              		.loc 1 3841 3 is_stmt 1 view .LVU1896
3841:Drivers/STM32F0xx_HAL_Driver/Src/stm32f0xx_hal_spi.c **** 
 6148              		.loc 1 3841 7 is_stmt 0 view .LVU1897
 6149 0010 4622     		movs	r2, #70
 6150 0012 835A     		ldrh	r3, [r0, r2]
3841:Drivers/STM32F0xx_HAL_Driver/Src/stm32f0xx_hal_spi.c **** 
 6151              		.loc 1 3841 20 view .LVU1898
 6152 0014 013B     		subs	r3, r3, #1
 6153 0016 9BB2     		uxth	r3, r3
 6154 0018 8352     		strh	r3, [r0, r2]
3851:Drivers/STM32F0xx_HAL_Driver/Src/stm32f0xx_hal_spi.c ****   {
 6155              		.loc 1 3851 3 is_stmt 1 view .LVU1899
3851:Drivers/STM32F0xx_HAL_Driver/Src/stm32f0xx_hal_spi.c ****   {
 6156              		.loc 1 3851 11 is_stmt 0 view .LVU1900
 6157 001a 835A     		ldrh	r3, [r0, r2]
3851:Drivers/STM32F0xx_HAL_Driver/Src/stm32f0xx_hal_spi.c ****   {
 6158              		.loc 1 3851 6 view .LVU1901
 6159 001c 002B     		cmp	r3, #0
 6160 001e 00D0     		beq	.L382
 6161              	.LVL402:
 6162              	.L380:
3862:Drivers/STM32F0xx_HAL_Driver/Src/stm32f0xx_hal_spi.c **** 
 6163              		.loc 1 3862 1 view .LVU1902
 6164              		@ sp needed
 6165 0020 10BD     		pop	{r4, pc}
 6166              	.LVL403:
 6167              	.L382:
3860:Drivers/STM32F0xx_HAL_Driver/Src/stm32f0xx_hal_spi.c ****   }
 6168              		.loc 1 3860 5 is_stmt 1 view .LVU1903
 6169 0022 FFF7FEFF 		bl	SPI_CloseRx_ISR
 6170              	.LVL404:
3862:Drivers/STM32F0xx_HAL_Driver/Src/stm32f0xx_hal_spi.c **** 
 6171              		.loc 1 3862 1 is_stmt 0 view .LVU1904
 6172 0026 FBE7     		b	.L380
 6173              		.cfi_endproc
 6174              	.LFE84:
 6176              		.section	.text.SPI_CloseRxTx_ISR,"ax",%progbits
 6177              		.align	1
 6178              		.syntax unified
 6179              		.code	16
 6180              		.thumb_func
ARM GAS  C:\Users\ADMINI~1\AppData\Local\Temp\ccrv5aWF.s 			page 216


 6182              	SPI_CloseRxTx_ISR:
 6183              	.LVL405:
 6184              	.LFB91:
4143:Drivers/STM32F0xx_HAL_Driver/Src/stm32f0xx_hal_spi.c ****   uint32_t tickstart;
 6185              		.loc 1 4143 1 is_stmt 1 view -0
 6186              		.cfi_startproc
 6187              		@ args = 0, pretend = 0, frame = 0
 6188              		@ frame_needed = 0, uses_anonymous_args = 0
4143:Drivers/STM32F0xx_HAL_Driver/Src/stm32f0xx_hal_spi.c ****   uint32_t tickstart;
 6189              		.loc 1 4143 1 is_stmt 0 view .LVU1906
 6190 0000 10B5     		push	{r4, lr}
 6191              		.cfi_def_cfa_offset 8
 6192              		.cfi_offset 4, -8
 6193              		.cfi_offset 14, -4
 6194 0002 0400     		movs	r4, r0
4144:Drivers/STM32F0xx_HAL_Driver/Src/stm32f0xx_hal_spi.c **** 
 6195              		.loc 1 4144 3 is_stmt 1 view .LVU1907
4147:Drivers/STM32F0xx_HAL_Driver/Src/stm32f0xx_hal_spi.c **** 
 6196              		.loc 1 4147 3 view .LVU1908
4147:Drivers/STM32F0xx_HAL_Driver/Src/stm32f0xx_hal_spi.c **** 
 6197              		.loc 1 4147 15 is_stmt 0 view .LVU1909
 6198 0004 FFF7FEFF 		bl	HAL_GetTick
 6199              	.LVL406:
4147:Drivers/STM32F0xx_HAL_Driver/Src/stm32f0xx_hal_spi.c **** 
 6200              		.loc 1 4147 15 view .LVU1910
 6201 0008 0200     		movs	r2, r0
 6202              	.LVL407:
4150:Drivers/STM32F0xx_HAL_Driver/Src/stm32f0xx_hal_spi.c **** 
 6203              		.loc 1 4150 3 is_stmt 1 view .LVU1911
 6204 000a 2168     		ldr	r1, [r4]
 6205 000c 4B68     		ldr	r3, [r1, #4]
 6206 000e 2020     		movs	r0, #32
 6207              	.LVL408:
4150:Drivers/STM32F0xx_HAL_Driver/Src/stm32f0xx_hal_spi.c **** 
 6208              		.loc 1 4150 3 is_stmt 0 view .LVU1912
 6209 0010 8343     		bics	r3, r0
 6210 0012 4B60     		str	r3, [r1, #4]
4153:Drivers/STM32F0xx_HAL_Driver/Src/stm32f0xx_hal_spi.c ****   {
 6211              		.loc 1 4153 3 is_stmt 1 view .LVU1913
4153:Drivers/STM32F0xx_HAL_Driver/Src/stm32f0xx_hal_spi.c ****   {
 6212              		.loc 1 4153 7 is_stmt 0 view .LVU1914
 6213 0014 6421     		movs	r1, #100
 6214 0016 2000     		movs	r0, r4
 6215 0018 FFF7FEFF 		bl	SPI_EndRxTxTransaction
 6216              	.LVL409:
4153:Drivers/STM32F0xx_HAL_Driver/Src/stm32f0xx_hal_spi.c ****   {
 6217              		.loc 1 4153 6 discriminator 1 view .LVU1915
 6218 001c 0028     		cmp	r0, #0
 6219 001e 03D0     		beq	.L384
4155:Drivers/STM32F0xx_HAL_Driver/Src/stm32f0xx_hal_spi.c ****   }
 6220              		.loc 1 4155 5 is_stmt 1 view .LVU1916
 6221 0020 236E     		ldr	r3, [r4, #96]
 6222 0022 2022     		movs	r2, #32
 6223 0024 1343     		orrs	r3, r2
 6224 0026 2366     		str	r3, [r4, #96]
 6225              	.L384:
4175:Drivers/STM32F0xx_HAL_Driver/Src/stm32f0xx_hal_spi.c ****     {
ARM GAS  C:\Users\ADMINI~1\AppData\Local\Temp\ccrv5aWF.s 			page 217


 6226              		.loc 1 4175 5 view .LVU1917
4175:Drivers/STM32F0xx_HAL_Driver/Src/stm32f0xx_hal_spi.c ****     {
 6227              		.loc 1 4175 13 is_stmt 0 view .LVU1918
 6228 0028 236E     		ldr	r3, [r4, #96]
4175:Drivers/STM32F0xx_HAL_Driver/Src/stm32f0xx_hal_spi.c ****     {
 6229              		.loc 1 4175 8 view .LVU1919
 6230 002a 002B     		cmp	r3, #0
 6231 002c 11D1     		bne	.L385
4177:Drivers/STM32F0xx_HAL_Driver/Src/stm32f0xx_hal_spi.c ****       {
 6232              		.loc 1 4177 7 is_stmt 1 view .LVU1920
4177:Drivers/STM32F0xx_HAL_Driver/Src/stm32f0xx_hal_spi.c ****       {
 6233              		.loc 1 4177 15 is_stmt 0 view .LVU1921
 6234 002e 5D33     		adds	r3, r3, #93
 6235 0030 E35C     		ldrb	r3, [r4, r3]
4177:Drivers/STM32F0xx_HAL_Driver/Src/stm32f0xx_hal_spi.c ****       {
 6236              		.loc 1 4177 10 view .LVU1922
 6237 0032 042B     		cmp	r3, #4
 6238 0034 06D0     		beq	.L388
4189:Drivers/STM32F0xx_HAL_Driver/Src/stm32f0xx_hal_spi.c ****         /* Call user TxRx complete callback */
 6239              		.loc 1 4189 9 is_stmt 1 view .LVU1923
4189:Drivers/STM32F0xx_HAL_Driver/Src/stm32f0xx_hal_spi.c ****         /* Call user TxRx complete callback */
 6240              		.loc 1 4189 21 is_stmt 0 view .LVU1924
 6241 0036 5D23     		movs	r3, #93
 6242 0038 0122     		movs	r2, #1
 6243 003a E254     		strb	r2, [r4, r3]
4194:Drivers/STM32F0xx_HAL_Driver/Src/stm32f0xx_hal_spi.c **** #endif /* USE_HAL_SPI_REGISTER_CALLBACKS */
 6244              		.loc 1 4194 9 is_stmt 1 view .LVU1925
 6245 003c 2000     		movs	r0, r4
 6246 003e FFF7FEFF 		bl	HAL_SPI_TxRxCpltCallback
 6247              	.LVL410:
 6248              	.L383:
4211:Drivers/STM32F0xx_HAL_Driver/Src/stm32f0xx_hal_spi.c **** 
 6249              		.loc 1 4211 1 is_stmt 0 view .LVU1926
 6250              		@ sp needed
 6251              	.LVL411:
4211:Drivers/STM32F0xx_HAL_Driver/Src/stm32f0xx_hal_spi.c **** 
 6252              		.loc 1 4211 1 view .LVU1927
 6253 0042 10BD     		pop	{r4, pc}
 6254              	.LVL412:
 6255              	.L388:
4179:Drivers/STM32F0xx_HAL_Driver/Src/stm32f0xx_hal_spi.c ****         /* Call user Rx complete callback */
 6256              		.loc 1 4179 9 is_stmt 1 view .LVU1928
4179:Drivers/STM32F0xx_HAL_Driver/Src/stm32f0xx_hal_spi.c ****         /* Call user Rx complete callback */
 6257              		.loc 1 4179 21 is_stmt 0 view .LVU1929
 6258 0044 5933     		adds	r3, r3, #89
 6259 0046 0122     		movs	r2, #1
 6260 0048 E254     		strb	r2, [r4, r3]
4184:Drivers/STM32F0xx_HAL_Driver/Src/stm32f0xx_hal_spi.c **** #endif /* USE_HAL_SPI_REGISTER_CALLBACKS */
 6261              		.loc 1 4184 9 is_stmt 1 view .LVU1930
 6262 004a 2000     		movs	r0, r4
 6263 004c FFF7FEFF 		bl	HAL_SPI_RxCpltCallback
 6264              	.LVL413:
 6265 0050 F7E7     		b	.L383
 6266              	.L385:
4200:Drivers/STM32F0xx_HAL_Driver/Src/stm32f0xx_hal_spi.c ****       /* Call user error callback */
 6267              		.loc 1 4200 7 view .LVU1931
4200:Drivers/STM32F0xx_HAL_Driver/Src/stm32f0xx_hal_spi.c ****       /* Call user error callback */
ARM GAS  C:\Users\ADMINI~1\AppData\Local\Temp\ccrv5aWF.s 			page 218


 6268              		.loc 1 4200 19 is_stmt 0 view .LVU1932
 6269 0052 5D23     		movs	r3, #93
 6270 0054 0122     		movs	r2, #1
 6271 0056 E254     		strb	r2, [r4, r3]
4205:Drivers/STM32F0xx_HAL_Driver/Src/stm32f0xx_hal_spi.c **** #endif /* USE_HAL_SPI_REGISTER_CALLBACKS */
 6272              		.loc 1 4205 7 is_stmt 1 view .LVU1933
 6273 0058 2000     		movs	r0, r4
 6274 005a FFF7FEFF 		bl	HAL_SPI_ErrorCallback
 6275              	.LVL414:
4211:Drivers/STM32F0xx_HAL_Driver/Src/stm32f0xx_hal_spi.c **** 
 6276              		.loc 1 4211 1 is_stmt 0 view .LVU1934
 6277 005e F0E7     		b	.L383
 6278              		.cfi_endproc
 6279              	.LFE91:
 6281              		.section	.text.SPI_2linesTxISR_8BIT,"ax",%progbits
 6282              		.align	1
 6283              		.syntax unified
 6284              		.code	16
 6285              		.thumb_func
 6287              	SPI_2linesTxISR_8BIT:
 6288              	.LVL415:
 6289              	.LFB80:
3614:Drivers/STM32F0xx_HAL_Driver/Src/stm32f0xx_hal_spi.c ****   /* Transmit data in packing Bit mode */
 6290              		.loc 1 3614 1 is_stmt 1 view -0
 6291              		.cfi_startproc
 6292              		@ args = 0, pretend = 0, frame = 0
 6293              		@ frame_needed = 0, uses_anonymous_args = 0
3614:Drivers/STM32F0xx_HAL_Driver/Src/stm32f0xx_hal_spi.c ****   /* Transmit data in packing Bit mode */
 6294              		.loc 1 3614 1 is_stmt 0 view .LVU1936
 6295 0000 10B5     		push	{r4, lr}
 6296              		.cfi_def_cfa_offset 8
 6297              		.cfi_offset 4, -8
 6298              		.cfi_offset 14, -4
3616:Drivers/STM32F0xx_HAL_Driver/Src/stm32f0xx_hal_spi.c ****   {
 6299              		.loc 1 3616 3 is_stmt 1 view .LVU1937
3616:Drivers/STM32F0xx_HAL_Driver/Src/stm32f0xx_hal_spi.c ****   {
 6300              		.loc 1 3616 11 is_stmt 0 view .LVU1938
 6301 0002 C38F     		ldrh	r3, [r0, #62]
3616:Drivers/STM32F0xx_HAL_Driver/Src/stm32f0xx_hal_spi.c ****   {
 6302              		.loc 1 3616 6 view .LVU1939
 6303 0004 012B     		cmp	r3, #1
 6304 0006 17D9     		bls	.L390
3618:Drivers/STM32F0xx_HAL_Driver/Src/stm32f0xx_hal_spi.c ****     hspi->pTxBuffPtr += sizeof(uint16_t);
 6305              		.loc 1 3618 5 is_stmt 1 view .LVU1940
3618:Drivers/STM32F0xx_HAL_Driver/Src/stm32f0xx_hal_spi.c ****     hspi->pTxBuffPtr += sizeof(uint16_t);
 6306              		.loc 1 3618 44 is_stmt 0 view .LVU1941
 6307 0008 826B     		ldr	r2, [r0, #56]
3618:Drivers/STM32F0xx_HAL_Driver/Src/stm32f0xx_hal_spi.c ****     hspi->pTxBuffPtr += sizeof(uint16_t);
 6308              		.loc 1 3618 9 view .LVU1942
 6309 000a 0368     		ldr	r3, [r0]
3618:Drivers/STM32F0xx_HAL_Driver/Src/stm32f0xx_hal_spi.c ****     hspi->pTxBuffPtr += sizeof(uint16_t);
 6310              		.loc 1 3618 26 view .LVU1943
 6311 000c 1288     		ldrh	r2, [r2]
3618:Drivers/STM32F0xx_HAL_Driver/Src/stm32f0xx_hal_spi.c ****     hspi->pTxBuffPtr += sizeof(uint16_t);
 6312              		.loc 1 3618 24 view .LVU1944
 6313 000e DA60     		str	r2, [r3, #12]
3619:Drivers/STM32F0xx_HAL_Driver/Src/stm32f0xx_hal_spi.c ****     hspi->TxXferCount -= 2U;
ARM GAS  C:\Users\ADMINI~1\AppData\Local\Temp\ccrv5aWF.s 			page 219


 6314              		.loc 1 3619 5 is_stmt 1 view .LVU1945
3619:Drivers/STM32F0xx_HAL_Driver/Src/stm32f0xx_hal_spi.c ****     hspi->TxXferCount -= 2U;
 6315              		.loc 1 3619 9 is_stmt 0 view .LVU1946
 6316 0010 836B     		ldr	r3, [r0, #56]
3619:Drivers/STM32F0xx_HAL_Driver/Src/stm32f0xx_hal_spi.c ****     hspi->TxXferCount -= 2U;
 6317              		.loc 1 3619 22 view .LVU1947
 6318 0012 0233     		adds	r3, r3, #2
 6319 0014 8363     		str	r3, [r0, #56]
3620:Drivers/STM32F0xx_HAL_Driver/Src/stm32f0xx_hal_spi.c ****   }
 6320              		.loc 1 3620 5 is_stmt 1 view .LVU1948
3620:Drivers/STM32F0xx_HAL_Driver/Src/stm32f0xx_hal_spi.c ****   }
 6321              		.loc 1 3620 9 is_stmt 0 view .LVU1949
 6322 0016 C38F     		ldrh	r3, [r0, #62]
3620:Drivers/STM32F0xx_HAL_Driver/Src/stm32f0xx_hal_spi.c ****   }
 6323              		.loc 1 3620 23 view .LVU1950
 6324 0018 023B     		subs	r3, r3, #2
 6325 001a 9BB2     		uxth	r3, r3
 6326 001c C387     		strh	r3, [r0, #62]
 6327              	.L391:
3631:Drivers/STM32F0xx_HAL_Driver/Src/stm32f0xx_hal_spi.c ****   {
 6328              		.loc 1 3631 3 is_stmt 1 view .LVU1951
3631:Drivers/STM32F0xx_HAL_Driver/Src/stm32f0xx_hal_spi.c ****   {
 6329              		.loc 1 3631 11 is_stmt 0 view .LVU1952
 6330 001e C38F     		ldrh	r3, [r0, #62]
3631:Drivers/STM32F0xx_HAL_Driver/Src/stm32f0xx_hal_spi.c ****   {
 6331              		.loc 1 3631 6 view .LVU1953
 6332 0020 002B     		cmp	r3, #0
 6333 0022 08D1     		bne	.L389
3645:Drivers/STM32F0xx_HAL_Driver/Src/stm32f0xx_hal_spi.c **** 
 6334              		.loc 1 3645 5 is_stmt 1 view .LVU1954
 6335 0024 0268     		ldr	r2, [r0]
 6336 0026 5368     		ldr	r3, [r2, #4]
 6337 0028 8021     		movs	r1, #128
 6338 002a 8B43     		bics	r3, r1
 6339 002c 5360     		str	r3, [r2, #4]
3647:Drivers/STM32F0xx_HAL_Driver/Src/stm32f0xx_hal_spi.c ****     {
 6340              		.loc 1 3647 5 view .LVU1955
3647:Drivers/STM32F0xx_HAL_Driver/Src/stm32f0xx_hal_spi.c ****     {
 6341              		.loc 1 3647 13 is_stmt 0 view .LVU1956
 6342 002e 4623     		movs	r3, #70
 6343 0030 C35A     		ldrh	r3, [r0, r3]
3647:Drivers/STM32F0xx_HAL_Driver/Src/stm32f0xx_hal_spi.c ****     {
 6344              		.loc 1 3647 8 view .LVU1957
 6345 0032 002B     		cmp	r3, #0
 6346 0034 0CD0     		beq	.L393
 6347              	.LVL416:
 6348              	.L389:
3652:Drivers/STM32F0xx_HAL_Driver/Src/stm32f0xx_hal_spi.c **** 
 6349              		.loc 1 3652 1 view .LVU1958
 6350              		@ sp needed
 6351 0036 10BD     		pop	{r4, pc}
 6352              	.LVL417:
 6353              	.L390:
3625:Drivers/STM32F0xx_HAL_Driver/Src/stm32f0xx_hal_spi.c ****     hspi->pTxBuffPtr++;
 6354              		.loc 1 3625 5 is_stmt 1 view .LVU1959
3625:Drivers/STM32F0xx_HAL_Driver/Src/stm32f0xx_hal_spi.c ****     hspi->pTxBuffPtr++;
 6355              		.loc 1 3625 50 is_stmt 0 view .LVU1960
ARM GAS  C:\Users\ADMINI~1\AppData\Local\Temp\ccrv5aWF.s 			page 220


 6356 0038 826B     		ldr	r2, [r0, #56]
3625:Drivers/STM32F0xx_HAL_Driver/Src/stm32f0xx_hal_spi.c ****     hspi->pTxBuffPtr++;
 6357              		.loc 1 3625 27 view .LVU1961
 6358 003a 0368     		ldr	r3, [r0]
3625:Drivers/STM32F0xx_HAL_Driver/Src/stm32f0xx_hal_spi.c ****     hspi->pTxBuffPtr++;
 6359              		.loc 1 3625 45 view .LVU1962
 6360 003c 1278     		ldrb	r2, [r2]
3625:Drivers/STM32F0xx_HAL_Driver/Src/stm32f0xx_hal_spi.c ****     hspi->pTxBuffPtr++;
 6361              		.loc 1 3625 42 view .LVU1963
 6362 003e 1A73     		strb	r2, [r3, #12]
3626:Drivers/STM32F0xx_HAL_Driver/Src/stm32f0xx_hal_spi.c ****     hspi->TxXferCount--;
 6363              		.loc 1 3626 5 is_stmt 1 view .LVU1964
3626:Drivers/STM32F0xx_HAL_Driver/Src/stm32f0xx_hal_spi.c ****     hspi->TxXferCount--;
 6364              		.loc 1 3626 9 is_stmt 0 view .LVU1965
 6365 0040 836B     		ldr	r3, [r0, #56]
3626:Drivers/STM32F0xx_HAL_Driver/Src/stm32f0xx_hal_spi.c ****     hspi->TxXferCount--;
 6366              		.loc 1 3626 21 view .LVU1966
 6367 0042 0133     		adds	r3, r3, #1
 6368 0044 8363     		str	r3, [r0, #56]
3627:Drivers/STM32F0xx_HAL_Driver/Src/stm32f0xx_hal_spi.c ****   }
 6369              		.loc 1 3627 5 is_stmt 1 view .LVU1967
3627:Drivers/STM32F0xx_HAL_Driver/Src/stm32f0xx_hal_spi.c ****   }
 6370              		.loc 1 3627 9 is_stmt 0 view .LVU1968
 6371 0046 C38F     		ldrh	r3, [r0, #62]
3627:Drivers/STM32F0xx_HAL_Driver/Src/stm32f0xx_hal_spi.c ****   }
 6372              		.loc 1 3627 22 view .LVU1969
 6373 0048 013B     		subs	r3, r3, #1
 6374 004a 9BB2     		uxth	r3, r3
 6375 004c C387     		strh	r3, [r0, #62]
 6376 004e E6E7     		b	.L391
 6377              	.L393:
3649:Drivers/STM32F0xx_HAL_Driver/Src/stm32f0xx_hal_spi.c ****     }
 6378              		.loc 1 3649 7 is_stmt 1 view .LVU1970
 6379 0050 FFF7FEFF 		bl	SPI_CloseRxTx_ISR
 6380              	.LVL418:
3652:Drivers/STM32F0xx_HAL_Driver/Src/stm32f0xx_hal_spi.c **** 
 6381              		.loc 1 3652 1 is_stmt 0 view .LVU1971
 6382 0054 EFE7     		b	.L389
 6383              		.cfi_endproc
 6384              	.LFE80:
 6386              		.section	.text.SPI_2linesRxISR_8BIT,"ax",%progbits
 6387              		.align	1
 6388              		.syntax unified
 6389              		.code	16
 6390              		.thumb_func
 6392              	SPI_2linesRxISR_8BIT:
 6393              	.LVL419:
 6394              	.LFB79:
3529:Drivers/STM32F0xx_HAL_Driver/Src/stm32f0xx_hal_spi.c ****   /* Receive data in packing mode */
 6395              		.loc 1 3529 1 is_stmt 1 view -0
 6396              		.cfi_startproc
 6397              		@ args = 0, pretend = 0, frame = 0
 6398              		@ frame_needed = 0, uses_anonymous_args = 0
3529:Drivers/STM32F0xx_HAL_Driver/Src/stm32f0xx_hal_spi.c ****   /* Receive data in packing mode */
 6399              		.loc 1 3529 1 is_stmt 0 view .LVU1973
 6400 0000 10B5     		push	{r4, lr}
 6401              		.cfi_def_cfa_offset 8
ARM GAS  C:\Users\ADMINI~1\AppData\Local\Temp\ccrv5aWF.s 			page 221


 6402              		.cfi_offset 4, -8
 6403              		.cfi_offset 14, -4
3531:Drivers/STM32F0xx_HAL_Driver/Src/stm32f0xx_hal_spi.c ****   {
 6404              		.loc 1 3531 3 is_stmt 1 view .LVU1974
3531:Drivers/STM32F0xx_HAL_Driver/Src/stm32f0xx_hal_spi.c ****   {
 6405              		.loc 1 3531 11 is_stmt 0 view .LVU1975
 6406 0002 4623     		movs	r3, #70
 6407 0004 C35A     		ldrh	r3, [r0, r3]
3531:Drivers/STM32F0xx_HAL_Driver/Src/stm32f0xx_hal_spi.c ****   {
 6408              		.loc 1 3531 6 view .LVU1976
 6409 0006 012B     		cmp	r3, #1
 6410 0008 15D9     		bls	.L395
3533:Drivers/STM32F0xx_HAL_Driver/Src/stm32f0xx_hal_spi.c ****     hspi->pRxBuffPtr += sizeof(uint16_t);
 6411              		.loc 1 3533 5 is_stmt 1 view .LVU1977
3533:Drivers/STM32F0xx_HAL_Driver/Src/stm32f0xx_hal_spi.c ****     hspi->pRxBuffPtr += sizeof(uint16_t);
 6412              		.loc 1 3533 54 is_stmt 0 view .LVU1978
 6413 000a 0368     		ldr	r3, [r0]
3533:Drivers/STM32F0xx_HAL_Driver/Src/stm32f0xx_hal_spi.c ****     hspi->pRxBuffPtr += sizeof(uint16_t);
 6414              		.loc 1 3533 64 view .LVU1979
 6415 000c DA68     		ldr	r2, [r3, #12]
3533:Drivers/STM32F0xx_HAL_Driver/Src/stm32f0xx_hal_spi.c ****     hspi->pRxBuffPtr += sizeof(uint16_t);
 6416              		.loc 1 3533 23 view .LVU1980
 6417 000e 036C     		ldr	r3, [r0, #64]
3533:Drivers/STM32F0xx_HAL_Driver/Src/stm32f0xx_hal_spi.c ****     hspi->pRxBuffPtr += sizeof(uint16_t);
 6418              		.loc 1 3533 37 view .LVU1981
 6419 0010 1A80     		strh	r2, [r3]
3534:Drivers/STM32F0xx_HAL_Driver/Src/stm32f0xx_hal_spi.c ****     hspi->RxXferCount -= 2U;
 6420              		.loc 1 3534 5 is_stmt 1 view .LVU1982
3534:Drivers/STM32F0xx_HAL_Driver/Src/stm32f0xx_hal_spi.c ****     hspi->RxXferCount -= 2U;
 6421              		.loc 1 3534 9 is_stmt 0 view .LVU1983
 6422 0012 036C     		ldr	r3, [r0, #64]
3534:Drivers/STM32F0xx_HAL_Driver/Src/stm32f0xx_hal_spi.c ****     hspi->RxXferCount -= 2U;
 6423              		.loc 1 3534 22 view .LVU1984
 6424 0014 0233     		adds	r3, r3, #2
 6425 0016 0364     		str	r3, [r0, #64]
3535:Drivers/STM32F0xx_HAL_Driver/Src/stm32f0xx_hal_spi.c ****     if (hspi->RxXferCount == 1U)
 6426              		.loc 1 3535 5 is_stmt 1 view .LVU1985
3535:Drivers/STM32F0xx_HAL_Driver/Src/stm32f0xx_hal_spi.c ****     if (hspi->RxXferCount == 1U)
 6427              		.loc 1 3535 9 is_stmt 0 view .LVU1986
 6428 0018 4622     		movs	r2, #70
 6429 001a 835A     		ldrh	r3, [r0, r2]
3535:Drivers/STM32F0xx_HAL_Driver/Src/stm32f0xx_hal_spi.c ****     if (hspi->RxXferCount == 1U)
 6430              		.loc 1 3535 23 view .LVU1987
 6431 001c 023B     		subs	r3, r3, #2
 6432 001e 9BB2     		uxth	r3, r3
 6433 0020 8352     		strh	r3, [r0, r2]
3536:Drivers/STM32F0xx_HAL_Driver/Src/stm32f0xx_hal_spi.c ****     {
 6434              		.loc 1 3536 5 is_stmt 1 view .LVU1988
3536:Drivers/STM32F0xx_HAL_Driver/Src/stm32f0xx_hal_spi.c ****     {
 6435              		.loc 1 3536 13 is_stmt 0 view .LVU1989
 6436 0022 835A     		ldrh	r3, [r0, r2]
3536:Drivers/STM32F0xx_HAL_Driver/Src/stm32f0xx_hal_spi.c ****     {
 6437              		.loc 1 3536 8 view .LVU1990
 6438 0024 012B     		cmp	r3, #1
 6439 0026 12D1     		bne	.L396
3539:Drivers/STM32F0xx_HAL_Driver/Src/stm32f0xx_hal_spi.c ****     }
 6440              		.loc 1 3539 7 is_stmt 1 view .LVU1991
ARM GAS  C:\Users\ADMINI~1\AppData\Local\Temp\ccrv5aWF.s 			page 222


 6441 0028 0268     		ldr	r2, [r0]
 6442 002a 5168     		ldr	r1, [r2, #4]
 6443 002c 8023     		movs	r3, #128
 6444 002e 5B01     		lsls	r3, r3, #5
 6445 0030 0B43     		orrs	r3, r1
 6446 0032 5360     		str	r3, [r2, #4]
 6447 0034 0BE0     		b	.L396
 6448              	.L395:
3545:Drivers/STM32F0xx_HAL_Driver/Src/stm32f0xx_hal_spi.c ****     hspi->pRxBuffPtr++;
 6449              		.loc 1 3545 5 view .LVU1992
3545:Drivers/STM32F0xx_HAL_Driver/Src/stm32f0xx_hal_spi.c ****     hspi->pRxBuffPtr++;
 6450              		.loc 1 3545 48 is_stmt 0 view .LVU1993
 6451 0036 0268     		ldr	r2, [r0]
3545:Drivers/STM32F0xx_HAL_Driver/Src/stm32f0xx_hal_spi.c ****     hspi->pRxBuffPtr++;
 6452              		.loc 1 3545 10 view .LVU1994
 6453 0038 036C     		ldr	r3, [r0, #64]
3545:Drivers/STM32F0xx_HAL_Driver/Src/stm32f0xx_hal_spi.c ****     hspi->pRxBuffPtr++;
 6454              		.loc 1 3545 25 view .LVU1995
 6455 003a 127B     		ldrb	r2, [r2, #12]
3545:Drivers/STM32F0xx_HAL_Driver/Src/stm32f0xx_hal_spi.c ****     hspi->pRxBuffPtr++;
 6456              		.loc 1 3545 23 view .LVU1996
 6457 003c 1A70     		strb	r2, [r3]
3546:Drivers/STM32F0xx_HAL_Driver/Src/stm32f0xx_hal_spi.c ****     hspi->RxXferCount--;
 6458              		.loc 1 3546 5 is_stmt 1 view .LVU1997
3546:Drivers/STM32F0xx_HAL_Driver/Src/stm32f0xx_hal_spi.c ****     hspi->RxXferCount--;
 6459              		.loc 1 3546 9 is_stmt 0 view .LVU1998
 6460 003e 036C     		ldr	r3, [r0, #64]
3546:Drivers/STM32F0xx_HAL_Driver/Src/stm32f0xx_hal_spi.c ****     hspi->RxXferCount--;
 6461              		.loc 1 3546 21 view .LVU1999
 6462 0040 0133     		adds	r3, r3, #1
 6463 0042 0364     		str	r3, [r0, #64]
3547:Drivers/STM32F0xx_HAL_Driver/Src/stm32f0xx_hal_spi.c ****   }
 6464              		.loc 1 3547 5 is_stmt 1 view .LVU2000
3547:Drivers/STM32F0xx_HAL_Driver/Src/stm32f0xx_hal_spi.c ****   }
 6465              		.loc 1 3547 9 is_stmt 0 view .LVU2001
 6466 0044 4622     		movs	r2, #70
 6467 0046 835A     		ldrh	r3, [r0, r2]
3547:Drivers/STM32F0xx_HAL_Driver/Src/stm32f0xx_hal_spi.c ****   }
 6468              		.loc 1 3547 22 view .LVU2002
 6469 0048 013B     		subs	r3, r3, #1
 6470 004a 9BB2     		uxth	r3, r3
 6471 004c 8352     		strh	r3, [r0, r2]
 6472              	.L396:
3551:Drivers/STM32F0xx_HAL_Driver/Src/stm32f0xx_hal_spi.c ****   {
 6473              		.loc 1 3551 3 is_stmt 1 view .LVU2003
3551:Drivers/STM32F0xx_HAL_Driver/Src/stm32f0xx_hal_spi.c ****   {
 6474              		.loc 1 3551 11 is_stmt 0 view .LVU2004
 6475 004e 4623     		movs	r3, #70
 6476 0050 C35A     		ldrh	r3, [r0, r3]
3551:Drivers/STM32F0xx_HAL_Driver/Src/stm32f0xx_hal_spi.c ****   {
 6477              		.loc 1 3551 6 view .LVU2005
 6478 0052 002B     		cmp	r3, #0
 6479 0054 07D1     		bne	.L394
3563:Drivers/STM32F0xx_HAL_Driver/Src/stm32f0xx_hal_spi.c **** 
 6480              		.loc 1 3563 5 is_stmt 1 view .LVU2006
 6481 0056 0268     		ldr	r2, [r0]
 6482 0058 5368     		ldr	r3, [r2, #4]
ARM GAS  C:\Users\ADMINI~1\AppData\Local\Temp\ccrv5aWF.s 			page 223


 6483 005a 6021     		movs	r1, #96
 6484 005c 8B43     		bics	r3, r1
 6485 005e 5360     		str	r3, [r2, #4]
3565:Drivers/STM32F0xx_HAL_Driver/Src/stm32f0xx_hal_spi.c ****     {
 6486              		.loc 1 3565 5 view .LVU2007
3565:Drivers/STM32F0xx_HAL_Driver/Src/stm32f0xx_hal_spi.c ****     {
 6487              		.loc 1 3565 13 is_stmt 0 view .LVU2008
 6488 0060 C38F     		ldrh	r3, [r0, #62]
3565:Drivers/STM32F0xx_HAL_Driver/Src/stm32f0xx_hal_spi.c ****     {
 6489              		.loc 1 3565 8 view .LVU2009
 6490 0062 002B     		cmp	r3, #0
 6491 0064 00D0     		beq	.L398
 6492              	.LVL420:
 6493              	.L394:
3570:Drivers/STM32F0xx_HAL_Driver/Src/stm32f0xx_hal_spi.c **** 
 6494              		.loc 1 3570 1 view .LVU2010
 6495              		@ sp needed
 6496 0066 10BD     		pop	{r4, pc}
 6497              	.LVL421:
 6498              	.L398:
3567:Drivers/STM32F0xx_HAL_Driver/Src/stm32f0xx_hal_spi.c ****     }
 6499              		.loc 1 3567 7 is_stmt 1 view .LVU2011
 6500 0068 FFF7FEFF 		bl	SPI_CloseRxTx_ISR
 6501              	.LVL422:
3570:Drivers/STM32F0xx_HAL_Driver/Src/stm32f0xx_hal_spi.c **** 
 6502              		.loc 1 3570 1 is_stmt 0 view .LVU2012
 6503 006c FBE7     		b	.L394
 6504              		.cfi_endproc
 6505              	.LFE79:
 6507              		.section	.text.SPI_2linesTxISR_16BIT,"ax",%progbits
 6508              		.align	1
 6509              		.syntax unified
 6510              		.code	16
 6511              		.thumb_func
 6513              	SPI_2linesTxISR_16BIT:
 6514              	.LVL423:
 6515              	.LFB82:
3717:Drivers/STM32F0xx_HAL_Driver/Src/stm32f0xx_hal_spi.c ****   /* Transmit data in 16 Bit mode */
 6516              		.loc 1 3717 1 is_stmt 1 view -0
 6517              		.cfi_startproc
 6518              		@ args = 0, pretend = 0, frame = 0
 6519              		@ frame_needed = 0, uses_anonymous_args = 0
3717:Drivers/STM32F0xx_HAL_Driver/Src/stm32f0xx_hal_spi.c ****   /* Transmit data in 16 Bit mode */
 6520              		.loc 1 3717 1 is_stmt 0 view .LVU2014
 6521 0000 10B5     		push	{r4, lr}
 6522              		.cfi_def_cfa_offset 8
 6523              		.cfi_offset 4, -8
 6524              		.cfi_offset 14, -4
3719:Drivers/STM32F0xx_HAL_Driver/Src/stm32f0xx_hal_spi.c ****   hspi->pTxBuffPtr += sizeof(uint16_t);
 6525              		.loc 1 3719 3 is_stmt 1 view .LVU2015
3719:Drivers/STM32F0xx_HAL_Driver/Src/stm32f0xx_hal_spi.c ****   hspi->pTxBuffPtr += sizeof(uint16_t);
 6526              		.loc 1 3719 42 is_stmt 0 view .LVU2016
 6527 0002 826B     		ldr	r2, [r0, #56]
3719:Drivers/STM32F0xx_HAL_Driver/Src/stm32f0xx_hal_spi.c ****   hspi->pTxBuffPtr += sizeof(uint16_t);
 6528              		.loc 1 3719 7 view .LVU2017
 6529 0004 0368     		ldr	r3, [r0]
3719:Drivers/STM32F0xx_HAL_Driver/Src/stm32f0xx_hal_spi.c ****   hspi->pTxBuffPtr += sizeof(uint16_t);
ARM GAS  C:\Users\ADMINI~1\AppData\Local\Temp\ccrv5aWF.s 			page 224


 6530              		.loc 1 3719 24 view .LVU2018
 6531 0006 1288     		ldrh	r2, [r2]
3719:Drivers/STM32F0xx_HAL_Driver/Src/stm32f0xx_hal_spi.c ****   hspi->pTxBuffPtr += sizeof(uint16_t);
 6532              		.loc 1 3719 22 view .LVU2019
 6533 0008 DA60     		str	r2, [r3, #12]
3720:Drivers/STM32F0xx_HAL_Driver/Src/stm32f0xx_hal_spi.c ****   hspi->TxXferCount--;
 6534              		.loc 1 3720 3 is_stmt 1 view .LVU2020
3720:Drivers/STM32F0xx_HAL_Driver/Src/stm32f0xx_hal_spi.c ****   hspi->TxXferCount--;
 6535              		.loc 1 3720 7 is_stmt 0 view .LVU2021
 6536 000a 836B     		ldr	r3, [r0, #56]
3720:Drivers/STM32F0xx_HAL_Driver/Src/stm32f0xx_hal_spi.c ****   hspi->TxXferCount--;
 6537              		.loc 1 3720 20 view .LVU2022
 6538 000c 0233     		adds	r3, r3, #2
 6539 000e 8363     		str	r3, [r0, #56]
3721:Drivers/STM32F0xx_HAL_Driver/Src/stm32f0xx_hal_spi.c **** 
 6540              		.loc 1 3721 3 is_stmt 1 view .LVU2023
3721:Drivers/STM32F0xx_HAL_Driver/Src/stm32f0xx_hal_spi.c **** 
 6541              		.loc 1 3721 7 is_stmt 0 view .LVU2024
 6542 0010 C38F     		ldrh	r3, [r0, #62]
3721:Drivers/STM32F0xx_HAL_Driver/Src/stm32f0xx_hal_spi.c **** 
 6543              		.loc 1 3721 20 view .LVU2025
 6544 0012 013B     		subs	r3, r3, #1
 6545 0014 9BB2     		uxth	r3, r3
 6546 0016 C387     		strh	r3, [r0, #62]
3724:Drivers/STM32F0xx_HAL_Driver/Src/stm32f0xx_hal_spi.c ****   {
 6547              		.loc 1 3724 3 is_stmt 1 view .LVU2026
3724:Drivers/STM32F0xx_HAL_Driver/Src/stm32f0xx_hal_spi.c ****   {
 6548              		.loc 1 3724 11 is_stmt 0 view .LVU2027
 6549 0018 C38F     		ldrh	r3, [r0, #62]
3724:Drivers/STM32F0xx_HAL_Driver/Src/stm32f0xx_hal_spi.c ****   {
 6550              		.loc 1 3724 6 view .LVU2028
 6551 001a 002B     		cmp	r3, #0
 6552 001c 08D1     		bne	.L399
3738:Drivers/STM32F0xx_HAL_Driver/Src/stm32f0xx_hal_spi.c **** 
 6553              		.loc 1 3738 5 is_stmt 1 view .LVU2029
 6554 001e 0268     		ldr	r2, [r0]
 6555 0020 5368     		ldr	r3, [r2, #4]
 6556 0022 8021     		movs	r1, #128
 6557 0024 8B43     		bics	r3, r1
 6558 0026 5360     		str	r3, [r2, #4]
3740:Drivers/STM32F0xx_HAL_Driver/Src/stm32f0xx_hal_spi.c ****     {
 6559              		.loc 1 3740 5 view .LVU2030
3740:Drivers/STM32F0xx_HAL_Driver/Src/stm32f0xx_hal_spi.c ****     {
 6560              		.loc 1 3740 13 is_stmt 0 view .LVU2031
 6561 0028 4623     		movs	r3, #70
 6562 002a C35A     		ldrh	r3, [r0, r3]
3740:Drivers/STM32F0xx_HAL_Driver/Src/stm32f0xx_hal_spi.c ****     {
 6563              		.loc 1 3740 8 view .LVU2032
 6564 002c 002B     		cmp	r3, #0
 6565 002e 00D0     		beq	.L401
 6566              	.LVL424:
 6567              	.L399:
3745:Drivers/STM32F0xx_HAL_Driver/Src/stm32f0xx_hal_spi.c **** 
 6568              		.loc 1 3745 1 view .LVU2033
 6569              		@ sp needed
 6570 0030 10BD     		pop	{r4, pc}
 6571              	.LVL425:
ARM GAS  C:\Users\ADMINI~1\AppData\Local\Temp\ccrv5aWF.s 			page 225


 6572              	.L401:
3742:Drivers/STM32F0xx_HAL_Driver/Src/stm32f0xx_hal_spi.c ****     }
 6573              		.loc 1 3742 7 is_stmt 1 view .LVU2034
 6574 0032 FFF7FEFF 		bl	SPI_CloseRxTx_ISR
 6575              	.LVL426:
3745:Drivers/STM32F0xx_HAL_Driver/Src/stm32f0xx_hal_spi.c **** 
 6576              		.loc 1 3745 1 is_stmt 0 view .LVU2035
 6577 0036 FBE7     		b	.L399
 6578              		.cfi_endproc
 6579              	.LFE82:
 6581              		.section	.text.SPI_2linesRxISR_16BIT,"ax",%progbits
 6582              		.align	1
 6583              		.syntax unified
 6584              		.code	16
 6585              		.thumb_func
 6587              	SPI_2linesRxISR_16BIT:
 6588              	.LVL427:
 6589              	.LFB81:
3661:Drivers/STM32F0xx_HAL_Driver/Src/stm32f0xx_hal_spi.c ****   /* Receive data in 16 Bit mode */
 6590              		.loc 1 3661 1 is_stmt 1 view -0
 6591              		.cfi_startproc
 6592              		@ args = 0, pretend = 0, frame = 0
 6593              		@ frame_needed = 0, uses_anonymous_args = 0
3661:Drivers/STM32F0xx_HAL_Driver/Src/stm32f0xx_hal_spi.c ****   /* Receive data in 16 Bit mode */
 6594              		.loc 1 3661 1 is_stmt 0 view .LVU2037
 6595 0000 10B5     		push	{r4, lr}
 6596              		.cfi_def_cfa_offset 8
 6597              		.cfi_offset 4, -8
 6598              		.cfi_offset 14, -4
3663:Drivers/STM32F0xx_HAL_Driver/Src/stm32f0xx_hal_spi.c ****   hspi->pRxBuffPtr += sizeof(uint16_t);
 6599              		.loc 1 3663 3 is_stmt 1 view .LVU2038
3663:Drivers/STM32F0xx_HAL_Driver/Src/stm32f0xx_hal_spi.c ****   hspi->pRxBuffPtr += sizeof(uint16_t);
 6600              		.loc 1 3663 52 is_stmt 0 view .LVU2039
 6601 0002 0368     		ldr	r3, [r0]
3663:Drivers/STM32F0xx_HAL_Driver/Src/stm32f0xx_hal_spi.c ****   hspi->pRxBuffPtr += sizeof(uint16_t);
 6602              		.loc 1 3663 62 view .LVU2040
 6603 0004 DA68     		ldr	r2, [r3, #12]
3663:Drivers/STM32F0xx_HAL_Driver/Src/stm32f0xx_hal_spi.c ****   hspi->pRxBuffPtr += sizeof(uint16_t);
 6604              		.loc 1 3663 21 view .LVU2041
 6605 0006 036C     		ldr	r3, [r0, #64]
3663:Drivers/STM32F0xx_HAL_Driver/Src/stm32f0xx_hal_spi.c ****   hspi->pRxBuffPtr += sizeof(uint16_t);
 6606              		.loc 1 3663 35 view .LVU2042
 6607 0008 1A80     		strh	r2, [r3]
3664:Drivers/STM32F0xx_HAL_Driver/Src/stm32f0xx_hal_spi.c ****   hspi->RxXferCount--;
 6608              		.loc 1 3664 3 is_stmt 1 view .LVU2043
3664:Drivers/STM32F0xx_HAL_Driver/Src/stm32f0xx_hal_spi.c ****   hspi->RxXferCount--;
 6609              		.loc 1 3664 7 is_stmt 0 view .LVU2044
 6610 000a 036C     		ldr	r3, [r0, #64]
3664:Drivers/STM32F0xx_HAL_Driver/Src/stm32f0xx_hal_spi.c ****   hspi->RxXferCount--;
 6611              		.loc 1 3664 20 view .LVU2045
 6612 000c 0233     		adds	r3, r3, #2
 6613 000e 0364     		str	r3, [r0, #64]
3665:Drivers/STM32F0xx_HAL_Driver/Src/stm32f0xx_hal_spi.c **** 
 6614              		.loc 1 3665 3 is_stmt 1 view .LVU2046
3665:Drivers/STM32F0xx_HAL_Driver/Src/stm32f0xx_hal_spi.c **** 
 6615              		.loc 1 3665 7 is_stmt 0 view .LVU2047
 6616 0010 4622     		movs	r2, #70
ARM GAS  C:\Users\ADMINI~1\AppData\Local\Temp\ccrv5aWF.s 			page 226


 6617 0012 835A     		ldrh	r3, [r0, r2]
3665:Drivers/STM32F0xx_HAL_Driver/Src/stm32f0xx_hal_spi.c **** 
 6618              		.loc 1 3665 20 view .LVU2048
 6619 0014 013B     		subs	r3, r3, #1
 6620 0016 9BB2     		uxth	r3, r3
 6621 0018 8352     		strh	r3, [r0, r2]
3667:Drivers/STM32F0xx_HAL_Driver/Src/stm32f0xx_hal_spi.c ****   {
 6622              		.loc 1 3667 3 is_stmt 1 view .LVU2049
3667:Drivers/STM32F0xx_HAL_Driver/Src/stm32f0xx_hal_spi.c ****   {
 6623              		.loc 1 3667 11 is_stmt 0 view .LVU2050
 6624 001a 835A     		ldrh	r3, [r0, r2]
3667:Drivers/STM32F0xx_HAL_Driver/Src/stm32f0xx_hal_spi.c ****   {
 6625              		.loc 1 3667 6 view .LVU2051
 6626 001c 002B     		cmp	r3, #0
 6627 001e 07D1     		bne	.L402
3678:Drivers/STM32F0xx_HAL_Driver/Src/stm32f0xx_hal_spi.c **** 
 6628              		.loc 1 3678 5 is_stmt 1 view .LVU2052
 6629 0020 0268     		ldr	r2, [r0]
 6630 0022 5368     		ldr	r3, [r2, #4]
 6631 0024 4021     		movs	r1, #64
 6632 0026 8B43     		bics	r3, r1
 6633 0028 5360     		str	r3, [r2, #4]
3680:Drivers/STM32F0xx_HAL_Driver/Src/stm32f0xx_hal_spi.c ****     {
 6634              		.loc 1 3680 5 view .LVU2053
3680:Drivers/STM32F0xx_HAL_Driver/Src/stm32f0xx_hal_spi.c ****     {
 6635              		.loc 1 3680 13 is_stmt 0 view .LVU2054
 6636 002a C38F     		ldrh	r3, [r0, #62]
3680:Drivers/STM32F0xx_HAL_Driver/Src/stm32f0xx_hal_spi.c ****     {
 6637              		.loc 1 3680 8 view .LVU2055
 6638 002c 002B     		cmp	r3, #0
 6639 002e 00D0     		beq	.L404
 6640              	.LVL428:
 6641              	.L402:
3685:Drivers/STM32F0xx_HAL_Driver/Src/stm32f0xx_hal_spi.c **** 
 6642              		.loc 1 3685 1 view .LVU2056
 6643              		@ sp needed
 6644 0030 10BD     		pop	{r4, pc}
 6645              	.LVL429:
 6646              	.L404:
3682:Drivers/STM32F0xx_HAL_Driver/Src/stm32f0xx_hal_spi.c ****     }
 6647              		.loc 1 3682 7 is_stmt 1 view .LVU2057
 6648 0032 FFF7FEFF 		bl	SPI_CloseRxTx_ISR
 6649              	.LVL430:
3685:Drivers/STM32F0xx_HAL_Driver/Src/stm32f0xx_hal_spi.c **** 
 6650              		.loc 1 3685 1 is_stmt 0 view .LVU2058
 6651 0036 FBE7     		b	.L402
 6652              		.cfi_endproc
 6653              	.LFE81:
 6655              		.section	.text.SPI_DMAError,"ax",%progbits
 6656              		.align	1
 6657              		.syntax unified
 6658              		.code	16
 6659              		.thumb_func
 6661              	SPI_DMAError:
 6662              	.LVL431:
 6663              	.LFB75:
3353:Drivers/STM32F0xx_HAL_Driver/Src/stm32f0xx_hal_spi.c ****   SPI_HandleTypeDef *hspi = (SPI_HandleTypeDef *)(((DMA_HandleTypeDef *)hdma)->Parent); /* Derogati
ARM GAS  C:\Users\ADMINI~1\AppData\Local\Temp\ccrv5aWF.s 			page 227


 6664              		.loc 1 3353 1 is_stmt 1 view -0
 6665              		.cfi_startproc
 6666              		@ args = 0, pretend = 0, frame = 0
 6667              		@ frame_needed = 0, uses_anonymous_args = 0
3353:Drivers/STM32F0xx_HAL_Driver/Src/stm32f0xx_hal_spi.c ****   SPI_HandleTypeDef *hspi = (SPI_HandleTypeDef *)(((DMA_HandleTypeDef *)hdma)->Parent); /* Derogati
 6668              		.loc 1 3353 1 is_stmt 0 view .LVU2060
 6669 0000 10B5     		push	{r4, lr}
 6670              		.cfi_def_cfa_offset 8
 6671              		.cfi_offset 4, -8
 6672              		.cfi_offset 14, -4
3354:Drivers/STM32F0xx_HAL_Driver/Src/stm32f0xx_hal_spi.c **** 
 6673              		.loc 1 3354 3 is_stmt 1 view .LVU2061
3354:Drivers/STM32F0xx_HAL_Driver/Src/stm32f0xx_hal_spi.c **** 
 6674              		.loc 1 3354 22 is_stmt 0 view .LVU2062
 6675 0002 406A     		ldr	r0, [r0, #36]
 6676              	.LVL432:
3357:Drivers/STM32F0xx_HAL_Driver/Src/stm32f0xx_hal_spi.c **** 
 6677              		.loc 1 3357 3 is_stmt 1 view .LVU2063
 6678 0004 0268     		ldr	r2, [r0]
 6679 0006 5368     		ldr	r3, [r2, #4]
 6680 0008 0321     		movs	r1, #3
 6681 000a 8B43     		bics	r3, r1
 6682 000c 5360     		str	r3, [r2, #4]
3359:Drivers/STM32F0xx_HAL_Driver/Src/stm32f0xx_hal_spi.c ****   hspi->State = HAL_SPI_STATE_READY;
 6683              		.loc 1 3359 3 view .LVU2064
 6684 000e 036E     		ldr	r3, [r0, #96]
 6685 0010 1022     		movs	r2, #16
 6686 0012 1343     		orrs	r3, r2
 6687 0014 0366     		str	r3, [r0, #96]
3360:Drivers/STM32F0xx_HAL_Driver/Src/stm32f0xx_hal_spi.c ****   /* Call user error callback */
 6688              		.loc 1 3360 3 view .LVU2065
3360:Drivers/STM32F0xx_HAL_Driver/Src/stm32f0xx_hal_spi.c ****   /* Call user error callback */
 6689              		.loc 1 3360 15 is_stmt 0 view .LVU2066
 6690 0016 5D23     		movs	r3, #93
 6691 0018 0F3A     		subs	r2, r2, #15
 6692 001a C254     		strb	r2, [r0, r3]
3365:Drivers/STM32F0xx_HAL_Driver/Src/stm32f0xx_hal_spi.c **** #endif /* USE_HAL_SPI_REGISTER_CALLBACKS */
 6693              		.loc 1 3365 3 is_stmt 1 view .LVU2067
 6694 001c FFF7FEFF 		bl	HAL_SPI_ErrorCallback
 6695              	.LVL433:
3367:Drivers/STM32F0xx_HAL_Driver/Src/stm32f0xx_hal_spi.c **** 
 6696              		.loc 1 3367 1 is_stmt 0 view .LVU2068
 6697              		@ sp needed
 6698 0020 10BD     		pop	{r4, pc}
 6699              		.cfi_endproc
 6700              	.LFE75:
 6702              		.section	.text.SPI_DMATransmitCplt,"ax",%progbits
 6703              		.align	1
 6704              		.syntax unified
 6705              		.code	16
 6706              		.thumb_func
 6708              	SPI_DMATransmitCplt:
 6709              	.LVL434:
 6710              	.LFB69:
3025:Drivers/STM32F0xx_HAL_Driver/Src/stm32f0xx_hal_spi.c ****   SPI_HandleTypeDef *hspi = (SPI_HandleTypeDef *)(((DMA_HandleTypeDef *)hdma)->Parent); /* Derogati
 6711              		.loc 1 3025 1 is_stmt 1 view -0
 6712              		.cfi_startproc
ARM GAS  C:\Users\ADMINI~1\AppData\Local\Temp\ccrv5aWF.s 			page 228


 6713              		@ args = 0, pretend = 0, frame = 8
 6714              		@ frame_needed = 0, uses_anonymous_args = 0
3025:Drivers/STM32F0xx_HAL_Driver/Src/stm32f0xx_hal_spi.c ****   SPI_HandleTypeDef *hspi = (SPI_HandleTypeDef *)(((DMA_HandleTypeDef *)hdma)->Parent); /* Derogati
 6715              		.loc 1 3025 1 is_stmt 0 view .LVU2070
 6716 0000 30B5     		push	{r4, r5, lr}
 6717              		.cfi_def_cfa_offset 12
 6718              		.cfi_offset 4, -12
 6719              		.cfi_offset 5, -8
 6720              		.cfi_offset 14, -4
 6721 0002 83B0     		sub	sp, sp, #12
 6722              		.cfi_def_cfa_offset 24
 6723 0004 0500     		movs	r5, r0
3026:Drivers/STM32F0xx_HAL_Driver/Src/stm32f0xx_hal_spi.c ****   uint32_t tickstart;
 6724              		.loc 1 3026 3 is_stmt 1 view .LVU2071
3026:Drivers/STM32F0xx_HAL_Driver/Src/stm32f0xx_hal_spi.c ****   uint32_t tickstart;
 6725              		.loc 1 3026 22 is_stmt 0 view .LVU2072
 6726 0006 446A     		ldr	r4, [r0, #36]
 6727              	.LVL435:
3027:Drivers/STM32F0xx_HAL_Driver/Src/stm32f0xx_hal_spi.c **** 
 6728              		.loc 1 3027 3 is_stmt 1 view .LVU2073
3030:Drivers/STM32F0xx_HAL_Driver/Src/stm32f0xx_hal_spi.c **** 
 6729              		.loc 1 3030 3 view .LVU2074
3030:Drivers/STM32F0xx_HAL_Driver/Src/stm32f0xx_hal_spi.c **** 
 6730              		.loc 1 3030 15 is_stmt 0 view .LVU2075
 6731 0008 FFF7FEFF 		bl	HAL_GetTick
 6732              	.LVL436:
3030:Drivers/STM32F0xx_HAL_Driver/Src/stm32f0xx_hal_spi.c **** 
 6733              		.loc 1 3030 15 view .LVU2076
 6734 000c 0200     		movs	r2, r0
 6735              	.LVL437:
3033:Drivers/STM32F0xx_HAL_Driver/Src/stm32f0xx_hal_spi.c ****   {
 6736              		.loc 1 3033 3 is_stmt 1 view .LVU2077
3033:Drivers/STM32F0xx_HAL_Driver/Src/stm32f0xx_hal_spi.c ****   {
 6737              		.loc 1 3033 12 is_stmt 0 view .LVU2078
 6738 000e 2B68     		ldr	r3, [r5]
3033:Drivers/STM32F0xx_HAL_Driver/Src/stm32f0xx_hal_spi.c ****   {
 6739              		.loc 1 3033 22 view .LVU2079
 6740 0010 1B68     		ldr	r3, [r3]
3033:Drivers/STM32F0xx_HAL_Driver/Src/stm32f0xx_hal_spi.c ****   {
 6741              		.loc 1 3033 6 view .LVU2080
 6742 0012 9B06     		lsls	r3, r3, #26
 6743 0014 25D4     		bmi	.L407
3036:Drivers/STM32F0xx_HAL_Driver/Src/stm32f0xx_hal_spi.c **** 
 6744              		.loc 1 3036 5 is_stmt 1 view .LVU2081
 6745 0016 2168     		ldr	r1, [r4]
 6746 0018 4B68     		ldr	r3, [r1, #4]
 6747 001a 2020     		movs	r0, #32
 6748              	.LVL438:
3036:Drivers/STM32F0xx_HAL_Driver/Src/stm32f0xx_hal_spi.c **** 
 6749              		.loc 1 3036 5 is_stmt 0 view .LVU2082
 6750 001c 8343     		bics	r3, r0
 6751 001e 4B60     		str	r3, [r1, #4]
3039:Drivers/STM32F0xx_HAL_Driver/Src/stm32f0xx_hal_spi.c **** 
 6752              		.loc 1 3039 5 is_stmt 1 view .LVU2083
 6753 0020 2168     		ldr	r1, [r4]
 6754 0022 4B68     		ldr	r3, [r1, #4]
 6755 0024 1E38     		subs	r0, r0, #30
ARM GAS  C:\Users\ADMINI~1\AppData\Local\Temp\ccrv5aWF.s 			page 229


 6756 0026 8343     		bics	r3, r0
 6757 0028 4B60     		str	r3, [r1, #4]
3042:Drivers/STM32F0xx_HAL_Driver/Src/stm32f0xx_hal_spi.c ****     {
 6758              		.loc 1 3042 5 view .LVU2084
3042:Drivers/STM32F0xx_HAL_Driver/Src/stm32f0xx_hal_spi.c ****     {
 6759              		.loc 1 3042 9 is_stmt 0 view .LVU2085
 6760 002a 6421     		movs	r1, #100
 6761 002c 2000     		movs	r0, r4
 6762 002e FFF7FEFF 		bl	SPI_EndRxTxTransaction
 6763              	.LVL439:
3042:Drivers/STM32F0xx_HAL_Driver/Src/stm32f0xx_hal_spi.c ****     {
 6764              		.loc 1 3042 8 discriminator 1 view .LVU2086
 6765 0032 0028     		cmp	r0, #0
 6766 0034 03D0     		beq	.L408
3044:Drivers/STM32F0xx_HAL_Driver/Src/stm32f0xx_hal_spi.c ****     }
 6767              		.loc 1 3044 7 is_stmt 1 view .LVU2087
 6768 0036 236E     		ldr	r3, [r4, #96]
 6769 0038 2022     		movs	r2, #32
 6770 003a 1343     		orrs	r3, r2
 6771 003c 2366     		str	r3, [r4, #96]
 6772              	.L408:
3048:Drivers/STM32F0xx_HAL_Driver/Src/stm32f0xx_hal_spi.c ****     {
 6773              		.loc 1 3048 5 view .LVU2088
3048:Drivers/STM32F0xx_HAL_Driver/Src/stm32f0xx_hal_spi.c ****     {
 6774              		.loc 1 3048 19 is_stmt 0 view .LVU2089
 6775 003e A368     		ldr	r3, [r4, #8]
3048:Drivers/STM32F0xx_HAL_Driver/Src/stm32f0xx_hal_spi.c ****     {
 6776              		.loc 1 3048 8 view .LVU2090
 6777 0040 002B     		cmp	r3, #0
 6778 0042 06D1     		bne	.L409
3050:Drivers/STM32F0xx_HAL_Driver/Src/stm32f0xx_hal_spi.c ****     }
 6779              		.loc 1 3050 7 is_stmt 1 view .LVU2091
 6780              	.LBB6:
3050:Drivers/STM32F0xx_HAL_Driver/Src/stm32f0xx_hal_spi.c ****     }
 6781              		.loc 1 3050 7 view .LVU2092
 6782 0044 0193     		str	r3, [sp, #4]
3050:Drivers/STM32F0xx_HAL_Driver/Src/stm32f0xx_hal_spi.c ****     }
 6783              		.loc 1 3050 7 view .LVU2093
 6784 0046 2368     		ldr	r3, [r4]
 6785 0048 DA68     		ldr	r2, [r3, #12]
 6786 004a 0192     		str	r2, [sp, #4]
3050:Drivers/STM32F0xx_HAL_Driver/Src/stm32f0xx_hal_spi.c ****     }
 6787              		.loc 1 3050 7 view .LVU2094
 6788 004c 9B68     		ldr	r3, [r3, #8]
 6789 004e 0193     		str	r3, [sp, #4]
3050:Drivers/STM32F0xx_HAL_Driver/Src/stm32f0xx_hal_spi.c ****     }
 6790              		.loc 1 3050 7 view .LVU2095
 6791 0050 019B     		ldr	r3, [sp, #4]
 6792              	.L409:
 6793              	.LBE6:
3050:Drivers/STM32F0xx_HAL_Driver/Src/stm32f0xx_hal_spi.c ****     }
 6794              		.loc 1 3050 7 discriminator 1 view .LVU2096
3053:Drivers/STM32F0xx_HAL_Driver/Src/stm32f0xx_hal_spi.c ****     hspi->State = HAL_SPI_STATE_READY;
 6795              		.loc 1 3053 5 view .LVU2097
3053:Drivers/STM32F0xx_HAL_Driver/Src/stm32f0xx_hal_spi.c ****     hspi->State = HAL_SPI_STATE_READY;
 6796              		.loc 1 3053 23 is_stmt 0 view .LVU2098
 6797 0052 0023     		movs	r3, #0
ARM GAS  C:\Users\ADMINI~1\AppData\Local\Temp\ccrv5aWF.s 			page 230


 6798 0054 E387     		strh	r3, [r4, #62]
3054:Drivers/STM32F0xx_HAL_Driver/Src/stm32f0xx_hal_spi.c **** 
 6799              		.loc 1 3054 5 is_stmt 1 view .LVU2099
3054:Drivers/STM32F0xx_HAL_Driver/Src/stm32f0xx_hal_spi.c **** 
 6800              		.loc 1 3054 17 is_stmt 0 view .LVU2100
 6801 0056 5D33     		adds	r3, r3, #93
 6802 0058 0122     		movs	r2, #1
 6803 005a E254     		strb	r2, [r4, r3]
3056:Drivers/STM32F0xx_HAL_Driver/Src/stm32f0xx_hal_spi.c ****     {
 6804              		.loc 1 3056 5 is_stmt 1 view .LVU2101
3056:Drivers/STM32F0xx_HAL_Driver/Src/stm32f0xx_hal_spi.c ****     {
 6805              		.loc 1 3056 13 is_stmt 0 view .LVU2102
 6806 005c 236E     		ldr	r3, [r4, #96]
3056:Drivers/STM32F0xx_HAL_Driver/Src/stm32f0xx_hal_spi.c ****     {
 6807              		.loc 1 3056 8 view .LVU2103
 6808 005e 002B     		cmp	r3, #0
 6809 0060 04D1     		bne	.L412
 6810              	.L407:
3071:Drivers/STM32F0xx_HAL_Driver/Src/stm32f0xx_hal_spi.c **** #endif /* USE_HAL_SPI_REGISTER_CALLBACKS */
 6811              		.loc 1 3071 3 is_stmt 1 view .LVU2104
 6812 0062 2000     		movs	r0, r4
 6813 0064 FFF7FEFF 		bl	HAL_SPI_TxCpltCallback
 6814              	.LVL440:
 6815              	.L406:
3073:Drivers/STM32F0xx_HAL_Driver/Src/stm32f0xx_hal_spi.c **** 
 6816              		.loc 1 3073 1 is_stmt 0 view .LVU2105
 6817 0068 03B0     		add	sp, sp, #12
 6818              		@ sp needed
 6819              	.LVL441:
 6820              	.LVL442:
3073:Drivers/STM32F0xx_HAL_Driver/Src/stm32f0xx_hal_spi.c **** 
 6821              		.loc 1 3073 1 view .LVU2106
 6822 006a 30BD     		pop	{r4, r5, pc}
 6823              	.LVL443:
 6824              	.L412:
3062:Drivers/STM32F0xx_HAL_Driver/Src/stm32f0xx_hal_spi.c **** #endif /* USE_HAL_SPI_REGISTER_CALLBACKS */
 6825              		.loc 1 3062 7 is_stmt 1 view .LVU2107
 6826 006c 2000     		movs	r0, r4
 6827 006e FFF7FEFF 		bl	HAL_SPI_ErrorCallback
 6828              	.LVL444:
3064:Drivers/STM32F0xx_HAL_Driver/Src/stm32f0xx_hal_spi.c ****     }
 6829              		.loc 1 3064 7 view .LVU2108
 6830 0072 F9E7     		b	.L406
 6831              		.cfi_endproc
 6832              	.LFE69:
 6834              		.section	.text.SPI_DMAReceiveCplt,"ax",%progbits
 6835              		.align	1
 6836              		.syntax unified
 6837              		.code	16
 6838              		.thumb_func
 6840              	SPI_DMAReceiveCplt:
 6841              	.LVL445:
 6842              	.LFB70:
3082:Drivers/STM32F0xx_HAL_Driver/Src/stm32f0xx_hal_spi.c ****   SPI_HandleTypeDef *hspi = (SPI_HandleTypeDef *)(((DMA_HandleTypeDef *)hdma)->Parent); /* Derogati
 6843              		.loc 1 3082 1 view -0
 6844              		.cfi_startproc
 6845              		@ args = 0, pretend = 0, frame = 0
ARM GAS  C:\Users\ADMINI~1\AppData\Local\Temp\ccrv5aWF.s 			page 231


 6846              		@ frame_needed = 0, uses_anonymous_args = 0
3082:Drivers/STM32F0xx_HAL_Driver/Src/stm32f0xx_hal_spi.c ****   SPI_HandleTypeDef *hspi = (SPI_HandleTypeDef *)(((DMA_HandleTypeDef *)hdma)->Parent); /* Derogati
 6847              		.loc 1 3082 1 is_stmt 0 view .LVU2110
 6848 0000 70B5     		push	{r4, r5, r6, lr}
 6849              		.cfi_def_cfa_offset 16
 6850              		.cfi_offset 4, -16
 6851              		.cfi_offset 5, -12
 6852              		.cfi_offset 6, -8
 6853              		.cfi_offset 14, -4
 6854 0002 0500     		movs	r5, r0
3083:Drivers/STM32F0xx_HAL_Driver/Src/stm32f0xx_hal_spi.c ****   uint32_t tickstart;
 6855              		.loc 1 3083 3 is_stmt 1 view .LVU2111
3083:Drivers/STM32F0xx_HAL_Driver/Src/stm32f0xx_hal_spi.c ****   uint32_t tickstart;
 6856              		.loc 1 3083 22 is_stmt 0 view .LVU2112
 6857 0004 446A     		ldr	r4, [r0, #36]
 6858              	.LVL446:
3084:Drivers/STM32F0xx_HAL_Driver/Src/stm32f0xx_hal_spi.c **** #if (USE_SPI_CRC != 0U)
 6859              		.loc 1 3084 3 is_stmt 1 view .LVU2113
3092:Drivers/STM32F0xx_HAL_Driver/Src/stm32f0xx_hal_spi.c **** 
 6860              		.loc 1 3092 3 view .LVU2114
3092:Drivers/STM32F0xx_HAL_Driver/Src/stm32f0xx_hal_spi.c **** 
 6861              		.loc 1 3092 15 is_stmt 0 view .LVU2115
 6862 0006 FFF7FEFF 		bl	HAL_GetTick
 6863              	.LVL447:
3092:Drivers/STM32F0xx_HAL_Driver/Src/stm32f0xx_hal_spi.c **** 
 6864              		.loc 1 3092 15 view .LVU2116
 6865 000a 0200     		movs	r2, r0
 6866              	.LVL448:
3095:Drivers/STM32F0xx_HAL_Driver/Src/stm32f0xx_hal_spi.c ****   {
 6867              		.loc 1 3095 3 is_stmt 1 view .LVU2117
3095:Drivers/STM32F0xx_HAL_Driver/Src/stm32f0xx_hal_spi.c ****   {
 6868              		.loc 1 3095 12 is_stmt 0 view .LVU2118
 6869 000c 2B68     		ldr	r3, [r5]
3095:Drivers/STM32F0xx_HAL_Driver/Src/stm32f0xx_hal_spi.c ****   {
 6870              		.loc 1 3095 22 view .LVU2119
 6871 000e 1B68     		ldr	r3, [r3]
3095:Drivers/STM32F0xx_HAL_Driver/Src/stm32f0xx_hal_spi.c ****   {
 6872              		.loc 1 3095 6 view .LVU2120
 6873 0010 9B06     		lsls	r3, r3, #26
 6874 0012 22D4     		bmi	.L414
3098:Drivers/STM32F0xx_HAL_Driver/Src/stm32f0xx_hal_spi.c **** 
 6875              		.loc 1 3098 5 is_stmt 1 view .LVU2121
 6876 0014 2168     		ldr	r1, [r4]
 6877 0016 4B68     		ldr	r3, [r1, #4]
 6878 0018 2020     		movs	r0, #32
 6879              	.LVL449:
3098:Drivers/STM32F0xx_HAL_Driver/Src/stm32f0xx_hal_spi.c **** 
 6880              		.loc 1 3098 5 is_stmt 0 view .LVU2122
 6881 001a 8343     		bics	r3, r0
 6882 001c 4B60     		str	r3, [r1, #4]
3144:Drivers/STM32F0xx_HAL_Driver/Src/stm32f0xx_hal_spi.c ****     {
 6883              		.loc 1 3144 5 is_stmt 1 view .LVU2123
3144:Drivers/STM32F0xx_HAL_Driver/Src/stm32f0xx_hal_spi.c ****     {
 6884              		.loc 1 3144 20 is_stmt 0 view .LVU2124
 6885 001e A368     		ldr	r3, [r4, #8]
3144:Drivers/STM32F0xx_HAL_Driver/Src/stm32f0xx_hal_spi.c ****     {
 6886              		.loc 1 3144 8 view .LVU2125
ARM GAS  C:\Users\ADMINI~1\AppData\Local\Temp\ccrv5aWF.s 			page 232


 6887 0020 002B     		cmp	r3, #0
 6888 0022 04D1     		bne	.L415
3144:Drivers/STM32F0xx_HAL_Driver/Src/stm32f0xx_hal_spi.c ****     {
 6889              		.loc 1 3144 70 discriminator 1 view .LVU2126
 6890 0024 6168     		ldr	r1, [r4, #4]
3144:Drivers/STM32F0xx_HAL_Driver/Src/stm32f0xx_hal_spi.c ****     {
 6891              		.loc 1 3144 56 discriminator 1 view .LVU2127
 6892 0026 0533     		adds	r3, r3, #5
 6893 0028 FF33     		adds	r3, r3, #255
 6894 002a 9942     		cmp	r1, r3
 6895 002c 19D0     		beq	.L420
 6896              	.L415:
3152:Drivers/STM32F0xx_HAL_Driver/Src/stm32f0xx_hal_spi.c ****     }
 6897              		.loc 1 3152 7 is_stmt 1 view .LVU2128
 6898 002e 2168     		ldr	r1, [r4]
 6899 0030 4B68     		ldr	r3, [r1, #4]
 6900 0032 0120     		movs	r0, #1
 6901 0034 8343     		bics	r3, r0
 6902 0036 4B60     		str	r3, [r1, #4]
 6903              	.L416:
3156:Drivers/STM32F0xx_HAL_Driver/Src/stm32f0xx_hal_spi.c ****     {
 6904              		.loc 1 3156 5 view .LVU2129
3156:Drivers/STM32F0xx_HAL_Driver/Src/stm32f0xx_hal_spi.c ****     {
 6905              		.loc 1 3156 9 is_stmt 0 view .LVU2130
 6906 0038 6421     		movs	r1, #100
 6907 003a 2000     		movs	r0, r4
 6908 003c FFF7FEFF 		bl	SPI_EndRxTransaction
 6909              	.LVL450:
3156:Drivers/STM32F0xx_HAL_Driver/Src/stm32f0xx_hal_spi.c ****     {
 6910              		.loc 1 3156 8 discriminator 1 view .LVU2131
 6911 0040 0028     		cmp	r0, #0
 6912 0042 01D0     		beq	.L417
3158:Drivers/STM32F0xx_HAL_Driver/Src/stm32f0xx_hal_spi.c ****     }
 6913              		.loc 1 3158 7 is_stmt 1 view .LVU2132
3158:Drivers/STM32F0xx_HAL_Driver/Src/stm32f0xx_hal_spi.c ****     }
 6914              		.loc 1 3158 23 is_stmt 0 view .LVU2133
 6915 0044 2023     		movs	r3, #32
 6916 0046 2366     		str	r3, [r4, #96]
 6917              	.L417:
3161:Drivers/STM32F0xx_HAL_Driver/Src/stm32f0xx_hal_spi.c ****     hspi->State = HAL_SPI_STATE_READY;
 6918              		.loc 1 3161 5 is_stmt 1 view .LVU2134
3161:Drivers/STM32F0xx_HAL_Driver/Src/stm32f0xx_hal_spi.c ****     hspi->State = HAL_SPI_STATE_READY;
 6919              		.loc 1 3161 23 is_stmt 0 view .LVU2135
 6920 0048 4623     		movs	r3, #70
 6921 004a 0022     		movs	r2, #0
 6922 004c E252     		strh	r2, [r4, r3]
3162:Drivers/STM32F0xx_HAL_Driver/Src/stm32f0xx_hal_spi.c **** 
 6923              		.loc 1 3162 5 is_stmt 1 view .LVU2136
3162:Drivers/STM32F0xx_HAL_Driver/Src/stm32f0xx_hal_spi.c **** 
 6924              		.loc 1 3162 17 is_stmt 0 view .LVU2137
 6925 004e 1733     		adds	r3, r3, #23
 6926 0050 0132     		adds	r2, r2, #1
 6927 0052 E254     		strb	r2, [r4, r3]
3173:Drivers/STM32F0xx_HAL_Driver/Src/stm32f0xx_hal_spi.c ****     {
 6928              		.loc 1 3173 5 is_stmt 1 view .LVU2138
3173:Drivers/STM32F0xx_HAL_Driver/Src/stm32f0xx_hal_spi.c ****     {
 6929              		.loc 1 3173 13 is_stmt 0 view .LVU2139
ARM GAS  C:\Users\ADMINI~1\AppData\Local\Temp\ccrv5aWF.s 			page 233


 6930 0054 236E     		ldr	r3, [r4, #96]
3173:Drivers/STM32F0xx_HAL_Driver/Src/stm32f0xx_hal_spi.c ****     {
 6931              		.loc 1 3173 8 view .LVU2140
 6932 0056 002B     		cmp	r3, #0
 6933 0058 09D1     		bne	.L421
 6934              	.L414:
3188:Drivers/STM32F0xx_HAL_Driver/Src/stm32f0xx_hal_spi.c **** #endif /* USE_HAL_SPI_REGISTER_CALLBACKS */
 6935              		.loc 1 3188 3 is_stmt 1 view .LVU2141
 6936 005a 2000     		movs	r0, r4
 6937 005c FFF7FEFF 		bl	HAL_SPI_RxCpltCallback
 6938              	.LVL451:
 6939              	.L413:
3190:Drivers/STM32F0xx_HAL_Driver/Src/stm32f0xx_hal_spi.c **** 
 6940              		.loc 1 3190 1 is_stmt 0 view .LVU2142
 6941              		@ sp needed
 6942              	.LVL452:
 6943              	.LVL453:
3190:Drivers/STM32F0xx_HAL_Driver/Src/stm32f0xx_hal_spi.c **** 
 6944              		.loc 1 3190 1 view .LVU2143
 6945 0060 70BD     		pop	{r4, r5, r6, pc}
 6946              	.LVL454:
 6947              	.L420:
3147:Drivers/STM32F0xx_HAL_Driver/Src/stm32f0xx_hal_spi.c ****     }
 6948              		.loc 1 3147 7 is_stmt 1 view .LVU2144
 6949 0062 2168     		ldr	r1, [r4]
 6950 0064 4B68     		ldr	r3, [r1, #4]
 6951 0066 1D38     		subs	r0, r0, #29
 6952 0068 8343     		bics	r3, r0
 6953 006a 4B60     		str	r3, [r1, #4]
 6954 006c E4E7     		b	.L416
 6955              	.LVL455:
 6956              	.L421:
3179:Drivers/STM32F0xx_HAL_Driver/Src/stm32f0xx_hal_spi.c **** #endif /* USE_HAL_SPI_REGISTER_CALLBACKS */
 6957              		.loc 1 3179 7 view .LVU2145
 6958 006e 2000     		movs	r0, r4
 6959 0070 FFF7FEFF 		bl	HAL_SPI_ErrorCallback
 6960              	.LVL456:
3181:Drivers/STM32F0xx_HAL_Driver/Src/stm32f0xx_hal_spi.c ****     }
 6961              		.loc 1 3181 7 view .LVU2146
 6962 0074 F4E7     		b	.L413
 6963              		.cfi_endproc
 6964              	.LFE70:
 6966              		.section	.text.SPI_DMATransmitReceiveCplt,"ax",%progbits
 6967              		.align	1
 6968              		.syntax unified
 6969              		.code	16
 6970              		.thumb_func
 6972              	SPI_DMATransmitReceiveCplt:
 6973              	.LVL457:
 6974              	.LFB71:
3199:Drivers/STM32F0xx_HAL_Driver/Src/stm32f0xx_hal_spi.c ****   SPI_HandleTypeDef *hspi = (SPI_HandleTypeDef *)(((DMA_HandleTypeDef *)hdma)->Parent); /* Derogati
 6975              		.loc 1 3199 1 view -0
 6976              		.cfi_startproc
 6977              		@ args = 0, pretend = 0, frame = 0
 6978              		@ frame_needed = 0, uses_anonymous_args = 0
3199:Drivers/STM32F0xx_HAL_Driver/Src/stm32f0xx_hal_spi.c ****   SPI_HandleTypeDef *hspi = (SPI_HandleTypeDef *)(((DMA_HandleTypeDef *)hdma)->Parent); /* Derogati
 6979              		.loc 1 3199 1 is_stmt 0 view .LVU2148
ARM GAS  C:\Users\ADMINI~1\AppData\Local\Temp\ccrv5aWF.s 			page 234


 6980 0000 70B5     		push	{r4, r5, r6, lr}
 6981              		.cfi_def_cfa_offset 16
 6982              		.cfi_offset 4, -16
 6983              		.cfi_offset 5, -12
 6984              		.cfi_offset 6, -8
 6985              		.cfi_offset 14, -4
 6986 0002 0500     		movs	r5, r0
3200:Drivers/STM32F0xx_HAL_Driver/Src/stm32f0xx_hal_spi.c ****   uint32_t tickstart;
 6987              		.loc 1 3200 3 is_stmt 1 view .LVU2149
3200:Drivers/STM32F0xx_HAL_Driver/Src/stm32f0xx_hal_spi.c ****   uint32_t tickstart;
 6988              		.loc 1 3200 22 is_stmt 0 view .LVU2150
 6989 0004 446A     		ldr	r4, [r0, #36]
 6990              	.LVL458:
3201:Drivers/STM32F0xx_HAL_Driver/Src/stm32f0xx_hal_spi.c **** #if (USE_SPI_CRC != 0U)
 6991              		.loc 1 3201 3 is_stmt 1 view .LVU2151
3209:Drivers/STM32F0xx_HAL_Driver/Src/stm32f0xx_hal_spi.c **** 
 6992              		.loc 1 3209 3 view .LVU2152
3209:Drivers/STM32F0xx_HAL_Driver/Src/stm32f0xx_hal_spi.c **** 
 6993              		.loc 1 3209 15 is_stmt 0 view .LVU2153
 6994 0006 FFF7FEFF 		bl	HAL_GetTick
 6995              	.LVL459:
3209:Drivers/STM32F0xx_HAL_Driver/Src/stm32f0xx_hal_spi.c **** 
 6996              		.loc 1 3209 15 view .LVU2154
 6997 000a 0200     		movs	r2, r0
 6998              	.LVL460:
3212:Drivers/STM32F0xx_HAL_Driver/Src/stm32f0xx_hal_spi.c ****   {
 6999              		.loc 1 3212 3 is_stmt 1 view .LVU2155
3212:Drivers/STM32F0xx_HAL_Driver/Src/stm32f0xx_hal_spi.c ****   {
 7000              		.loc 1 3212 12 is_stmt 0 view .LVU2156
 7001 000c 2B68     		ldr	r3, [r5]
3212:Drivers/STM32F0xx_HAL_Driver/Src/stm32f0xx_hal_spi.c ****   {
 7002              		.loc 1 3212 22 view .LVU2157
 7003 000e 1B68     		ldr	r3, [r3]
3212:Drivers/STM32F0xx_HAL_Driver/Src/stm32f0xx_hal_spi.c ****   {
 7004              		.loc 1 3212 6 view .LVU2158
 7005 0010 9B06     		lsls	r3, r3, #26
 7006 0012 1DD4     		bmi	.L423
3215:Drivers/STM32F0xx_HAL_Driver/Src/stm32f0xx_hal_spi.c **** 
 7007              		.loc 1 3215 5 is_stmt 1 view .LVU2159
 7008 0014 2168     		ldr	r1, [r4]
 7009 0016 4B68     		ldr	r3, [r1, #4]
 7010 0018 2020     		movs	r0, #32
 7011              	.LVL461:
3215:Drivers/STM32F0xx_HAL_Driver/Src/stm32f0xx_hal_spi.c **** 
 7012              		.loc 1 3215 5 is_stmt 0 view .LVU2160
 7013 001a 8343     		bics	r3, r0
 7014 001c 4B60     		str	r3, [r1, #4]
3252:Drivers/STM32F0xx_HAL_Driver/Src/stm32f0xx_hal_spi.c ****     {
 7015              		.loc 1 3252 5 is_stmt 1 view .LVU2161
3252:Drivers/STM32F0xx_HAL_Driver/Src/stm32f0xx_hal_spi.c ****     {
 7016              		.loc 1 3252 9 is_stmt 0 view .LVU2162
 7017 001e 6421     		movs	r1, #100
 7018 0020 2000     		movs	r0, r4
 7019 0022 FFF7FEFF 		bl	SPI_EndRxTxTransaction
 7020              	.LVL462:
3252:Drivers/STM32F0xx_HAL_Driver/Src/stm32f0xx_hal_spi.c ****     {
 7021              		.loc 1 3252 8 discriminator 1 view .LVU2163
ARM GAS  C:\Users\ADMINI~1\AppData\Local\Temp\ccrv5aWF.s 			page 235


 7022 0026 0028     		cmp	r0, #0
 7023 0028 03D0     		beq	.L424
3254:Drivers/STM32F0xx_HAL_Driver/Src/stm32f0xx_hal_spi.c ****     }
 7024              		.loc 1 3254 7 is_stmt 1 view .LVU2164
 7025 002a 236E     		ldr	r3, [r4, #96]
 7026 002c 2022     		movs	r2, #32
 7027 002e 1343     		orrs	r3, r2
 7028 0030 2366     		str	r3, [r4, #96]
 7029              	.L424:
3258:Drivers/STM32F0xx_HAL_Driver/Src/stm32f0xx_hal_spi.c **** 
 7030              		.loc 1 3258 5 view .LVU2165
 7031 0032 2268     		ldr	r2, [r4]
 7032 0034 5368     		ldr	r3, [r2, #4]
 7033 0036 0321     		movs	r1, #3
 7034 0038 8B43     		bics	r3, r1
 7035 003a 5360     		str	r3, [r2, #4]
3260:Drivers/STM32F0xx_HAL_Driver/Src/stm32f0xx_hal_spi.c ****     hspi->RxXferCount = 0U;
 7036              		.loc 1 3260 5 view .LVU2166
3260:Drivers/STM32F0xx_HAL_Driver/Src/stm32f0xx_hal_spi.c ****     hspi->RxXferCount = 0U;
 7037              		.loc 1 3260 23 is_stmt 0 view .LVU2167
 7038 003c 0023     		movs	r3, #0
 7039 003e E387     		strh	r3, [r4, #62]
3261:Drivers/STM32F0xx_HAL_Driver/Src/stm32f0xx_hal_spi.c ****     hspi->State = HAL_SPI_STATE_READY;
 7040              		.loc 1 3261 5 is_stmt 1 view .LVU2168
3261:Drivers/STM32F0xx_HAL_Driver/Src/stm32f0xx_hal_spi.c ****     hspi->State = HAL_SPI_STATE_READY;
 7041              		.loc 1 3261 23 is_stmt 0 view .LVU2169
 7042 0040 4622     		movs	r2, #70
 7043 0042 A352     		strh	r3, [r4, r2]
3262:Drivers/STM32F0xx_HAL_Driver/Src/stm32f0xx_hal_spi.c **** 
 7044              		.loc 1 3262 5 is_stmt 1 view .LVU2170
3262:Drivers/STM32F0xx_HAL_Driver/Src/stm32f0xx_hal_spi.c **** 
 7045              		.loc 1 3262 17 is_stmt 0 view .LVU2171
 7046 0044 5D33     		adds	r3, r3, #93
 7047 0046 453A     		subs	r2, r2, #69
 7048 0048 E254     		strb	r2, [r4, r3]
3273:Drivers/STM32F0xx_HAL_Driver/Src/stm32f0xx_hal_spi.c ****     {
 7049              		.loc 1 3273 5 is_stmt 1 view .LVU2172
3273:Drivers/STM32F0xx_HAL_Driver/Src/stm32f0xx_hal_spi.c ****     {
 7050              		.loc 1 3273 13 is_stmt 0 view .LVU2173
 7051 004a 236E     		ldr	r3, [r4, #96]
3273:Drivers/STM32F0xx_HAL_Driver/Src/stm32f0xx_hal_spi.c ****     {
 7052              		.loc 1 3273 8 view .LVU2174
 7053 004c 002B     		cmp	r3, #0
 7054 004e 03D1     		bne	.L427
 7055              	.L423:
3288:Drivers/STM32F0xx_HAL_Driver/Src/stm32f0xx_hal_spi.c **** #endif /* USE_HAL_SPI_REGISTER_CALLBACKS */
 7056              		.loc 1 3288 3 is_stmt 1 view .LVU2175
 7057 0050 2000     		movs	r0, r4
 7058 0052 FFF7FEFF 		bl	HAL_SPI_TxRxCpltCallback
 7059              	.LVL463:
 7060              	.L422:
3290:Drivers/STM32F0xx_HAL_Driver/Src/stm32f0xx_hal_spi.c **** 
 7061              		.loc 1 3290 1 is_stmt 0 view .LVU2176
 7062              		@ sp needed
 7063              	.LVL464:
 7064              	.LVL465:
3290:Drivers/STM32F0xx_HAL_Driver/Src/stm32f0xx_hal_spi.c **** 
ARM GAS  C:\Users\ADMINI~1\AppData\Local\Temp\ccrv5aWF.s 			page 236


 7065              		.loc 1 3290 1 view .LVU2177
 7066 0056 70BD     		pop	{r4, r5, r6, pc}
 7067              	.LVL466:
 7068              	.L427:
3279:Drivers/STM32F0xx_HAL_Driver/Src/stm32f0xx_hal_spi.c **** #endif /* USE_HAL_SPI_REGISTER_CALLBACKS */
 7069              		.loc 1 3279 7 is_stmt 1 view .LVU2178
 7070 0058 2000     		movs	r0, r4
 7071 005a FFF7FEFF 		bl	HAL_SPI_ErrorCallback
 7072              	.LVL467:
3281:Drivers/STM32F0xx_HAL_Driver/Src/stm32f0xx_hal_spi.c ****     }
 7073              		.loc 1 3281 7 view .LVU2179
 7074 005e FAE7     		b	.L422
 7075              		.cfi_endproc
 7076              	.LFE71:
 7078              		.section	.text.HAL_SPI_IRQHandler,"ax",%progbits
 7079              		.align	1
 7080              		.global	HAL_SPI_IRQHandler
 7081              		.syntax unified
 7082              		.code	16
 7083              		.thumb_func
 7085              	HAL_SPI_IRQHandler:
 7086              	.LVL468:
 7087              	.LFB58:
2732:Drivers/STM32F0xx_HAL_Driver/Src/stm32f0xx_hal_spi.c ****   uint32_t itsource = hspi->Instance->CR2;
 7088              		.loc 1 2732 1 view -0
 7089              		.cfi_startproc
 7090              		@ args = 0, pretend = 0, frame = 16
 7091              		@ frame_needed = 0, uses_anonymous_args = 0
2732:Drivers/STM32F0xx_HAL_Driver/Src/stm32f0xx_hal_spi.c ****   uint32_t itsource = hspi->Instance->CR2;
 7092              		.loc 1 2732 1 is_stmt 0 view .LVU2181
 7093 0000 F0B5     		push	{r4, r5, r6, r7, lr}
 7094              		.cfi_def_cfa_offset 20
 7095              		.cfi_offset 4, -20
 7096              		.cfi_offset 5, -16
 7097              		.cfi_offset 6, -12
 7098              		.cfi_offset 7, -8
 7099              		.cfi_offset 14, -4
 7100 0002 85B0     		sub	sp, sp, #20
 7101              		.cfi_def_cfa_offset 40
 7102 0004 0400     		movs	r4, r0
2733:Drivers/STM32F0xx_HAL_Driver/Src/stm32f0xx_hal_spi.c ****   uint32_t itflag   = hspi->Instance->SR;
 7103              		.loc 1 2733 3 is_stmt 1 view .LVU2182
2733:Drivers/STM32F0xx_HAL_Driver/Src/stm32f0xx_hal_spi.c ****   uint32_t itflag   = hspi->Instance->SR;
 7104              		.loc 1 2733 27 is_stmt 0 view .LVU2183
 7105 0006 0268     		ldr	r2, [r0]
2733:Drivers/STM32F0xx_HAL_Driver/Src/stm32f0xx_hal_spi.c ****   uint32_t itflag   = hspi->Instance->SR;
 7106              		.loc 1 2733 12 view .LVU2184
 7107 0008 5568     		ldr	r5, [r2, #4]
 7108              	.LVL469:
2734:Drivers/STM32F0xx_HAL_Driver/Src/stm32f0xx_hal_spi.c **** 
 7109              		.loc 1 2734 3 is_stmt 1 view .LVU2185
2734:Drivers/STM32F0xx_HAL_Driver/Src/stm32f0xx_hal_spi.c **** 
 7110              		.loc 1 2734 12 is_stmt 0 view .LVU2186
 7111 000a 9368     		ldr	r3, [r2, #8]
 7112              	.LVL470:
2737:Drivers/STM32F0xx_HAL_Driver/Src/stm32f0xx_hal_spi.c ****       (SPI_CHECK_FLAG(itflag, SPI_FLAG_RXNE) != RESET) && (SPI_CHECK_IT_SOURCE(itsource, SPI_IT_RXN
 7113              		.loc 1 2737 3 is_stmt 1 view .LVU2187
ARM GAS  C:\Users\ADMINI~1\AppData\Local\Temp\ccrv5aWF.s 			page 237


2737:Drivers/STM32F0xx_HAL_Driver/Src/stm32f0xx_hal_spi.c ****       (SPI_CHECK_FLAG(itflag, SPI_FLAG_RXNE) != RESET) && (SPI_CHECK_IT_SOURCE(itsource, SPI_IT_RXN
 7114              		.loc 1 2737 8 is_stmt 0 view .LVU2188
 7115 000c 9909     		lsrs	r1, r3, #6
 7116 000e 0120     		movs	r0, #1
 7117              	.LVL471:
2737:Drivers/STM32F0xx_HAL_Driver/Src/stm32f0xx_hal_spi.c ****       (SPI_CHECK_FLAG(itflag, SPI_FLAG_RXNE) != RESET) && (SPI_CHECK_IT_SOURCE(itsource, SPI_IT_RXN
 7118              		.loc 1 2737 8 view .LVU2189
 7119 0010 0600     		movs	r6, r0
 7120 0012 0E40     		ands	r6, r1
2737:Drivers/STM32F0xx_HAL_Driver/Src/stm32f0xx_hal_spi.c ****       (SPI_CHECK_FLAG(itflag, SPI_FLAG_RXNE) != RESET) && (SPI_CHECK_IT_SOURCE(itsource, SPI_IT_RXN
 7121              		.loc 1 2737 6 view .LVU2190
 7122 0014 0842     		tst	r0, r1
 7123 0016 03D1     		bne	.L429
2737:Drivers/STM32F0xx_HAL_Driver/Src/stm32f0xx_hal_spi.c ****       (SPI_CHECK_FLAG(itflag, SPI_FLAG_RXNE) != RESET) && (SPI_CHECK_IT_SOURCE(itsource, SPI_IT_RXN
 7124              		.loc 1 2737 55 discriminator 1 view .LVU2191
 7125 0018 D907     		lsls	r1, r3, #31
 7126 001a 01D5     		bpl	.L429
2738:Drivers/STM32F0xx_HAL_Driver/Src/stm32f0xx_hal_spi.c ****   {
 7127              		.loc 1 2738 56 view .LVU2192
 7128 001c 6906     		lsls	r1, r5, #25
 7129 001e 6AD4     		bmi	.L447
 7130              	.L429:
2745:Drivers/STM32F0xx_HAL_Driver/Src/stm32f0xx_hal_spi.c ****   {
 7131              		.loc 1 2745 3 is_stmt 1 view .LVU2193
2745:Drivers/STM32F0xx_HAL_Driver/Src/stm32f0xx_hal_spi.c ****   {
 7132              		.loc 1 2745 6 is_stmt 0 view .LVU2194
 7133 0020 9907     		lsls	r1, r3, #30
 7134 0022 01D5     		bpl	.L431
2745:Drivers/STM32F0xx_HAL_Driver/Src/stm32f0xx_hal_spi.c ****   {
 7135              		.loc 1 2745 55 discriminator 1 view .LVU2195
 7136 0024 2906     		lsls	r1, r5, #24
 7137 0026 6AD4     		bmi	.L448
 7138              	.L431:
2752:Drivers/STM32F0xx_HAL_Driver/Src/stm32f0xx_hal_spi.c ****        || (SPI_CHECK_FLAG(itflag, SPI_FLAG_FRE) != RESET)) && (SPI_CHECK_IT_SOURCE(itsource, SPI_IT
 7139              		.loc 1 2752 3 is_stmt 1 view .LVU2196
2752:Drivers/STM32F0xx_HAL_Driver/Src/stm32f0xx_hal_spi.c ****        || (SPI_CHECK_FLAG(itflag, SPI_FLAG_FRE) != RESET)) && (SPI_CHECK_IT_SOURCE(itsource, SPI_IT
 7140              		.loc 1 2752 9 is_stmt 0 view .LVU2197
 7141 0028 5909     		lsrs	r1, r3, #5
 7142 002a 0120     		movs	r0, #1
 7143 002c 0700     		movs	r7, r0
 7144 002e 0F40     		ands	r7, r1
2752:Drivers/STM32F0xx_HAL_Driver/Src/stm32f0xx_hal_spi.c ****        || (SPI_CHECK_FLAG(itflag, SPI_FLAG_FRE) != RESET)) && (SPI_CHECK_IT_SOURCE(itsource, SPI_IT
 7145              		.loc 1 2752 6 view .LVU2198
 7146 0030 0842     		tst	r0, r1
 7147 0032 03D1     		bne	.L432
2752:Drivers/STM32F0xx_HAL_Driver/Src/stm32f0xx_hal_spi.c ****        || (SPI_CHECK_FLAG(itflag, SPI_FLAG_FRE) != RESET)) && (SPI_CHECK_IT_SOURCE(itsource, SPI_IT
 7148              		.loc 1 2752 57 discriminator 1 view .LVU2199
 7149 0034 002E     		cmp	r6, #0
 7150 0036 01D1     		bne	.L432
2753:Drivers/STM32F0xx_HAL_Driver/Src/stm32f0xx_hal_spi.c ****   {
 7151              		.loc 1 2753 8 view .LVU2200
 7152 0038 D905     		lsls	r1, r3, #23
 7153 003a 63D5     		bpl	.L428
 7154              	.L432:
2753:Drivers/STM32F0xx_HAL_Driver/Src/stm32f0xx_hal_spi.c ****   {
 7155              		.loc 1 2753 60 discriminator 1 view .LVU2201
 7156 003c A906     		lsls	r1, r5, #26
ARM GAS  C:\Users\ADMINI~1\AppData\Local\Temp\ccrv5aWF.s 			page 238


 7157 003e 61D5     		bpl	.L428
2756:Drivers/STM32F0xx_HAL_Driver/Src/stm32f0xx_hal_spi.c ****     {
 7158              		.loc 1 2756 5 is_stmt 1 view .LVU2202
2756:Drivers/STM32F0xx_HAL_Driver/Src/stm32f0xx_hal_spi.c ****     {
 7159              		.loc 1 2756 8 is_stmt 0 view .LVU2203
 7160 0040 002E     		cmp	r6, #0
 7161 0042 0ED0     		beq	.L433
2758:Drivers/STM32F0xx_HAL_Driver/Src/stm32f0xx_hal_spi.c ****       {
 7162              		.loc 1 2758 7 is_stmt 1 view .LVU2204
2758:Drivers/STM32F0xx_HAL_Driver/Src/stm32f0xx_hal_spi.c ****       {
 7163              		.loc 1 2758 15 is_stmt 0 view .LVU2205
 7164 0044 5D21     		movs	r1, #93
 7165 0046 615C     		ldrb	r1, [r4, r1]
2758:Drivers/STM32F0xx_HAL_Driver/Src/stm32f0xx_hal_spi.c ****       {
 7166              		.loc 1 2758 10 view .LVU2206
 7167 0048 0329     		cmp	r1, #3
 7168 004a 5DD0     		beq	.L434
2760:Drivers/STM32F0xx_HAL_Driver/Src/stm32f0xx_hal_spi.c ****         __HAL_SPI_CLEAR_OVRFLAG(hspi);
 7169              		.loc 1 2760 9 is_stmt 1 view .LVU2207
 7170 004c 216E     		ldr	r1, [r4, #96]
 7171 004e 0420     		movs	r0, #4
 7172 0050 0143     		orrs	r1, r0
 7173 0052 2166     		str	r1, [r4, #96]
2761:Drivers/STM32F0xx_HAL_Driver/Src/stm32f0xx_hal_spi.c ****       }
 7174              		.loc 1 2761 9 view .LVU2208
 7175              	.LBB7:
2761:Drivers/STM32F0xx_HAL_Driver/Src/stm32f0xx_hal_spi.c ****       }
 7176              		.loc 1 2761 9 view .LVU2209
 7177 0054 0021     		movs	r1, #0
 7178 0056 0091     		str	r1, [sp]
2761:Drivers/STM32F0xx_HAL_Driver/Src/stm32f0xx_hal_spi.c ****       }
 7179              		.loc 1 2761 9 view .LVU2210
 7180 0058 D168     		ldr	r1, [r2, #12]
 7181 005a 0091     		str	r1, [sp]
2761:Drivers/STM32F0xx_HAL_Driver/Src/stm32f0xx_hal_spi.c ****       }
 7182              		.loc 1 2761 9 view .LVU2211
 7183 005c 9168     		ldr	r1, [r2, #8]
 7184 005e 0091     		str	r1, [sp]
2761:Drivers/STM32F0xx_HAL_Driver/Src/stm32f0xx_hal_spi.c ****       }
 7185              		.loc 1 2761 9 view .LVU2212
 7186 0060 0099     		ldr	r1, [sp]
 7187              	.LBE7:
2761:Drivers/STM32F0xx_HAL_Driver/Src/stm32f0xx_hal_spi.c ****       }
 7188              		.loc 1 2761 9 view .LVU2213
 7189              	.L433:
2771:Drivers/STM32F0xx_HAL_Driver/Src/stm32f0xx_hal_spi.c ****     {
 7190              		.loc 1 2771 5 view .LVU2214
2771:Drivers/STM32F0xx_HAL_Driver/Src/stm32f0xx_hal_spi.c ****     {
 7191              		.loc 1 2771 8 is_stmt 0 view .LVU2215
 7192 0062 002F     		cmp	r7, #0
 7193 0064 0CD0     		beq	.L435
2773:Drivers/STM32F0xx_HAL_Driver/Src/stm32f0xx_hal_spi.c ****       __HAL_SPI_CLEAR_MODFFLAG(hspi);
 7194              		.loc 1 2773 7 is_stmt 1 view .LVU2216
 7195 0066 216E     		ldr	r1, [r4, #96]
 7196 0068 0120     		movs	r0, #1
 7197 006a 0143     		orrs	r1, r0
 7198 006c 2166     		str	r1, [r4, #96]
ARM GAS  C:\Users\ADMINI~1\AppData\Local\Temp\ccrv5aWF.s 			page 239


2774:Drivers/STM32F0xx_HAL_Driver/Src/stm32f0xx_hal_spi.c ****     }
 7199              		.loc 1 2774 7 view .LVU2217
 7200              	.LBB8:
2774:Drivers/STM32F0xx_HAL_Driver/Src/stm32f0xx_hal_spi.c ****     }
 7201              		.loc 1 2774 7 view .LVU2218
 7202 006e 0021     		movs	r1, #0
 7203 0070 0291     		str	r1, [sp, #8]
2774:Drivers/STM32F0xx_HAL_Driver/Src/stm32f0xx_hal_spi.c ****     }
 7204              		.loc 1 2774 7 view .LVU2219
 7205 0072 9168     		ldr	r1, [r2, #8]
 7206 0074 0291     		str	r1, [sp, #8]
2774:Drivers/STM32F0xx_HAL_Driver/Src/stm32f0xx_hal_spi.c ****     }
 7207              		.loc 1 2774 7 view .LVU2220
 7208 0076 1168     		ldr	r1, [r2]
 7209 0078 3F30     		adds	r0, r0, #63
 7210 007a 8143     		bics	r1, r0
 7211 007c 1160     		str	r1, [r2]
2774:Drivers/STM32F0xx_HAL_Driver/Src/stm32f0xx_hal_spi.c ****     }
 7212              		.loc 1 2774 7 view .LVU2221
 7213 007e 029A     		ldr	r2, [sp, #8]
 7214              	.L435:
2774:Drivers/STM32F0xx_HAL_Driver/Src/stm32f0xx_hal_spi.c ****     }
 7215              		.loc 1 2774 7 is_stmt 0 view .LVU2222
 7216              	.LBE8:
2774:Drivers/STM32F0xx_HAL_Driver/Src/stm32f0xx_hal_spi.c ****     }
 7217              		.loc 1 2774 7 is_stmt 1 discriminator 1 view .LVU2223
2778:Drivers/STM32F0xx_HAL_Driver/Src/stm32f0xx_hal_spi.c ****     {
 7218              		.loc 1 2778 5 view .LVU2224
2778:Drivers/STM32F0xx_HAL_Driver/Src/stm32f0xx_hal_spi.c ****     {
 7219              		.loc 1 2778 8 is_stmt 0 view .LVU2225
 7220 0080 DB05     		lsls	r3, r3, #23
 7221 0082 09D5     		bpl	.L436
 7222              	.LVL472:
2780:Drivers/STM32F0xx_HAL_Driver/Src/stm32f0xx_hal_spi.c ****       __HAL_SPI_CLEAR_FREFLAG(hspi);
 7223              		.loc 1 2780 7 is_stmt 1 view .LVU2226
 7224 0084 236E     		ldr	r3, [r4, #96]
 7225 0086 0822     		movs	r2, #8
 7226 0088 1343     		orrs	r3, r2
 7227 008a 2366     		str	r3, [r4, #96]
2781:Drivers/STM32F0xx_HAL_Driver/Src/stm32f0xx_hal_spi.c ****     }
 7228              		.loc 1 2781 7 view .LVU2227
 7229              	.LBB9:
2781:Drivers/STM32F0xx_HAL_Driver/Src/stm32f0xx_hal_spi.c ****     }
 7230              		.loc 1 2781 7 view .LVU2228
 7231 008c 0023     		movs	r3, #0
 7232 008e 0393     		str	r3, [sp, #12]
2781:Drivers/STM32F0xx_HAL_Driver/Src/stm32f0xx_hal_spi.c ****     }
 7233              		.loc 1 2781 7 view .LVU2229
 7234 0090 2368     		ldr	r3, [r4]
 7235 0092 9B68     		ldr	r3, [r3, #8]
 7236 0094 0393     		str	r3, [sp, #12]
2781:Drivers/STM32F0xx_HAL_Driver/Src/stm32f0xx_hal_spi.c ****     }
 7237              		.loc 1 2781 7 view .LVU2230
 7238 0096 039B     		ldr	r3, [sp, #12]
 7239              	.L436:
2781:Drivers/STM32F0xx_HAL_Driver/Src/stm32f0xx_hal_spi.c ****     }
 7240              		.loc 1 2781 7 is_stmt 0 view .LVU2231
ARM GAS  C:\Users\ADMINI~1\AppData\Local\Temp\ccrv5aWF.s 			page 240


 7241              	.LBE9:
2781:Drivers/STM32F0xx_HAL_Driver/Src/stm32f0xx_hal_spi.c ****     }
 7242              		.loc 1 2781 7 is_stmt 1 discriminator 1 view .LVU2232
2784:Drivers/STM32F0xx_HAL_Driver/Src/stm32f0xx_hal_spi.c ****     {
 7243              		.loc 1 2784 5 view .LVU2233
2784:Drivers/STM32F0xx_HAL_Driver/Src/stm32f0xx_hal_spi.c ****     {
 7244              		.loc 1 2784 13 is_stmt 0 view .LVU2234
 7245 0098 236E     		ldr	r3, [r4, #96]
2784:Drivers/STM32F0xx_HAL_Driver/Src/stm32f0xx_hal_spi.c ****     {
 7246              		.loc 1 2784 8 view .LVU2235
 7247 009a 002B     		cmp	r3, #0
 7248 009c 32D0     		beq	.L428
2787:Drivers/STM32F0xx_HAL_Driver/Src/stm32f0xx_hal_spi.c **** 
 7249              		.loc 1 2787 7 is_stmt 1 view .LVU2236
 7250 009e 2268     		ldr	r2, [r4]
 7251 00a0 5368     		ldr	r3, [r2, #4]
 7252 00a2 E021     		movs	r1, #224
 7253 00a4 8B43     		bics	r3, r1
 7254 00a6 5360     		str	r3, [r2, #4]
2789:Drivers/STM32F0xx_HAL_Driver/Src/stm32f0xx_hal_spi.c ****       /* Disable the SPI DMA requests if enabled */
 7255              		.loc 1 2789 7 view .LVU2237
2789:Drivers/STM32F0xx_HAL_Driver/Src/stm32f0xx_hal_spi.c ****       /* Disable the SPI DMA requests if enabled */
 7256              		.loc 1 2789 19 is_stmt 0 view .LVU2238
 7257 00a8 5D23     		movs	r3, #93
 7258 00aa 0122     		movs	r2, #1
 7259 00ac E254     		strb	r2, [r4, r3]
2791:Drivers/STM32F0xx_HAL_Driver/Src/stm32f0xx_hal_spi.c ****       {
 7260              		.loc 1 2791 7 is_stmt 1 view .LVU2239
2791:Drivers/STM32F0xx_HAL_Driver/Src/stm32f0xx_hal_spi.c ****       {
 7261              		.loc 1 2791 10 is_stmt 0 view .LVU2240
 7262 00ae AD07     		lsls	r5, r5, #30
 7263 00b0 32D0     		beq	.L438
 7264              	.LVL473:
2793:Drivers/STM32F0xx_HAL_Driver/Src/stm32f0xx_hal_spi.c **** 
 7265              		.loc 1 2793 9 is_stmt 1 view .LVU2241
 7266 00b2 2268     		ldr	r2, [r4]
 7267 00b4 5368     		ldr	r3, [r2, #4]
 7268 00b6 DD39     		subs	r1, r1, #221
 7269 00b8 8B43     		bics	r3, r1
 7270 00ba 5360     		str	r3, [r2, #4]
2796:Drivers/STM32F0xx_HAL_Driver/Src/stm32f0xx_hal_spi.c ****         {
 7271              		.loc 1 2796 9 view .LVU2242
2796:Drivers/STM32F0xx_HAL_Driver/Src/stm32f0xx_hal_spi.c ****         {
 7272              		.loc 1 2796 17 is_stmt 0 view .LVU2243
 7273 00bc A36D     		ldr	r3, [r4, #88]
2796:Drivers/STM32F0xx_HAL_Driver/Src/stm32f0xx_hal_spi.c ****         {
 7274              		.loc 1 2796 12 view .LVU2244
 7275 00be 002B     		cmp	r3, #0
 7276 00c0 0AD0     		beq	.L439
2800:Drivers/STM32F0xx_HAL_Driver/Src/stm32f0xx_hal_spi.c ****           if (HAL_OK != HAL_DMA_Abort_IT(hspi->hdmarx))
 7277              		.loc 1 2800 11 is_stmt 1 view .LVU2245
2800:Drivers/STM32F0xx_HAL_Driver/Src/stm32f0xx_hal_spi.c ****           if (HAL_OK != HAL_DMA_Abort_IT(hspi->hdmarx))
 7278              		.loc 1 2800 43 is_stmt 0 view .LVU2246
 7279 00c2 174A     		ldr	r2, .L449
 7280 00c4 5A63     		str	r2, [r3, #52]
2801:Drivers/STM32F0xx_HAL_Driver/Src/stm32f0xx_hal_spi.c ****           {
 7281              		.loc 1 2801 11 is_stmt 1 view .LVU2247
ARM GAS  C:\Users\ADMINI~1\AppData\Local\Temp\ccrv5aWF.s 			page 241


2801:Drivers/STM32F0xx_HAL_Driver/Src/stm32f0xx_hal_spi.c ****           {
 7282              		.loc 1 2801 25 is_stmt 0 view .LVU2248
 7283 00c6 A06D     		ldr	r0, [r4, #88]
 7284 00c8 FFF7FEFF 		bl	HAL_DMA_Abort_IT
 7285              	.LVL474:
2801:Drivers/STM32F0xx_HAL_Driver/Src/stm32f0xx_hal_spi.c ****           {
 7286              		.loc 1 2801 14 discriminator 1 view .LVU2249
 7287 00cc 0028     		cmp	r0, #0
 7288 00ce 03D0     		beq	.L439
2803:Drivers/STM32F0xx_HAL_Driver/Src/stm32f0xx_hal_spi.c ****           }
 7289              		.loc 1 2803 13 is_stmt 1 view .LVU2250
 7290 00d0 236E     		ldr	r3, [r4, #96]
 7291 00d2 4022     		movs	r2, #64
 7292 00d4 1343     		orrs	r3, r2
 7293 00d6 2366     		str	r3, [r4, #96]
 7294              	.L439:
2807:Drivers/STM32F0xx_HAL_Driver/Src/stm32f0xx_hal_spi.c ****         {
 7295              		.loc 1 2807 9 view .LVU2251
2807:Drivers/STM32F0xx_HAL_Driver/Src/stm32f0xx_hal_spi.c ****         {
 7296              		.loc 1 2807 17 is_stmt 0 view .LVU2252
 7297 00d8 636D     		ldr	r3, [r4, #84]
2807:Drivers/STM32F0xx_HAL_Driver/Src/stm32f0xx_hal_spi.c ****         {
 7298              		.loc 1 2807 12 view .LVU2253
 7299 00da 002B     		cmp	r3, #0
 7300 00dc 12D0     		beq	.L428
2811:Drivers/STM32F0xx_HAL_Driver/Src/stm32f0xx_hal_spi.c ****           if (HAL_OK != HAL_DMA_Abort_IT(hspi->hdmatx))
 7301              		.loc 1 2811 11 is_stmt 1 view .LVU2254
2811:Drivers/STM32F0xx_HAL_Driver/Src/stm32f0xx_hal_spi.c ****           if (HAL_OK != HAL_DMA_Abort_IT(hspi->hdmatx))
 7302              		.loc 1 2811 43 is_stmt 0 view .LVU2255
 7303 00de 104A     		ldr	r2, .L449
 7304 00e0 5A63     		str	r2, [r3, #52]
2812:Drivers/STM32F0xx_HAL_Driver/Src/stm32f0xx_hal_spi.c ****           {
 7305              		.loc 1 2812 11 is_stmt 1 view .LVU2256
2812:Drivers/STM32F0xx_HAL_Driver/Src/stm32f0xx_hal_spi.c ****           {
 7306              		.loc 1 2812 25 is_stmt 0 view .LVU2257
 7307 00e2 606D     		ldr	r0, [r4, #84]
 7308 00e4 FFF7FEFF 		bl	HAL_DMA_Abort_IT
 7309              	.LVL475:
2812:Drivers/STM32F0xx_HAL_Driver/Src/stm32f0xx_hal_spi.c ****           {
 7310              		.loc 1 2812 14 discriminator 1 view .LVU2258
 7311 00e8 0028     		cmp	r0, #0
 7312 00ea 0BD0     		beq	.L428
2814:Drivers/STM32F0xx_HAL_Driver/Src/stm32f0xx_hal_spi.c ****           }
 7313              		.loc 1 2814 13 is_stmt 1 view .LVU2259
 7314 00ec 236E     		ldr	r3, [r4, #96]
 7315 00ee 4022     		movs	r2, #64
 7316 00f0 1343     		orrs	r3, r2
 7317 00f2 2366     		str	r3, [r4, #96]
 7318 00f4 06E0     		b	.L428
 7319              	.LVL476:
 7320              	.L447:
2740:Drivers/STM32F0xx_HAL_Driver/Src/stm32f0xx_hal_spi.c ****     return;
 7321              		.loc 1 2740 5 view .LVU2260
2740:Drivers/STM32F0xx_HAL_Driver/Src/stm32f0xx_hal_spi.c ****     return;
 7322              		.loc 1 2740 9 is_stmt 0 view .LVU2261
 7323 00f6 E36C     		ldr	r3, [r4, #76]
 7324              	.LVL477:
ARM GAS  C:\Users\ADMINI~1\AppData\Local\Temp\ccrv5aWF.s 			page 242


2740:Drivers/STM32F0xx_HAL_Driver/Src/stm32f0xx_hal_spi.c ****     return;
 7325              		.loc 1 2740 5 view .LVU2262
 7326 00f8 2000     		movs	r0, r4
 7327 00fa 9847     		blx	r3
 7328              	.LVL478:
2741:Drivers/STM32F0xx_HAL_Driver/Src/stm32f0xx_hal_spi.c ****   }
 7329              		.loc 1 2741 5 is_stmt 1 view .LVU2263
 7330 00fc 02E0     		b	.L428
 7331              	.LVL479:
 7332              	.L448:
2747:Drivers/STM32F0xx_HAL_Driver/Src/stm32f0xx_hal_spi.c ****     return;
 7333              		.loc 1 2747 5 view .LVU2264
2747:Drivers/STM32F0xx_HAL_Driver/Src/stm32f0xx_hal_spi.c ****     return;
 7334              		.loc 1 2747 9 is_stmt 0 view .LVU2265
 7335 00fe 236D     		ldr	r3, [r4, #80]
 7336              	.LVL480:
2747:Drivers/STM32F0xx_HAL_Driver/Src/stm32f0xx_hal_spi.c ****     return;
 7337              		.loc 1 2747 5 view .LVU2266
 7338 0100 2000     		movs	r0, r4
 7339 0102 9847     		blx	r3
 7340              	.LVL481:
2748:Drivers/STM32F0xx_HAL_Driver/Src/stm32f0xx_hal_spi.c ****   }
 7341              		.loc 1 2748 5 is_stmt 1 view .LVU2267
 7342              	.L428:
2830:Drivers/STM32F0xx_HAL_Driver/Src/stm32f0xx_hal_spi.c **** 
 7343              		.loc 1 2830 1 is_stmt 0 view .LVU2268
 7344 0104 05B0     		add	sp, sp, #20
 7345              		@ sp needed
 7346              	.LVL482:
2830:Drivers/STM32F0xx_HAL_Driver/Src/stm32f0xx_hal_spi.c **** 
 7347              		.loc 1 2830 1 view .LVU2269
 7348 0106 F0BD     		pop	{r4, r5, r6, r7, pc}
 7349              	.LVL483:
 7350              	.L434:
2765:Drivers/STM32F0xx_HAL_Driver/Src/stm32f0xx_hal_spi.c ****         return;
 7351              		.loc 1 2765 9 is_stmt 1 view .LVU2270
 7352              	.LBB10:
2765:Drivers/STM32F0xx_HAL_Driver/Src/stm32f0xx_hal_spi.c ****         return;
 7353              		.loc 1 2765 9 view .LVU2271
 7354 0108 0023     		movs	r3, #0
 7355              	.LVL484:
2765:Drivers/STM32F0xx_HAL_Driver/Src/stm32f0xx_hal_spi.c ****         return;
 7356              		.loc 1 2765 9 is_stmt 0 view .LVU2272
 7357 010a 0193     		str	r3, [sp, #4]
2765:Drivers/STM32F0xx_HAL_Driver/Src/stm32f0xx_hal_spi.c ****         return;
 7358              		.loc 1 2765 9 is_stmt 1 view .LVU2273
 7359 010c D368     		ldr	r3, [r2, #12]
 7360 010e 0193     		str	r3, [sp, #4]
2765:Drivers/STM32F0xx_HAL_Driver/Src/stm32f0xx_hal_spi.c ****         return;
 7361              		.loc 1 2765 9 view .LVU2274
 7362 0110 9368     		ldr	r3, [r2, #8]
 7363 0112 0193     		str	r3, [sp, #4]
2765:Drivers/STM32F0xx_HAL_Driver/Src/stm32f0xx_hal_spi.c ****         return;
 7364              		.loc 1 2765 9 view .LVU2275
 7365 0114 019B     		ldr	r3, [sp, #4]
 7366              	.LBE10:
2765:Drivers/STM32F0xx_HAL_Driver/Src/stm32f0xx_hal_spi.c ****         return;
ARM GAS  C:\Users\ADMINI~1\AppData\Local\Temp\ccrv5aWF.s 			page 243


 7367              		.loc 1 2765 9 view .LVU2276
2766:Drivers/STM32F0xx_HAL_Driver/Src/stm32f0xx_hal_spi.c ****       }
 7368              		.loc 1 2766 9 view .LVU2277
 7369 0116 F5E7     		b	.L428
 7370              	.LVL485:
 7371              	.L438:
2824:Drivers/STM32F0xx_HAL_Driver/Src/stm32f0xx_hal_spi.c **** #endif /* USE_HAL_SPI_REGISTER_CALLBACKS */
 7372              		.loc 1 2824 9 view .LVU2278
 7373 0118 2000     		movs	r0, r4
 7374 011a FFF7FEFF 		bl	HAL_SPI_ErrorCallback
 7375              	.LVL486:
2828:Drivers/STM32F0xx_HAL_Driver/Src/stm32f0xx_hal_spi.c ****   }
 7376              		.loc 1 2828 5 view .LVU2279
 7377 011e F1E7     		b	.L428
 7378              	.L450:
 7379              		.align	2
 7380              	.L449:
 7381 0120 00000000 		.word	SPI_DMAAbortOnError
 7382              		.cfi_endproc
 7383              	.LFE58:
 7385              		.section	.text.SPI_DMAAbortOnError,"ax",%progbits
 7386              		.align	1
 7387              		.syntax unified
 7388              		.code	16
 7389              		.thumb_func
 7391              	SPI_DMAAbortOnError:
 7392              	.LVL487:
 7393              	.LFB76:
3376:Drivers/STM32F0xx_HAL_Driver/Src/stm32f0xx_hal_spi.c ****   SPI_HandleTypeDef *hspi = (SPI_HandleTypeDef *)(((DMA_HandleTypeDef *)hdma)->Parent); /* Derogati
 7394              		.loc 1 3376 1 view -0
 7395              		.cfi_startproc
 7396              		@ args = 0, pretend = 0, frame = 0
 7397              		@ frame_needed = 0, uses_anonymous_args = 0
3376:Drivers/STM32F0xx_HAL_Driver/Src/stm32f0xx_hal_spi.c ****   SPI_HandleTypeDef *hspi = (SPI_HandleTypeDef *)(((DMA_HandleTypeDef *)hdma)->Parent); /* Derogati
 7398              		.loc 1 3376 1 is_stmt 0 view .LVU2281
 7399 0000 10B5     		push	{r4, lr}
 7400              		.cfi_def_cfa_offset 8
 7401              		.cfi_offset 4, -8
 7402              		.cfi_offset 14, -4
3377:Drivers/STM32F0xx_HAL_Driver/Src/stm32f0xx_hal_spi.c ****   hspi->RxXferCount = 0U;
 7403              		.loc 1 3377 3 is_stmt 1 view .LVU2282
3377:Drivers/STM32F0xx_HAL_Driver/Src/stm32f0xx_hal_spi.c ****   hspi->RxXferCount = 0U;
 7404              		.loc 1 3377 22 is_stmt 0 view .LVU2283
 7405 0002 406A     		ldr	r0, [r0, #36]
 7406              	.LVL488:
3378:Drivers/STM32F0xx_HAL_Driver/Src/stm32f0xx_hal_spi.c ****   hspi->TxXferCount = 0U;
 7407              		.loc 1 3378 3 is_stmt 1 view .LVU2284
3378:Drivers/STM32F0xx_HAL_Driver/Src/stm32f0xx_hal_spi.c ****   hspi->TxXferCount = 0U;
 7408              		.loc 1 3378 21 is_stmt 0 view .LVU2285
 7409 0004 0023     		movs	r3, #0
 7410 0006 4622     		movs	r2, #70
 7411 0008 8352     		strh	r3, [r0, r2]
3379:Drivers/STM32F0xx_HAL_Driver/Src/stm32f0xx_hal_spi.c **** 
 7412              		.loc 1 3379 3 is_stmt 1 view .LVU2286
3379:Drivers/STM32F0xx_HAL_Driver/Src/stm32f0xx_hal_spi.c **** 
 7413              		.loc 1 3379 21 is_stmt 0 view .LVU2287
 7414 000a C387     		strh	r3, [r0, #62]
ARM GAS  C:\Users\ADMINI~1\AppData\Local\Temp\ccrv5aWF.s 			page 244


3385:Drivers/STM32F0xx_HAL_Driver/Src/stm32f0xx_hal_spi.c **** #endif /* USE_HAL_SPI_REGISTER_CALLBACKS */
 7415              		.loc 1 3385 3 is_stmt 1 view .LVU2288
 7416 000c FFF7FEFF 		bl	HAL_SPI_ErrorCallback
 7417              	.LVL489:
3387:Drivers/STM32F0xx_HAL_Driver/Src/stm32f0xx_hal_spi.c **** 
 7418              		.loc 1 3387 1 is_stmt 0 view .LVU2289
 7419              		@ sp needed
 7420 0010 10BD     		pop	{r4, pc}
 7421              		.cfi_endproc
 7422              	.LFE76:
 7424              		.section	.text.HAL_SPI_AbortCpltCallback,"ax",%progbits
 7425              		.align	1
 7426              		.weak	HAL_SPI_AbortCpltCallback
 7427              		.syntax unified
 7428              		.code	16
 7429              		.thumb_func
 7431              	HAL_SPI_AbortCpltCallback:
 7432              	.LVL490:
 7433              	.LFB66:
2953:Drivers/STM32F0xx_HAL_Driver/Src/stm32f0xx_hal_spi.c ****   /* Prevent unused argument(s) compilation warning */
 7434              		.loc 1 2953 1 is_stmt 1 view -0
 7435              		.cfi_startproc
 7436              		@ args = 0, pretend = 0, frame = 0
 7437              		@ frame_needed = 0, uses_anonymous_args = 0
 7438              		@ link register save eliminated.
2955:Drivers/STM32F0xx_HAL_Driver/Src/stm32f0xx_hal_spi.c **** 
 7439              		.loc 1 2955 3 view .LVU2291
2960:Drivers/STM32F0xx_HAL_Driver/Src/stm32f0xx_hal_spi.c **** 
 7440              		.loc 1 2960 1 is_stmt 0 view .LVU2292
 7441              		@ sp needed
 7442 0000 7047     		bx	lr
 7443              		.cfi_endproc
 7444              	.LFE66:
 7446              		.section	.text.HAL_SPI_Abort_IT,"ax",%progbits
 7447              		.align	1
 7448              		.global	HAL_SPI_Abort_IT
 7449              		.syntax unified
 7450              		.code	16
 7451              		.thumb_func
 7453              	HAL_SPI_Abort_IT:
 7454              	.LVL491:
 7455              	.LFB54:
2491:Drivers/STM32F0xx_HAL_Driver/Src/stm32f0xx_hal_spi.c ****   HAL_StatusTypeDef errorcode;
 7456              		.loc 1 2491 1 is_stmt 1 view -0
 7457              		.cfi_startproc
 7458              		@ args = 0, pretend = 0, frame = 16
 7459              		@ frame_needed = 0, uses_anonymous_args = 0
2491:Drivers/STM32F0xx_HAL_Driver/Src/stm32f0xx_hal_spi.c ****   HAL_StatusTypeDef errorcode;
 7460              		.loc 1 2491 1 is_stmt 0 view .LVU2294
 7461 0000 70B5     		push	{r4, r5, r6, lr}
 7462              		.cfi_def_cfa_offset 16
 7463              		.cfi_offset 4, -16
 7464              		.cfi_offset 5, -12
 7465              		.cfi_offset 6, -8
 7466              		.cfi_offset 14, -4
 7467 0002 84B0     		sub	sp, sp, #16
 7468              		.cfi_def_cfa_offset 32
ARM GAS  C:\Users\ADMINI~1\AppData\Local\Temp\ccrv5aWF.s 			page 245


 7469 0004 0400     		movs	r4, r0
2492:Drivers/STM32F0xx_HAL_Driver/Src/stm32f0xx_hal_spi.c ****   uint32_t abortcplt ;
 7470              		.loc 1 2492 3 is_stmt 1 view .LVU2295
2493:Drivers/STM32F0xx_HAL_Driver/Src/stm32f0xx_hal_spi.c ****   __IO uint32_t count;
 7471              		.loc 1 2493 3 view .LVU2296
2494:Drivers/STM32F0xx_HAL_Driver/Src/stm32f0xx_hal_spi.c ****   __IO uint32_t resetcount;
 7472              		.loc 1 2494 3 view .LVU2297
2495:Drivers/STM32F0xx_HAL_Driver/Src/stm32f0xx_hal_spi.c **** 
 7473              		.loc 1 2495 3 view .LVU2298
2498:Drivers/STM32F0xx_HAL_Driver/Src/stm32f0xx_hal_spi.c ****   abortcplt = 1U;
 7474              		.loc 1 2498 3 view .LVU2299
 7475              	.LVL492:
2499:Drivers/STM32F0xx_HAL_Driver/Src/stm32f0xx_hal_spi.c ****   resetcount = SPI_DEFAULT_TIMEOUT * (SystemCoreClock / 24U / 1000U);
 7476              		.loc 1 2499 3 view .LVU2300
2500:Drivers/STM32F0xx_HAL_Driver/Src/stm32f0xx_hal_spi.c ****   count = resetcount;
 7477              		.loc 1 2500 3 view .LVU2301
2500:Drivers/STM32F0xx_HAL_Driver/Src/stm32f0xx_hal_spi.c ****   count = resetcount;
 7478              		.loc 1 2500 61 is_stmt 0 view .LVU2302
 7479 0006 4F4B     		ldr	r3, .L481
 7480 0008 1868     		ldr	r0, [r3]
 7481              	.LVL493:
2500:Drivers/STM32F0xx_HAL_Driver/Src/stm32f0xx_hal_spi.c ****   count = resetcount;
 7482              		.loc 1 2500 61 view .LVU2303
 7483 000a 4F49     		ldr	r1, .L481+4
 7484 000c FFF7FEFF 		bl	__aeabi_uidiv
 7485              	.LVL494:
2500:Drivers/STM32F0xx_HAL_Driver/Src/stm32f0xx_hal_spi.c ****   count = resetcount;
 7486              		.loc 1 2500 36 view .LVU2304
 7487 0010 6423     		movs	r3, #100
 7488 0012 4343     		muls	r3, r0
2500:Drivers/STM32F0xx_HAL_Driver/Src/stm32f0xx_hal_spi.c ****   count = resetcount;
 7489              		.loc 1 2500 14 view .LVU2305
 7490 0014 0293     		str	r3, [sp, #8]
2501:Drivers/STM32F0xx_HAL_Driver/Src/stm32f0xx_hal_spi.c **** 
 7491              		.loc 1 2501 3 is_stmt 1 view .LVU2306
2501:Drivers/STM32F0xx_HAL_Driver/Src/stm32f0xx_hal_spi.c **** 
 7492              		.loc 1 2501 9 is_stmt 0 view .LVU2307
 7493 0016 029B     		ldr	r3, [sp, #8]
 7494 0018 0393     		str	r3, [sp, #12]
2504:Drivers/STM32F0xx_HAL_Driver/Src/stm32f0xx_hal_spi.c **** 
 7495              		.loc 1 2504 3 is_stmt 1 view .LVU2308
 7496 001a 2268     		ldr	r2, [r4]
 7497 001c 5368     		ldr	r3, [r2, #4]
 7498 001e 2021     		movs	r1, #32
 7499 0020 8B43     		bics	r3, r1
 7500 0022 5360     		str	r3, [r2, #4]
2507:Drivers/STM32F0xx_HAL_Driver/Src/stm32f0xx_hal_spi.c ****   {
 7501              		.loc 1 2507 3 view .LVU2309
2507:Drivers/STM32F0xx_HAL_Driver/Src/stm32f0xx_hal_spi.c ****   {
 7502              		.loc 1 2507 7 is_stmt 0 view .LVU2310
 7503 0024 2268     		ldr	r2, [r4]
 7504 0026 5368     		ldr	r3, [r2, #4]
2507:Drivers/STM32F0xx_HAL_Driver/Src/stm32f0xx_hal_spi.c ****   {
 7505              		.loc 1 2507 6 view .LVU2311
 7506 0028 1B06     		lsls	r3, r3, #24
 7507 002a 12D5     		bpl	.L454
2509:Drivers/STM32F0xx_HAL_Driver/Src/stm32f0xx_hal_spi.c ****     /* Wait HAL_SPI_STATE_ABORT state */
ARM GAS  C:\Users\ADMINI~1\AppData\Local\Temp\ccrv5aWF.s 			page 246


 7508              		.loc 1 2509 5 is_stmt 1 view .LVU2312
2509:Drivers/STM32F0xx_HAL_Driver/Src/stm32f0xx_hal_spi.c ****     /* Wait HAL_SPI_STATE_ABORT state */
 7509              		.loc 1 2509 17 is_stmt 0 view .LVU2313
 7510 002c 474B     		ldr	r3, .L481+8
 7511 002e 2365     		str	r3, [r4, #80]
 7512              	.L457:
2511:Drivers/STM32F0xx_HAL_Driver/Src/stm32f0xx_hal_spi.c ****     {
 7513              		.loc 1 2511 5 is_stmt 1 view .LVU2314
2513:Drivers/STM32F0xx_HAL_Driver/Src/stm32f0xx_hal_spi.c ****       {
 7514              		.loc 1 2513 7 view .LVU2315
2513:Drivers/STM32F0xx_HAL_Driver/Src/stm32f0xx_hal_spi.c ****       {
 7515              		.loc 1 2513 17 is_stmt 0 view .LVU2316
 7516 0030 039B     		ldr	r3, [sp, #12]
2513:Drivers/STM32F0xx_HAL_Driver/Src/stm32f0xx_hal_spi.c ****       {
 7517              		.loc 1 2513 10 view .LVU2317
 7518 0032 002B     		cmp	r3, #0
 7519 0034 07D0     		beq	.L478
2518:Drivers/STM32F0xx_HAL_Driver/Src/stm32f0xx_hal_spi.c ****     } while (hspi->State != HAL_SPI_STATE_ABORT);
 7520              		.loc 1 2518 7 is_stmt 1 view .LVU2318
2518:Drivers/STM32F0xx_HAL_Driver/Src/stm32f0xx_hal_spi.c ****     } while (hspi->State != HAL_SPI_STATE_ABORT);
 7521              		.loc 1 2518 12 is_stmt 0 view .LVU2319
 7522 0036 039B     		ldr	r3, [sp, #12]
 7523 0038 013B     		subs	r3, r3, #1
 7524 003a 0393     		str	r3, [sp, #12]
2519:Drivers/STM32F0xx_HAL_Driver/Src/stm32f0xx_hal_spi.c ****     /* Reset Timeout Counter */
 7525              		.loc 1 2519 26 is_stmt 1 view .LVU2320
2519:Drivers/STM32F0xx_HAL_Driver/Src/stm32f0xx_hal_spi.c ****     /* Reset Timeout Counter */
 7526              		.loc 1 2519 18 is_stmt 0 view .LVU2321
 7527 003c 5D23     		movs	r3, #93
 7528 003e E35C     		ldrb	r3, [r4, r3]
2519:Drivers/STM32F0xx_HAL_Driver/Src/stm32f0xx_hal_spi.c ****     /* Reset Timeout Counter */
 7529              		.loc 1 2519 26 view .LVU2322
 7530 0040 072B     		cmp	r3, #7
 7531 0042 F5D1     		bne	.L457
 7532 0044 03E0     		b	.L456
 7533              	.L478:
2515:Drivers/STM32F0xx_HAL_Driver/Src/stm32f0xx_hal_spi.c ****         break;
 7534              		.loc 1 2515 9 is_stmt 1 view .LVU2323
 7535 0046 236E     		ldr	r3, [r4, #96]
 7536 0048 4021     		movs	r1, #64
 7537 004a 0B43     		orrs	r3, r1
 7538 004c 2366     		str	r3, [r4, #96]
2516:Drivers/STM32F0xx_HAL_Driver/Src/stm32f0xx_hal_spi.c ****       }
 7539              		.loc 1 2516 9 view .LVU2324
 7540              	.L456:
2521:Drivers/STM32F0xx_HAL_Driver/Src/stm32f0xx_hal_spi.c ****   }
 7541              		.loc 1 2521 5 view .LVU2325
2521:Drivers/STM32F0xx_HAL_Driver/Src/stm32f0xx_hal_spi.c ****   }
 7542              		.loc 1 2521 11 is_stmt 0 view .LVU2326
 7543 004e 029B     		ldr	r3, [sp, #8]
 7544 0050 0393     		str	r3, [sp, #12]
 7545              	.L454:
2524:Drivers/STM32F0xx_HAL_Driver/Src/stm32f0xx_hal_spi.c ****   {
 7546              		.loc 1 2524 3 is_stmt 1 view .LVU2327
2524:Drivers/STM32F0xx_HAL_Driver/Src/stm32f0xx_hal_spi.c ****   {
 7547              		.loc 1 2524 7 is_stmt 0 view .LVU2328
 7548 0052 5368     		ldr	r3, [r2, #4]
ARM GAS  C:\Users\ADMINI~1\AppData\Local\Temp\ccrv5aWF.s 			page 247


2524:Drivers/STM32F0xx_HAL_Driver/Src/stm32f0xx_hal_spi.c ****   {
 7549              		.loc 1 2524 6 view .LVU2329
 7550 0054 5B06     		lsls	r3, r3, #25
 7551 0056 12D5     		bpl	.L458
2526:Drivers/STM32F0xx_HAL_Driver/Src/stm32f0xx_hal_spi.c ****     /* Wait HAL_SPI_STATE_ABORT state */
 7552              		.loc 1 2526 5 is_stmt 1 view .LVU2330
2526:Drivers/STM32F0xx_HAL_Driver/Src/stm32f0xx_hal_spi.c ****     /* Wait HAL_SPI_STATE_ABORT state */
 7553              		.loc 1 2526 17 is_stmt 0 view .LVU2331
 7554 0058 3D4B     		ldr	r3, .L481+12
 7555 005a E364     		str	r3, [r4, #76]
 7556              	.L461:
2528:Drivers/STM32F0xx_HAL_Driver/Src/stm32f0xx_hal_spi.c ****     {
 7557              		.loc 1 2528 5 is_stmt 1 view .LVU2332
2530:Drivers/STM32F0xx_HAL_Driver/Src/stm32f0xx_hal_spi.c ****       {
 7558              		.loc 1 2530 7 view .LVU2333
2530:Drivers/STM32F0xx_HAL_Driver/Src/stm32f0xx_hal_spi.c ****       {
 7559              		.loc 1 2530 17 is_stmt 0 view .LVU2334
 7560 005c 039B     		ldr	r3, [sp, #12]
2530:Drivers/STM32F0xx_HAL_Driver/Src/stm32f0xx_hal_spi.c ****       {
 7561              		.loc 1 2530 10 view .LVU2335
 7562 005e 002B     		cmp	r3, #0
 7563 0060 07D0     		beq	.L479
2535:Drivers/STM32F0xx_HAL_Driver/Src/stm32f0xx_hal_spi.c ****     } while (hspi->State != HAL_SPI_STATE_ABORT);
 7564              		.loc 1 2535 7 is_stmt 1 view .LVU2336
2535:Drivers/STM32F0xx_HAL_Driver/Src/stm32f0xx_hal_spi.c ****     } while (hspi->State != HAL_SPI_STATE_ABORT);
 7565              		.loc 1 2535 12 is_stmt 0 view .LVU2337
 7566 0062 039B     		ldr	r3, [sp, #12]
 7567 0064 013B     		subs	r3, r3, #1
 7568 0066 0393     		str	r3, [sp, #12]
2536:Drivers/STM32F0xx_HAL_Driver/Src/stm32f0xx_hal_spi.c ****     /* Reset Timeout Counter */
 7569              		.loc 1 2536 26 is_stmt 1 view .LVU2338
2536:Drivers/STM32F0xx_HAL_Driver/Src/stm32f0xx_hal_spi.c ****     /* Reset Timeout Counter */
 7570              		.loc 1 2536 18 is_stmt 0 view .LVU2339
 7571 0068 5D23     		movs	r3, #93
 7572 006a E35C     		ldrb	r3, [r4, r3]
2536:Drivers/STM32F0xx_HAL_Driver/Src/stm32f0xx_hal_spi.c ****     /* Reset Timeout Counter */
 7573              		.loc 1 2536 26 view .LVU2340
 7574 006c 072B     		cmp	r3, #7
 7575 006e F5D1     		bne	.L461
 7576 0070 03E0     		b	.L460
 7577              	.L479:
2532:Drivers/STM32F0xx_HAL_Driver/Src/stm32f0xx_hal_spi.c ****         break;
 7578              		.loc 1 2532 9 is_stmt 1 view .LVU2341
 7579 0072 236E     		ldr	r3, [r4, #96]
 7580 0074 4021     		movs	r1, #64
 7581 0076 0B43     		orrs	r3, r1
 7582 0078 2366     		str	r3, [r4, #96]
2533:Drivers/STM32F0xx_HAL_Driver/Src/stm32f0xx_hal_spi.c ****       }
 7583              		.loc 1 2533 9 view .LVU2342
 7584              	.L460:
2538:Drivers/STM32F0xx_HAL_Driver/Src/stm32f0xx_hal_spi.c ****   }
 7585              		.loc 1 2538 5 view .LVU2343
2538:Drivers/STM32F0xx_HAL_Driver/Src/stm32f0xx_hal_spi.c ****   }
 7586              		.loc 1 2538 11 is_stmt 0 view .LVU2344
 7587 007a 029B     		ldr	r3, [sp, #8]
 7588 007c 0393     		str	r3, [sp, #12]
 7589              	.L458:
ARM GAS  C:\Users\ADMINI~1\AppData\Local\Temp\ccrv5aWF.s 			page 248


2544:Drivers/STM32F0xx_HAL_Driver/Src/stm32f0xx_hal_spi.c ****   {
 7590              		.loc 1 2544 3 is_stmt 1 view .LVU2345
2544:Drivers/STM32F0xx_HAL_Driver/Src/stm32f0xx_hal_spi.c ****   {
 7591              		.loc 1 2544 11 is_stmt 0 view .LVU2346
 7592 007e 636D     		ldr	r3, [r4, #84]
2544:Drivers/STM32F0xx_HAL_Driver/Src/stm32f0xx_hal_spi.c ****   {
 7593              		.loc 1 2544 6 view .LVU2347
 7594 0080 002B     		cmp	r3, #0
 7595 0082 04D0     		beq	.L462
2548:Drivers/STM32F0xx_HAL_Driver/Src/stm32f0xx_hal_spi.c ****     {
 7596              		.loc 1 2548 5 is_stmt 1 view .LVU2348
2548:Drivers/STM32F0xx_HAL_Driver/Src/stm32f0xx_hal_spi.c ****     {
 7597              		.loc 1 2548 9 is_stmt 0 view .LVU2349
 7598 0084 5268     		ldr	r2, [r2, #4]
2548:Drivers/STM32F0xx_HAL_Driver/Src/stm32f0xx_hal_spi.c ****     {
 7599              		.loc 1 2548 8 view .LVU2350
 7600 0086 9207     		lsls	r2, r2, #30
 7601 0088 1CD5     		bpl	.L463
2550:Drivers/STM32F0xx_HAL_Driver/Src/stm32f0xx_hal_spi.c ****     }
 7602              		.loc 1 2550 7 is_stmt 1 view .LVU2351
2550:Drivers/STM32F0xx_HAL_Driver/Src/stm32f0xx_hal_spi.c ****     }
 7603              		.loc 1 2550 39 is_stmt 0 view .LVU2352
 7604 008a 324A     		ldr	r2, .L481+16
 7605 008c 5A63     		str	r2, [r3, #52]
 7606              	.L462:
2558:Drivers/STM32F0xx_HAL_Driver/Src/stm32f0xx_hal_spi.c ****   {
 7607              		.loc 1 2558 3 is_stmt 1 view .LVU2353
2558:Drivers/STM32F0xx_HAL_Driver/Src/stm32f0xx_hal_spi.c ****   {
 7608              		.loc 1 2558 11 is_stmt 0 view .LVU2354
 7609 008e A36D     		ldr	r3, [r4, #88]
2558:Drivers/STM32F0xx_HAL_Driver/Src/stm32f0xx_hal_spi.c ****   {
 7610              		.loc 1 2558 6 view .LVU2355
 7611 0090 002B     		cmp	r3, #0
 7612 0092 05D0     		beq	.L464
2562:Drivers/STM32F0xx_HAL_Driver/Src/stm32f0xx_hal_spi.c ****     {
 7613              		.loc 1 2562 5 is_stmt 1 view .LVU2356
2562:Drivers/STM32F0xx_HAL_Driver/Src/stm32f0xx_hal_spi.c ****     {
 7614              		.loc 1 2562 9 is_stmt 0 view .LVU2357
 7615 0094 2268     		ldr	r2, [r4]
 7616 0096 5268     		ldr	r2, [r2, #4]
2562:Drivers/STM32F0xx_HAL_Driver/Src/stm32f0xx_hal_spi.c ****     {
 7617              		.loc 1 2562 8 view .LVU2358
 7618 0098 D207     		lsls	r2, r2, #31
 7619 009a 16D5     		bpl	.L465
2564:Drivers/STM32F0xx_HAL_Driver/Src/stm32f0xx_hal_spi.c ****     }
 7620              		.loc 1 2564 7 is_stmt 1 view .LVU2359
2564:Drivers/STM32F0xx_HAL_Driver/Src/stm32f0xx_hal_spi.c ****     }
 7621              		.loc 1 2564 39 is_stmt 0 view .LVU2360
 7622 009c 2E4A     		ldr	r2, .L481+20
 7623 009e 5A63     		str	r2, [r3, #52]
 7624              	.L464:
2573:Drivers/STM32F0xx_HAL_Driver/Src/stm32f0xx_hal_spi.c ****   {
 7625              		.loc 1 2573 3 is_stmt 1 view .LVU2361
2573:Drivers/STM32F0xx_HAL_Driver/Src/stm32f0xx_hal_spi.c ****   {
 7626              		.loc 1 2573 7 is_stmt 0 view .LVU2362
 7627 00a0 2368     		ldr	r3, [r4]
 7628 00a2 5B68     		ldr	r3, [r3, #4]
ARM GAS  C:\Users\ADMINI~1\AppData\Local\Temp\ccrv5aWF.s 			page 249


2573:Drivers/STM32F0xx_HAL_Driver/Src/stm32f0xx_hal_spi.c ****   {
 7629              		.loc 1 2573 6 view .LVU2363
 7630 00a4 9B07     		lsls	r3, r3, #30
 7631 00a6 13D5     		bpl	.L470
2576:Drivers/STM32F0xx_HAL_Driver/Src/stm32f0xx_hal_spi.c ****     {
 7632              		.loc 1 2576 5 is_stmt 1 view .LVU2364
2576:Drivers/STM32F0xx_HAL_Driver/Src/stm32f0xx_hal_spi.c ****     {
 7633              		.loc 1 2576 13 is_stmt 0 view .LVU2365
 7634 00a8 606D     		ldr	r0, [r4, #84]
2576:Drivers/STM32F0xx_HAL_Driver/Src/stm32f0xx_hal_spi.c ****     {
 7635              		.loc 1 2576 8 view .LVU2366
 7636 00aa 0028     		cmp	r0, #0
 7637 00ac 27D0     		beq	.L471
2579:Drivers/STM32F0xx_HAL_Driver/Src/stm32f0xx_hal_spi.c ****       {
 7638              		.loc 1 2579 7 is_stmt 1 view .LVU2367
2579:Drivers/STM32F0xx_HAL_Driver/Src/stm32f0xx_hal_spi.c ****       {
 7639              		.loc 1 2579 11 is_stmt 0 view .LVU2368
 7640 00ae FFF7FEFF 		bl	HAL_DMA_Abort_IT
 7641              	.LVL495:
2579:Drivers/STM32F0xx_HAL_Driver/Src/stm32f0xx_hal_spi.c ****       {
 7642              		.loc 1 2579 10 discriminator 1 view .LVU2369
 7643 00b2 0028     		cmp	r0, #0
 7644 00b4 25D0     		beq	.L472
2581:Drivers/STM32F0xx_HAL_Driver/Src/stm32f0xx_hal_spi.c ****         hspi->ErrorCode = HAL_SPI_ERROR_ABORT;
 7645              		.loc 1 2581 9 is_stmt 1 view .LVU2370
2581:Drivers/STM32F0xx_HAL_Driver/Src/stm32f0xx_hal_spi.c ****         hspi->ErrorCode = HAL_SPI_ERROR_ABORT;
 7646              		.loc 1 2581 13 is_stmt 0 view .LVU2371
 7647 00b6 636D     		ldr	r3, [r4, #84]
2581:Drivers/STM32F0xx_HAL_Driver/Src/stm32f0xx_hal_spi.c ****         hspi->ErrorCode = HAL_SPI_ERROR_ABORT;
 7648              		.loc 1 2581 41 view .LVU2372
 7649 00b8 0022     		movs	r2, #0
 7650 00ba 5A63     		str	r2, [r3, #52]
2582:Drivers/STM32F0xx_HAL_Driver/Src/stm32f0xx_hal_spi.c ****       }
 7651              		.loc 1 2582 9 is_stmt 1 view .LVU2373
2582:Drivers/STM32F0xx_HAL_Driver/Src/stm32f0xx_hal_spi.c ****       }
 7652              		.loc 1 2582 25 is_stmt 0 view .LVU2374
 7653 00bc 4023     		movs	r3, #64
 7654 00be 2366     		str	r3, [r4, #96]
2499:Drivers/STM32F0xx_HAL_Driver/Src/stm32f0xx_hal_spi.c ****   resetcount = SPI_DEFAULT_TIMEOUT * (SystemCoreClock / 24U / 1000U);
 7655              		.loc 1 2499 13 view .LVU2375
 7656 00c0 0126     		movs	r6, #1
 7657 00c2 06E0     		b	.L466
 7658              	.L463:
2554:Drivers/STM32F0xx_HAL_Driver/Src/stm32f0xx_hal_spi.c ****     }
 7659              		.loc 1 2554 7 is_stmt 1 view .LVU2376
2554:Drivers/STM32F0xx_HAL_Driver/Src/stm32f0xx_hal_spi.c ****     }
 7660              		.loc 1 2554 39 is_stmt 0 view .LVU2377
 7661 00c4 0022     		movs	r2, #0
 7662 00c6 5A63     		str	r2, [r3, #52]
 7663 00c8 E1E7     		b	.L462
 7664              	.L465:
2568:Drivers/STM32F0xx_HAL_Driver/Src/stm32f0xx_hal_spi.c ****     }
 7665              		.loc 1 2568 7 is_stmt 1 view .LVU2378
2568:Drivers/STM32F0xx_HAL_Driver/Src/stm32f0xx_hal_spi.c ****     }
 7666              		.loc 1 2568 39 is_stmt 0 view .LVU2379
 7667 00ca 0022     		movs	r2, #0
 7668 00cc 5A63     		str	r2, [r3, #52]
ARM GAS  C:\Users\ADMINI~1\AppData\Local\Temp\ccrv5aWF.s 			page 250


 7669 00ce E7E7     		b	.L464
 7670              	.L470:
2499:Drivers/STM32F0xx_HAL_Driver/Src/stm32f0xx_hal_spi.c ****   resetcount = SPI_DEFAULT_TIMEOUT * (SystemCoreClock / 24U / 1000U);
 7671              		.loc 1 2499 13 view .LVU2380
 7672 00d0 0126     		movs	r6, #1
 7673              	.L466:
 7674              	.LVL496:
2591:Drivers/STM32F0xx_HAL_Driver/Src/stm32f0xx_hal_spi.c ****   {
 7675              		.loc 1 2591 3 is_stmt 1 view .LVU2381
2591:Drivers/STM32F0xx_HAL_Driver/Src/stm32f0xx_hal_spi.c ****   {
 7676              		.loc 1 2591 7 is_stmt 0 view .LVU2382
 7677 00d2 2368     		ldr	r3, [r4]
 7678 00d4 5B68     		ldr	r3, [r3, #4]
2591:Drivers/STM32F0xx_HAL_Driver/Src/stm32f0xx_hal_spi.c ****   {
 7679              		.loc 1 2591 6 view .LVU2383
 7680 00d6 DB07     		lsls	r3, r3, #31
 7681 00d8 0BD5     		bpl	.L467
2594:Drivers/STM32F0xx_HAL_Driver/Src/stm32f0xx_hal_spi.c ****     {
 7682              		.loc 1 2594 5 is_stmt 1 view .LVU2384
2594:Drivers/STM32F0xx_HAL_Driver/Src/stm32f0xx_hal_spi.c ****     {
 7683              		.loc 1 2594 13 is_stmt 0 view .LVU2385
 7684 00da A06D     		ldr	r0, [r4, #88]
2594:Drivers/STM32F0xx_HAL_Driver/Src/stm32f0xx_hal_spi.c ****     {
 7685              		.loc 1 2594 8 view .LVU2386
 7686 00dc 0028     		cmp	r0, #0
 7687 00de 08D0     		beq	.L467
2597:Drivers/STM32F0xx_HAL_Driver/Src/stm32f0xx_hal_spi.c ****       {
 7688              		.loc 1 2597 7 is_stmt 1 view .LVU2387
2597:Drivers/STM32F0xx_HAL_Driver/Src/stm32f0xx_hal_spi.c ****       {
 7689              		.loc 1 2597 11 is_stmt 0 view .LVU2388
 7690 00e0 FFF7FEFF 		bl	HAL_DMA_Abort_IT
 7691              	.LVL497:
 7692 00e4 051E     		subs	r5, r0, #0
2597:Drivers/STM32F0xx_HAL_Driver/Src/stm32f0xx_hal_spi.c ****       {
 7693              		.loc 1 2597 10 discriminator 1 view .LVU2389
 7694 00e6 07D0     		beq	.L468
2599:Drivers/STM32F0xx_HAL_Driver/Src/stm32f0xx_hal_spi.c ****         hspi->ErrorCode = HAL_SPI_ERROR_ABORT;
 7695              		.loc 1 2599 9 is_stmt 1 view .LVU2390
2599:Drivers/STM32F0xx_HAL_Driver/Src/stm32f0xx_hal_spi.c ****         hspi->ErrorCode = HAL_SPI_ERROR_ABORT;
 7696              		.loc 1 2599 13 is_stmt 0 view .LVU2391
 7697 00e8 A36D     		ldr	r3, [r4, #88]
2599:Drivers/STM32F0xx_HAL_Driver/Src/stm32f0xx_hal_spi.c ****         hspi->ErrorCode = HAL_SPI_ERROR_ABORT;
 7698              		.loc 1 2599 41 view .LVU2392
 7699 00ea 0022     		movs	r2, #0
 7700 00ec 5A63     		str	r2, [r3, #52]
2600:Drivers/STM32F0xx_HAL_Driver/Src/stm32f0xx_hal_spi.c ****       }
 7701              		.loc 1 2600 9 is_stmt 1 view .LVU2393
2600:Drivers/STM32F0xx_HAL_Driver/Src/stm32f0xx_hal_spi.c ****       }
 7702              		.loc 1 2600 25 is_stmt 0 view .LVU2394
 7703 00ee 4023     		movs	r3, #64
 7704 00f0 2366     		str	r3, [r4, #96]
 7705              	.L467:
2609:Drivers/STM32F0xx_HAL_Driver/Src/stm32f0xx_hal_spi.c ****   {
 7706              		.loc 1 2609 3 is_stmt 1 view .LVU2395
2609:Drivers/STM32F0xx_HAL_Driver/Src/stm32f0xx_hal_spi.c ****   {
 7707              		.loc 1 2609 6 is_stmt 0 view .LVU2396
 7708 00f2 012E     		cmp	r6, #1
ARM GAS  C:\Users\ADMINI~1\AppData\Local\Temp\ccrv5aWF.s 			page 251


 7709 00f4 07D0     		beq	.L480
2498:Drivers/STM32F0xx_HAL_Driver/Src/stm32f0xx_hal_spi.c ****   abortcplt = 1U;
 7710              		.loc 1 2498 13 view .LVU2397
 7711 00f6 0025     		movs	r5, #0
 7712              	.LVL498:
 7713              	.L468:
2642:Drivers/STM32F0xx_HAL_Driver/Src/stm32f0xx_hal_spi.c **** }
 7714              		.loc 1 2642 3 is_stmt 1 view .LVU2398
2643:Drivers/STM32F0xx_HAL_Driver/Src/stm32f0xx_hal_spi.c **** 
 7715              		.loc 1 2643 1 is_stmt 0 view .LVU2399
 7716 00f8 2800     		movs	r0, r5
 7717 00fa 04B0     		add	sp, sp, #16
 7718              		@ sp needed
 7719              	.LVL499:
 7720              	.LVL500:
2643:Drivers/STM32F0xx_HAL_Driver/Src/stm32f0xx_hal_spi.c **** 
 7721              		.loc 1 2643 1 view .LVU2400
 7722 00fc 70BD     		pop	{r4, r5, r6, pc}
 7723              	.LVL501:
 7724              	.L471:
2499:Drivers/STM32F0xx_HAL_Driver/Src/stm32f0xx_hal_spi.c ****   resetcount = SPI_DEFAULT_TIMEOUT * (SystemCoreClock / 24U / 1000U);
 7725              		.loc 1 2499 13 view .LVU2401
 7726 00fe 0126     		movs	r6, #1
 7727 0100 E7E7     		b	.L466
 7728              	.L472:
2586:Drivers/STM32F0xx_HAL_Driver/Src/stm32f0xx_hal_spi.c ****       }
 7729              		.loc 1 2586 19 view .LVU2402
 7730 0102 0026     		movs	r6, #0
 7731 0104 E5E7     		b	.L466
 7732              	.LVL502:
 7733              	.L480:
2612:Drivers/STM32F0xx_HAL_Driver/Src/stm32f0xx_hal_spi.c ****     hspi->TxXferCount = 0U;
 7734              		.loc 1 2612 5 is_stmt 1 view .LVU2403
2612:Drivers/STM32F0xx_HAL_Driver/Src/stm32f0xx_hal_spi.c ****     hspi->TxXferCount = 0U;
 7735              		.loc 1 2612 23 is_stmt 0 view .LVU2404
 7736 0106 0023     		movs	r3, #0
 7737 0108 4622     		movs	r2, #70
 7738 010a A352     		strh	r3, [r4, r2]
2613:Drivers/STM32F0xx_HAL_Driver/Src/stm32f0xx_hal_spi.c **** 
 7739              		.loc 1 2613 5 is_stmt 1 view .LVU2405
2613:Drivers/STM32F0xx_HAL_Driver/Src/stm32f0xx_hal_spi.c **** 
 7740              		.loc 1 2613 23 is_stmt 0 view .LVU2406
 7741 010c E387     		strh	r3, [r4, #62]
2616:Drivers/STM32F0xx_HAL_Driver/Src/stm32f0xx_hal_spi.c ****     {
 7742              		.loc 1 2616 5 is_stmt 1 view .LVU2407
2616:Drivers/STM32F0xx_HAL_Driver/Src/stm32f0xx_hal_spi.c ****     {
 7743              		.loc 1 2616 13 is_stmt 0 view .LVU2408
 7744 010e 236E     		ldr	r3, [r4, #96]
2616:Drivers/STM32F0xx_HAL_Driver/Src/stm32f0xx_hal_spi.c ****     {
 7745              		.loc 1 2616 8 view .LVU2409
 7746 0110 402B     		cmp	r3, #64
 7747 0112 15D0     		beq	.L474
2624:Drivers/STM32F0xx_HAL_Driver/Src/stm32f0xx_hal_spi.c ****     }
 7748              		.loc 1 2624 7 is_stmt 1 view .LVU2410
2624:Drivers/STM32F0xx_HAL_Driver/Src/stm32f0xx_hal_spi.c ****     }
 7749              		.loc 1 2624 23 is_stmt 0 view .LVU2411
 7750 0114 0023     		movs	r3, #0
ARM GAS  C:\Users\ADMINI~1\AppData\Local\Temp\ccrv5aWF.s 			page 252


 7751 0116 2366     		str	r3, [r4, #96]
2498:Drivers/STM32F0xx_HAL_Driver/Src/stm32f0xx_hal_spi.c ****   abortcplt = 1U;
 7752              		.loc 1 2498 13 view .LVU2412
 7753 0118 0025     		movs	r5, #0
 7754              	.L469:
 7755              	.LVL503:
2628:Drivers/STM32F0xx_HAL_Driver/Src/stm32f0xx_hal_spi.c ****     __HAL_SPI_CLEAR_FREFLAG(hspi);
 7756              		.loc 1 2628 5 is_stmt 1 view .LVU2413
 7757              	.LBB11:
2628:Drivers/STM32F0xx_HAL_Driver/Src/stm32f0xx_hal_spi.c ****     __HAL_SPI_CLEAR_FREFLAG(hspi);
 7758              		.loc 1 2628 5 view .LVU2414
 7759 011a 0022     		movs	r2, #0
 7760 011c 0092     		str	r2, [sp]
2628:Drivers/STM32F0xx_HAL_Driver/Src/stm32f0xx_hal_spi.c ****     __HAL_SPI_CLEAR_FREFLAG(hspi);
 7761              		.loc 1 2628 5 view .LVU2415
 7762 011e 2368     		ldr	r3, [r4]
 7763 0120 D968     		ldr	r1, [r3, #12]
 7764 0122 0091     		str	r1, [sp]
2628:Drivers/STM32F0xx_HAL_Driver/Src/stm32f0xx_hal_spi.c ****     __HAL_SPI_CLEAR_FREFLAG(hspi);
 7765              		.loc 1 2628 5 view .LVU2416
 7766 0124 9968     		ldr	r1, [r3, #8]
 7767 0126 0091     		str	r1, [sp]
2628:Drivers/STM32F0xx_HAL_Driver/Src/stm32f0xx_hal_spi.c ****     __HAL_SPI_CLEAR_FREFLAG(hspi);
 7768              		.loc 1 2628 5 view .LVU2417
 7769 0128 0099     		ldr	r1, [sp]
 7770              	.LBE11:
2628:Drivers/STM32F0xx_HAL_Driver/Src/stm32f0xx_hal_spi.c ****     __HAL_SPI_CLEAR_FREFLAG(hspi);
 7771              		.loc 1 2628 5 view .LVU2418
2629:Drivers/STM32F0xx_HAL_Driver/Src/stm32f0xx_hal_spi.c **** 
 7772              		.loc 1 2629 5 view .LVU2419
 7773              	.LBB12:
2629:Drivers/STM32F0xx_HAL_Driver/Src/stm32f0xx_hal_spi.c **** 
 7774              		.loc 1 2629 5 view .LVU2420
 7775 012a 0192     		str	r2, [sp, #4]
2629:Drivers/STM32F0xx_HAL_Driver/Src/stm32f0xx_hal_spi.c **** 
 7776              		.loc 1 2629 5 view .LVU2421
 7777 012c 9B68     		ldr	r3, [r3, #8]
 7778 012e 0193     		str	r3, [sp, #4]
2629:Drivers/STM32F0xx_HAL_Driver/Src/stm32f0xx_hal_spi.c **** 
 7779              		.loc 1 2629 5 view .LVU2422
 7780 0130 019B     		ldr	r3, [sp, #4]
 7781              	.LBE12:
2629:Drivers/STM32F0xx_HAL_Driver/Src/stm32f0xx_hal_spi.c **** 
 7782              		.loc 1 2629 5 view .LVU2423
2632:Drivers/STM32F0xx_HAL_Driver/Src/stm32f0xx_hal_spi.c **** 
 7783              		.loc 1 2632 5 view .LVU2424
2632:Drivers/STM32F0xx_HAL_Driver/Src/stm32f0xx_hal_spi.c **** 
 7784              		.loc 1 2632 17 is_stmt 0 view .LVU2425
 7785 0132 5D23     		movs	r3, #93
 7786 0134 0132     		adds	r2, r2, #1
 7787 0136 E254     		strb	r2, [r4, r3]
2638:Drivers/STM32F0xx_HAL_Driver/Src/stm32f0xx_hal_spi.c **** #endif /* USE_HAL_SPI_REGISTER_CALLBACKS */
 7788              		.loc 1 2638 5 is_stmt 1 view .LVU2426
 7789 0138 2000     		movs	r0, r4
 7790 013a FFF7FEFF 		bl	HAL_SPI_AbortCpltCallback
 7791              	.LVL504:
 7792 013e DBE7     		b	.L468
ARM GAS  C:\Users\ADMINI~1\AppData\Local\Temp\ccrv5aWF.s 			page 253


 7793              	.LVL505:
 7794              	.L474:
2619:Drivers/STM32F0xx_HAL_Driver/Src/stm32f0xx_hal_spi.c ****     }
 7795              		.loc 1 2619 17 is_stmt 0 view .LVU2427
 7796 0140 0125     		movs	r5, #1
 7797 0142 EAE7     		b	.L469
 7798              	.L482:
 7799              		.align	2
 7800              	.L481:
 7801 0144 00000000 		.word	SystemCoreClock
 7802 0148 C05D0000 		.word	24000
 7803 014c 00000000 		.word	SPI_AbortTx_ISR
 7804 0150 00000000 		.word	SPI_AbortRx_ISR
 7805 0154 00000000 		.word	SPI_DMATxAbortCallback
 7806 0158 00000000 		.word	SPI_DMARxAbortCallback
 7807              		.cfi_endproc
 7808              	.LFE54:
 7810              		.section	.text.SPI_DMARxAbortCallback,"ax",%progbits
 7811              		.align	1
 7812              		.syntax unified
 7813              		.code	16
 7814              		.thumb_func
 7816              	SPI_DMARxAbortCallback:
 7817              	.LVL506:
 7818              	.LFB78:
3464:Drivers/STM32F0xx_HAL_Driver/Src/stm32f0xx_hal_spi.c ****   SPI_HandleTypeDef *hspi = (SPI_HandleTypeDef *)(((DMA_HandleTypeDef *)hdma)->Parent); /* Derogati
 7819              		.loc 1 3464 1 is_stmt 1 view -0
 7820              		.cfi_startproc
 7821              		@ args = 0, pretend = 0, frame = 8
 7822              		@ frame_needed = 0, uses_anonymous_args = 0
3464:Drivers/STM32F0xx_HAL_Driver/Src/stm32f0xx_hal_spi.c ****   SPI_HandleTypeDef *hspi = (SPI_HandleTypeDef *)(((DMA_HandleTypeDef *)hdma)->Parent); /* Derogati
 7823              		.loc 1 3464 1 is_stmt 0 view .LVU2429
 7824 0000 10B5     		push	{r4, lr}
 7825              		.cfi_def_cfa_offset 8
 7826              		.cfi_offset 4, -8
 7827              		.cfi_offset 14, -4
 7828 0002 84B0     		sub	sp, sp, #16
 7829              		.cfi_def_cfa_offset 24
3465:Drivers/STM32F0xx_HAL_Driver/Src/stm32f0xx_hal_spi.c **** 
 7830              		.loc 1 3465 3 is_stmt 1 view .LVU2430
3465:Drivers/STM32F0xx_HAL_Driver/Src/stm32f0xx_hal_spi.c **** 
 7831              		.loc 1 3465 22 is_stmt 0 view .LVU2431
 7832 0004 446A     		ldr	r4, [r0, #36]
 7833              	.LVL507:
3468:Drivers/STM32F0xx_HAL_Driver/Src/stm32f0xx_hal_spi.c **** 
 7834              		.loc 1 3468 3 is_stmt 1 view .LVU2432
 7835 0006 2268     		ldr	r2, [r4]
 7836 0008 1368     		ldr	r3, [r2]
 7837 000a 4021     		movs	r1, #64
 7838 000c 8B43     		bics	r3, r1
 7839 000e 1360     		str	r3, [r2]
3470:Drivers/STM32F0xx_HAL_Driver/Src/stm32f0xx_hal_spi.c **** 
 7840              		.loc 1 3470 3 view .LVU2433
3470:Drivers/STM32F0xx_HAL_Driver/Src/stm32f0xx_hal_spi.c **** 
 7841              		.loc 1 3470 7 is_stmt 0 view .LVU2434
 7842 0010 A36D     		ldr	r3, [r4, #88]
3470:Drivers/STM32F0xx_HAL_Driver/Src/stm32f0xx_hal_spi.c **** 
ARM GAS  C:\Users\ADMINI~1\AppData\Local\Temp\ccrv5aWF.s 			page 254


 7843              		.loc 1 3470 35 view .LVU2435
 7844 0012 0022     		movs	r2, #0
 7845 0014 5A63     		str	r2, [r3, #52]
3473:Drivers/STM32F0xx_HAL_Driver/Src/stm32f0xx_hal_spi.c **** 
 7846              		.loc 1 3473 3 is_stmt 1 view .LVU2436
 7847 0016 2268     		ldr	r2, [r4]
 7848 0018 5368     		ldr	r3, [r2, #4]
 7849 001a 3F39     		subs	r1, r1, #63
 7850 001c 8B43     		bics	r3, r1
 7851 001e 5360     		str	r3, [r2, #4]
3476:Drivers/STM32F0xx_HAL_Driver/Src/stm32f0xx_hal_spi.c ****   {
 7852              		.loc 1 3476 3 view .LVU2437
3476:Drivers/STM32F0xx_HAL_Driver/Src/stm32f0xx_hal_spi.c ****   {
 7853              		.loc 1 3476 7 is_stmt 0 view .LVU2438
 7854 0020 FFF7FEFF 		bl	HAL_GetTick
 7855              	.LVL508:
3476:Drivers/STM32F0xx_HAL_Driver/Src/stm32f0xx_hal_spi.c ****   {
 7856              		.loc 1 3476 7 discriminator 1 view .LVU2439
 7857 0024 0090     		str	r0, [sp]
 7858 0026 6423     		movs	r3, #100
 7859 0028 0022     		movs	r2, #0
 7860 002a 8021     		movs	r1, #128
 7861 002c 2000     		movs	r0, r4
 7862 002e FFF7FEFF 		bl	SPI_WaitFlagStateUntilTimeout
 7863              	.LVL509:
3476:Drivers/STM32F0xx_HAL_Driver/Src/stm32f0xx_hal_spi.c ****   {
 7864              		.loc 1 3476 6 discriminator 2 view .LVU2440
 7865 0032 0028     		cmp	r0, #0
 7866 0034 01D0     		beq	.L484
3478:Drivers/STM32F0xx_HAL_Driver/Src/stm32f0xx_hal_spi.c ****   }
 7867              		.loc 1 3478 5 is_stmt 1 view .LVU2441
3478:Drivers/STM32F0xx_HAL_Driver/Src/stm32f0xx_hal_spi.c ****   }
 7868              		.loc 1 3478 21 is_stmt 0 view .LVU2442
 7869 0036 4023     		movs	r3, #64
 7870 0038 2366     		str	r3, [r4, #96]
 7871              	.L484:
3482:Drivers/STM32F0xx_HAL_Driver/Src/stm32f0xx_hal_spi.c ****   {
 7872              		.loc 1 3482 3 is_stmt 1 view .LVU2443
3482:Drivers/STM32F0xx_HAL_Driver/Src/stm32f0xx_hal_spi.c ****   {
 7873              		.loc 1 3482 7 is_stmt 0 view .LVU2444
 7874 003a FFF7FEFF 		bl	HAL_GetTick
 7875              	.LVL510:
3482:Drivers/STM32F0xx_HAL_Driver/Src/stm32f0xx_hal_spi.c ****   {
 7876              		.loc 1 3482 7 discriminator 1 view .LVU2445
 7877 003e C021     		movs	r1, #192
 7878 0040 0090     		str	r0, [sp]
 7879 0042 6423     		movs	r3, #100
 7880 0044 0022     		movs	r2, #0
 7881 0046 C900     		lsls	r1, r1, #3
 7882 0048 2000     		movs	r0, r4
 7883 004a FFF7FEFF 		bl	SPI_WaitFifoStateUntilTimeout
 7884              	.LVL511:
3482:Drivers/STM32F0xx_HAL_Driver/Src/stm32f0xx_hal_spi.c ****   {
 7885              		.loc 1 3482 6 discriminator 2 view .LVU2446
 7886 004e 0028     		cmp	r0, #0
 7887 0050 01D0     		beq	.L485
3484:Drivers/STM32F0xx_HAL_Driver/Src/stm32f0xx_hal_spi.c ****   }
ARM GAS  C:\Users\ADMINI~1\AppData\Local\Temp\ccrv5aWF.s 			page 255


 7888              		.loc 1 3484 5 is_stmt 1 view .LVU2447
3484:Drivers/STM32F0xx_HAL_Driver/Src/stm32f0xx_hal_spi.c ****   }
 7889              		.loc 1 3484 21 is_stmt 0 view .LVU2448
 7890 0052 4023     		movs	r3, #64
 7891 0054 2366     		str	r3, [r4, #96]
 7892              	.L485:
3488:Drivers/STM32F0xx_HAL_Driver/Src/stm32f0xx_hal_spi.c ****   {
 7893              		.loc 1 3488 3 is_stmt 1 view .LVU2449
3488:Drivers/STM32F0xx_HAL_Driver/Src/stm32f0xx_hal_spi.c ****   {
 7894              		.loc 1 3488 11 is_stmt 0 view .LVU2450
 7895 0056 636D     		ldr	r3, [r4, #84]
3488:Drivers/STM32F0xx_HAL_Driver/Src/stm32f0xx_hal_spi.c ****   {
 7896              		.loc 1 3488 6 view .LVU2451
 7897 0058 002B     		cmp	r3, #0
 7898 005a 02D0     		beq	.L486
3490:Drivers/STM32F0xx_HAL_Driver/Src/stm32f0xx_hal_spi.c ****     {
 7899              		.loc 1 3490 5 is_stmt 1 view .LVU2452
3490:Drivers/STM32F0xx_HAL_Driver/Src/stm32f0xx_hal_spi.c ****     {
 7900              		.loc 1 3490 21 is_stmt 0 view .LVU2453
 7901 005c 5B6B     		ldr	r3, [r3, #52]
3490:Drivers/STM32F0xx_HAL_Driver/Src/stm32f0xx_hal_spi.c ****     {
 7902              		.loc 1 3490 8 view .LVU2454
 7903 005e 002B     		cmp	r3, #0
 7904 0060 1AD1     		bne	.L483
 7905              	.L486:
3497:Drivers/STM32F0xx_HAL_Driver/Src/stm32f0xx_hal_spi.c ****   hspi->TxXferCount = 0U;
 7906              		.loc 1 3497 3 is_stmt 1 view .LVU2455
3497:Drivers/STM32F0xx_HAL_Driver/Src/stm32f0xx_hal_spi.c ****   hspi->TxXferCount = 0U;
 7907              		.loc 1 3497 21 is_stmt 0 view .LVU2456
 7908 0062 0023     		movs	r3, #0
 7909 0064 4622     		movs	r2, #70
 7910 0066 A352     		strh	r3, [r4, r2]
3498:Drivers/STM32F0xx_HAL_Driver/Src/stm32f0xx_hal_spi.c **** 
 7911              		.loc 1 3498 3 is_stmt 1 view .LVU2457
3498:Drivers/STM32F0xx_HAL_Driver/Src/stm32f0xx_hal_spi.c **** 
 7912              		.loc 1 3498 21 is_stmt 0 view .LVU2458
 7913 0068 E387     		strh	r3, [r4, #62]
3501:Drivers/STM32F0xx_HAL_Driver/Src/stm32f0xx_hal_spi.c ****   {
 7914              		.loc 1 3501 3 is_stmt 1 view .LVU2459
3501:Drivers/STM32F0xx_HAL_Driver/Src/stm32f0xx_hal_spi.c ****   {
 7915              		.loc 1 3501 11 is_stmt 0 view .LVU2460
 7916 006a 236E     		ldr	r3, [r4, #96]
3501:Drivers/STM32F0xx_HAL_Driver/Src/stm32f0xx_hal_spi.c ****   {
 7917              		.loc 1 3501 6 view .LVU2461
 7918 006c 402B     		cmp	r3, #64
 7919 006e 01D0     		beq	.L488
3504:Drivers/STM32F0xx_HAL_Driver/Src/stm32f0xx_hal_spi.c ****   }
 7920              		.loc 1 3504 5 is_stmt 1 view .LVU2462
3504:Drivers/STM32F0xx_HAL_Driver/Src/stm32f0xx_hal_spi.c ****   }
 7921              		.loc 1 3504 21 is_stmt 0 view .LVU2463
 7922 0070 0023     		movs	r3, #0
 7923 0072 2366     		str	r3, [r4, #96]
 7924              	.L488:
3508:Drivers/STM32F0xx_HAL_Driver/Src/stm32f0xx_hal_spi.c ****   __HAL_SPI_CLEAR_FREFLAG(hspi);
 7925              		.loc 1 3508 3 is_stmt 1 view .LVU2464
 7926              	.LBB13:
3508:Drivers/STM32F0xx_HAL_Driver/Src/stm32f0xx_hal_spi.c ****   __HAL_SPI_CLEAR_FREFLAG(hspi);
ARM GAS  C:\Users\ADMINI~1\AppData\Local\Temp\ccrv5aWF.s 			page 256


 7927              		.loc 1 3508 3 view .LVU2465
 7928 0074 0022     		movs	r2, #0
 7929 0076 0292     		str	r2, [sp, #8]
3508:Drivers/STM32F0xx_HAL_Driver/Src/stm32f0xx_hal_spi.c ****   __HAL_SPI_CLEAR_FREFLAG(hspi);
 7930              		.loc 1 3508 3 view .LVU2466
 7931 0078 2368     		ldr	r3, [r4]
 7932 007a D968     		ldr	r1, [r3, #12]
 7933 007c 0291     		str	r1, [sp, #8]
3508:Drivers/STM32F0xx_HAL_Driver/Src/stm32f0xx_hal_spi.c ****   __HAL_SPI_CLEAR_FREFLAG(hspi);
 7934              		.loc 1 3508 3 view .LVU2467
 7935 007e 9968     		ldr	r1, [r3, #8]
 7936 0080 0291     		str	r1, [sp, #8]
3508:Drivers/STM32F0xx_HAL_Driver/Src/stm32f0xx_hal_spi.c ****   __HAL_SPI_CLEAR_FREFLAG(hspi);
 7937              		.loc 1 3508 3 view .LVU2468
 7938 0082 0299     		ldr	r1, [sp, #8]
 7939              	.LBE13:
3508:Drivers/STM32F0xx_HAL_Driver/Src/stm32f0xx_hal_spi.c ****   __HAL_SPI_CLEAR_FREFLAG(hspi);
 7940              		.loc 1 3508 3 view .LVU2469
3509:Drivers/STM32F0xx_HAL_Driver/Src/stm32f0xx_hal_spi.c **** 
 7941              		.loc 1 3509 3 view .LVU2470
 7942              	.LBB14:
3509:Drivers/STM32F0xx_HAL_Driver/Src/stm32f0xx_hal_spi.c **** 
 7943              		.loc 1 3509 3 view .LVU2471
 7944 0084 0392     		str	r2, [sp, #12]
3509:Drivers/STM32F0xx_HAL_Driver/Src/stm32f0xx_hal_spi.c **** 
 7945              		.loc 1 3509 3 view .LVU2472
 7946 0086 9B68     		ldr	r3, [r3, #8]
 7947 0088 0393     		str	r3, [sp, #12]
3509:Drivers/STM32F0xx_HAL_Driver/Src/stm32f0xx_hal_spi.c **** 
 7948              		.loc 1 3509 3 view .LVU2473
 7949 008a 039B     		ldr	r3, [sp, #12]
 7950              	.LBE14:
3509:Drivers/STM32F0xx_HAL_Driver/Src/stm32f0xx_hal_spi.c **** 
 7951              		.loc 1 3509 3 view .LVU2474
3512:Drivers/STM32F0xx_HAL_Driver/Src/stm32f0xx_hal_spi.c **** 
 7952              		.loc 1 3512 3 view .LVU2475
3512:Drivers/STM32F0xx_HAL_Driver/Src/stm32f0xx_hal_spi.c **** 
 7953              		.loc 1 3512 16 is_stmt 0 view .LVU2476
 7954 008c 5D23     		movs	r3, #93
 7955 008e 0132     		adds	r2, r2, #1
 7956 0090 E254     		strb	r2, [r4, r3]
3518:Drivers/STM32F0xx_HAL_Driver/Src/stm32f0xx_hal_spi.c **** #endif /* USE_HAL_SPI_REGISTER_CALLBACKS */
 7957              		.loc 1 3518 3 is_stmt 1 view .LVU2477
 7958 0092 2000     		movs	r0, r4
 7959 0094 FFF7FEFF 		bl	HAL_SPI_AbortCpltCallback
 7960              	.LVL512:
 7961              	.L483:
3520:Drivers/STM32F0xx_HAL_Driver/Src/stm32f0xx_hal_spi.c **** 
 7962              		.loc 1 3520 1 is_stmt 0 view .LVU2478
 7963 0098 04B0     		add	sp, sp, #16
 7964              		@ sp needed
 7965              	.LVL513:
3520:Drivers/STM32F0xx_HAL_Driver/Src/stm32f0xx_hal_spi.c **** 
 7966              		.loc 1 3520 1 view .LVU2479
 7967 009a 10BD     		pop	{r4, pc}
 7968              		.cfi_endproc
 7969              	.LFE78:
ARM GAS  C:\Users\ADMINI~1\AppData\Local\Temp\ccrv5aWF.s 			page 257


 7971              		.section	.text.SPI_DMATxAbortCallback,"ax",%progbits
 7972              		.align	1
 7973              		.syntax unified
 7974              		.code	16
 7975              		.thumb_func
 7977              	SPI_DMATxAbortCallback:
 7978              	.LVL514:
 7979              	.LFB77:
3398:Drivers/STM32F0xx_HAL_Driver/Src/stm32f0xx_hal_spi.c ****   SPI_HandleTypeDef *hspi = (SPI_HandleTypeDef *)(((DMA_HandleTypeDef *)hdma)->Parent); /* Derogati
 7980              		.loc 1 3398 1 is_stmt 1 view -0
 7981              		.cfi_startproc
 7982              		@ args = 0, pretend = 0, frame = 8
 7983              		@ frame_needed = 0, uses_anonymous_args = 0
3398:Drivers/STM32F0xx_HAL_Driver/Src/stm32f0xx_hal_spi.c ****   SPI_HandleTypeDef *hspi = (SPI_HandleTypeDef *)(((DMA_HandleTypeDef *)hdma)->Parent); /* Derogati
 7984              		.loc 1 3398 1 is_stmt 0 view .LVU2481
 7985 0000 10B5     		push	{r4, lr}
 7986              		.cfi_def_cfa_offset 8
 7987              		.cfi_offset 4, -8
 7988              		.cfi_offset 14, -4
 7989 0002 84B0     		sub	sp, sp, #16
 7990              		.cfi_def_cfa_offset 24
3399:Drivers/STM32F0xx_HAL_Driver/Src/stm32f0xx_hal_spi.c **** 
 7991              		.loc 1 3399 3 is_stmt 1 view .LVU2482
3399:Drivers/STM32F0xx_HAL_Driver/Src/stm32f0xx_hal_spi.c **** 
 7992              		.loc 1 3399 22 is_stmt 0 view .LVU2483
 7993 0004 446A     		ldr	r4, [r0, #36]
 7994              	.LVL515:
3401:Drivers/STM32F0xx_HAL_Driver/Src/stm32f0xx_hal_spi.c **** 
 7995              		.loc 1 3401 3 is_stmt 1 view .LVU2484
3401:Drivers/STM32F0xx_HAL_Driver/Src/stm32f0xx_hal_spi.c **** 
 7996              		.loc 1 3401 7 is_stmt 0 view .LVU2485
 7997 0006 636D     		ldr	r3, [r4, #84]
3401:Drivers/STM32F0xx_HAL_Driver/Src/stm32f0xx_hal_spi.c **** 
 7998              		.loc 1 3401 35 view .LVU2486
 7999 0008 0022     		movs	r2, #0
 8000 000a 5A63     		str	r2, [r3, #52]
3404:Drivers/STM32F0xx_HAL_Driver/Src/stm32f0xx_hal_spi.c **** 
 8001              		.loc 1 3404 3 is_stmt 1 view .LVU2487
 8002 000c 2268     		ldr	r2, [r4]
 8003 000e 5368     		ldr	r3, [r2, #4]
 8004 0010 0221     		movs	r1, #2
 8005 0012 8B43     		bics	r3, r1
 8006 0014 5360     		str	r3, [r2, #4]
3406:Drivers/STM32F0xx_HAL_Driver/Src/stm32f0xx_hal_spi.c ****   {
 8007              		.loc 1 3406 3 view .LVU2488
3406:Drivers/STM32F0xx_HAL_Driver/Src/stm32f0xx_hal_spi.c ****   {
 8008              		.loc 1 3406 7 is_stmt 0 view .LVU2489
 8009 0016 FFF7FEFF 		bl	HAL_GetTick
 8010              	.LVL516:
3406:Drivers/STM32F0xx_HAL_Driver/Src/stm32f0xx_hal_spi.c ****   {
 8011              		.loc 1 3406 7 view .LVU2490
 8012 001a 0200     		movs	r2, r0
3406:Drivers/STM32F0xx_HAL_Driver/Src/stm32f0xx_hal_spi.c ****   {
 8013              		.loc 1 3406 7 discriminator 1 view .LVU2491
 8014 001c 6421     		movs	r1, #100
 8015 001e 2000     		movs	r0, r4
 8016 0020 FFF7FEFF 		bl	SPI_EndRxTxTransaction
ARM GAS  C:\Users\ADMINI~1\AppData\Local\Temp\ccrv5aWF.s 			page 258


 8017              	.LVL517:
3406:Drivers/STM32F0xx_HAL_Driver/Src/stm32f0xx_hal_spi.c ****   {
 8018              		.loc 1 3406 6 discriminator 2 view .LVU2492
 8019 0024 0028     		cmp	r0, #0
 8020 0026 01D0     		beq	.L490
3408:Drivers/STM32F0xx_HAL_Driver/Src/stm32f0xx_hal_spi.c ****   }
 8021              		.loc 1 3408 5 is_stmt 1 view .LVU2493
3408:Drivers/STM32F0xx_HAL_Driver/Src/stm32f0xx_hal_spi.c ****   }
 8022              		.loc 1 3408 21 is_stmt 0 view .LVU2494
 8023 0028 4023     		movs	r3, #64
 8024 002a 2366     		str	r3, [r4, #96]
 8025              	.L490:
3412:Drivers/STM32F0xx_HAL_Driver/Src/stm32f0xx_hal_spi.c **** 
 8026              		.loc 1 3412 3 is_stmt 1 view .LVU2495
 8027 002c 2268     		ldr	r2, [r4]
 8028 002e 1368     		ldr	r3, [r2]
 8029 0030 4021     		movs	r1, #64
 8030 0032 8B43     		bics	r3, r1
 8031 0034 1360     		str	r3, [r2]
3415:Drivers/STM32F0xx_HAL_Driver/Src/stm32f0xx_hal_spi.c ****   {
 8032              		.loc 1 3415 3 view .LVU2496
3415:Drivers/STM32F0xx_HAL_Driver/Src/stm32f0xx_hal_spi.c ****   {
 8033              		.loc 1 3415 7 is_stmt 0 view .LVU2497
 8034 0036 FFF7FEFF 		bl	HAL_GetTick
 8035              	.LVL518:
3415:Drivers/STM32F0xx_HAL_Driver/Src/stm32f0xx_hal_spi.c ****   {
 8036              		.loc 1 3415 7 discriminator 1 view .LVU2498
 8037 003a C021     		movs	r1, #192
 8038 003c 0090     		str	r0, [sp]
 8039 003e 6423     		movs	r3, #100
 8040 0040 0022     		movs	r2, #0
 8041 0042 C900     		lsls	r1, r1, #3
 8042 0044 2000     		movs	r0, r4
 8043 0046 FFF7FEFF 		bl	SPI_WaitFifoStateUntilTimeout
 8044              	.LVL519:
3415:Drivers/STM32F0xx_HAL_Driver/Src/stm32f0xx_hal_spi.c ****   {
 8045              		.loc 1 3415 6 discriminator 2 view .LVU2499
 8046 004a 0028     		cmp	r0, #0
 8047 004c 01D0     		beq	.L491
3417:Drivers/STM32F0xx_HAL_Driver/Src/stm32f0xx_hal_spi.c ****   }
 8048              		.loc 1 3417 5 is_stmt 1 view .LVU2500
3417:Drivers/STM32F0xx_HAL_Driver/Src/stm32f0xx_hal_spi.c ****   }
 8049              		.loc 1 3417 21 is_stmt 0 view .LVU2501
 8050 004e 4023     		movs	r3, #64
 8051 0050 2366     		str	r3, [r4, #96]
 8052              	.L491:
3421:Drivers/STM32F0xx_HAL_Driver/Src/stm32f0xx_hal_spi.c ****   {
 8053              		.loc 1 3421 3 is_stmt 1 view .LVU2502
3421:Drivers/STM32F0xx_HAL_Driver/Src/stm32f0xx_hal_spi.c ****   {
 8054              		.loc 1 3421 11 is_stmt 0 view .LVU2503
 8055 0052 A36D     		ldr	r3, [r4, #88]
3421:Drivers/STM32F0xx_HAL_Driver/Src/stm32f0xx_hal_spi.c ****   {
 8056              		.loc 1 3421 6 view .LVU2504
 8057 0054 002B     		cmp	r3, #0
 8058 0056 02D0     		beq	.L492
3423:Drivers/STM32F0xx_HAL_Driver/Src/stm32f0xx_hal_spi.c ****     {
 8059              		.loc 1 3423 5 is_stmt 1 view .LVU2505
ARM GAS  C:\Users\ADMINI~1\AppData\Local\Temp\ccrv5aWF.s 			page 259


3423:Drivers/STM32F0xx_HAL_Driver/Src/stm32f0xx_hal_spi.c ****     {
 8060              		.loc 1 3423 21 is_stmt 0 view .LVU2506
 8061 0058 5B6B     		ldr	r3, [r3, #52]
3423:Drivers/STM32F0xx_HAL_Driver/Src/stm32f0xx_hal_spi.c ****     {
 8062              		.loc 1 3423 8 view .LVU2507
 8063 005a 002B     		cmp	r3, #0
 8064 005c 1AD1     		bne	.L489
 8065              	.L492:
3430:Drivers/STM32F0xx_HAL_Driver/Src/stm32f0xx_hal_spi.c ****   hspi->TxXferCount = 0U;
 8066              		.loc 1 3430 3 is_stmt 1 view .LVU2508
3430:Drivers/STM32F0xx_HAL_Driver/Src/stm32f0xx_hal_spi.c ****   hspi->TxXferCount = 0U;
 8067              		.loc 1 3430 21 is_stmt 0 view .LVU2509
 8068 005e 0023     		movs	r3, #0
 8069 0060 4622     		movs	r2, #70
 8070 0062 A352     		strh	r3, [r4, r2]
3431:Drivers/STM32F0xx_HAL_Driver/Src/stm32f0xx_hal_spi.c **** 
 8071              		.loc 1 3431 3 is_stmt 1 view .LVU2510
3431:Drivers/STM32F0xx_HAL_Driver/Src/stm32f0xx_hal_spi.c **** 
 8072              		.loc 1 3431 21 is_stmt 0 view .LVU2511
 8073 0064 E387     		strh	r3, [r4, #62]
3434:Drivers/STM32F0xx_HAL_Driver/Src/stm32f0xx_hal_spi.c ****   {
 8074              		.loc 1 3434 3 is_stmt 1 view .LVU2512
3434:Drivers/STM32F0xx_HAL_Driver/Src/stm32f0xx_hal_spi.c ****   {
 8075              		.loc 1 3434 11 is_stmt 0 view .LVU2513
 8076 0066 236E     		ldr	r3, [r4, #96]
3434:Drivers/STM32F0xx_HAL_Driver/Src/stm32f0xx_hal_spi.c ****   {
 8077              		.loc 1 3434 6 view .LVU2514
 8078 0068 402B     		cmp	r3, #64
 8079 006a 01D0     		beq	.L494
3437:Drivers/STM32F0xx_HAL_Driver/Src/stm32f0xx_hal_spi.c ****   }
 8080              		.loc 1 3437 5 is_stmt 1 view .LVU2515
3437:Drivers/STM32F0xx_HAL_Driver/Src/stm32f0xx_hal_spi.c ****   }
 8081              		.loc 1 3437 21 is_stmt 0 view .LVU2516
 8082 006c 0023     		movs	r3, #0
 8083 006e 2366     		str	r3, [r4, #96]
 8084              	.L494:
3441:Drivers/STM32F0xx_HAL_Driver/Src/stm32f0xx_hal_spi.c ****   __HAL_SPI_CLEAR_FREFLAG(hspi);
 8085              		.loc 1 3441 3 is_stmt 1 view .LVU2517
 8086              	.LBB15:
3441:Drivers/STM32F0xx_HAL_Driver/Src/stm32f0xx_hal_spi.c ****   __HAL_SPI_CLEAR_FREFLAG(hspi);
 8087              		.loc 1 3441 3 view .LVU2518
 8088 0070 0022     		movs	r2, #0
 8089 0072 0292     		str	r2, [sp, #8]
3441:Drivers/STM32F0xx_HAL_Driver/Src/stm32f0xx_hal_spi.c ****   __HAL_SPI_CLEAR_FREFLAG(hspi);
 8090              		.loc 1 3441 3 view .LVU2519
 8091 0074 2368     		ldr	r3, [r4]
 8092 0076 D968     		ldr	r1, [r3, #12]
 8093 0078 0291     		str	r1, [sp, #8]
3441:Drivers/STM32F0xx_HAL_Driver/Src/stm32f0xx_hal_spi.c ****   __HAL_SPI_CLEAR_FREFLAG(hspi);
 8094              		.loc 1 3441 3 view .LVU2520
 8095 007a 9968     		ldr	r1, [r3, #8]
 8096 007c 0291     		str	r1, [sp, #8]
3441:Drivers/STM32F0xx_HAL_Driver/Src/stm32f0xx_hal_spi.c ****   __HAL_SPI_CLEAR_FREFLAG(hspi);
 8097              		.loc 1 3441 3 view .LVU2521
 8098 007e 0299     		ldr	r1, [sp, #8]
 8099              	.LBE15:
3441:Drivers/STM32F0xx_HAL_Driver/Src/stm32f0xx_hal_spi.c ****   __HAL_SPI_CLEAR_FREFLAG(hspi);
ARM GAS  C:\Users\ADMINI~1\AppData\Local\Temp\ccrv5aWF.s 			page 260


 8100              		.loc 1 3441 3 view .LVU2522
3442:Drivers/STM32F0xx_HAL_Driver/Src/stm32f0xx_hal_spi.c **** 
 8101              		.loc 1 3442 3 view .LVU2523
 8102              	.LBB16:
3442:Drivers/STM32F0xx_HAL_Driver/Src/stm32f0xx_hal_spi.c **** 
 8103              		.loc 1 3442 3 view .LVU2524
 8104 0080 0392     		str	r2, [sp, #12]
3442:Drivers/STM32F0xx_HAL_Driver/Src/stm32f0xx_hal_spi.c **** 
 8105              		.loc 1 3442 3 view .LVU2525
 8106 0082 9B68     		ldr	r3, [r3, #8]
 8107 0084 0393     		str	r3, [sp, #12]
3442:Drivers/STM32F0xx_HAL_Driver/Src/stm32f0xx_hal_spi.c **** 
 8108              		.loc 1 3442 3 view .LVU2526
 8109 0086 039B     		ldr	r3, [sp, #12]
 8110              	.LBE16:
3442:Drivers/STM32F0xx_HAL_Driver/Src/stm32f0xx_hal_spi.c **** 
 8111              		.loc 1 3442 3 view .LVU2527
3445:Drivers/STM32F0xx_HAL_Driver/Src/stm32f0xx_hal_spi.c **** 
 8112              		.loc 1 3445 3 view .LVU2528
3445:Drivers/STM32F0xx_HAL_Driver/Src/stm32f0xx_hal_spi.c **** 
 8113              		.loc 1 3445 16 is_stmt 0 view .LVU2529
 8114 0088 5D23     		movs	r3, #93
 8115 008a 0132     		adds	r2, r2, #1
 8116 008c E254     		strb	r2, [r4, r3]
3451:Drivers/STM32F0xx_HAL_Driver/Src/stm32f0xx_hal_spi.c **** #endif /* USE_HAL_SPI_REGISTER_CALLBACKS */
 8117              		.loc 1 3451 3 is_stmt 1 view .LVU2530
 8118 008e 2000     		movs	r0, r4
 8119 0090 FFF7FEFF 		bl	HAL_SPI_AbortCpltCallback
 8120              	.LVL520:
 8121              	.L489:
3453:Drivers/STM32F0xx_HAL_Driver/Src/stm32f0xx_hal_spi.c **** 
 8122              		.loc 1 3453 1 is_stmt 0 view .LVU2531
 8123 0094 04B0     		add	sp, sp, #16
 8124              		@ sp needed
 8125              	.LVL521:
3453:Drivers/STM32F0xx_HAL_Driver/Src/stm32f0xx_hal_spi.c **** 
 8126              		.loc 1 3453 1 view .LVU2532
 8127 0096 10BD     		pop	{r4, pc}
 8128              		.cfi_endproc
 8129              	.LFE77:
 8131              		.section	.text.HAL_SPI_GetState,"ax",%progbits
 8132              		.align	1
 8133              		.global	HAL_SPI_GetState
 8134              		.syntax unified
 8135              		.code	16
 8136              		.thumb_func
 8138              	HAL_SPI_GetState:
 8139              	.LVL522:
 8140              	.LFB67:
2988:Drivers/STM32F0xx_HAL_Driver/Src/stm32f0xx_hal_spi.c ****   /* Return SPI handle state */
 8141              		.loc 1 2988 1 is_stmt 1 view -0
 8142              		.cfi_startproc
 8143              		@ args = 0, pretend = 0, frame = 0
 8144              		@ frame_needed = 0, uses_anonymous_args = 0
 8145              		@ link register save eliminated.
2990:Drivers/STM32F0xx_HAL_Driver/Src/stm32f0xx_hal_spi.c **** }
 8146              		.loc 1 2990 3 view .LVU2534
ARM GAS  C:\Users\ADMINI~1\AppData\Local\Temp\ccrv5aWF.s 			page 261


2990:Drivers/STM32F0xx_HAL_Driver/Src/stm32f0xx_hal_spi.c **** }
 8147              		.loc 1 2990 14 is_stmt 0 view .LVU2535
 8148 0000 5D23     		movs	r3, #93
 8149 0002 C05C     		ldrb	r0, [r0, r3]
 8150              	.LVL523:
2990:Drivers/STM32F0xx_HAL_Driver/Src/stm32f0xx_hal_spi.c **** }
 8151              		.loc 1 2990 14 view .LVU2536
 8152 0004 C0B2     		uxtb	r0, r0
2991:Drivers/STM32F0xx_HAL_Driver/Src/stm32f0xx_hal_spi.c **** 
 8153              		.loc 1 2991 1 view .LVU2537
 8154              		@ sp needed
 8155 0006 7047     		bx	lr
 8156              		.cfi_endproc
 8157              	.LFE67:
 8159              		.section	.text.HAL_SPI_GetError,"ax",%progbits
 8160              		.align	1
 8161              		.global	HAL_SPI_GetError
 8162              		.syntax unified
 8163              		.code	16
 8164              		.thumb_func
 8166              	HAL_SPI_GetError:
 8167              	.LVL524:
 8168              	.LFB68:
3000:Drivers/STM32F0xx_HAL_Driver/Src/stm32f0xx_hal_spi.c ****   /* Return SPI ErrorCode */
 8169              		.loc 1 3000 1 is_stmt 1 view -0
 8170              		.cfi_startproc
 8171              		@ args = 0, pretend = 0, frame = 0
 8172              		@ frame_needed = 0, uses_anonymous_args = 0
 8173              		@ link register save eliminated.
3002:Drivers/STM32F0xx_HAL_Driver/Src/stm32f0xx_hal_spi.c **** }
 8174              		.loc 1 3002 3 view .LVU2539
3002:Drivers/STM32F0xx_HAL_Driver/Src/stm32f0xx_hal_spi.c **** }
 8175              		.loc 1 3002 14 is_stmt 0 view .LVU2540
 8176 0000 006E     		ldr	r0, [r0, #96]
 8177              	.LVL525:
3003:Drivers/STM32F0xx_HAL_Driver/Src/stm32f0xx_hal_spi.c **** 
 8178              		.loc 1 3003 1 view .LVU2541
 8179              		@ sp needed
 8180 0002 7047     		bx	lr
 8181              		.cfi_endproc
 8182              	.LFE68:
 8184              		.text
 8185              	.Letext0:
 8186              		.file 2 "D:/software/Tools/GCC/arm-gnu-toolchain-14.2.rel1-mingw-w64-x86_64-arm-none-eabi/arm-none
 8187              		.file 3 "D:/software/Tools/GCC/arm-gnu-toolchain-14.2.rel1-mingw-w64-x86_64-arm-none-eabi/arm-none
 8188              		.file 4 "Drivers/CMSIS/Device/ST/STM32F0xx/Include/stm32f031x6.h"
 8189              		.file 5 "Drivers/CMSIS/Device/ST/STM32F0xx/Include/stm32f0xx.h"
 8190              		.file 6 "Drivers/STM32F0xx_HAL_Driver/Inc/stm32f0xx_hal_def.h"
 8191              		.file 7 "Drivers/STM32F0xx_HAL_Driver/Inc/stm32f0xx_hal_dma.h"
 8192              		.file 8 "Drivers/STM32F0xx_HAL_Driver/Inc/stm32f0xx_hal_spi.h"
 8193              		.file 9 "Drivers/CMSIS/Device/ST/STM32F0xx/Include/system_stm32f0xx.h"
 8194              		.file 10 "Drivers/STM32F0xx_HAL_Driver/Inc/stm32f0xx_hal.h"
ARM GAS  C:\Users\ADMINI~1\AppData\Local\Temp\ccrv5aWF.s 			page 262


DEFINED SYMBOLS
                            *ABS*:00000000 stm32f0xx_hal_spi.c
C:\Users\ADMINI~1\AppData\Local\Temp\ccrv5aWF.s:19     .text.SPI_WaitFlagStateUntilTimeout:00000000 $t
C:\Users\ADMINI~1\AppData\Local\Temp\ccrv5aWF.s:24     .text.SPI_WaitFlagStateUntilTimeout:00000000 SPI_WaitFlagStateUntilTimeout
C:\Users\ADMINI~1\AppData\Local\Temp\ccrv5aWF.s:238    .text.SPI_WaitFlagStateUntilTimeout:000000d8 $d
C:\Users\ADMINI~1\AppData\Local\Temp\ccrv5aWF.s:244    .text.SPI_WaitFifoStateUntilTimeout:00000000 $t
C:\Users\ADMINI~1\AppData\Local\Temp\ccrv5aWF.s:249    .text.SPI_WaitFifoStateUntilTimeout:00000000 SPI_WaitFifoStateUntilTimeout
C:\Users\ADMINI~1\AppData\Local\Temp\ccrv5aWF.s:509    .text.SPI_WaitFifoStateUntilTimeout:00000104 $d
C:\Users\ADMINI~1\AppData\Local\Temp\ccrv5aWF.s:515    .text.SPI_EndRxTxTransaction:00000000 $t
C:\Users\ADMINI~1\AppData\Local\Temp\ccrv5aWF.s:520    .text.SPI_EndRxTxTransaction:00000000 SPI_EndRxTxTransaction
C:\Users\ADMINI~1\AppData\Local\Temp\ccrv5aWF.s:622    .text.SPI_EndRxTransaction:00000000 $t
C:\Users\ADMINI~1\AppData\Local\Temp\ccrv5aWF.s:627    .text.SPI_EndRxTransaction:00000000 SPI_EndRxTransaction
C:\Users\ADMINI~1\AppData\Local\Temp\ccrv5aWF.s:763    .text.SPI_AbortRx_ISR:00000000 $t
C:\Users\ADMINI~1\AppData\Local\Temp\ccrv5aWF.s:768    .text.SPI_AbortRx_ISR:00000000 SPI_AbortRx_ISR
C:\Users\ADMINI~1\AppData\Local\Temp\ccrv5aWF.s:892    .text.SPI_AbortRx_ISR:00000088 $d
C:\Users\ADMINI~1\AppData\Local\Temp\ccrv5aWF.s:898    .text.SPI_AbortTx_ISR:00000000 $t
C:\Users\ADMINI~1\AppData\Local\Temp\ccrv5aWF.s:903    .text.SPI_AbortTx_ISR:00000000 SPI_AbortTx_ISR
C:\Users\ADMINI~1\AppData\Local\Temp\ccrv5aWF.s:1105   .text.SPI_AbortTx_ISR:000000e8 $d
C:\Users\ADMINI~1\AppData\Local\Temp\ccrv5aWF.s:1111   .text.HAL_SPI_MspInit:00000000 $t
C:\Users\ADMINI~1\AppData\Local\Temp\ccrv5aWF.s:1117   .text.HAL_SPI_MspInit:00000000 HAL_SPI_MspInit
C:\Users\ADMINI~1\AppData\Local\Temp\ccrv5aWF.s:1133   .text.HAL_SPI_Init:00000000 $t
C:\Users\ADMINI~1\AppData\Local\Temp\ccrv5aWF.s:1139   .text.HAL_SPI_Init:00000000 HAL_SPI_Init
C:\Users\ADMINI~1\AppData\Local\Temp\ccrv5aWF.s:1365   .text.HAL_SPI_Init:00000100 $d
C:\Users\ADMINI~1\AppData\Local\Temp\ccrv5aWF.s:1370   .text.HAL_SPI_MspDeInit:00000000 $t
C:\Users\ADMINI~1\AppData\Local\Temp\ccrv5aWF.s:1376   .text.HAL_SPI_MspDeInit:00000000 HAL_SPI_MspDeInit
C:\Users\ADMINI~1\AppData\Local\Temp\ccrv5aWF.s:1392   .text.HAL_SPI_DeInit:00000000 $t
C:\Users\ADMINI~1\AppData\Local\Temp\ccrv5aWF.s:1398   .text.HAL_SPI_DeInit:00000000 HAL_SPI_DeInit
C:\Users\ADMINI~1\AppData\Local\Temp\ccrv5aWF.s:1463   .text.HAL_SPI_Transmit:00000000 $t
C:\Users\ADMINI~1\AppData\Local\Temp\ccrv5aWF.s:1469   .text.HAL_SPI_Transmit:00000000 HAL_SPI_Transmit
C:\Users\ADMINI~1\AppData\Local\Temp\ccrv5aWF.s:1919   .text.HAL_SPI_TransmitReceive:00000000 $t
C:\Users\ADMINI~1\AppData\Local\Temp\ccrv5aWF.s:1925   .text.HAL_SPI_TransmitReceive:00000000 HAL_SPI_TransmitReceive
C:\Users\ADMINI~1\AppData\Local\Temp\ccrv5aWF.s:2568   .text.HAL_SPI_TransmitReceive:0000024c $d
C:\Users\ADMINI~1\AppData\Local\Temp\ccrv5aWF.s:2573   .text.HAL_SPI_Receive:00000000 $t
C:\Users\ADMINI~1\AppData\Local\Temp\ccrv5aWF.s:2579   .text.HAL_SPI_Receive:00000000 HAL_SPI_Receive
C:\Users\ADMINI~1\AppData\Local\Temp\ccrv5aWF.s:2996   .text.HAL_SPI_Receive:000001a4 $d
C:\Users\ADMINI~1\AppData\Local\Temp\ccrv5aWF.s:3002   .text.HAL_SPI_Transmit_IT:00000000 $t
C:\Users\ADMINI~1\AppData\Local\Temp\ccrv5aWF.s:3008   .text.HAL_SPI_Transmit_IT:00000000 HAL_SPI_Transmit_IT
C:\Users\ADMINI~1\AppData\Local\Temp\ccrv5aWF.s:3194   .text.HAL_SPI_Transmit_IT:000000a8 $d
C:\Users\ADMINI~1\AppData\Local\Temp\ccrv5aWF.s:5920   .text.SPI_TxISR_16BIT:00000000 SPI_TxISR_16BIT
C:\Users\ADMINI~1\AppData\Local\Temp\ccrv5aWF.s:5859   .text.SPI_TxISR_8BIT:00000000 SPI_TxISR_8BIT
C:\Users\ADMINI~1\AppData\Local\Temp\ccrv5aWF.s:3200   .text.HAL_SPI_TransmitReceive_IT:00000000 $t
C:\Users\ADMINI~1\AppData\Local\Temp\ccrv5aWF.s:3206   .text.HAL_SPI_TransmitReceive_IT:00000000 HAL_SPI_TransmitReceive_IT
C:\Users\ADMINI~1\AppData\Local\Temp\ccrv5aWF.s:3464   .text.HAL_SPI_TransmitReceive_IT:000000dc $d
C:\Users\ADMINI~1\AppData\Local\Temp\ccrv5aWF.s:6587   .text.SPI_2linesRxISR_16BIT:00000000 SPI_2linesRxISR_16BIT
C:\Users\ADMINI~1\AppData\Local\Temp\ccrv5aWF.s:6513   .text.SPI_2linesTxISR_16BIT:00000000 SPI_2linesTxISR_16BIT
C:\Users\ADMINI~1\AppData\Local\Temp\ccrv5aWF.s:6392   .text.SPI_2linesRxISR_8BIT:00000000 SPI_2linesRxISR_8BIT
C:\Users\ADMINI~1\AppData\Local\Temp\ccrv5aWF.s:6287   .text.SPI_2linesTxISR_8BIT:00000000 SPI_2linesTxISR_8BIT
C:\Users\ADMINI~1\AppData\Local\Temp\ccrv5aWF.s:3473   .text.HAL_SPI_Receive_IT:00000000 $t
C:\Users\ADMINI~1\AppData\Local\Temp\ccrv5aWF.s:3479   .text.HAL_SPI_Receive_IT:00000000 HAL_SPI_Receive_IT
C:\Users\ADMINI~1\AppData\Local\Temp\ccrv5aWF.s:3694   .text.HAL_SPI_Receive_IT:000000d8 $d
C:\Users\ADMINI~1\AppData\Local\Temp\ccrv5aWF.s:6120   .text.SPI_RxISR_16BIT:00000000 SPI_RxISR_16BIT
C:\Users\ADMINI~1\AppData\Local\Temp\ccrv5aWF.s:6058   .text.SPI_RxISR_8BIT:00000000 SPI_RxISR_8BIT
C:\Users\ADMINI~1\AppData\Local\Temp\ccrv5aWF.s:3702   .text.HAL_SPI_Transmit_DMA:00000000 $t
C:\Users\ADMINI~1\AppData\Local\Temp\ccrv5aWF.s:3708   .text.HAL_SPI_Transmit_DMA:00000000 HAL_SPI_Transmit_DMA
C:\Users\ADMINI~1\AppData\Local\Temp\ccrv5aWF.s:3992   .text.HAL_SPI_Transmit_DMA:00000120 $d
C:\Users\ADMINI~1\AppData\Local\Temp\ccrv5aWF.s:5593   .text.SPI_DMAHalfTransmitCplt:00000000 SPI_DMAHalfTransmitCplt
C:\Users\ADMINI~1\AppData\Local\Temp\ccrv5aWF.s:6708   .text.SPI_DMATransmitCplt:00000000 SPI_DMATransmitCplt
ARM GAS  C:\Users\ADMINI~1\AppData\Local\Temp\ccrv5aWF.s 			page 263


C:\Users\ADMINI~1\AppData\Local\Temp\ccrv5aWF.s:6661   .text.SPI_DMAError:00000000 SPI_DMAError
C:\Users\ADMINI~1\AppData\Local\Temp\ccrv5aWF.s:4000   .text.HAL_SPI_TransmitReceive_DMA:00000000 $t
C:\Users\ADMINI~1\AppData\Local\Temp\ccrv5aWF.s:4006   .text.HAL_SPI_TransmitReceive_DMA:00000000 HAL_SPI_TransmitReceive_DMA
C:\Users\ADMINI~1\AppData\Local\Temp\ccrv5aWF.s:4511   .text.HAL_SPI_TransmitReceive_DMA:00000210 $d
C:\Users\ADMINI~1\AppData\Local\Temp\ccrv5aWF.s:5699   .text.SPI_DMAHalfTransmitReceiveCplt:00000000 SPI_DMAHalfTransmitReceiveCplt
C:\Users\ADMINI~1\AppData\Local\Temp\ccrv5aWF.s:6972   .text.SPI_DMATransmitReceiveCplt:00000000 SPI_DMATransmitReceiveCplt
C:\Users\ADMINI~1\AppData\Local\Temp\ccrv5aWF.s:5646   .text.SPI_DMAHalfReceiveCplt:00000000 SPI_DMAHalfReceiveCplt
C:\Users\ADMINI~1\AppData\Local\Temp\ccrv5aWF.s:6840   .text.SPI_DMAReceiveCplt:00000000 SPI_DMAReceiveCplt
C:\Users\ADMINI~1\AppData\Local\Temp\ccrv5aWF.s:4524   .text.HAL_SPI_Receive_DMA:00000000 $t
C:\Users\ADMINI~1\AppData\Local\Temp\ccrv5aWF.s:4530   .text.HAL_SPI_Receive_DMA:00000000 HAL_SPI_Receive_DMA
C:\Users\ADMINI~1\AppData\Local\Temp\ccrv5aWF.s:4892   .text.HAL_SPI_Receive_DMA:00000188 $d
C:\Users\ADMINI~1\AppData\Local\Temp\ccrv5aWF.s:4902   .text.HAL_SPI_Abort:00000000 $t
C:\Users\ADMINI~1\AppData\Local\Temp\ccrv5aWF.s:4908   .text.HAL_SPI_Abort:00000000 HAL_SPI_Abort
C:\Users\ADMINI~1\AppData\Local\Temp\ccrv5aWF.s:5274   .text.HAL_SPI_Abort:00000188 $d
C:\Users\ADMINI~1\AppData\Local\Temp\ccrv5aWF.s:5282   .text.HAL_SPI_DMAPause:00000000 $t
C:\Users\ADMINI~1\AppData\Local\Temp\ccrv5aWF.s:5288   .text.HAL_SPI_DMAPause:00000000 HAL_SPI_DMAPause
C:\Users\ADMINI~1\AppData\Local\Temp\ccrv5aWF.s:5341   .text.HAL_SPI_DMAResume:00000000 $t
C:\Users\ADMINI~1\AppData\Local\Temp\ccrv5aWF.s:5347   .text.HAL_SPI_DMAResume:00000000 HAL_SPI_DMAResume
C:\Users\ADMINI~1\AppData\Local\Temp\ccrv5aWF.s:5400   .text.HAL_SPI_DMAStop:00000000 $t
C:\Users\ADMINI~1\AppData\Local\Temp\ccrv5aWF.s:5406   .text.HAL_SPI_DMAStop:00000000 HAL_SPI_DMAStop
C:\Users\ADMINI~1\AppData\Local\Temp\ccrv5aWF.s:5500   .text.HAL_SPI_TxCpltCallback:00000000 $t
C:\Users\ADMINI~1\AppData\Local\Temp\ccrv5aWF.s:5506   .text.HAL_SPI_TxCpltCallback:00000000 HAL_SPI_TxCpltCallback
C:\Users\ADMINI~1\AppData\Local\Temp\ccrv5aWF.s:5522   .text.HAL_SPI_RxCpltCallback:00000000 $t
C:\Users\ADMINI~1\AppData\Local\Temp\ccrv5aWF.s:5528   .text.HAL_SPI_RxCpltCallback:00000000 HAL_SPI_RxCpltCallback
C:\Users\ADMINI~1\AppData\Local\Temp\ccrv5aWF.s:5544   .text.HAL_SPI_TxRxCpltCallback:00000000 $t
C:\Users\ADMINI~1\AppData\Local\Temp\ccrv5aWF.s:5550   .text.HAL_SPI_TxRxCpltCallback:00000000 HAL_SPI_TxRxCpltCallback
C:\Users\ADMINI~1\AppData\Local\Temp\ccrv5aWF.s:5566   .text.HAL_SPI_TxHalfCpltCallback:00000000 $t
C:\Users\ADMINI~1\AppData\Local\Temp\ccrv5aWF.s:5572   .text.HAL_SPI_TxHalfCpltCallback:00000000 HAL_SPI_TxHalfCpltCallback
C:\Users\ADMINI~1\AppData\Local\Temp\ccrv5aWF.s:5588   .text.SPI_DMAHalfTransmitCplt:00000000 $t
C:\Users\ADMINI~1\AppData\Local\Temp\ccrv5aWF.s:5619   .text.HAL_SPI_RxHalfCpltCallback:00000000 $t
C:\Users\ADMINI~1\AppData\Local\Temp\ccrv5aWF.s:5625   .text.HAL_SPI_RxHalfCpltCallback:00000000 HAL_SPI_RxHalfCpltCallback
C:\Users\ADMINI~1\AppData\Local\Temp\ccrv5aWF.s:5641   .text.SPI_DMAHalfReceiveCplt:00000000 $t
C:\Users\ADMINI~1\AppData\Local\Temp\ccrv5aWF.s:5672   .text.HAL_SPI_TxRxHalfCpltCallback:00000000 $t
C:\Users\ADMINI~1\AppData\Local\Temp\ccrv5aWF.s:5678   .text.HAL_SPI_TxRxHalfCpltCallback:00000000 HAL_SPI_TxRxHalfCpltCallback
C:\Users\ADMINI~1\AppData\Local\Temp\ccrv5aWF.s:5694   .text.SPI_DMAHalfTransmitReceiveCplt:00000000 $t
C:\Users\ADMINI~1\AppData\Local\Temp\ccrv5aWF.s:5725   .text.HAL_SPI_ErrorCallback:00000000 $t
C:\Users\ADMINI~1\AppData\Local\Temp\ccrv5aWF.s:5731   .text.HAL_SPI_ErrorCallback:00000000 HAL_SPI_ErrorCallback
C:\Users\ADMINI~1\AppData\Local\Temp\ccrv5aWF.s:5747   .text.SPI_CloseTx_ISR:00000000 $t
C:\Users\ADMINI~1\AppData\Local\Temp\ccrv5aWF.s:5752   .text.SPI_CloseTx_ISR:00000000 SPI_CloseTx_ISR
C:\Users\ADMINI~1\AppData\Local\Temp\ccrv5aWF.s:5854   .text.SPI_TxISR_8BIT:00000000 $t
C:\Users\ADMINI~1\AppData\Local\Temp\ccrv5aWF.s:5915   .text.SPI_TxISR_16BIT:00000000 $t
C:\Users\ADMINI~1\AppData\Local\Temp\ccrv5aWF.s:5976   .text.SPI_CloseRx_ISR:00000000 $t
C:\Users\ADMINI~1\AppData\Local\Temp\ccrv5aWF.s:5981   .text.SPI_CloseRx_ISR:00000000 SPI_CloseRx_ISR
C:\Users\ADMINI~1\AppData\Local\Temp\ccrv5aWF.s:6053   .text.SPI_RxISR_8BIT:00000000 $t
C:\Users\ADMINI~1\AppData\Local\Temp\ccrv5aWF.s:6115   .text.SPI_RxISR_16BIT:00000000 $t
C:\Users\ADMINI~1\AppData\Local\Temp\ccrv5aWF.s:6177   .text.SPI_CloseRxTx_ISR:00000000 $t
C:\Users\ADMINI~1\AppData\Local\Temp\ccrv5aWF.s:6182   .text.SPI_CloseRxTx_ISR:00000000 SPI_CloseRxTx_ISR
C:\Users\ADMINI~1\AppData\Local\Temp\ccrv5aWF.s:6282   .text.SPI_2linesTxISR_8BIT:00000000 $t
C:\Users\ADMINI~1\AppData\Local\Temp\ccrv5aWF.s:6387   .text.SPI_2linesRxISR_8BIT:00000000 $t
C:\Users\ADMINI~1\AppData\Local\Temp\ccrv5aWF.s:6508   .text.SPI_2linesTxISR_16BIT:00000000 $t
C:\Users\ADMINI~1\AppData\Local\Temp\ccrv5aWF.s:6582   .text.SPI_2linesRxISR_16BIT:00000000 $t
C:\Users\ADMINI~1\AppData\Local\Temp\ccrv5aWF.s:6656   .text.SPI_DMAError:00000000 $t
C:\Users\ADMINI~1\AppData\Local\Temp\ccrv5aWF.s:6703   .text.SPI_DMATransmitCplt:00000000 $t
C:\Users\ADMINI~1\AppData\Local\Temp\ccrv5aWF.s:6835   .text.SPI_DMAReceiveCplt:00000000 $t
C:\Users\ADMINI~1\AppData\Local\Temp\ccrv5aWF.s:6967   .text.SPI_DMATransmitReceiveCplt:00000000 $t
C:\Users\ADMINI~1\AppData\Local\Temp\ccrv5aWF.s:7079   .text.HAL_SPI_IRQHandler:00000000 $t
C:\Users\ADMINI~1\AppData\Local\Temp\ccrv5aWF.s:7085   .text.HAL_SPI_IRQHandler:00000000 HAL_SPI_IRQHandler
ARM GAS  C:\Users\ADMINI~1\AppData\Local\Temp\ccrv5aWF.s 			page 264


C:\Users\ADMINI~1\AppData\Local\Temp\ccrv5aWF.s:7381   .text.HAL_SPI_IRQHandler:00000120 $d
C:\Users\ADMINI~1\AppData\Local\Temp\ccrv5aWF.s:7391   .text.SPI_DMAAbortOnError:00000000 SPI_DMAAbortOnError
C:\Users\ADMINI~1\AppData\Local\Temp\ccrv5aWF.s:7386   .text.SPI_DMAAbortOnError:00000000 $t
C:\Users\ADMINI~1\AppData\Local\Temp\ccrv5aWF.s:7425   .text.HAL_SPI_AbortCpltCallback:00000000 $t
C:\Users\ADMINI~1\AppData\Local\Temp\ccrv5aWF.s:7431   .text.HAL_SPI_AbortCpltCallback:00000000 HAL_SPI_AbortCpltCallback
C:\Users\ADMINI~1\AppData\Local\Temp\ccrv5aWF.s:7447   .text.HAL_SPI_Abort_IT:00000000 $t
C:\Users\ADMINI~1\AppData\Local\Temp\ccrv5aWF.s:7453   .text.HAL_SPI_Abort_IT:00000000 HAL_SPI_Abort_IT
C:\Users\ADMINI~1\AppData\Local\Temp\ccrv5aWF.s:7801   .text.HAL_SPI_Abort_IT:00000144 $d
C:\Users\ADMINI~1\AppData\Local\Temp\ccrv5aWF.s:7977   .text.SPI_DMATxAbortCallback:00000000 SPI_DMATxAbortCallback
C:\Users\ADMINI~1\AppData\Local\Temp\ccrv5aWF.s:7816   .text.SPI_DMARxAbortCallback:00000000 SPI_DMARxAbortCallback
C:\Users\ADMINI~1\AppData\Local\Temp\ccrv5aWF.s:7811   .text.SPI_DMARxAbortCallback:00000000 $t
C:\Users\ADMINI~1\AppData\Local\Temp\ccrv5aWF.s:7972   .text.SPI_DMATxAbortCallback:00000000 $t
C:\Users\ADMINI~1\AppData\Local\Temp\ccrv5aWF.s:8132   .text.HAL_SPI_GetState:00000000 $t
C:\Users\ADMINI~1\AppData\Local\Temp\ccrv5aWF.s:8138   .text.HAL_SPI_GetState:00000000 HAL_SPI_GetState
C:\Users\ADMINI~1\AppData\Local\Temp\ccrv5aWF.s:8160   .text.HAL_SPI_GetError:00000000 $t
C:\Users\ADMINI~1\AppData\Local\Temp\ccrv5aWF.s:8166   .text.HAL_SPI_GetError:00000000 HAL_SPI_GetError

UNDEFINED SYMBOLS
HAL_GetTick
SystemCoreClock
__aeabi_uidiv
HAL_DMA_Start_IT
HAL_DMA_Abort
HAL_DMA_Abort_IT
