ARM GAS  C:\Users\ADMINI~1\AppData\Local\Temp\cchQt67W.s 			page 1


   1              		.cpu cortex-m0
   2              		.arch armv6s-m
   3              		.fpu softvfp
   4              		.eabi_attribute 20, 1
   5              		.eabi_attribute 21, 1
   6              		.eabi_attribute 23, 3
   7              		.eabi_attribute 24, 1
   8              		.eabi_attribute 25, 1
   9              		.eabi_attribute 26, 1
  10              		.eabi_attribute 30, 1
  11              		.eabi_attribute 34, 0
  12              		.eabi_attribute 18, 4
  13              		.file	"stm32f0xx_hal_uart_ex.c"
  14              		.text
  15              	.Ltext0:
  16              		.cfi_sections	.debug_frame
  17              		.file 1 "Drivers/STM32F0xx_HAL_Driver/Src/stm32f0xx_hal_uart_ex.c"
  18              		.section	.text.UARTEx_Wakeup_AddressConfig,"ax",%progbits
  19              		.align	1
  20              		.syntax unified
  21              		.code	16
  22              		.thumb_func
  24              	UARTEx_Wakeup_AddressConfig:
  25              	.LVL0:
  26              	.LFB50:
   1:Drivers/STM32F0xx_HAL_Driver/Src/stm32f0xx_hal_uart_ex.c **** /**
   2:Drivers/STM32F0xx_HAL_Driver/Src/stm32f0xx_hal_uart_ex.c ****   ******************************************************************************
   3:Drivers/STM32F0xx_HAL_Driver/Src/stm32f0xx_hal_uart_ex.c ****   * @file    stm32f0xx_hal_uart_ex.c
   4:Drivers/STM32F0xx_HAL_Driver/Src/stm32f0xx_hal_uart_ex.c ****   * @author  MCD Application Team
   5:Drivers/STM32F0xx_HAL_Driver/Src/stm32f0xx_hal_uart_ex.c ****   * @brief   Extended UART HAL module driver.
   6:Drivers/STM32F0xx_HAL_Driver/Src/stm32f0xx_hal_uart_ex.c ****   *          This file provides firmware functions to manage the following extended
   7:Drivers/STM32F0xx_HAL_Driver/Src/stm32f0xx_hal_uart_ex.c ****   *          functionalities of the Universal Asynchronous Receiver Transmitter Peripheral (UART).
   8:Drivers/STM32F0xx_HAL_Driver/Src/stm32f0xx_hal_uart_ex.c ****   *           + Initialization and de-initialization functions
   9:Drivers/STM32F0xx_HAL_Driver/Src/stm32f0xx_hal_uart_ex.c ****   *           + Peripheral Control functions
  10:Drivers/STM32F0xx_HAL_Driver/Src/stm32f0xx_hal_uart_ex.c ****   *
  11:Drivers/STM32F0xx_HAL_Driver/Src/stm32f0xx_hal_uart_ex.c ****   *
  12:Drivers/STM32F0xx_HAL_Driver/Src/stm32f0xx_hal_uart_ex.c ****   ******************************************************************************
  13:Drivers/STM32F0xx_HAL_Driver/Src/stm32f0xx_hal_uart_ex.c ****   * @attention
  14:Drivers/STM32F0xx_HAL_Driver/Src/stm32f0xx_hal_uart_ex.c ****   *
  15:Drivers/STM32F0xx_HAL_Driver/Src/stm32f0xx_hal_uart_ex.c ****   * Copyright (c) 2016 STMicroelectronics.
  16:Drivers/STM32F0xx_HAL_Driver/Src/stm32f0xx_hal_uart_ex.c ****   * All rights reserved.
  17:Drivers/STM32F0xx_HAL_Driver/Src/stm32f0xx_hal_uart_ex.c ****   *
  18:Drivers/STM32F0xx_HAL_Driver/Src/stm32f0xx_hal_uart_ex.c ****   * This software is licensed under terms that can be found in the LICENSE file
  19:Drivers/STM32F0xx_HAL_Driver/Src/stm32f0xx_hal_uart_ex.c ****   * in the root directory of this software component.
  20:Drivers/STM32F0xx_HAL_Driver/Src/stm32f0xx_hal_uart_ex.c ****   * If no LICENSE file comes with this software, it is provided AS-IS.
  21:Drivers/STM32F0xx_HAL_Driver/Src/stm32f0xx_hal_uart_ex.c ****   *
  22:Drivers/STM32F0xx_HAL_Driver/Src/stm32f0xx_hal_uart_ex.c ****   ******************************************************************************
  23:Drivers/STM32F0xx_HAL_Driver/Src/stm32f0xx_hal_uart_ex.c ****   @verbatim
  24:Drivers/STM32F0xx_HAL_Driver/Src/stm32f0xx_hal_uart_ex.c ****   ==============================================================================
  25:Drivers/STM32F0xx_HAL_Driver/Src/stm32f0xx_hal_uart_ex.c ****                ##### UART peripheral extended features  #####
  26:Drivers/STM32F0xx_HAL_Driver/Src/stm32f0xx_hal_uart_ex.c ****   ==============================================================================
  27:Drivers/STM32F0xx_HAL_Driver/Src/stm32f0xx_hal_uart_ex.c **** 
  28:Drivers/STM32F0xx_HAL_Driver/Src/stm32f0xx_hal_uart_ex.c ****     (#) Declare a UART_HandleTypeDef handle structure.
  29:Drivers/STM32F0xx_HAL_Driver/Src/stm32f0xx_hal_uart_ex.c **** 
  30:Drivers/STM32F0xx_HAL_Driver/Src/stm32f0xx_hal_uart_ex.c ****     (#) For the UART RS485 Driver Enable mode, initialize the UART registers
  31:Drivers/STM32F0xx_HAL_Driver/Src/stm32f0xx_hal_uart_ex.c ****         by calling the HAL_RS485Ex_Init() API.
  32:Drivers/STM32F0xx_HAL_Driver/Src/stm32f0xx_hal_uart_ex.c **** 
ARM GAS  C:\Users\ADMINI~1\AppData\Local\Temp\cchQt67W.s 			page 2


  33:Drivers/STM32F0xx_HAL_Driver/Src/stm32f0xx_hal_uart_ex.c ****   @endverbatim
  34:Drivers/STM32F0xx_HAL_Driver/Src/stm32f0xx_hal_uart_ex.c ****   ******************************************************************************
  35:Drivers/STM32F0xx_HAL_Driver/Src/stm32f0xx_hal_uart_ex.c ****   */
  36:Drivers/STM32F0xx_HAL_Driver/Src/stm32f0xx_hal_uart_ex.c **** 
  37:Drivers/STM32F0xx_HAL_Driver/Src/stm32f0xx_hal_uart_ex.c **** /* Includes ------------------------------------------------------------------*/
  38:Drivers/STM32F0xx_HAL_Driver/Src/stm32f0xx_hal_uart_ex.c **** #include "stm32f0xx_hal.h"
  39:Drivers/STM32F0xx_HAL_Driver/Src/stm32f0xx_hal_uart_ex.c **** 
  40:Drivers/STM32F0xx_HAL_Driver/Src/stm32f0xx_hal_uart_ex.c **** /** @addtogroup STM32F0xx_HAL_Driver
  41:Drivers/STM32F0xx_HAL_Driver/Src/stm32f0xx_hal_uart_ex.c ****   * @{
  42:Drivers/STM32F0xx_HAL_Driver/Src/stm32f0xx_hal_uart_ex.c ****   */
  43:Drivers/STM32F0xx_HAL_Driver/Src/stm32f0xx_hal_uart_ex.c **** 
  44:Drivers/STM32F0xx_HAL_Driver/Src/stm32f0xx_hal_uart_ex.c **** /** @defgroup UARTEx UARTEx
  45:Drivers/STM32F0xx_HAL_Driver/Src/stm32f0xx_hal_uart_ex.c ****   * @brief UART Extended HAL module driver
  46:Drivers/STM32F0xx_HAL_Driver/Src/stm32f0xx_hal_uart_ex.c ****   * @{
  47:Drivers/STM32F0xx_HAL_Driver/Src/stm32f0xx_hal_uart_ex.c ****   */
  48:Drivers/STM32F0xx_HAL_Driver/Src/stm32f0xx_hal_uart_ex.c **** 
  49:Drivers/STM32F0xx_HAL_Driver/Src/stm32f0xx_hal_uart_ex.c **** #ifdef HAL_UART_MODULE_ENABLED
  50:Drivers/STM32F0xx_HAL_Driver/Src/stm32f0xx_hal_uart_ex.c **** 
  51:Drivers/STM32F0xx_HAL_Driver/Src/stm32f0xx_hal_uart_ex.c **** /* Private typedef -----------------------------------------------------------*/
  52:Drivers/STM32F0xx_HAL_Driver/Src/stm32f0xx_hal_uart_ex.c **** /* Private define ------------------------------------------------------------*/
  53:Drivers/STM32F0xx_HAL_Driver/Src/stm32f0xx_hal_uart_ex.c **** 
  54:Drivers/STM32F0xx_HAL_Driver/Src/stm32f0xx_hal_uart_ex.c **** /* Private macros ------------------------------------------------------------*/
  55:Drivers/STM32F0xx_HAL_Driver/Src/stm32f0xx_hal_uart_ex.c **** /* Private variables ---------------------------------------------------------*/
  56:Drivers/STM32F0xx_HAL_Driver/Src/stm32f0xx_hal_uart_ex.c **** /* Private function prototypes -----------------------------------------------*/
  57:Drivers/STM32F0xx_HAL_Driver/Src/stm32f0xx_hal_uart_ex.c **** /** @defgroup UARTEx_Private_Functions UARTEx Private Functions
  58:Drivers/STM32F0xx_HAL_Driver/Src/stm32f0xx_hal_uart_ex.c ****   * @{
  59:Drivers/STM32F0xx_HAL_Driver/Src/stm32f0xx_hal_uart_ex.c ****   */
  60:Drivers/STM32F0xx_HAL_Driver/Src/stm32f0xx_hal_uart_ex.c **** #if defined(USART_CR1_UESM)
  61:Drivers/STM32F0xx_HAL_Driver/Src/stm32f0xx_hal_uart_ex.c **** static void UARTEx_Wakeup_AddressConfig(UART_HandleTypeDef *huart, UART_WakeUpTypeDef WakeUpSelecti
  62:Drivers/STM32F0xx_HAL_Driver/Src/stm32f0xx_hal_uart_ex.c **** #endif /* USART_CR1_UESM */
  63:Drivers/STM32F0xx_HAL_Driver/Src/stm32f0xx_hal_uart_ex.c **** /**
  64:Drivers/STM32F0xx_HAL_Driver/Src/stm32f0xx_hal_uart_ex.c ****   * @}
  65:Drivers/STM32F0xx_HAL_Driver/Src/stm32f0xx_hal_uart_ex.c ****   */
  66:Drivers/STM32F0xx_HAL_Driver/Src/stm32f0xx_hal_uart_ex.c **** 
  67:Drivers/STM32F0xx_HAL_Driver/Src/stm32f0xx_hal_uart_ex.c **** /* Exported functions --------------------------------------------------------*/
  68:Drivers/STM32F0xx_HAL_Driver/Src/stm32f0xx_hal_uart_ex.c **** 
  69:Drivers/STM32F0xx_HAL_Driver/Src/stm32f0xx_hal_uart_ex.c **** /** @defgroup UARTEx_Exported_Functions  UARTEx Exported Functions
  70:Drivers/STM32F0xx_HAL_Driver/Src/stm32f0xx_hal_uart_ex.c ****   * @{
  71:Drivers/STM32F0xx_HAL_Driver/Src/stm32f0xx_hal_uart_ex.c ****   */
  72:Drivers/STM32F0xx_HAL_Driver/Src/stm32f0xx_hal_uart_ex.c **** 
  73:Drivers/STM32F0xx_HAL_Driver/Src/stm32f0xx_hal_uart_ex.c **** /** @defgroup UARTEx_Exported_Functions_Group1 Initialization and de-initialization functions
  74:Drivers/STM32F0xx_HAL_Driver/Src/stm32f0xx_hal_uart_ex.c ****   * @brief    Extended Initialization and Configuration Functions
  75:Drivers/STM32F0xx_HAL_Driver/Src/stm32f0xx_hal_uart_ex.c ****   *
  76:Drivers/STM32F0xx_HAL_Driver/Src/stm32f0xx_hal_uart_ex.c **** @verbatim
  77:Drivers/STM32F0xx_HAL_Driver/Src/stm32f0xx_hal_uart_ex.c **** ===============================================================================
  78:Drivers/STM32F0xx_HAL_Driver/Src/stm32f0xx_hal_uart_ex.c ****             ##### Initialization and Configuration functions #####
  79:Drivers/STM32F0xx_HAL_Driver/Src/stm32f0xx_hal_uart_ex.c ****  ===============================================================================
  80:Drivers/STM32F0xx_HAL_Driver/Src/stm32f0xx_hal_uart_ex.c ****     [..]
  81:Drivers/STM32F0xx_HAL_Driver/Src/stm32f0xx_hal_uart_ex.c ****     This subsection provides a set of functions allowing to initialize the USARTx or the UARTy
  82:Drivers/STM32F0xx_HAL_Driver/Src/stm32f0xx_hal_uart_ex.c ****     in asynchronous mode.
  83:Drivers/STM32F0xx_HAL_Driver/Src/stm32f0xx_hal_uart_ex.c ****       (+) For the asynchronous mode the parameters below can be configured:
  84:Drivers/STM32F0xx_HAL_Driver/Src/stm32f0xx_hal_uart_ex.c ****         (++) Baud Rate
  85:Drivers/STM32F0xx_HAL_Driver/Src/stm32f0xx_hal_uart_ex.c ****         (++) Word Length
  86:Drivers/STM32F0xx_HAL_Driver/Src/stm32f0xx_hal_uart_ex.c ****         (++) Stop Bit
  87:Drivers/STM32F0xx_HAL_Driver/Src/stm32f0xx_hal_uart_ex.c ****         (++) Parity: If the parity is enabled, then the MSB bit of the data written
  88:Drivers/STM32F0xx_HAL_Driver/Src/stm32f0xx_hal_uart_ex.c ****              in the data register is transmitted but is changed by the parity bit.
  89:Drivers/STM32F0xx_HAL_Driver/Src/stm32f0xx_hal_uart_ex.c ****         (++) Hardware flow control
ARM GAS  C:\Users\ADMINI~1\AppData\Local\Temp\cchQt67W.s 			page 3


  90:Drivers/STM32F0xx_HAL_Driver/Src/stm32f0xx_hal_uart_ex.c ****         (++) Receiver/transmitter modes
  91:Drivers/STM32F0xx_HAL_Driver/Src/stm32f0xx_hal_uart_ex.c ****         (++) Over Sampling Method
  92:Drivers/STM32F0xx_HAL_Driver/Src/stm32f0xx_hal_uart_ex.c ****         (++) One-Bit Sampling Method
  93:Drivers/STM32F0xx_HAL_Driver/Src/stm32f0xx_hal_uart_ex.c ****       (+) For the asynchronous mode, the following advanced features can be configured as well:
  94:Drivers/STM32F0xx_HAL_Driver/Src/stm32f0xx_hal_uart_ex.c ****         (++) TX and/or RX pin level inversion
  95:Drivers/STM32F0xx_HAL_Driver/Src/stm32f0xx_hal_uart_ex.c ****         (++) data logical level inversion
  96:Drivers/STM32F0xx_HAL_Driver/Src/stm32f0xx_hal_uart_ex.c ****         (++) RX and TX pins swap
  97:Drivers/STM32F0xx_HAL_Driver/Src/stm32f0xx_hal_uart_ex.c ****         (++) RX overrun detection disabling
  98:Drivers/STM32F0xx_HAL_Driver/Src/stm32f0xx_hal_uart_ex.c ****         (++) DMA disabling on RX error
  99:Drivers/STM32F0xx_HAL_Driver/Src/stm32f0xx_hal_uart_ex.c ****         (++) MSB first on communication line
 100:Drivers/STM32F0xx_HAL_Driver/Src/stm32f0xx_hal_uart_ex.c ****         (++) auto Baud rate detection
 101:Drivers/STM32F0xx_HAL_Driver/Src/stm32f0xx_hal_uart_ex.c ****     [..]
 102:Drivers/STM32F0xx_HAL_Driver/Src/stm32f0xx_hal_uart_ex.c ****     The HAL_RS485Ex_Init() API follows the UART RS485 mode configuration
 103:Drivers/STM32F0xx_HAL_Driver/Src/stm32f0xx_hal_uart_ex.c ****      procedures (details for the procedures are available in reference manual).
 104:Drivers/STM32F0xx_HAL_Driver/Src/stm32f0xx_hal_uart_ex.c **** 
 105:Drivers/STM32F0xx_HAL_Driver/Src/stm32f0xx_hal_uart_ex.c **** @endverbatim
 106:Drivers/STM32F0xx_HAL_Driver/Src/stm32f0xx_hal_uart_ex.c **** 
 107:Drivers/STM32F0xx_HAL_Driver/Src/stm32f0xx_hal_uart_ex.c ****   Depending on the frame length defined by the M1 and M0 bits (7-bit,
 108:Drivers/STM32F0xx_HAL_Driver/Src/stm32f0xx_hal_uart_ex.c ****   8-bit or 9-bit), the possible UART formats are listed in the
 109:Drivers/STM32F0xx_HAL_Driver/Src/stm32f0xx_hal_uart_ex.c ****   following table.
 110:Drivers/STM32F0xx_HAL_Driver/Src/stm32f0xx_hal_uart_ex.c **** 
 111:Drivers/STM32F0xx_HAL_Driver/Src/stm32f0xx_hal_uart_ex.c ****     Table 1. UART frame format.
 112:Drivers/STM32F0xx_HAL_Driver/Src/stm32f0xx_hal_uart_ex.c ****     +-----------------------------------------------------------------------+
 113:Drivers/STM32F0xx_HAL_Driver/Src/stm32f0xx_hal_uart_ex.c ****     |  M1 bit |  M0 bit |  PCE bit  |             UART frame                |
 114:Drivers/STM32F0xx_HAL_Driver/Src/stm32f0xx_hal_uart_ex.c ****     |---------|---------|-----------|---------------------------------------|
 115:Drivers/STM32F0xx_HAL_Driver/Src/stm32f0xx_hal_uart_ex.c ****     |    0    |    0    |    0      |    | SB |    8 bit data   | STB |     |
 116:Drivers/STM32F0xx_HAL_Driver/Src/stm32f0xx_hal_uart_ex.c ****     |---------|---------|-----------|---------------------------------------|
 117:Drivers/STM32F0xx_HAL_Driver/Src/stm32f0xx_hal_uart_ex.c ****     |    0    |    0    |    1      |    | SB | 7 bit data | PB | STB |     |
 118:Drivers/STM32F0xx_HAL_Driver/Src/stm32f0xx_hal_uart_ex.c ****     |---------|---------|-----------|---------------------------------------|
 119:Drivers/STM32F0xx_HAL_Driver/Src/stm32f0xx_hal_uart_ex.c ****     |    0    |    1    |    0      |    | SB |    9 bit data   | STB |     |
 120:Drivers/STM32F0xx_HAL_Driver/Src/stm32f0xx_hal_uart_ex.c ****     |---------|---------|-----------|---------------------------------------|
 121:Drivers/STM32F0xx_HAL_Driver/Src/stm32f0xx_hal_uart_ex.c ****     |    0    |    1    |    1      |    | SB | 8 bit data | PB | STB |     |
 122:Drivers/STM32F0xx_HAL_Driver/Src/stm32f0xx_hal_uart_ex.c ****     |---------|---------|-----------|---------------------------------------|
 123:Drivers/STM32F0xx_HAL_Driver/Src/stm32f0xx_hal_uart_ex.c ****     |    1    |    0    |    0      |    | SB |    7 bit data   | STB |     |
 124:Drivers/STM32F0xx_HAL_Driver/Src/stm32f0xx_hal_uart_ex.c ****     |---------|---------|-----------|---------------------------------------|
 125:Drivers/STM32F0xx_HAL_Driver/Src/stm32f0xx_hal_uart_ex.c ****     |    1    |    0    |    1      |    | SB | 6 bit data | PB | STB |     |
 126:Drivers/STM32F0xx_HAL_Driver/Src/stm32f0xx_hal_uart_ex.c ****     +-----------------------------------------------------------------------+
 127:Drivers/STM32F0xx_HAL_Driver/Src/stm32f0xx_hal_uart_ex.c **** 
 128:Drivers/STM32F0xx_HAL_Driver/Src/stm32f0xx_hal_uart_ex.c ****   * @{
 129:Drivers/STM32F0xx_HAL_Driver/Src/stm32f0xx_hal_uart_ex.c ****   */
 130:Drivers/STM32F0xx_HAL_Driver/Src/stm32f0xx_hal_uart_ex.c **** 
 131:Drivers/STM32F0xx_HAL_Driver/Src/stm32f0xx_hal_uart_ex.c **** /**
 132:Drivers/STM32F0xx_HAL_Driver/Src/stm32f0xx_hal_uart_ex.c ****   * @brief Initialize the RS485 Driver enable feature according to the specified
 133:Drivers/STM32F0xx_HAL_Driver/Src/stm32f0xx_hal_uart_ex.c ****   *         parameters in the UART_InitTypeDef and creates the associated handle.
 134:Drivers/STM32F0xx_HAL_Driver/Src/stm32f0xx_hal_uart_ex.c ****   * @param huart            UART handle.
 135:Drivers/STM32F0xx_HAL_Driver/Src/stm32f0xx_hal_uart_ex.c ****   * @param Polarity         Select the driver enable polarity.
 136:Drivers/STM32F0xx_HAL_Driver/Src/stm32f0xx_hal_uart_ex.c ****   *          This parameter can be one of the following values:
 137:Drivers/STM32F0xx_HAL_Driver/Src/stm32f0xx_hal_uart_ex.c ****   *          @arg @ref UART_DE_POLARITY_HIGH DE signal is active high
 138:Drivers/STM32F0xx_HAL_Driver/Src/stm32f0xx_hal_uart_ex.c ****   *          @arg @ref UART_DE_POLARITY_LOW  DE signal is active low
 139:Drivers/STM32F0xx_HAL_Driver/Src/stm32f0xx_hal_uart_ex.c ****   * @param AssertionTime    Driver Enable assertion time:
 140:Drivers/STM32F0xx_HAL_Driver/Src/stm32f0xx_hal_uart_ex.c ****   *       5-bit value defining the time between the activation of the DE (Driver Enable)
 141:Drivers/STM32F0xx_HAL_Driver/Src/stm32f0xx_hal_uart_ex.c ****   *       signal and the beginning of the start bit. It is expressed in sample time
 142:Drivers/STM32F0xx_HAL_Driver/Src/stm32f0xx_hal_uart_ex.c ****   *       units (1/8 or 1/16 bit time, depending on the oversampling rate)
 143:Drivers/STM32F0xx_HAL_Driver/Src/stm32f0xx_hal_uart_ex.c ****   * @param DeassertionTime  Driver Enable deassertion time:
 144:Drivers/STM32F0xx_HAL_Driver/Src/stm32f0xx_hal_uart_ex.c ****   *       5-bit value defining the time between the end of the last stop bit, in a
 145:Drivers/STM32F0xx_HAL_Driver/Src/stm32f0xx_hal_uart_ex.c ****   *       transmitted message, and the de-activation of the DE (Driver Enable) signal.
 146:Drivers/STM32F0xx_HAL_Driver/Src/stm32f0xx_hal_uart_ex.c ****   *       It is expressed in sample time units (1/8 or 1/16 bit time, depending on the
ARM GAS  C:\Users\ADMINI~1\AppData\Local\Temp\cchQt67W.s 			page 4


 147:Drivers/STM32F0xx_HAL_Driver/Src/stm32f0xx_hal_uart_ex.c ****   *       oversampling rate).
 148:Drivers/STM32F0xx_HAL_Driver/Src/stm32f0xx_hal_uart_ex.c ****   * @retval HAL status
 149:Drivers/STM32F0xx_HAL_Driver/Src/stm32f0xx_hal_uart_ex.c ****   */
 150:Drivers/STM32F0xx_HAL_Driver/Src/stm32f0xx_hal_uart_ex.c **** HAL_StatusTypeDef HAL_RS485Ex_Init(UART_HandleTypeDef *huart, uint32_t Polarity, uint32_t Assertion
 151:Drivers/STM32F0xx_HAL_Driver/Src/stm32f0xx_hal_uart_ex.c ****                                    uint32_t DeassertionTime)
 152:Drivers/STM32F0xx_HAL_Driver/Src/stm32f0xx_hal_uart_ex.c **** {
 153:Drivers/STM32F0xx_HAL_Driver/Src/stm32f0xx_hal_uart_ex.c ****   uint32_t temp;
 154:Drivers/STM32F0xx_HAL_Driver/Src/stm32f0xx_hal_uart_ex.c **** 
 155:Drivers/STM32F0xx_HAL_Driver/Src/stm32f0xx_hal_uart_ex.c ****   /* Check the UART handle allocation */
 156:Drivers/STM32F0xx_HAL_Driver/Src/stm32f0xx_hal_uart_ex.c ****   if (huart == NULL)
 157:Drivers/STM32F0xx_HAL_Driver/Src/stm32f0xx_hal_uart_ex.c ****   {
 158:Drivers/STM32F0xx_HAL_Driver/Src/stm32f0xx_hal_uart_ex.c ****     return HAL_ERROR;
 159:Drivers/STM32F0xx_HAL_Driver/Src/stm32f0xx_hal_uart_ex.c ****   }
 160:Drivers/STM32F0xx_HAL_Driver/Src/stm32f0xx_hal_uart_ex.c ****   /* Check the Driver Enable UART instance */
 161:Drivers/STM32F0xx_HAL_Driver/Src/stm32f0xx_hal_uart_ex.c ****   assert_param(IS_UART_DRIVER_ENABLE_INSTANCE(huart->Instance));
 162:Drivers/STM32F0xx_HAL_Driver/Src/stm32f0xx_hal_uart_ex.c **** 
 163:Drivers/STM32F0xx_HAL_Driver/Src/stm32f0xx_hal_uart_ex.c ****   /* Check the Driver Enable polarity */
 164:Drivers/STM32F0xx_HAL_Driver/Src/stm32f0xx_hal_uart_ex.c ****   assert_param(IS_UART_DE_POLARITY(Polarity));
 165:Drivers/STM32F0xx_HAL_Driver/Src/stm32f0xx_hal_uart_ex.c **** 
 166:Drivers/STM32F0xx_HAL_Driver/Src/stm32f0xx_hal_uart_ex.c ****   /* Check the Driver Enable assertion time */
 167:Drivers/STM32F0xx_HAL_Driver/Src/stm32f0xx_hal_uart_ex.c ****   assert_param(IS_UART_ASSERTIONTIME(AssertionTime));
 168:Drivers/STM32F0xx_HAL_Driver/Src/stm32f0xx_hal_uart_ex.c **** 
 169:Drivers/STM32F0xx_HAL_Driver/Src/stm32f0xx_hal_uart_ex.c ****   /* Check the Driver Enable deassertion time */
 170:Drivers/STM32F0xx_HAL_Driver/Src/stm32f0xx_hal_uart_ex.c ****   assert_param(IS_UART_DEASSERTIONTIME(DeassertionTime));
 171:Drivers/STM32F0xx_HAL_Driver/Src/stm32f0xx_hal_uart_ex.c **** 
 172:Drivers/STM32F0xx_HAL_Driver/Src/stm32f0xx_hal_uart_ex.c ****   if (huart->gState == HAL_UART_STATE_RESET)
 173:Drivers/STM32F0xx_HAL_Driver/Src/stm32f0xx_hal_uart_ex.c ****   {
 174:Drivers/STM32F0xx_HAL_Driver/Src/stm32f0xx_hal_uart_ex.c ****     /* Allocate lock resource and initialize it */
 175:Drivers/STM32F0xx_HAL_Driver/Src/stm32f0xx_hal_uart_ex.c ****     huart->Lock = HAL_UNLOCKED;
 176:Drivers/STM32F0xx_HAL_Driver/Src/stm32f0xx_hal_uart_ex.c **** 
 177:Drivers/STM32F0xx_HAL_Driver/Src/stm32f0xx_hal_uart_ex.c **** #if (USE_HAL_UART_REGISTER_CALLBACKS == 1)
 178:Drivers/STM32F0xx_HAL_Driver/Src/stm32f0xx_hal_uart_ex.c ****     UART_InitCallbacksToDefault(huart);
 179:Drivers/STM32F0xx_HAL_Driver/Src/stm32f0xx_hal_uart_ex.c **** 
 180:Drivers/STM32F0xx_HAL_Driver/Src/stm32f0xx_hal_uart_ex.c ****     if (huart->MspInitCallback == NULL)
 181:Drivers/STM32F0xx_HAL_Driver/Src/stm32f0xx_hal_uart_ex.c ****     {
 182:Drivers/STM32F0xx_HAL_Driver/Src/stm32f0xx_hal_uart_ex.c ****       huart->MspInitCallback = HAL_UART_MspInit;
 183:Drivers/STM32F0xx_HAL_Driver/Src/stm32f0xx_hal_uart_ex.c ****     }
 184:Drivers/STM32F0xx_HAL_Driver/Src/stm32f0xx_hal_uart_ex.c **** 
 185:Drivers/STM32F0xx_HAL_Driver/Src/stm32f0xx_hal_uart_ex.c ****     /* Init the low level hardware */
 186:Drivers/STM32F0xx_HAL_Driver/Src/stm32f0xx_hal_uart_ex.c ****     huart->MspInitCallback(huart);
 187:Drivers/STM32F0xx_HAL_Driver/Src/stm32f0xx_hal_uart_ex.c **** #else
 188:Drivers/STM32F0xx_HAL_Driver/Src/stm32f0xx_hal_uart_ex.c ****     /* Init the low level hardware : GPIO, CLOCK, CORTEX */
 189:Drivers/STM32F0xx_HAL_Driver/Src/stm32f0xx_hal_uart_ex.c ****     HAL_UART_MspInit(huart);
 190:Drivers/STM32F0xx_HAL_Driver/Src/stm32f0xx_hal_uart_ex.c **** #endif /* (USE_HAL_UART_REGISTER_CALLBACKS) */
 191:Drivers/STM32F0xx_HAL_Driver/Src/stm32f0xx_hal_uart_ex.c ****   }
 192:Drivers/STM32F0xx_HAL_Driver/Src/stm32f0xx_hal_uart_ex.c **** 
 193:Drivers/STM32F0xx_HAL_Driver/Src/stm32f0xx_hal_uart_ex.c ****   huart->gState = HAL_UART_STATE_BUSY;
 194:Drivers/STM32F0xx_HAL_Driver/Src/stm32f0xx_hal_uart_ex.c **** 
 195:Drivers/STM32F0xx_HAL_Driver/Src/stm32f0xx_hal_uart_ex.c ****   /* Disable the Peripheral */
 196:Drivers/STM32F0xx_HAL_Driver/Src/stm32f0xx_hal_uart_ex.c ****   __HAL_UART_DISABLE(huart);
 197:Drivers/STM32F0xx_HAL_Driver/Src/stm32f0xx_hal_uart_ex.c **** 
 198:Drivers/STM32F0xx_HAL_Driver/Src/stm32f0xx_hal_uart_ex.c ****   /* Perform advanced settings configuration */
 199:Drivers/STM32F0xx_HAL_Driver/Src/stm32f0xx_hal_uart_ex.c ****   /* For some items, configuration requires to be done prior TE and RE bits are set */
 200:Drivers/STM32F0xx_HAL_Driver/Src/stm32f0xx_hal_uart_ex.c ****   if (huart->AdvancedInit.AdvFeatureInit != UART_ADVFEATURE_NO_INIT)
 201:Drivers/STM32F0xx_HAL_Driver/Src/stm32f0xx_hal_uart_ex.c ****   {
 202:Drivers/STM32F0xx_HAL_Driver/Src/stm32f0xx_hal_uart_ex.c ****     UART_AdvFeatureConfig(huart);
 203:Drivers/STM32F0xx_HAL_Driver/Src/stm32f0xx_hal_uart_ex.c ****   }
ARM GAS  C:\Users\ADMINI~1\AppData\Local\Temp\cchQt67W.s 			page 5


 204:Drivers/STM32F0xx_HAL_Driver/Src/stm32f0xx_hal_uart_ex.c **** 
 205:Drivers/STM32F0xx_HAL_Driver/Src/stm32f0xx_hal_uart_ex.c ****   /* Set the UART Communication parameters */
 206:Drivers/STM32F0xx_HAL_Driver/Src/stm32f0xx_hal_uart_ex.c ****   if (UART_SetConfig(huart) == HAL_ERROR)
 207:Drivers/STM32F0xx_HAL_Driver/Src/stm32f0xx_hal_uart_ex.c ****   {
 208:Drivers/STM32F0xx_HAL_Driver/Src/stm32f0xx_hal_uart_ex.c ****     return HAL_ERROR;
 209:Drivers/STM32F0xx_HAL_Driver/Src/stm32f0xx_hal_uart_ex.c ****   }
 210:Drivers/STM32F0xx_HAL_Driver/Src/stm32f0xx_hal_uart_ex.c **** 
 211:Drivers/STM32F0xx_HAL_Driver/Src/stm32f0xx_hal_uart_ex.c ****   /* Enable the Driver Enable mode by setting the DEM bit in the CR3 register */
 212:Drivers/STM32F0xx_HAL_Driver/Src/stm32f0xx_hal_uart_ex.c ****   SET_BIT(huart->Instance->CR3, USART_CR3_DEM);
 213:Drivers/STM32F0xx_HAL_Driver/Src/stm32f0xx_hal_uart_ex.c **** 
 214:Drivers/STM32F0xx_HAL_Driver/Src/stm32f0xx_hal_uart_ex.c ****   /* Set the Driver Enable polarity */
 215:Drivers/STM32F0xx_HAL_Driver/Src/stm32f0xx_hal_uart_ex.c ****   MODIFY_REG(huart->Instance->CR3, USART_CR3_DEP, Polarity);
 216:Drivers/STM32F0xx_HAL_Driver/Src/stm32f0xx_hal_uart_ex.c **** 
 217:Drivers/STM32F0xx_HAL_Driver/Src/stm32f0xx_hal_uart_ex.c ****   /* Set the Driver Enable assertion and deassertion times */
 218:Drivers/STM32F0xx_HAL_Driver/Src/stm32f0xx_hal_uart_ex.c ****   temp = (AssertionTime << UART_CR1_DEAT_ADDRESS_LSB_POS);
 219:Drivers/STM32F0xx_HAL_Driver/Src/stm32f0xx_hal_uart_ex.c ****   temp |= (DeassertionTime << UART_CR1_DEDT_ADDRESS_LSB_POS);
 220:Drivers/STM32F0xx_HAL_Driver/Src/stm32f0xx_hal_uart_ex.c ****   MODIFY_REG(huart->Instance->CR1, (USART_CR1_DEDT | USART_CR1_DEAT), temp);
 221:Drivers/STM32F0xx_HAL_Driver/Src/stm32f0xx_hal_uart_ex.c **** 
 222:Drivers/STM32F0xx_HAL_Driver/Src/stm32f0xx_hal_uart_ex.c ****   /* Enable the Peripheral */
 223:Drivers/STM32F0xx_HAL_Driver/Src/stm32f0xx_hal_uart_ex.c ****   __HAL_UART_ENABLE(huart);
 224:Drivers/STM32F0xx_HAL_Driver/Src/stm32f0xx_hal_uart_ex.c **** 
 225:Drivers/STM32F0xx_HAL_Driver/Src/stm32f0xx_hal_uart_ex.c ****   /* TEACK and/or REACK to check before moving huart->gState and huart->RxState to Ready */
 226:Drivers/STM32F0xx_HAL_Driver/Src/stm32f0xx_hal_uart_ex.c ****   return (UART_CheckIdleState(huart));
 227:Drivers/STM32F0xx_HAL_Driver/Src/stm32f0xx_hal_uart_ex.c **** }
 228:Drivers/STM32F0xx_HAL_Driver/Src/stm32f0xx_hal_uart_ex.c **** 
 229:Drivers/STM32F0xx_HAL_Driver/Src/stm32f0xx_hal_uart_ex.c **** /**
 230:Drivers/STM32F0xx_HAL_Driver/Src/stm32f0xx_hal_uart_ex.c ****   * @}
 231:Drivers/STM32F0xx_HAL_Driver/Src/stm32f0xx_hal_uart_ex.c ****   */
 232:Drivers/STM32F0xx_HAL_Driver/Src/stm32f0xx_hal_uart_ex.c **** 
 233:Drivers/STM32F0xx_HAL_Driver/Src/stm32f0xx_hal_uart_ex.c **** /** @defgroup UARTEx_Exported_Functions_Group2 IO operation functions
 234:Drivers/STM32F0xx_HAL_Driver/Src/stm32f0xx_hal_uart_ex.c ****   *  @brief Extended functions
 235:Drivers/STM32F0xx_HAL_Driver/Src/stm32f0xx_hal_uart_ex.c ****   *
 236:Drivers/STM32F0xx_HAL_Driver/Src/stm32f0xx_hal_uart_ex.c **** @verbatim
 237:Drivers/STM32F0xx_HAL_Driver/Src/stm32f0xx_hal_uart_ex.c ****  ===============================================================================
 238:Drivers/STM32F0xx_HAL_Driver/Src/stm32f0xx_hal_uart_ex.c ****                       ##### IO operation functions #####
 239:Drivers/STM32F0xx_HAL_Driver/Src/stm32f0xx_hal_uart_ex.c ****  ===============================================================================
 240:Drivers/STM32F0xx_HAL_Driver/Src/stm32f0xx_hal_uart_ex.c ****     This subsection provides a set of Wakeup and FIFO mode related callback functions.
 241:Drivers/STM32F0xx_HAL_Driver/Src/stm32f0xx_hal_uart_ex.c **** 
 242:Drivers/STM32F0xx_HAL_Driver/Src/stm32f0xx_hal_uart_ex.c **** #if defined(USART_CR1_UESM)
 243:Drivers/STM32F0xx_HAL_Driver/Src/stm32f0xx_hal_uart_ex.c **** #if defined(USART_CR3_WUFIE)
 244:Drivers/STM32F0xx_HAL_Driver/Src/stm32f0xx_hal_uart_ex.c ****     (#) Wakeup from Stop mode Callback:
 245:Drivers/STM32F0xx_HAL_Driver/Src/stm32f0xx_hal_uart_ex.c ****         (+) HAL_UARTEx_WakeupCallback()
 246:Drivers/STM32F0xx_HAL_Driver/Src/stm32f0xx_hal_uart_ex.c **** 
 247:Drivers/STM32F0xx_HAL_Driver/Src/stm32f0xx_hal_uart_ex.c **** #endif
 248:Drivers/STM32F0xx_HAL_Driver/Src/stm32f0xx_hal_uart_ex.c **** #endif
 249:Drivers/STM32F0xx_HAL_Driver/Src/stm32f0xx_hal_uart_ex.c **** @endverbatim
 250:Drivers/STM32F0xx_HAL_Driver/Src/stm32f0xx_hal_uart_ex.c ****   * @{
 251:Drivers/STM32F0xx_HAL_Driver/Src/stm32f0xx_hal_uart_ex.c ****   */
 252:Drivers/STM32F0xx_HAL_Driver/Src/stm32f0xx_hal_uart_ex.c **** 
 253:Drivers/STM32F0xx_HAL_Driver/Src/stm32f0xx_hal_uart_ex.c **** #if defined(USART_CR1_UESM)
 254:Drivers/STM32F0xx_HAL_Driver/Src/stm32f0xx_hal_uart_ex.c **** #if defined(USART_CR3_WUFIE)
 255:Drivers/STM32F0xx_HAL_Driver/Src/stm32f0xx_hal_uart_ex.c **** /**
 256:Drivers/STM32F0xx_HAL_Driver/Src/stm32f0xx_hal_uart_ex.c ****   * @brief UART wakeup from Stop mode callback.
 257:Drivers/STM32F0xx_HAL_Driver/Src/stm32f0xx_hal_uart_ex.c ****   * @param huart UART handle.
 258:Drivers/STM32F0xx_HAL_Driver/Src/stm32f0xx_hal_uart_ex.c ****   * @retval None
 259:Drivers/STM32F0xx_HAL_Driver/Src/stm32f0xx_hal_uart_ex.c ****   */
 260:Drivers/STM32F0xx_HAL_Driver/Src/stm32f0xx_hal_uart_ex.c **** __weak void HAL_UARTEx_WakeupCallback(UART_HandleTypeDef *huart)
ARM GAS  C:\Users\ADMINI~1\AppData\Local\Temp\cchQt67W.s 			page 6


 261:Drivers/STM32F0xx_HAL_Driver/Src/stm32f0xx_hal_uart_ex.c **** {
 262:Drivers/STM32F0xx_HAL_Driver/Src/stm32f0xx_hal_uart_ex.c ****   /* Prevent unused argument(s) compilation warning */
 263:Drivers/STM32F0xx_HAL_Driver/Src/stm32f0xx_hal_uart_ex.c ****   UNUSED(huart);
 264:Drivers/STM32F0xx_HAL_Driver/Src/stm32f0xx_hal_uart_ex.c **** 
 265:Drivers/STM32F0xx_HAL_Driver/Src/stm32f0xx_hal_uart_ex.c ****   /* NOTE : This function should not be modified, when the callback is needed,
 266:Drivers/STM32F0xx_HAL_Driver/Src/stm32f0xx_hal_uart_ex.c ****             the HAL_UARTEx_WakeupCallback can be implemented in the user file.
 267:Drivers/STM32F0xx_HAL_Driver/Src/stm32f0xx_hal_uart_ex.c ****    */
 268:Drivers/STM32F0xx_HAL_Driver/Src/stm32f0xx_hal_uart_ex.c **** }
 269:Drivers/STM32F0xx_HAL_Driver/Src/stm32f0xx_hal_uart_ex.c **** 
 270:Drivers/STM32F0xx_HAL_Driver/Src/stm32f0xx_hal_uart_ex.c **** #endif /* USART_CR3_WUFIE */
 271:Drivers/STM32F0xx_HAL_Driver/Src/stm32f0xx_hal_uart_ex.c **** #endif /* USART_CR1_UESM */
 272:Drivers/STM32F0xx_HAL_Driver/Src/stm32f0xx_hal_uart_ex.c **** 
 273:Drivers/STM32F0xx_HAL_Driver/Src/stm32f0xx_hal_uart_ex.c **** /**
 274:Drivers/STM32F0xx_HAL_Driver/Src/stm32f0xx_hal_uart_ex.c ****   * @}
 275:Drivers/STM32F0xx_HAL_Driver/Src/stm32f0xx_hal_uart_ex.c ****   */
 276:Drivers/STM32F0xx_HAL_Driver/Src/stm32f0xx_hal_uart_ex.c **** 
 277:Drivers/STM32F0xx_HAL_Driver/Src/stm32f0xx_hal_uart_ex.c **** /** @defgroup UARTEx_Exported_Functions_Group3 Peripheral Control functions
 278:Drivers/STM32F0xx_HAL_Driver/Src/stm32f0xx_hal_uart_ex.c ****   * @brief    Extended Peripheral Control functions
 279:Drivers/STM32F0xx_HAL_Driver/Src/stm32f0xx_hal_uart_ex.c ****   *
 280:Drivers/STM32F0xx_HAL_Driver/Src/stm32f0xx_hal_uart_ex.c **** @verbatim
 281:Drivers/STM32F0xx_HAL_Driver/Src/stm32f0xx_hal_uart_ex.c ****  ===============================================================================
 282:Drivers/STM32F0xx_HAL_Driver/Src/stm32f0xx_hal_uart_ex.c ****                       ##### Peripheral Control functions #####
 283:Drivers/STM32F0xx_HAL_Driver/Src/stm32f0xx_hal_uart_ex.c ****  ===============================================================================
 284:Drivers/STM32F0xx_HAL_Driver/Src/stm32f0xx_hal_uart_ex.c ****     [..] This section provides the following functions:
 285:Drivers/STM32F0xx_HAL_Driver/Src/stm32f0xx_hal_uart_ex.c ****      (+) HAL_MultiProcessorEx_AddressLength_Set() API optionally sets the UART node address
 286:Drivers/STM32F0xx_HAL_Driver/Src/stm32f0xx_hal_uart_ex.c ****          detection length to more than 4 bits for multiprocessor address mark wake up.
 287:Drivers/STM32F0xx_HAL_Driver/Src/stm32f0xx_hal_uart_ex.c **** #if defined(USART_CR1_UESM)
 288:Drivers/STM32F0xx_HAL_Driver/Src/stm32f0xx_hal_uart_ex.c ****      (+) HAL_UARTEx_StopModeWakeUpSourceConfig() API defines the wake-up from stop mode
 289:Drivers/STM32F0xx_HAL_Driver/Src/stm32f0xx_hal_uart_ex.c ****          trigger: address match, Start Bit detection or RXNE bit status.
 290:Drivers/STM32F0xx_HAL_Driver/Src/stm32f0xx_hal_uart_ex.c ****      (+) HAL_UARTEx_EnableStopMode() API enables the UART to wake up the MCU from stop mode
 291:Drivers/STM32F0xx_HAL_Driver/Src/stm32f0xx_hal_uart_ex.c ****      (+) HAL_UARTEx_DisableStopMode() API disables the above functionality
 292:Drivers/STM32F0xx_HAL_Driver/Src/stm32f0xx_hal_uart_ex.c **** #endif
 293:Drivers/STM32F0xx_HAL_Driver/Src/stm32f0xx_hal_uart_ex.c **** 
 294:Drivers/STM32F0xx_HAL_Driver/Src/stm32f0xx_hal_uart_ex.c ****     [..] This subsection also provides a set of additional functions providing enhanced reception
 295:Drivers/STM32F0xx_HAL_Driver/Src/stm32f0xx_hal_uart_ex.c ****     services to user. (For example, these functions allow application to handle use cases
 296:Drivers/STM32F0xx_HAL_Driver/Src/stm32f0xx_hal_uart_ex.c ****     where number of data to be received is unknown).
 297:Drivers/STM32F0xx_HAL_Driver/Src/stm32f0xx_hal_uart_ex.c **** 
 298:Drivers/STM32F0xx_HAL_Driver/Src/stm32f0xx_hal_uart_ex.c ****     (#) Compared to standard reception services which only consider number of received
 299:Drivers/STM32F0xx_HAL_Driver/Src/stm32f0xx_hal_uart_ex.c ****         data elements as reception completion criteria, these functions also consider additional ev
 300:Drivers/STM32F0xx_HAL_Driver/Src/stm32f0xx_hal_uart_ex.c ****         as triggers for updating reception status to caller :
 301:Drivers/STM32F0xx_HAL_Driver/Src/stm32f0xx_hal_uart_ex.c ****        (+) Detection of inactivity period (RX line has not been active for a given period).
 302:Drivers/STM32F0xx_HAL_Driver/Src/stm32f0xx_hal_uart_ex.c ****           (++) RX inactivity detected by IDLE event, i.e. RX line has been in idle state (normally 
 303:Drivers/STM32F0xx_HAL_Driver/Src/stm32f0xx_hal_uart_ex.c ****                for 1 frame time, after last received byte.
 304:Drivers/STM32F0xx_HAL_Driver/Src/stm32f0xx_hal_uart_ex.c ****           (++) RX inactivity detected by RTO, i.e. line has been in idle state
 305:Drivers/STM32F0xx_HAL_Driver/Src/stm32f0xx_hal_uart_ex.c ****                for a programmable time, after last received byte.
 306:Drivers/STM32F0xx_HAL_Driver/Src/stm32f0xx_hal_uart_ex.c ****        (+) Detection that a specific character has been received.
 307:Drivers/STM32F0xx_HAL_Driver/Src/stm32f0xx_hal_uart_ex.c **** 
 308:Drivers/STM32F0xx_HAL_Driver/Src/stm32f0xx_hal_uart_ex.c ****     (#) There are two mode of transfer:
 309:Drivers/STM32F0xx_HAL_Driver/Src/stm32f0xx_hal_uart_ex.c ****        (+) Blocking mode: The reception is performed in polling mode, until either expected number 
 310:Drivers/STM32F0xx_HAL_Driver/Src/stm32f0xx_hal_uart_ex.c ****            or till IDLE event occurs. Reception is handled only during function execution.
 311:Drivers/STM32F0xx_HAL_Driver/Src/stm32f0xx_hal_uart_ex.c ****            When function exits, no data reception could occur. HAL status and number of actually re
 312:Drivers/STM32F0xx_HAL_Driver/Src/stm32f0xx_hal_uart_ex.c ****            are returned by function after finishing transfer.
 313:Drivers/STM32F0xx_HAL_Driver/Src/stm32f0xx_hal_uart_ex.c ****        (+) Non-Blocking mode: The reception is performed using Interrupts or DMA.
 314:Drivers/STM32F0xx_HAL_Driver/Src/stm32f0xx_hal_uart_ex.c ****            These API's return the HAL status.
 315:Drivers/STM32F0xx_HAL_Driver/Src/stm32f0xx_hal_uart_ex.c ****            The end of the data processing will be indicated through the
 316:Drivers/STM32F0xx_HAL_Driver/Src/stm32f0xx_hal_uart_ex.c ****            dedicated UART IRQ when using Interrupt mode or the DMA IRQ when using DMA mode.
 317:Drivers/STM32F0xx_HAL_Driver/Src/stm32f0xx_hal_uart_ex.c ****            The HAL_UARTEx_RxEventCallback() user callback will be executed during Receive process
ARM GAS  C:\Users\ADMINI~1\AppData\Local\Temp\cchQt67W.s 			page 7


 318:Drivers/STM32F0xx_HAL_Driver/Src/stm32f0xx_hal_uart_ex.c ****            The HAL_UART_ErrorCallback()user callback will be executed when a reception error is det
 319:Drivers/STM32F0xx_HAL_Driver/Src/stm32f0xx_hal_uart_ex.c **** 
 320:Drivers/STM32F0xx_HAL_Driver/Src/stm32f0xx_hal_uart_ex.c ****     (#) Blocking mode API:
 321:Drivers/STM32F0xx_HAL_Driver/Src/stm32f0xx_hal_uart_ex.c ****         (+) HAL_UARTEx_ReceiveToIdle()
 322:Drivers/STM32F0xx_HAL_Driver/Src/stm32f0xx_hal_uart_ex.c **** 
 323:Drivers/STM32F0xx_HAL_Driver/Src/stm32f0xx_hal_uart_ex.c ****     (#) Non-Blocking mode API with Interrupt:
 324:Drivers/STM32F0xx_HAL_Driver/Src/stm32f0xx_hal_uart_ex.c ****         (+) HAL_UARTEx_ReceiveToIdle_IT()
 325:Drivers/STM32F0xx_HAL_Driver/Src/stm32f0xx_hal_uart_ex.c **** 
 326:Drivers/STM32F0xx_HAL_Driver/Src/stm32f0xx_hal_uart_ex.c ****     (#) Non-Blocking mode API with DMA:
 327:Drivers/STM32F0xx_HAL_Driver/Src/stm32f0xx_hal_uart_ex.c ****         (+) HAL_UARTEx_ReceiveToIdle_DMA()
 328:Drivers/STM32F0xx_HAL_Driver/Src/stm32f0xx_hal_uart_ex.c **** 
 329:Drivers/STM32F0xx_HAL_Driver/Src/stm32f0xx_hal_uart_ex.c **** @endverbatim
 330:Drivers/STM32F0xx_HAL_Driver/Src/stm32f0xx_hal_uart_ex.c ****   * @{
 331:Drivers/STM32F0xx_HAL_Driver/Src/stm32f0xx_hal_uart_ex.c ****   */
 332:Drivers/STM32F0xx_HAL_Driver/Src/stm32f0xx_hal_uart_ex.c **** 
 333:Drivers/STM32F0xx_HAL_Driver/Src/stm32f0xx_hal_uart_ex.c **** /**
 334:Drivers/STM32F0xx_HAL_Driver/Src/stm32f0xx_hal_uart_ex.c ****   * @brief By default in multiprocessor mode, when the wake up method is set
 335:Drivers/STM32F0xx_HAL_Driver/Src/stm32f0xx_hal_uart_ex.c ****   *        to address mark, the UART handles only 4-bit long addresses detection;
 336:Drivers/STM32F0xx_HAL_Driver/Src/stm32f0xx_hal_uart_ex.c ****   *        this API allows to enable longer addresses detection (6-, 7- or 8-bit
 337:Drivers/STM32F0xx_HAL_Driver/Src/stm32f0xx_hal_uart_ex.c ****   *        long).
 338:Drivers/STM32F0xx_HAL_Driver/Src/stm32f0xx_hal_uart_ex.c ****   * @note  Addresses detection lengths are: 6-bit address detection in 7-bit data mode,
 339:Drivers/STM32F0xx_HAL_Driver/Src/stm32f0xx_hal_uart_ex.c ****   *        7-bit address detection in 8-bit data mode, 8-bit address detection in 9-bit data mode.
 340:Drivers/STM32F0xx_HAL_Driver/Src/stm32f0xx_hal_uart_ex.c ****   * @param huart         UART handle.
 341:Drivers/STM32F0xx_HAL_Driver/Src/stm32f0xx_hal_uart_ex.c ****   * @param AddressLength This parameter can be one of the following values:
 342:Drivers/STM32F0xx_HAL_Driver/Src/stm32f0xx_hal_uart_ex.c ****   *          @arg @ref UART_ADDRESS_DETECT_4B 4-bit long address
 343:Drivers/STM32F0xx_HAL_Driver/Src/stm32f0xx_hal_uart_ex.c ****   *          @arg @ref UART_ADDRESS_DETECT_7B 6-, 7- or 8-bit long address
 344:Drivers/STM32F0xx_HAL_Driver/Src/stm32f0xx_hal_uart_ex.c ****   * @retval HAL status
 345:Drivers/STM32F0xx_HAL_Driver/Src/stm32f0xx_hal_uart_ex.c ****   */
 346:Drivers/STM32F0xx_HAL_Driver/Src/stm32f0xx_hal_uart_ex.c **** HAL_StatusTypeDef HAL_MultiProcessorEx_AddressLength_Set(UART_HandleTypeDef *huart, uint32_t Addres
 347:Drivers/STM32F0xx_HAL_Driver/Src/stm32f0xx_hal_uart_ex.c **** {
 348:Drivers/STM32F0xx_HAL_Driver/Src/stm32f0xx_hal_uart_ex.c ****   /* Check the UART handle allocation */
 349:Drivers/STM32F0xx_HAL_Driver/Src/stm32f0xx_hal_uart_ex.c ****   if (huart == NULL)
 350:Drivers/STM32F0xx_HAL_Driver/Src/stm32f0xx_hal_uart_ex.c ****   {
 351:Drivers/STM32F0xx_HAL_Driver/Src/stm32f0xx_hal_uart_ex.c ****     return HAL_ERROR;
 352:Drivers/STM32F0xx_HAL_Driver/Src/stm32f0xx_hal_uart_ex.c ****   }
 353:Drivers/STM32F0xx_HAL_Driver/Src/stm32f0xx_hal_uart_ex.c **** 
 354:Drivers/STM32F0xx_HAL_Driver/Src/stm32f0xx_hal_uart_ex.c ****   /* Check the address length parameter */
 355:Drivers/STM32F0xx_HAL_Driver/Src/stm32f0xx_hal_uart_ex.c ****   assert_param(IS_UART_ADDRESSLENGTH_DETECT(AddressLength));
 356:Drivers/STM32F0xx_HAL_Driver/Src/stm32f0xx_hal_uart_ex.c **** 
 357:Drivers/STM32F0xx_HAL_Driver/Src/stm32f0xx_hal_uart_ex.c ****   huart->gState = HAL_UART_STATE_BUSY;
 358:Drivers/STM32F0xx_HAL_Driver/Src/stm32f0xx_hal_uart_ex.c **** 
 359:Drivers/STM32F0xx_HAL_Driver/Src/stm32f0xx_hal_uart_ex.c ****   /* Disable the Peripheral */
 360:Drivers/STM32F0xx_HAL_Driver/Src/stm32f0xx_hal_uart_ex.c ****   __HAL_UART_DISABLE(huart);
 361:Drivers/STM32F0xx_HAL_Driver/Src/stm32f0xx_hal_uart_ex.c **** 
 362:Drivers/STM32F0xx_HAL_Driver/Src/stm32f0xx_hal_uart_ex.c ****   /* Set the address length */
 363:Drivers/STM32F0xx_HAL_Driver/Src/stm32f0xx_hal_uart_ex.c ****   MODIFY_REG(huart->Instance->CR2, USART_CR2_ADDM7, AddressLength);
 364:Drivers/STM32F0xx_HAL_Driver/Src/stm32f0xx_hal_uart_ex.c **** 
 365:Drivers/STM32F0xx_HAL_Driver/Src/stm32f0xx_hal_uart_ex.c ****   /* Enable the Peripheral */
 366:Drivers/STM32F0xx_HAL_Driver/Src/stm32f0xx_hal_uart_ex.c ****   __HAL_UART_ENABLE(huart);
 367:Drivers/STM32F0xx_HAL_Driver/Src/stm32f0xx_hal_uart_ex.c **** 
 368:Drivers/STM32F0xx_HAL_Driver/Src/stm32f0xx_hal_uart_ex.c ****   /* TEACK and/or REACK to check before moving huart->gState to Ready */
 369:Drivers/STM32F0xx_HAL_Driver/Src/stm32f0xx_hal_uart_ex.c ****   return (UART_CheckIdleState(huart));
 370:Drivers/STM32F0xx_HAL_Driver/Src/stm32f0xx_hal_uart_ex.c **** }
 371:Drivers/STM32F0xx_HAL_Driver/Src/stm32f0xx_hal_uart_ex.c **** 
 372:Drivers/STM32F0xx_HAL_Driver/Src/stm32f0xx_hal_uart_ex.c **** #if defined(USART_CR1_UESM)
 373:Drivers/STM32F0xx_HAL_Driver/Src/stm32f0xx_hal_uart_ex.c **** /**
 374:Drivers/STM32F0xx_HAL_Driver/Src/stm32f0xx_hal_uart_ex.c ****   * @brief Set Wakeup from Stop mode interrupt flag selection.
ARM GAS  C:\Users\ADMINI~1\AppData\Local\Temp\cchQt67W.s 			page 8


 375:Drivers/STM32F0xx_HAL_Driver/Src/stm32f0xx_hal_uart_ex.c ****   * @note It is the application responsibility to enable the interrupt used as
 376:Drivers/STM32F0xx_HAL_Driver/Src/stm32f0xx_hal_uart_ex.c ****   *       usart_wkup interrupt source before entering low-power mode.
 377:Drivers/STM32F0xx_HAL_Driver/Src/stm32f0xx_hal_uart_ex.c ****   * @param huart           UART handle.
 378:Drivers/STM32F0xx_HAL_Driver/Src/stm32f0xx_hal_uart_ex.c ****   * @param WakeUpSelection Address match, Start Bit detection or RXNE/RXFNE bit status.
 379:Drivers/STM32F0xx_HAL_Driver/Src/stm32f0xx_hal_uart_ex.c ****   *          This parameter can be one of the following values:
 380:Drivers/STM32F0xx_HAL_Driver/Src/stm32f0xx_hal_uart_ex.c ****   *          @arg @ref UART_WAKEUP_ON_ADDRESS
 381:Drivers/STM32F0xx_HAL_Driver/Src/stm32f0xx_hal_uart_ex.c ****   *          @arg @ref UART_WAKEUP_ON_STARTBIT
 382:Drivers/STM32F0xx_HAL_Driver/Src/stm32f0xx_hal_uart_ex.c ****   *          @arg @ref UART_WAKEUP_ON_READDATA_NONEMPTY
 383:Drivers/STM32F0xx_HAL_Driver/Src/stm32f0xx_hal_uart_ex.c ****   * @retval HAL status
 384:Drivers/STM32F0xx_HAL_Driver/Src/stm32f0xx_hal_uart_ex.c ****   */
 385:Drivers/STM32F0xx_HAL_Driver/Src/stm32f0xx_hal_uart_ex.c **** HAL_StatusTypeDef HAL_UARTEx_StopModeWakeUpSourceConfig(UART_HandleTypeDef *huart, UART_WakeUpTypeD
 386:Drivers/STM32F0xx_HAL_Driver/Src/stm32f0xx_hal_uart_ex.c **** {
 387:Drivers/STM32F0xx_HAL_Driver/Src/stm32f0xx_hal_uart_ex.c ****   HAL_StatusTypeDef status = HAL_OK;
 388:Drivers/STM32F0xx_HAL_Driver/Src/stm32f0xx_hal_uart_ex.c ****   uint32_t tickstart;
 389:Drivers/STM32F0xx_HAL_Driver/Src/stm32f0xx_hal_uart_ex.c **** 
 390:Drivers/STM32F0xx_HAL_Driver/Src/stm32f0xx_hal_uart_ex.c ****   /* check the wake-up from stop mode UART instance */
 391:Drivers/STM32F0xx_HAL_Driver/Src/stm32f0xx_hal_uart_ex.c ****   assert_param(IS_UART_WAKEUP_FROMSTOP_INSTANCE(huart->Instance));
 392:Drivers/STM32F0xx_HAL_Driver/Src/stm32f0xx_hal_uart_ex.c ****   /* check the wake-up selection parameter */
 393:Drivers/STM32F0xx_HAL_Driver/Src/stm32f0xx_hal_uart_ex.c ****   assert_param(IS_UART_WAKEUP_SELECTION(WakeUpSelection.WakeUpEvent));
 394:Drivers/STM32F0xx_HAL_Driver/Src/stm32f0xx_hal_uart_ex.c **** 
 395:Drivers/STM32F0xx_HAL_Driver/Src/stm32f0xx_hal_uart_ex.c ****   /* Process Locked */
 396:Drivers/STM32F0xx_HAL_Driver/Src/stm32f0xx_hal_uart_ex.c ****   __HAL_LOCK(huart);
 397:Drivers/STM32F0xx_HAL_Driver/Src/stm32f0xx_hal_uart_ex.c **** 
 398:Drivers/STM32F0xx_HAL_Driver/Src/stm32f0xx_hal_uart_ex.c ****   huart->gState = HAL_UART_STATE_BUSY;
 399:Drivers/STM32F0xx_HAL_Driver/Src/stm32f0xx_hal_uart_ex.c **** 
 400:Drivers/STM32F0xx_HAL_Driver/Src/stm32f0xx_hal_uart_ex.c ****   /* Disable the Peripheral */
 401:Drivers/STM32F0xx_HAL_Driver/Src/stm32f0xx_hal_uart_ex.c ****   __HAL_UART_DISABLE(huart);
 402:Drivers/STM32F0xx_HAL_Driver/Src/stm32f0xx_hal_uart_ex.c **** 
 403:Drivers/STM32F0xx_HAL_Driver/Src/stm32f0xx_hal_uart_ex.c **** #if defined(USART_CR3_WUS)
 404:Drivers/STM32F0xx_HAL_Driver/Src/stm32f0xx_hal_uart_ex.c ****   /* Set the wake-up selection scheme */
 405:Drivers/STM32F0xx_HAL_Driver/Src/stm32f0xx_hal_uart_ex.c ****   MODIFY_REG(huart->Instance->CR3, USART_CR3_WUS, WakeUpSelection.WakeUpEvent);
 406:Drivers/STM32F0xx_HAL_Driver/Src/stm32f0xx_hal_uart_ex.c **** #endif /* USART_CR3_WUS */
 407:Drivers/STM32F0xx_HAL_Driver/Src/stm32f0xx_hal_uart_ex.c **** 
 408:Drivers/STM32F0xx_HAL_Driver/Src/stm32f0xx_hal_uart_ex.c ****   if (WakeUpSelection.WakeUpEvent == UART_WAKEUP_ON_ADDRESS)
 409:Drivers/STM32F0xx_HAL_Driver/Src/stm32f0xx_hal_uart_ex.c ****   {
 410:Drivers/STM32F0xx_HAL_Driver/Src/stm32f0xx_hal_uart_ex.c ****     UARTEx_Wakeup_AddressConfig(huart, WakeUpSelection);
 411:Drivers/STM32F0xx_HAL_Driver/Src/stm32f0xx_hal_uart_ex.c ****   }
 412:Drivers/STM32F0xx_HAL_Driver/Src/stm32f0xx_hal_uart_ex.c **** 
 413:Drivers/STM32F0xx_HAL_Driver/Src/stm32f0xx_hal_uart_ex.c ****   /* Enable the Peripheral */
 414:Drivers/STM32F0xx_HAL_Driver/Src/stm32f0xx_hal_uart_ex.c ****   __HAL_UART_ENABLE(huart);
 415:Drivers/STM32F0xx_HAL_Driver/Src/stm32f0xx_hal_uart_ex.c **** 
 416:Drivers/STM32F0xx_HAL_Driver/Src/stm32f0xx_hal_uart_ex.c ****   /* Init tickstart for timeout management */
 417:Drivers/STM32F0xx_HAL_Driver/Src/stm32f0xx_hal_uart_ex.c ****   tickstart = HAL_GetTick();
 418:Drivers/STM32F0xx_HAL_Driver/Src/stm32f0xx_hal_uart_ex.c **** 
 419:Drivers/STM32F0xx_HAL_Driver/Src/stm32f0xx_hal_uart_ex.c ****   /* Wait until REACK flag is set */
 420:Drivers/STM32F0xx_HAL_Driver/Src/stm32f0xx_hal_uart_ex.c ****   if (UART_WaitOnFlagUntilTimeout(huart, USART_ISR_REACK, RESET, tickstart, HAL_UART_TIMEOUT_VALUE)
 421:Drivers/STM32F0xx_HAL_Driver/Src/stm32f0xx_hal_uart_ex.c ****   {
 422:Drivers/STM32F0xx_HAL_Driver/Src/stm32f0xx_hal_uart_ex.c ****     status = HAL_TIMEOUT;
 423:Drivers/STM32F0xx_HAL_Driver/Src/stm32f0xx_hal_uart_ex.c ****   }
 424:Drivers/STM32F0xx_HAL_Driver/Src/stm32f0xx_hal_uart_ex.c ****   else
 425:Drivers/STM32F0xx_HAL_Driver/Src/stm32f0xx_hal_uart_ex.c ****   {
 426:Drivers/STM32F0xx_HAL_Driver/Src/stm32f0xx_hal_uart_ex.c ****     /* Initialize the UART State */
 427:Drivers/STM32F0xx_HAL_Driver/Src/stm32f0xx_hal_uart_ex.c ****     huart->gState = HAL_UART_STATE_READY;
 428:Drivers/STM32F0xx_HAL_Driver/Src/stm32f0xx_hal_uart_ex.c ****   }
 429:Drivers/STM32F0xx_HAL_Driver/Src/stm32f0xx_hal_uart_ex.c **** 
 430:Drivers/STM32F0xx_HAL_Driver/Src/stm32f0xx_hal_uart_ex.c ****   /* Process Unlocked */
 431:Drivers/STM32F0xx_HAL_Driver/Src/stm32f0xx_hal_uart_ex.c ****   __HAL_UNLOCK(huart);
ARM GAS  C:\Users\ADMINI~1\AppData\Local\Temp\cchQt67W.s 			page 9


 432:Drivers/STM32F0xx_HAL_Driver/Src/stm32f0xx_hal_uart_ex.c **** 
 433:Drivers/STM32F0xx_HAL_Driver/Src/stm32f0xx_hal_uart_ex.c ****   return status;
 434:Drivers/STM32F0xx_HAL_Driver/Src/stm32f0xx_hal_uart_ex.c **** }
 435:Drivers/STM32F0xx_HAL_Driver/Src/stm32f0xx_hal_uart_ex.c **** 
 436:Drivers/STM32F0xx_HAL_Driver/Src/stm32f0xx_hal_uart_ex.c **** /**
 437:Drivers/STM32F0xx_HAL_Driver/Src/stm32f0xx_hal_uart_ex.c ****   * @brief Enable UART Stop Mode.
 438:Drivers/STM32F0xx_HAL_Driver/Src/stm32f0xx_hal_uart_ex.c ****   * @note The UART is able to wake up the MCU from Stop 1 mode as long as UART clock is HSI or LSE.
 439:Drivers/STM32F0xx_HAL_Driver/Src/stm32f0xx_hal_uart_ex.c ****   * @param huart UART handle.
 440:Drivers/STM32F0xx_HAL_Driver/Src/stm32f0xx_hal_uart_ex.c ****   * @retval HAL status
 441:Drivers/STM32F0xx_HAL_Driver/Src/stm32f0xx_hal_uart_ex.c ****   */
 442:Drivers/STM32F0xx_HAL_Driver/Src/stm32f0xx_hal_uart_ex.c **** HAL_StatusTypeDef HAL_UARTEx_EnableStopMode(UART_HandleTypeDef *huart)
 443:Drivers/STM32F0xx_HAL_Driver/Src/stm32f0xx_hal_uart_ex.c **** {
 444:Drivers/STM32F0xx_HAL_Driver/Src/stm32f0xx_hal_uart_ex.c ****   /* Process Locked */
 445:Drivers/STM32F0xx_HAL_Driver/Src/stm32f0xx_hal_uart_ex.c ****   __HAL_LOCK(huart);
 446:Drivers/STM32F0xx_HAL_Driver/Src/stm32f0xx_hal_uart_ex.c **** 
 447:Drivers/STM32F0xx_HAL_Driver/Src/stm32f0xx_hal_uart_ex.c ****   /* Set UESM bit */
 448:Drivers/STM32F0xx_HAL_Driver/Src/stm32f0xx_hal_uart_ex.c ****   ATOMIC_SET_BIT(huart->Instance->CR1, USART_CR1_UESM);
 449:Drivers/STM32F0xx_HAL_Driver/Src/stm32f0xx_hal_uart_ex.c **** 
 450:Drivers/STM32F0xx_HAL_Driver/Src/stm32f0xx_hal_uart_ex.c ****   /* Process Unlocked */
 451:Drivers/STM32F0xx_HAL_Driver/Src/stm32f0xx_hal_uart_ex.c ****   __HAL_UNLOCK(huart);
 452:Drivers/STM32F0xx_HAL_Driver/Src/stm32f0xx_hal_uart_ex.c **** 
 453:Drivers/STM32F0xx_HAL_Driver/Src/stm32f0xx_hal_uart_ex.c ****   return HAL_OK;
 454:Drivers/STM32F0xx_HAL_Driver/Src/stm32f0xx_hal_uart_ex.c **** }
 455:Drivers/STM32F0xx_HAL_Driver/Src/stm32f0xx_hal_uart_ex.c **** 
 456:Drivers/STM32F0xx_HAL_Driver/Src/stm32f0xx_hal_uart_ex.c **** /**
 457:Drivers/STM32F0xx_HAL_Driver/Src/stm32f0xx_hal_uart_ex.c ****   * @brief Disable UART Stop Mode.
 458:Drivers/STM32F0xx_HAL_Driver/Src/stm32f0xx_hal_uart_ex.c ****   * @param huart UART handle.
 459:Drivers/STM32F0xx_HAL_Driver/Src/stm32f0xx_hal_uart_ex.c ****   * @retval HAL status
 460:Drivers/STM32F0xx_HAL_Driver/Src/stm32f0xx_hal_uart_ex.c ****   */
 461:Drivers/STM32F0xx_HAL_Driver/Src/stm32f0xx_hal_uart_ex.c **** HAL_StatusTypeDef HAL_UARTEx_DisableStopMode(UART_HandleTypeDef *huart)
 462:Drivers/STM32F0xx_HAL_Driver/Src/stm32f0xx_hal_uart_ex.c **** {
 463:Drivers/STM32F0xx_HAL_Driver/Src/stm32f0xx_hal_uart_ex.c ****   /* Process Locked */
 464:Drivers/STM32F0xx_HAL_Driver/Src/stm32f0xx_hal_uart_ex.c ****   __HAL_LOCK(huart);
 465:Drivers/STM32F0xx_HAL_Driver/Src/stm32f0xx_hal_uart_ex.c **** 
 466:Drivers/STM32F0xx_HAL_Driver/Src/stm32f0xx_hal_uart_ex.c ****   /* Clear UESM bit */
 467:Drivers/STM32F0xx_HAL_Driver/Src/stm32f0xx_hal_uart_ex.c ****   ATOMIC_CLEAR_BIT(huart->Instance->CR1, USART_CR1_UESM);
 468:Drivers/STM32F0xx_HAL_Driver/Src/stm32f0xx_hal_uart_ex.c **** 
 469:Drivers/STM32F0xx_HAL_Driver/Src/stm32f0xx_hal_uart_ex.c ****   /* Process Unlocked */
 470:Drivers/STM32F0xx_HAL_Driver/Src/stm32f0xx_hal_uart_ex.c ****   __HAL_UNLOCK(huart);
 471:Drivers/STM32F0xx_HAL_Driver/Src/stm32f0xx_hal_uart_ex.c **** 
 472:Drivers/STM32F0xx_HAL_Driver/Src/stm32f0xx_hal_uart_ex.c ****   return HAL_OK;
 473:Drivers/STM32F0xx_HAL_Driver/Src/stm32f0xx_hal_uart_ex.c **** }
 474:Drivers/STM32F0xx_HAL_Driver/Src/stm32f0xx_hal_uart_ex.c **** 
 475:Drivers/STM32F0xx_HAL_Driver/Src/stm32f0xx_hal_uart_ex.c **** #endif /* USART_CR1_UESM */
 476:Drivers/STM32F0xx_HAL_Driver/Src/stm32f0xx_hal_uart_ex.c **** /**
 477:Drivers/STM32F0xx_HAL_Driver/Src/stm32f0xx_hal_uart_ex.c ****   * @brief Receive an amount of data in blocking mode till either the expected number of data
 478:Drivers/STM32F0xx_HAL_Driver/Src/stm32f0xx_hal_uart_ex.c ****   *        is received or an IDLE event occurs.
 479:Drivers/STM32F0xx_HAL_Driver/Src/stm32f0xx_hal_uart_ex.c ****   * @note  HAL_OK is returned if reception is completed (expected number of data has been received)
 480:Drivers/STM32F0xx_HAL_Driver/Src/stm32f0xx_hal_uart_ex.c ****   *        or if reception is stopped after IDLE event (less than the expected number of data has b
 481:Drivers/STM32F0xx_HAL_Driver/Src/stm32f0xx_hal_uart_ex.c ****   *        In this case, RxLen output parameter indicates number of data available in reception buf
 482:Drivers/STM32F0xx_HAL_Driver/Src/stm32f0xx_hal_uart_ex.c ****   * @note  When UART parity is not enabled (PCE = 0), and Word Length is configured to 9 bits (M1-M
 483:Drivers/STM32F0xx_HAL_Driver/Src/stm32f0xx_hal_uart_ex.c ****   *        the received data is handled as a set of uint16_t. In this case, Size must indicate the 
 484:Drivers/STM32F0xx_HAL_Driver/Src/stm32f0xx_hal_uart_ex.c ****   *        of uint16_t available through pData.
 485:Drivers/STM32F0xx_HAL_Driver/Src/stm32f0xx_hal_uart_ex.c ****   * @note   When UART parity is not enabled (PCE = 0), and Word Length is configured to 9 bits (M1-
 486:Drivers/STM32F0xx_HAL_Driver/Src/stm32f0xx_hal_uart_ex.c ****   *         address of user data buffer for storing data to be received, should be aligned on a hal
 487:Drivers/STM32F0xx_HAL_Driver/Src/stm32f0xx_hal_uart_ex.c ****   *         (16 bits) (as received data will be handled using uint16_t pointer cast). Depending on 
 488:Drivers/STM32F0xx_HAL_Driver/Src/stm32f0xx_hal_uart_ex.c ****   *         use of specific alignment compilation directives or pragmas might be required to ensure
ARM GAS  C:\Users\ADMINI~1\AppData\Local\Temp\cchQt67W.s 			page 10


 489:Drivers/STM32F0xx_HAL_Driver/Src/stm32f0xx_hal_uart_ex.c ****   *         alignment for pData.
 490:Drivers/STM32F0xx_HAL_Driver/Src/stm32f0xx_hal_uart_ex.c ****   * @param huart   UART handle.
 491:Drivers/STM32F0xx_HAL_Driver/Src/stm32f0xx_hal_uart_ex.c ****   * @param pData   Pointer to data buffer (uint8_t or uint16_t data elements).
 492:Drivers/STM32F0xx_HAL_Driver/Src/stm32f0xx_hal_uart_ex.c ****   * @param Size    Amount of data elements (uint8_t or uint16_t) to be received.
 493:Drivers/STM32F0xx_HAL_Driver/Src/stm32f0xx_hal_uart_ex.c ****   * @param RxLen   Number of data elements finally received
 494:Drivers/STM32F0xx_HAL_Driver/Src/stm32f0xx_hal_uart_ex.c ****   *                (could be lower than Size, in case reception ends on IDLE event)
 495:Drivers/STM32F0xx_HAL_Driver/Src/stm32f0xx_hal_uart_ex.c ****   * @param Timeout Timeout duration expressed in ms (covers the whole reception sequence).
 496:Drivers/STM32F0xx_HAL_Driver/Src/stm32f0xx_hal_uart_ex.c ****   * @retval HAL status
 497:Drivers/STM32F0xx_HAL_Driver/Src/stm32f0xx_hal_uart_ex.c ****   */
 498:Drivers/STM32F0xx_HAL_Driver/Src/stm32f0xx_hal_uart_ex.c **** HAL_StatusTypeDef HAL_UARTEx_ReceiveToIdle(UART_HandleTypeDef *huart, uint8_t *pData, uint16_t Size
 499:Drivers/STM32F0xx_HAL_Driver/Src/stm32f0xx_hal_uart_ex.c ****                                            uint32_t Timeout)
 500:Drivers/STM32F0xx_HAL_Driver/Src/stm32f0xx_hal_uart_ex.c **** {
 501:Drivers/STM32F0xx_HAL_Driver/Src/stm32f0xx_hal_uart_ex.c ****   uint8_t  *pdata8bits;
 502:Drivers/STM32F0xx_HAL_Driver/Src/stm32f0xx_hal_uart_ex.c ****   uint16_t *pdata16bits;
 503:Drivers/STM32F0xx_HAL_Driver/Src/stm32f0xx_hal_uart_ex.c ****   uint16_t uhMask;
 504:Drivers/STM32F0xx_HAL_Driver/Src/stm32f0xx_hal_uart_ex.c ****   uint32_t tickstart;
 505:Drivers/STM32F0xx_HAL_Driver/Src/stm32f0xx_hal_uart_ex.c **** 
 506:Drivers/STM32F0xx_HAL_Driver/Src/stm32f0xx_hal_uart_ex.c ****   /* Check that a Rx process is not already ongoing */
 507:Drivers/STM32F0xx_HAL_Driver/Src/stm32f0xx_hal_uart_ex.c ****   if (huart->RxState == HAL_UART_STATE_READY)
 508:Drivers/STM32F0xx_HAL_Driver/Src/stm32f0xx_hal_uart_ex.c ****   {
 509:Drivers/STM32F0xx_HAL_Driver/Src/stm32f0xx_hal_uart_ex.c ****     if ((pData == NULL) || (Size == 0U))
 510:Drivers/STM32F0xx_HAL_Driver/Src/stm32f0xx_hal_uart_ex.c ****     {
 511:Drivers/STM32F0xx_HAL_Driver/Src/stm32f0xx_hal_uart_ex.c ****       return  HAL_ERROR;
 512:Drivers/STM32F0xx_HAL_Driver/Src/stm32f0xx_hal_uart_ex.c ****     }
 513:Drivers/STM32F0xx_HAL_Driver/Src/stm32f0xx_hal_uart_ex.c **** 
 514:Drivers/STM32F0xx_HAL_Driver/Src/stm32f0xx_hal_uart_ex.c ****     /* In case of 9bits/No Parity transfer, pData buffer provided as input parameter
 515:Drivers/STM32F0xx_HAL_Driver/Src/stm32f0xx_hal_uart_ex.c ****        should be aligned on a uint16_t frontier, as data to be received from RDR will be
 516:Drivers/STM32F0xx_HAL_Driver/Src/stm32f0xx_hal_uart_ex.c ****        handled through a uint16_t cast. */
 517:Drivers/STM32F0xx_HAL_Driver/Src/stm32f0xx_hal_uart_ex.c ****     if ((huart->Init.WordLength == UART_WORDLENGTH_9B) && (huart->Init.Parity == UART_PARITY_NONE))
 518:Drivers/STM32F0xx_HAL_Driver/Src/stm32f0xx_hal_uart_ex.c ****     {
 519:Drivers/STM32F0xx_HAL_Driver/Src/stm32f0xx_hal_uart_ex.c ****       if ((((uint32_t)pData) & 1U) != 0U)
 520:Drivers/STM32F0xx_HAL_Driver/Src/stm32f0xx_hal_uart_ex.c ****       {
 521:Drivers/STM32F0xx_HAL_Driver/Src/stm32f0xx_hal_uart_ex.c ****         return  HAL_ERROR;
 522:Drivers/STM32F0xx_HAL_Driver/Src/stm32f0xx_hal_uart_ex.c ****       }
 523:Drivers/STM32F0xx_HAL_Driver/Src/stm32f0xx_hal_uart_ex.c ****     }
 524:Drivers/STM32F0xx_HAL_Driver/Src/stm32f0xx_hal_uart_ex.c **** 
 525:Drivers/STM32F0xx_HAL_Driver/Src/stm32f0xx_hal_uart_ex.c ****     huart->ErrorCode = HAL_UART_ERROR_NONE;
 526:Drivers/STM32F0xx_HAL_Driver/Src/stm32f0xx_hal_uart_ex.c ****     huart->RxState = HAL_UART_STATE_BUSY_RX;
 527:Drivers/STM32F0xx_HAL_Driver/Src/stm32f0xx_hal_uart_ex.c ****     huart->ReceptionType = HAL_UART_RECEPTION_TOIDLE;
 528:Drivers/STM32F0xx_HAL_Driver/Src/stm32f0xx_hal_uart_ex.c ****     huart->RxEventType = HAL_UART_RXEVENT_TC;
 529:Drivers/STM32F0xx_HAL_Driver/Src/stm32f0xx_hal_uart_ex.c **** 
 530:Drivers/STM32F0xx_HAL_Driver/Src/stm32f0xx_hal_uart_ex.c ****     /* Init tickstart for timeout management */
 531:Drivers/STM32F0xx_HAL_Driver/Src/stm32f0xx_hal_uart_ex.c ****     tickstart = HAL_GetTick();
 532:Drivers/STM32F0xx_HAL_Driver/Src/stm32f0xx_hal_uart_ex.c **** 
 533:Drivers/STM32F0xx_HAL_Driver/Src/stm32f0xx_hal_uart_ex.c ****     huart->RxXferSize  = Size;
 534:Drivers/STM32F0xx_HAL_Driver/Src/stm32f0xx_hal_uart_ex.c ****     huart->RxXferCount = Size;
 535:Drivers/STM32F0xx_HAL_Driver/Src/stm32f0xx_hal_uart_ex.c **** 
 536:Drivers/STM32F0xx_HAL_Driver/Src/stm32f0xx_hal_uart_ex.c ****     /* Computation of UART mask to apply to RDR register */
 537:Drivers/STM32F0xx_HAL_Driver/Src/stm32f0xx_hal_uart_ex.c ****     UART_MASK_COMPUTATION(huart);
 538:Drivers/STM32F0xx_HAL_Driver/Src/stm32f0xx_hal_uart_ex.c ****     uhMask = huart->Mask;
 539:Drivers/STM32F0xx_HAL_Driver/Src/stm32f0xx_hal_uart_ex.c **** 
 540:Drivers/STM32F0xx_HAL_Driver/Src/stm32f0xx_hal_uart_ex.c ****     /* In case of 9bits/No Parity transfer, pRxData needs to be handled as a uint16_t pointer */
 541:Drivers/STM32F0xx_HAL_Driver/Src/stm32f0xx_hal_uart_ex.c ****     if ((huart->Init.WordLength == UART_WORDLENGTH_9B) && (huart->Init.Parity == UART_PARITY_NONE))
 542:Drivers/STM32F0xx_HAL_Driver/Src/stm32f0xx_hal_uart_ex.c ****     {
 543:Drivers/STM32F0xx_HAL_Driver/Src/stm32f0xx_hal_uart_ex.c ****       pdata8bits  = NULL;
 544:Drivers/STM32F0xx_HAL_Driver/Src/stm32f0xx_hal_uart_ex.c ****       pdata16bits = (uint16_t *) pData;
 545:Drivers/STM32F0xx_HAL_Driver/Src/stm32f0xx_hal_uart_ex.c ****     }
ARM GAS  C:\Users\ADMINI~1\AppData\Local\Temp\cchQt67W.s 			page 11


 546:Drivers/STM32F0xx_HAL_Driver/Src/stm32f0xx_hal_uart_ex.c ****     else
 547:Drivers/STM32F0xx_HAL_Driver/Src/stm32f0xx_hal_uart_ex.c ****     {
 548:Drivers/STM32F0xx_HAL_Driver/Src/stm32f0xx_hal_uart_ex.c ****       pdata8bits  = pData;
 549:Drivers/STM32F0xx_HAL_Driver/Src/stm32f0xx_hal_uart_ex.c ****       pdata16bits = NULL;
 550:Drivers/STM32F0xx_HAL_Driver/Src/stm32f0xx_hal_uart_ex.c ****     }
 551:Drivers/STM32F0xx_HAL_Driver/Src/stm32f0xx_hal_uart_ex.c **** 
 552:Drivers/STM32F0xx_HAL_Driver/Src/stm32f0xx_hal_uart_ex.c ****     /* Initialize output number of received elements */
 553:Drivers/STM32F0xx_HAL_Driver/Src/stm32f0xx_hal_uart_ex.c ****     *RxLen = 0U;
 554:Drivers/STM32F0xx_HAL_Driver/Src/stm32f0xx_hal_uart_ex.c **** 
 555:Drivers/STM32F0xx_HAL_Driver/Src/stm32f0xx_hal_uart_ex.c ****     /* as long as data have to be received */
 556:Drivers/STM32F0xx_HAL_Driver/Src/stm32f0xx_hal_uart_ex.c ****     while (huart->RxXferCount > 0U)
 557:Drivers/STM32F0xx_HAL_Driver/Src/stm32f0xx_hal_uart_ex.c ****     {
 558:Drivers/STM32F0xx_HAL_Driver/Src/stm32f0xx_hal_uart_ex.c ****       /* Check if IDLE flag is set */
 559:Drivers/STM32F0xx_HAL_Driver/Src/stm32f0xx_hal_uart_ex.c ****       if (__HAL_UART_GET_FLAG(huart, UART_FLAG_IDLE))
 560:Drivers/STM32F0xx_HAL_Driver/Src/stm32f0xx_hal_uart_ex.c ****       {
 561:Drivers/STM32F0xx_HAL_Driver/Src/stm32f0xx_hal_uart_ex.c ****         /* Clear IDLE flag in ISR */
 562:Drivers/STM32F0xx_HAL_Driver/Src/stm32f0xx_hal_uart_ex.c ****         __HAL_UART_CLEAR_FLAG(huart, UART_CLEAR_IDLEF);
 563:Drivers/STM32F0xx_HAL_Driver/Src/stm32f0xx_hal_uart_ex.c **** 
 564:Drivers/STM32F0xx_HAL_Driver/Src/stm32f0xx_hal_uart_ex.c ****         /* If Set, but no data ever received, clear flag without exiting loop */
 565:Drivers/STM32F0xx_HAL_Driver/Src/stm32f0xx_hal_uart_ex.c ****         /* If Set, and data has already been received, this means Idle Event is valid : End recepti
 566:Drivers/STM32F0xx_HAL_Driver/Src/stm32f0xx_hal_uart_ex.c ****         if (*RxLen > 0U)
 567:Drivers/STM32F0xx_HAL_Driver/Src/stm32f0xx_hal_uart_ex.c ****         {
 568:Drivers/STM32F0xx_HAL_Driver/Src/stm32f0xx_hal_uart_ex.c ****           huart->RxEventType = HAL_UART_RXEVENT_IDLE;
 569:Drivers/STM32F0xx_HAL_Driver/Src/stm32f0xx_hal_uart_ex.c ****           huart->RxState = HAL_UART_STATE_READY;
 570:Drivers/STM32F0xx_HAL_Driver/Src/stm32f0xx_hal_uart_ex.c **** 
 571:Drivers/STM32F0xx_HAL_Driver/Src/stm32f0xx_hal_uart_ex.c ****           return HAL_OK;
 572:Drivers/STM32F0xx_HAL_Driver/Src/stm32f0xx_hal_uart_ex.c ****         }
 573:Drivers/STM32F0xx_HAL_Driver/Src/stm32f0xx_hal_uart_ex.c ****       }
 574:Drivers/STM32F0xx_HAL_Driver/Src/stm32f0xx_hal_uart_ex.c **** 
 575:Drivers/STM32F0xx_HAL_Driver/Src/stm32f0xx_hal_uart_ex.c ****       /* Check if RXNE flag is set */
 576:Drivers/STM32F0xx_HAL_Driver/Src/stm32f0xx_hal_uart_ex.c ****       if (__HAL_UART_GET_FLAG(huart, UART_FLAG_RXNE))
 577:Drivers/STM32F0xx_HAL_Driver/Src/stm32f0xx_hal_uart_ex.c ****       {
 578:Drivers/STM32F0xx_HAL_Driver/Src/stm32f0xx_hal_uart_ex.c ****         if (pdata8bits == NULL)
 579:Drivers/STM32F0xx_HAL_Driver/Src/stm32f0xx_hal_uart_ex.c ****         {
 580:Drivers/STM32F0xx_HAL_Driver/Src/stm32f0xx_hal_uart_ex.c ****           *pdata16bits = (uint16_t)(huart->Instance->RDR & uhMask);
 581:Drivers/STM32F0xx_HAL_Driver/Src/stm32f0xx_hal_uart_ex.c ****           pdata16bits++;
 582:Drivers/STM32F0xx_HAL_Driver/Src/stm32f0xx_hal_uart_ex.c ****         }
 583:Drivers/STM32F0xx_HAL_Driver/Src/stm32f0xx_hal_uart_ex.c ****         else
 584:Drivers/STM32F0xx_HAL_Driver/Src/stm32f0xx_hal_uart_ex.c ****         {
 585:Drivers/STM32F0xx_HAL_Driver/Src/stm32f0xx_hal_uart_ex.c ****           *pdata8bits = (uint8_t)(huart->Instance->RDR & (uint8_t)uhMask);
 586:Drivers/STM32F0xx_HAL_Driver/Src/stm32f0xx_hal_uart_ex.c ****           pdata8bits++;
 587:Drivers/STM32F0xx_HAL_Driver/Src/stm32f0xx_hal_uart_ex.c ****         }
 588:Drivers/STM32F0xx_HAL_Driver/Src/stm32f0xx_hal_uart_ex.c ****         /* Increment number of received elements */
 589:Drivers/STM32F0xx_HAL_Driver/Src/stm32f0xx_hal_uart_ex.c ****         *RxLen += 1U;
 590:Drivers/STM32F0xx_HAL_Driver/Src/stm32f0xx_hal_uart_ex.c ****         huart->RxXferCount--;
 591:Drivers/STM32F0xx_HAL_Driver/Src/stm32f0xx_hal_uart_ex.c ****       }
 592:Drivers/STM32F0xx_HAL_Driver/Src/stm32f0xx_hal_uart_ex.c **** 
 593:Drivers/STM32F0xx_HAL_Driver/Src/stm32f0xx_hal_uart_ex.c ****       /* Check for the Timeout */
 594:Drivers/STM32F0xx_HAL_Driver/Src/stm32f0xx_hal_uart_ex.c ****       if (Timeout != HAL_MAX_DELAY)
 595:Drivers/STM32F0xx_HAL_Driver/Src/stm32f0xx_hal_uart_ex.c ****       {
 596:Drivers/STM32F0xx_HAL_Driver/Src/stm32f0xx_hal_uart_ex.c ****         if (((HAL_GetTick() - tickstart) > Timeout) || (Timeout == 0U))
 597:Drivers/STM32F0xx_HAL_Driver/Src/stm32f0xx_hal_uart_ex.c ****         {
 598:Drivers/STM32F0xx_HAL_Driver/Src/stm32f0xx_hal_uart_ex.c ****           huart->RxState = HAL_UART_STATE_READY;
 599:Drivers/STM32F0xx_HAL_Driver/Src/stm32f0xx_hal_uart_ex.c **** 
 600:Drivers/STM32F0xx_HAL_Driver/Src/stm32f0xx_hal_uart_ex.c ****           return HAL_TIMEOUT;
 601:Drivers/STM32F0xx_HAL_Driver/Src/stm32f0xx_hal_uart_ex.c ****         }
 602:Drivers/STM32F0xx_HAL_Driver/Src/stm32f0xx_hal_uart_ex.c ****       }
ARM GAS  C:\Users\ADMINI~1\AppData\Local\Temp\cchQt67W.s 			page 12


 603:Drivers/STM32F0xx_HAL_Driver/Src/stm32f0xx_hal_uart_ex.c ****     }
 604:Drivers/STM32F0xx_HAL_Driver/Src/stm32f0xx_hal_uart_ex.c **** 
 605:Drivers/STM32F0xx_HAL_Driver/Src/stm32f0xx_hal_uart_ex.c ****     /* Set number of received elements in output parameter : RxLen */
 606:Drivers/STM32F0xx_HAL_Driver/Src/stm32f0xx_hal_uart_ex.c ****     *RxLen = huart->RxXferSize - huart->RxXferCount;
 607:Drivers/STM32F0xx_HAL_Driver/Src/stm32f0xx_hal_uart_ex.c ****     /* At end of Rx process, restore huart->RxState to Ready */
 608:Drivers/STM32F0xx_HAL_Driver/Src/stm32f0xx_hal_uart_ex.c ****     huart->RxState = HAL_UART_STATE_READY;
 609:Drivers/STM32F0xx_HAL_Driver/Src/stm32f0xx_hal_uart_ex.c **** 
 610:Drivers/STM32F0xx_HAL_Driver/Src/stm32f0xx_hal_uart_ex.c ****     return HAL_OK;
 611:Drivers/STM32F0xx_HAL_Driver/Src/stm32f0xx_hal_uart_ex.c ****   }
 612:Drivers/STM32F0xx_HAL_Driver/Src/stm32f0xx_hal_uart_ex.c ****   else
 613:Drivers/STM32F0xx_HAL_Driver/Src/stm32f0xx_hal_uart_ex.c ****   {
 614:Drivers/STM32F0xx_HAL_Driver/Src/stm32f0xx_hal_uart_ex.c ****     return HAL_BUSY;
 615:Drivers/STM32F0xx_HAL_Driver/Src/stm32f0xx_hal_uart_ex.c ****   }
 616:Drivers/STM32F0xx_HAL_Driver/Src/stm32f0xx_hal_uart_ex.c **** }
 617:Drivers/STM32F0xx_HAL_Driver/Src/stm32f0xx_hal_uart_ex.c **** 
 618:Drivers/STM32F0xx_HAL_Driver/Src/stm32f0xx_hal_uart_ex.c **** /**
 619:Drivers/STM32F0xx_HAL_Driver/Src/stm32f0xx_hal_uart_ex.c ****   * @brief Receive an amount of data in interrupt mode till either the expected number of data
 620:Drivers/STM32F0xx_HAL_Driver/Src/stm32f0xx_hal_uart_ex.c ****   *        is received or an IDLE event occurs.
 621:Drivers/STM32F0xx_HAL_Driver/Src/stm32f0xx_hal_uart_ex.c ****   * @note  Reception is initiated by this function call. Further progress of reception is achieved 
 622:Drivers/STM32F0xx_HAL_Driver/Src/stm32f0xx_hal_uart_ex.c ****   *        to UART interrupts raised by RXNE and IDLE events. Callback is called at end of receptio
 623:Drivers/STM32F0xx_HAL_Driver/Src/stm32f0xx_hal_uart_ex.c ****   *        number of received data elements.
 624:Drivers/STM32F0xx_HAL_Driver/Src/stm32f0xx_hal_uart_ex.c ****   * @note  When UART parity is not enabled (PCE = 0), and Word Length is configured to 9 bits (M1-M
 625:Drivers/STM32F0xx_HAL_Driver/Src/stm32f0xx_hal_uart_ex.c ****   *        the received data is handled as a set of uint16_t. In this case, Size must indicate the 
 626:Drivers/STM32F0xx_HAL_Driver/Src/stm32f0xx_hal_uart_ex.c ****   *        of uint16_t available through pData.
 627:Drivers/STM32F0xx_HAL_Driver/Src/stm32f0xx_hal_uart_ex.c ****   * @note  When UART parity is not enabled (PCE = 0), and Word Length is configured to 9 bits (M1-M
 628:Drivers/STM32F0xx_HAL_Driver/Src/stm32f0xx_hal_uart_ex.c ****   *        address of user data buffer for storing data to be received, should be aligned on a half
 629:Drivers/STM32F0xx_HAL_Driver/Src/stm32f0xx_hal_uart_ex.c ****   *        (16 bits) (as received data will be handled using uint16_t pointer cast). Depending on c
 630:Drivers/STM32F0xx_HAL_Driver/Src/stm32f0xx_hal_uart_ex.c ****   *        use of specific alignment compilation directives or pragmas might be required
 631:Drivers/STM32F0xx_HAL_Driver/Src/stm32f0xx_hal_uart_ex.c ****   *        to ensure proper alignment for pData.
 632:Drivers/STM32F0xx_HAL_Driver/Src/stm32f0xx_hal_uart_ex.c ****   * @param huart UART handle.
 633:Drivers/STM32F0xx_HAL_Driver/Src/stm32f0xx_hal_uart_ex.c ****   * @param pData Pointer to data buffer (uint8_t or uint16_t data elements).
 634:Drivers/STM32F0xx_HAL_Driver/Src/stm32f0xx_hal_uart_ex.c ****   * @param Size  Amount of data elements (uint8_t or uint16_t) to be received.
 635:Drivers/STM32F0xx_HAL_Driver/Src/stm32f0xx_hal_uart_ex.c ****   * @retval HAL status
 636:Drivers/STM32F0xx_HAL_Driver/Src/stm32f0xx_hal_uart_ex.c ****   */
 637:Drivers/STM32F0xx_HAL_Driver/Src/stm32f0xx_hal_uart_ex.c **** HAL_StatusTypeDef HAL_UARTEx_ReceiveToIdle_IT(UART_HandleTypeDef *huart, uint8_t *pData, uint16_t S
 638:Drivers/STM32F0xx_HAL_Driver/Src/stm32f0xx_hal_uart_ex.c **** {
 639:Drivers/STM32F0xx_HAL_Driver/Src/stm32f0xx_hal_uart_ex.c ****   HAL_StatusTypeDef status = HAL_OK;
 640:Drivers/STM32F0xx_HAL_Driver/Src/stm32f0xx_hal_uart_ex.c **** 
 641:Drivers/STM32F0xx_HAL_Driver/Src/stm32f0xx_hal_uart_ex.c ****   /* Check that a Rx process is not already ongoing */
 642:Drivers/STM32F0xx_HAL_Driver/Src/stm32f0xx_hal_uart_ex.c ****   if (huart->RxState == HAL_UART_STATE_READY)
 643:Drivers/STM32F0xx_HAL_Driver/Src/stm32f0xx_hal_uart_ex.c ****   {
 644:Drivers/STM32F0xx_HAL_Driver/Src/stm32f0xx_hal_uart_ex.c ****     if ((pData == NULL) || (Size == 0U))
 645:Drivers/STM32F0xx_HAL_Driver/Src/stm32f0xx_hal_uart_ex.c ****     {
 646:Drivers/STM32F0xx_HAL_Driver/Src/stm32f0xx_hal_uart_ex.c ****       return HAL_ERROR;
 647:Drivers/STM32F0xx_HAL_Driver/Src/stm32f0xx_hal_uart_ex.c ****     }
 648:Drivers/STM32F0xx_HAL_Driver/Src/stm32f0xx_hal_uart_ex.c **** 
 649:Drivers/STM32F0xx_HAL_Driver/Src/stm32f0xx_hal_uart_ex.c ****     /* In case of 9bits/No Parity transfer, pData buffer provided as input parameter
 650:Drivers/STM32F0xx_HAL_Driver/Src/stm32f0xx_hal_uart_ex.c ****        should be aligned on a uint16_t frontier, as data to be received from RDR will be
 651:Drivers/STM32F0xx_HAL_Driver/Src/stm32f0xx_hal_uart_ex.c ****        handled through a uint16_t cast. */
 652:Drivers/STM32F0xx_HAL_Driver/Src/stm32f0xx_hal_uart_ex.c ****     if ((huart->Init.WordLength == UART_WORDLENGTH_9B) && (huart->Init.Parity == UART_PARITY_NONE))
 653:Drivers/STM32F0xx_HAL_Driver/Src/stm32f0xx_hal_uart_ex.c ****     {
 654:Drivers/STM32F0xx_HAL_Driver/Src/stm32f0xx_hal_uart_ex.c ****       if ((((uint32_t)pData) & 1U) != 0U)
 655:Drivers/STM32F0xx_HAL_Driver/Src/stm32f0xx_hal_uart_ex.c ****       {
 656:Drivers/STM32F0xx_HAL_Driver/Src/stm32f0xx_hal_uart_ex.c ****         return  HAL_ERROR;
 657:Drivers/STM32F0xx_HAL_Driver/Src/stm32f0xx_hal_uart_ex.c ****       }
 658:Drivers/STM32F0xx_HAL_Driver/Src/stm32f0xx_hal_uart_ex.c ****     }
 659:Drivers/STM32F0xx_HAL_Driver/Src/stm32f0xx_hal_uart_ex.c **** 
ARM GAS  C:\Users\ADMINI~1\AppData\Local\Temp\cchQt67W.s 			page 13


 660:Drivers/STM32F0xx_HAL_Driver/Src/stm32f0xx_hal_uart_ex.c ****     /* Set Reception type to reception till IDLE Event*/
 661:Drivers/STM32F0xx_HAL_Driver/Src/stm32f0xx_hal_uart_ex.c ****     huart->ReceptionType = HAL_UART_RECEPTION_TOIDLE;
 662:Drivers/STM32F0xx_HAL_Driver/Src/stm32f0xx_hal_uart_ex.c ****     huart->RxEventType = HAL_UART_RXEVENT_TC;
 663:Drivers/STM32F0xx_HAL_Driver/Src/stm32f0xx_hal_uart_ex.c **** 
 664:Drivers/STM32F0xx_HAL_Driver/Src/stm32f0xx_hal_uart_ex.c ****     (void)UART_Start_Receive_IT(huart, pData, Size);
 665:Drivers/STM32F0xx_HAL_Driver/Src/stm32f0xx_hal_uart_ex.c **** 
 666:Drivers/STM32F0xx_HAL_Driver/Src/stm32f0xx_hal_uart_ex.c ****     if (huart->ReceptionType == HAL_UART_RECEPTION_TOIDLE)
 667:Drivers/STM32F0xx_HAL_Driver/Src/stm32f0xx_hal_uart_ex.c ****     {
 668:Drivers/STM32F0xx_HAL_Driver/Src/stm32f0xx_hal_uart_ex.c ****       __HAL_UART_CLEAR_FLAG(huart, UART_CLEAR_IDLEF);
 669:Drivers/STM32F0xx_HAL_Driver/Src/stm32f0xx_hal_uart_ex.c ****       ATOMIC_SET_BIT(huart->Instance->CR1, USART_CR1_IDLEIE);
 670:Drivers/STM32F0xx_HAL_Driver/Src/stm32f0xx_hal_uart_ex.c ****     }
 671:Drivers/STM32F0xx_HAL_Driver/Src/stm32f0xx_hal_uart_ex.c ****     else
 672:Drivers/STM32F0xx_HAL_Driver/Src/stm32f0xx_hal_uart_ex.c ****     {
 673:Drivers/STM32F0xx_HAL_Driver/Src/stm32f0xx_hal_uart_ex.c ****       /* In case of errors already pending when reception is started,
 674:Drivers/STM32F0xx_HAL_Driver/Src/stm32f0xx_hal_uart_ex.c ****          Interrupts may have already been raised and lead to reception abortion.
 675:Drivers/STM32F0xx_HAL_Driver/Src/stm32f0xx_hal_uart_ex.c ****          (Overrun error for instance).
 676:Drivers/STM32F0xx_HAL_Driver/Src/stm32f0xx_hal_uart_ex.c ****          In such case Reception Type has been reset to HAL_UART_RECEPTION_STANDARD. */
 677:Drivers/STM32F0xx_HAL_Driver/Src/stm32f0xx_hal_uart_ex.c ****       status = HAL_ERROR;
 678:Drivers/STM32F0xx_HAL_Driver/Src/stm32f0xx_hal_uart_ex.c ****     }
 679:Drivers/STM32F0xx_HAL_Driver/Src/stm32f0xx_hal_uart_ex.c **** 
 680:Drivers/STM32F0xx_HAL_Driver/Src/stm32f0xx_hal_uart_ex.c ****     return status;
 681:Drivers/STM32F0xx_HAL_Driver/Src/stm32f0xx_hal_uart_ex.c ****   }
 682:Drivers/STM32F0xx_HAL_Driver/Src/stm32f0xx_hal_uart_ex.c ****   else
 683:Drivers/STM32F0xx_HAL_Driver/Src/stm32f0xx_hal_uart_ex.c ****   {
 684:Drivers/STM32F0xx_HAL_Driver/Src/stm32f0xx_hal_uart_ex.c ****     return HAL_BUSY;
 685:Drivers/STM32F0xx_HAL_Driver/Src/stm32f0xx_hal_uart_ex.c ****   }
 686:Drivers/STM32F0xx_HAL_Driver/Src/stm32f0xx_hal_uart_ex.c **** }
 687:Drivers/STM32F0xx_HAL_Driver/Src/stm32f0xx_hal_uart_ex.c **** 
 688:Drivers/STM32F0xx_HAL_Driver/Src/stm32f0xx_hal_uart_ex.c **** /**
 689:Drivers/STM32F0xx_HAL_Driver/Src/stm32f0xx_hal_uart_ex.c ****   * @brief Receive an amount of data in DMA mode till either the expected number
 690:Drivers/STM32F0xx_HAL_Driver/Src/stm32f0xx_hal_uart_ex.c ****   *        of data is received or an IDLE event occurs.
 691:Drivers/STM32F0xx_HAL_Driver/Src/stm32f0xx_hal_uart_ex.c ****   * @note  Reception is initiated by this function call. Further progress of reception is achieved 
 692:Drivers/STM32F0xx_HAL_Driver/Src/stm32f0xx_hal_uart_ex.c ****   *        to DMA services, transferring automatically received data elements in user reception buf
 693:Drivers/STM32F0xx_HAL_Driver/Src/stm32f0xx_hal_uart_ex.c ****   *        calling registered callbacks at half/end of reception. UART IDLE events are also used to
 694:Drivers/STM32F0xx_HAL_Driver/Src/stm32f0xx_hal_uart_ex.c ****   *        reception phase as ended. In all cases, callback execution will indicate number of recei
 695:Drivers/STM32F0xx_HAL_Driver/Src/stm32f0xx_hal_uart_ex.c ****   * @note  When the UART parity is enabled (PCE = 1), the received data contain
 696:Drivers/STM32F0xx_HAL_Driver/Src/stm32f0xx_hal_uart_ex.c ****   *        the parity bit (MSB position).
 697:Drivers/STM32F0xx_HAL_Driver/Src/stm32f0xx_hal_uart_ex.c ****   * @note  When UART parity is not enabled (PCE = 0), and Word Length is configured to 9 bits (M1-M
 698:Drivers/STM32F0xx_HAL_Driver/Src/stm32f0xx_hal_uart_ex.c ****   *        the received data is handled as a set of uint16_t. In this case, Size must indicate the 
 699:Drivers/STM32F0xx_HAL_Driver/Src/stm32f0xx_hal_uart_ex.c ****   *        of uint16_t available through pData.
 700:Drivers/STM32F0xx_HAL_Driver/Src/stm32f0xx_hal_uart_ex.c ****   * @note  When UART parity is not enabled (PCE = 0), and Word Length is configured to 9 bits (M1-M
 701:Drivers/STM32F0xx_HAL_Driver/Src/stm32f0xx_hal_uart_ex.c ****   *        address of user data buffer for storing data to be received, should be aligned on a half
 702:Drivers/STM32F0xx_HAL_Driver/Src/stm32f0xx_hal_uart_ex.c ****   *        (16 bits) (as received data will be handled by DMA from halfword frontier). Depending on
 703:Drivers/STM32F0xx_HAL_Driver/Src/stm32f0xx_hal_uart_ex.c ****   *        use of specific alignment compilation directives or pragmas might be required
 704:Drivers/STM32F0xx_HAL_Driver/Src/stm32f0xx_hal_uart_ex.c ****   *        to ensure proper alignment for pData.
 705:Drivers/STM32F0xx_HAL_Driver/Src/stm32f0xx_hal_uart_ex.c ****   * @param huart UART handle.
 706:Drivers/STM32F0xx_HAL_Driver/Src/stm32f0xx_hal_uart_ex.c ****   * @param pData Pointer to data buffer (uint8_t or uint16_t data elements).
 707:Drivers/STM32F0xx_HAL_Driver/Src/stm32f0xx_hal_uart_ex.c ****   * @param Size  Amount of data elements (uint8_t or uint16_t) to be received.
 708:Drivers/STM32F0xx_HAL_Driver/Src/stm32f0xx_hal_uart_ex.c ****   * @retval HAL status
 709:Drivers/STM32F0xx_HAL_Driver/Src/stm32f0xx_hal_uart_ex.c ****   */
 710:Drivers/STM32F0xx_HAL_Driver/Src/stm32f0xx_hal_uart_ex.c **** HAL_StatusTypeDef HAL_UARTEx_ReceiveToIdle_DMA(UART_HandleTypeDef *huart, uint8_t *pData, uint16_t 
 711:Drivers/STM32F0xx_HAL_Driver/Src/stm32f0xx_hal_uart_ex.c **** {
 712:Drivers/STM32F0xx_HAL_Driver/Src/stm32f0xx_hal_uart_ex.c ****   HAL_StatusTypeDef status;
 713:Drivers/STM32F0xx_HAL_Driver/Src/stm32f0xx_hal_uart_ex.c **** 
 714:Drivers/STM32F0xx_HAL_Driver/Src/stm32f0xx_hal_uart_ex.c ****   /* Check that a Rx process is not already ongoing */
 715:Drivers/STM32F0xx_HAL_Driver/Src/stm32f0xx_hal_uart_ex.c ****   if (huart->RxState == HAL_UART_STATE_READY)
 716:Drivers/STM32F0xx_HAL_Driver/Src/stm32f0xx_hal_uart_ex.c ****   {
ARM GAS  C:\Users\ADMINI~1\AppData\Local\Temp\cchQt67W.s 			page 14


 717:Drivers/STM32F0xx_HAL_Driver/Src/stm32f0xx_hal_uart_ex.c ****     if ((pData == NULL) || (Size == 0U))
 718:Drivers/STM32F0xx_HAL_Driver/Src/stm32f0xx_hal_uart_ex.c ****     {
 719:Drivers/STM32F0xx_HAL_Driver/Src/stm32f0xx_hal_uart_ex.c ****       return HAL_ERROR;
 720:Drivers/STM32F0xx_HAL_Driver/Src/stm32f0xx_hal_uart_ex.c ****     }
 721:Drivers/STM32F0xx_HAL_Driver/Src/stm32f0xx_hal_uart_ex.c **** 
 722:Drivers/STM32F0xx_HAL_Driver/Src/stm32f0xx_hal_uart_ex.c ****     /* In case of 9bits/No Parity transfer, pData buffer provided as input parameter
 723:Drivers/STM32F0xx_HAL_Driver/Src/stm32f0xx_hal_uart_ex.c ****        should be aligned on a uint16_t frontier, as data copy from RDR will be
 724:Drivers/STM32F0xx_HAL_Driver/Src/stm32f0xx_hal_uart_ex.c ****        handled by DMA from a uint16_t frontier. */
 725:Drivers/STM32F0xx_HAL_Driver/Src/stm32f0xx_hal_uart_ex.c ****     if ((huart->Init.WordLength == UART_WORDLENGTH_9B) && (huart->Init.Parity == UART_PARITY_NONE))
 726:Drivers/STM32F0xx_HAL_Driver/Src/stm32f0xx_hal_uart_ex.c ****     {
 727:Drivers/STM32F0xx_HAL_Driver/Src/stm32f0xx_hal_uart_ex.c ****       if ((((uint32_t)pData) & 1U) != 0U)
 728:Drivers/STM32F0xx_HAL_Driver/Src/stm32f0xx_hal_uart_ex.c ****       {
 729:Drivers/STM32F0xx_HAL_Driver/Src/stm32f0xx_hal_uart_ex.c ****         return  HAL_ERROR;
 730:Drivers/STM32F0xx_HAL_Driver/Src/stm32f0xx_hal_uart_ex.c ****       }
 731:Drivers/STM32F0xx_HAL_Driver/Src/stm32f0xx_hal_uart_ex.c ****     }
 732:Drivers/STM32F0xx_HAL_Driver/Src/stm32f0xx_hal_uart_ex.c **** 
 733:Drivers/STM32F0xx_HAL_Driver/Src/stm32f0xx_hal_uart_ex.c ****     /* Set Reception type to reception till IDLE Event*/
 734:Drivers/STM32F0xx_HAL_Driver/Src/stm32f0xx_hal_uart_ex.c ****     huart->ReceptionType = HAL_UART_RECEPTION_TOIDLE;
 735:Drivers/STM32F0xx_HAL_Driver/Src/stm32f0xx_hal_uart_ex.c ****     huart->RxEventType = HAL_UART_RXEVENT_TC;
 736:Drivers/STM32F0xx_HAL_Driver/Src/stm32f0xx_hal_uart_ex.c **** 
 737:Drivers/STM32F0xx_HAL_Driver/Src/stm32f0xx_hal_uart_ex.c ****     status =  UART_Start_Receive_DMA(huart, pData, Size);
 738:Drivers/STM32F0xx_HAL_Driver/Src/stm32f0xx_hal_uart_ex.c **** 
 739:Drivers/STM32F0xx_HAL_Driver/Src/stm32f0xx_hal_uart_ex.c ****     /* Check Rx process has been successfully started */
 740:Drivers/STM32F0xx_HAL_Driver/Src/stm32f0xx_hal_uart_ex.c ****     if (status == HAL_OK)
 741:Drivers/STM32F0xx_HAL_Driver/Src/stm32f0xx_hal_uart_ex.c ****     {
 742:Drivers/STM32F0xx_HAL_Driver/Src/stm32f0xx_hal_uart_ex.c ****       if (huart->ReceptionType == HAL_UART_RECEPTION_TOIDLE)
 743:Drivers/STM32F0xx_HAL_Driver/Src/stm32f0xx_hal_uart_ex.c ****       {
 744:Drivers/STM32F0xx_HAL_Driver/Src/stm32f0xx_hal_uart_ex.c ****         __HAL_UART_CLEAR_FLAG(huart, UART_CLEAR_IDLEF);
 745:Drivers/STM32F0xx_HAL_Driver/Src/stm32f0xx_hal_uart_ex.c ****         ATOMIC_SET_BIT(huart->Instance->CR1, USART_CR1_IDLEIE);
 746:Drivers/STM32F0xx_HAL_Driver/Src/stm32f0xx_hal_uart_ex.c ****       }
 747:Drivers/STM32F0xx_HAL_Driver/Src/stm32f0xx_hal_uart_ex.c ****       else
 748:Drivers/STM32F0xx_HAL_Driver/Src/stm32f0xx_hal_uart_ex.c ****       {
 749:Drivers/STM32F0xx_HAL_Driver/Src/stm32f0xx_hal_uart_ex.c ****         /* In case of errors already pending when reception is started,
 750:Drivers/STM32F0xx_HAL_Driver/Src/stm32f0xx_hal_uart_ex.c ****            Interrupts may have already been raised and lead to reception abortion.
 751:Drivers/STM32F0xx_HAL_Driver/Src/stm32f0xx_hal_uart_ex.c ****            (Overrun error for instance).
 752:Drivers/STM32F0xx_HAL_Driver/Src/stm32f0xx_hal_uart_ex.c ****            In such case Reception Type has been reset to HAL_UART_RECEPTION_STANDARD. */
 753:Drivers/STM32F0xx_HAL_Driver/Src/stm32f0xx_hal_uart_ex.c ****         status = HAL_ERROR;
 754:Drivers/STM32F0xx_HAL_Driver/Src/stm32f0xx_hal_uart_ex.c ****       }
 755:Drivers/STM32F0xx_HAL_Driver/Src/stm32f0xx_hal_uart_ex.c ****     }
 756:Drivers/STM32F0xx_HAL_Driver/Src/stm32f0xx_hal_uart_ex.c **** 
 757:Drivers/STM32F0xx_HAL_Driver/Src/stm32f0xx_hal_uart_ex.c ****     return status;
 758:Drivers/STM32F0xx_HAL_Driver/Src/stm32f0xx_hal_uart_ex.c ****   }
 759:Drivers/STM32F0xx_HAL_Driver/Src/stm32f0xx_hal_uart_ex.c ****   else
 760:Drivers/STM32F0xx_HAL_Driver/Src/stm32f0xx_hal_uart_ex.c ****   {
 761:Drivers/STM32F0xx_HAL_Driver/Src/stm32f0xx_hal_uart_ex.c ****     return HAL_BUSY;
 762:Drivers/STM32F0xx_HAL_Driver/Src/stm32f0xx_hal_uart_ex.c ****   }
 763:Drivers/STM32F0xx_HAL_Driver/Src/stm32f0xx_hal_uart_ex.c **** }
 764:Drivers/STM32F0xx_HAL_Driver/Src/stm32f0xx_hal_uart_ex.c **** 
 765:Drivers/STM32F0xx_HAL_Driver/Src/stm32f0xx_hal_uart_ex.c **** /**
 766:Drivers/STM32F0xx_HAL_Driver/Src/stm32f0xx_hal_uart_ex.c ****   * @brief Provide Rx Event type that has lead to RxEvent callback execution.
 767:Drivers/STM32F0xx_HAL_Driver/Src/stm32f0xx_hal_uart_ex.c ****   * @note  When HAL_UARTEx_ReceiveToIdle_IT() or HAL_UARTEx_ReceiveToIdle_DMA() API are called, pro
 768:Drivers/STM32F0xx_HAL_Driver/Src/stm32f0xx_hal_uart_ex.c ****   *        of reception process is provided to application through calls of Rx Event callback (eith
 769:Drivers/STM32F0xx_HAL_Driver/Src/stm32f0xx_hal_uart_ex.c ****   *        HAL_UARTEx_RxEventCallback() or user registered one). As several types of events could o
 770:Drivers/STM32F0xx_HAL_Driver/Src/stm32f0xx_hal_uart_ex.c ****   *        Half Transfer, or Transfer Complete), this function allows to retrieve the Rx Event type
 771:Drivers/STM32F0xx_HAL_Driver/Src/stm32f0xx_hal_uart_ex.c ****   *        to Rx Event callback execution.
 772:Drivers/STM32F0xx_HAL_Driver/Src/stm32f0xx_hal_uart_ex.c ****   * @note  This function is expected to be called within the user implementation of Rx Event Callba
 773:Drivers/STM32F0xx_HAL_Driver/Src/stm32f0xx_hal_uart_ex.c ****   *        in order to provide the accurate value :
ARM GAS  C:\Users\ADMINI~1\AppData\Local\Temp\cchQt67W.s 			page 15


 774:Drivers/STM32F0xx_HAL_Driver/Src/stm32f0xx_hal_uart_ex.c ****   *        In Interrupt Mode :
 775:Drivers/STM32F0xx_HAL_Driver/Src/stm32f0xx_hal_uart_ex.c ****   *           - HAL_UART_RXEVENT_TC : when Reception has been completed (expected nb of data has be
 776:Drivers/STM32F0xx_HAL_Driver/Src/stm32f0xx_hal_uart_ex.c ****   *           - HAL_UART_RXEVENT_IDLE : when Idle event occurred prior reception has been completed
 777:Drivers/STM32F0xx_HAL_Driver/Src/stm32f0xx_hal_uart_ex.c ****   *             received data is lower than expected one)
 778:Drivers/STM32F0xx_HAL_Driver/Src/stm32f0xx_hal_uart_ex.c ****   *        In DMA Mode :
 779:Drivers/STM32F0xx_HAL_Driver/Src/stm32f0xx_hal_uart_ex.c ****   *           - HAL_UART_RXEVENT_TC : when Reception has been completed (expected nb of data has be
 780:Drivers/STM32F0xx_HAL_Driver/Src/stm32f0xx_hal_uart_ex.c ****   *           - HAL_UART_RXEVENT_HT : when half of expected nb of data has been received
 781:Drivers/STM32F0xx_HAL_Driver/Src/stm32f0xx_hal_uart_ex.c ****   *           - HAL_UART_RXEVENT_IDLE : when Idle event occurred prior reception has been completed
 782:Drivers/STM32F0xx_HAL_Driver/Src/stm32f0xx_hal_uart_ex.c ****   *             received data is lower than expected one).
 783:Drivers/STM32F0xx_HAL_Driver/Src/stm32f0xx_hal_uart_ex.c ****   *        In DMA mode, RxEvent callback could be called several times;
 784:Drivers/STM32F0xx_HAL_Driver/Src/stm32f0xx_hal_uart_ex.c ****   *        When DMA is configured in Normal Mode, HT event does not stop Reception process;
 785:Drivers/STM32F0xx_HAL_Driver/Src/stm32f0xx_hal_uart_ex.c ****   *        When DMA is configured in Circular Mode, HT, TC or IDLE events don't stop Reception proc
 786:Drivers/STM32F0xx_HAL_Driver/Src/stm32f0xx_hal_uart_ex.c ****   * @param  huart UART handle.
 787:Drivers/STM32F0xx_HAL_Driver/Src/stm32f0xx_hal_uart_ex.c ****   * @retval Rx Event Type (return vale will be a value of @ref UART_RxEvent_Type_Values)
 788:Drivers/STM32F0xx_HAL_Driver/Src/stm32f0xx_hal_uart_ex.c ****   */
 789:Drivers/STM32F0xx_HAL_Driver/Src/stm32f0xx_hal_uart_ex.c **** HAL_UART_RxEventTypeTypeDef HAL_UARTEx_GetRxEventType(const UART_HandleTypeDef *huart)
 790:Drivers/STM32F0xx_HAL_Driver/Src/stm32f0xx_hal_uart_ex.c **** {
 791:Drivers/STM32F0xx_HAL_Driver/Src/stm32f0xx_hal_uart_ex.c ****   /* Return Rx Event type value, as stored in UART handle */
 792:Drivers/STM32F0xx_HAL_Driver/Src/stm32f0xx_hal_uart_ex.c ****   return (huart->RxEventType);
 793:Drivers/STM32F0xx_HAL_Driver/Src/stm32f0xx_hal_uart_ex.c **** }
 794:Drivers/STM32F0xx_HAL_Driver/Src/stm32f0xx_hal_uart_ex.c **** 
 795:Drivers/STM32F0xx_HAL_Driver/Src/stm32f0xx_hal_uart_ex.c **** /**
 796:Drivers/STM32F0xx_HAL_Driver/Src/stm32f0xx_hal_uart_ex.c ****   * @}
 797:Drivers/STM32F0xx_HAL_Driver/Src/stm32f0xx_hal_uart_ex.c ****   */
 798:Drivers/STM32F0xx_HAL_Driver/Src/stm32f0xx_hal_uart_ex.c **** 
 799:Drivers/STM32F0xx_HAL_Driver/Src/stm32f0xx_hal_uart_ex.c **** /**
 800:Drivers/STM32F0xx_HAL_Driver/Src/stm32f0xx_hal_uart_ex.c ****   * @}
 801:Drivers/STM32F0xx_HAL_Driver/Src/stm32f0xx_hal_uart_ex.c ****   */
 802:Drivers/STM32F0xx_HAL_Driver/Src/stm32f0xx_hal_uart_ex.c **** 
 803:Drivers/STM32F0xx_HAL_Driver/Src/stm32f0xx_hal_uart_ex.c **** /** @addtogroup UARTEx_Private_Functions
 804:Drivers/STM32F0xx_HAL_Driver/Src/stm32f0xx_hal_uart_ex.c ****   * @{
 805:Drivers/STM32F0xx_HAL_Driver/Src/stm32f0xx_hal_uart_ex.c ****   */
 806:Drivers/STM32F0xx_HAL_Driver/Src/stm32f0xx_hal_uart_ex.c **** #if defined(USART_CR1_UESM)
 807:Drivers/STM32F0xx_HAL_Driver/Src/stm32f0xx_hal_uart_ex.c **** 
 808:Drivers/STM32F0xx_HAL_Driver/Src/stm32f0xx_hal_uart_ex.c **** /**
 809:Drivers/STM32F0xx_HAL_Driver/Src/stm32f0xx_hal_uart_ex.c ****   * @brief Initialize the UART wake-up from stop mode parameters when triggered by address detectio
 810:Drivers/STM32F0xx_HAL_Driver/Src/stm32f0xx_hal_uart_ex.c ****   * @param huart           UART handle.
 811:Drivers/STM32F0xx_HAL_Driver/Src/stm32f0xx_hal_uart_ex.c ****   * @param WakeUpSelection UART wake up from stop mode parameters.
 812:Drivers/STM32F0xx_HAL_Driver/Src/stm32f0xx_hal_uart_ex.c ****   * @retval None
 813:Drivers/STM32F0xx_HAL_Driver/Src/stm32f0xx_hal_uart_ex.c ****   */
 814:Drivers/STM32F0xx_HAL_Driver/Src/stm32f0xx_hal_uart_ex.c **** static void UARTEx_Wakeup_AddressConfig(UART_HandleTypeDef *huart, UART_WakeUpTypeDef WakeUpSelecti
 815:Drivers/STM32F0xx_HAL_Driver/Src/stm32f0xx_hal_uart_ex.c **** {
  27              		.loc 1 815 1 view -0
  28              		.cfi_startproc
  29              		@ args = 0, pretend = 0, frame = 8
  30              		@ frame_needed = 0, uses_anonymous_args = 0
  31              		.loc 1 815 1 is_stmt 0 view .LVU1
  32 0000 10B5     		push	{r4, lr}
  33              		.cfi_def_cfa_offset 8
  34              		.cfi_offset 4, -8
  35              		.cfi_offset 14, -4
  36 0002 82B0     		sub	sp, sp, #8
  37              		.cfi_def_cfa_offset 16
  38 0004 6C46     		mov	r4, sp
  39 0006 0091     		str	r1, [sp]
  40 0008 0192     		str	r2, [sp, #4]
 816:Drivers/STM32F0xx_HAL_Driver/Src/stm32f0xx_hal_uart_ex.c ****   assert_param(IS_UART_ADDRESSLENGTH_DETECT(WakeUpSelection.AddressLength));
ARM GAS  C:\Users\ADMINI~1\AppData\Local\Temp\cchQt67W.s 			page 16


  41              		.loc 1 816 3 is_stmt 1 view .LVU2
 817:Drivers/STM32F0xx_HAL_Driver/Src/stm32f0xx_hal_uart_ex.c **** 
 818:Drivers/STM32F0xx_HAL_Driver/Src/stm32f0xx_hal_uart_ex.c ****   /* Set the USART address length */
 819:Drivers/STM32F0xx_HAL_Driver/Src/stm32f0xx_hal_uart_ex.c ****   MODIFY_REG(huart->Instance->CR2, USART_CR2_ADDM7, WakeUpSelection.AddressLength);
  42              		.loc 1 819 3 view .LVU3
  43 000a 0268     		ldr	r2, [r0]
  44 000c 5368     		ldr	r3, [r2, #4]
  45 000e 1021     		movs	r1, #16
  46 0010 8B43     		bics	r3, r1
  47 0012 A188     		ldrh	r1, [r4, #4]
  48 0014 0B43     		orrs	r3, r1
  49 0016 5360     		str	r3, [r2, #4]
 820:Drivers/STM32F0xx_HAL_Driver/Src/stm32f0xx_hal_uart_ex.c **** 
 821:Drivers/STM32F0xx_HAL_Driver/Src/stm32f0xx_hal_uart_ex.c ****   /* Set the USART address node */
 822:Drivers/STM32F0xx_HAL_Driver/Src/stm32f0xx_hal_uart_ex.c ****   MODIFY_REG(huart->Instance->CR2, USART_CR2_ADD, ((uint32_t)WakeUpSelection.Address << UART_CR2_AD
  50              		.loc 1 822 3 view .LVU4
  51 0018 0168     		ldr	r1, [r0]
  52 001a 4B68     		ldr	r3, [r1, #4]
  53 001c 1B02     		lsls	r3, r3, #8
  54 001e 1B0A     		lsrs	r3, r3, #8
  55 0020 A279     		ldrb	r2, [r4, #6]
  56 0022 1206     		lsls	r2, r2, #24
  57 0024 1343     		orrs	r3, r2
  58 0026 4B60     		str	r3, [r1, #4]
 823:Drivers/STM32F0xx_HAL_Driver/Src/stm32f0xx_hal_uart_ex.c **** }
  59              		.loc 1 823 1 is_stmt 0 view .LVU5
  60 0028 02B0     		add	sp, sp, #8
  61              		@ sp needed
  62 002a 10BD     		pop	{r4, pc}
  63              		.cfi_endproc
  64              	.LFE50:
  66              		.section	.text.HAL_RS485Ex_Init,"ax",%progbits
  67              		.align	1
  68              		.global	HAL_RS485Ex_Init
  69              		.syntax unified
  70              		.code	16
  71              		.thumb_func
  73              	HAL_RS485Ex_Init:
  74              	.LVL1:
  75              	.LFB40:
 152:Drivers/STM32F0xx_HAL_Driver/Src/stm32f0xx_hal_uart_ex.c ****   uint32_t temp;
  76              		.loc 1 152 1 is_stmt 1 view -0
  77              		.cfi_startproc
  78              		@ args = 0, pretend = 0, frame = 0
  79              		@ frame_needed = 0, uses_anonymous_args = 0
 152:Drivers/STM32F0xx_HAL_Driver/Src/stm32f0xx_hal_uart_ex.c ****   uint32_t temp;
  80              		.loc 1 152 1 is_stmt 0 view .LVU7
  81 0000 F8B5     		push	{r3, r4, r5, r6, r7, lr}
  82              		.cfi_def_cfa_offset 24
  83              		.cfi_offset 3, -24
  84              		.cfi_offset 4, -20
  85              		.cfi_offset 5, -16
  86              		.cfi_offset 6, -12
  87              		.cfi_offset 7, -8
  88              		.cfi_offset 14, -4
  89 0002 0400     		movs	r4, r0
  90 0004 0F00     		movs	r7, r1
ARM GAS  C:\Users\ADMINI~1\AppData\Local\Temp\cchQt67W.s 			page 17


  91 0006 1600     		movs	r6, r2
  92 0008 1D00     		movs	r5, r3
 153:Drivers/STM32F0xx_HAL_Driver/Src/stm32f0xx_hal_uart_ex.c **** 
  93              		.loc 1 153 3 is_stmt 1 view .LVU8
 156:Drivers/STM32F0xx_HAL_Driver/Src/stm32f0xx_hal_uart_ex.c ****   {
  94              		.loc 1 156 3 view .LVU9
 156:Drivers/STM32F0xx_HAL_Driver/Src/stm32f0xx_hal_uart_ex.c ****   {
  95              		.loc 1 156 6 is_stmt 0 view .LVU10
  96 000a 0028     		cmp	r0, #0
  97 000c 39D0     		beq	.L6
 161:Drivers/STM32F0xx_HAL_Driver/Src/stm32f0xx_hal_uart_ex.c **** 
  98              		.loc 1 161 3 is_stmt 1 view .LVU11
 164:Drivers/STM32F0xx_HAL_Driver/Src/stm32f0xx_hal_uart_ex.c **** 
  99              		.loc 1 164 3 view .LVU12
 167:Drivers/STM32F0xx_HAL_Driver/Src/stm32f0xx_hal_uart_ex.c **** 
 100              		.loc 1 167 3 view .LVU13
 170:Drivers/STM32F0xx_HAL_Driver/Src/stm32f0xx_hal_uart_ex.c **** 
 101              		.loc 1 170 3 view .LVU14
 172:Drivers/STM32F0xx_HAL_Driver/Src/stm32f0xx_hal_uart_ex.c ****   {
 102              		.loc 1 172 3 view .LVU15
 172:Drivers/STM32F0xx_HAL_Driver/Src/stm32f0xx_hal_uart_ex.c ****   {
 103              		.loc 1 172 12 is_stmt 0 view .LVU16
 104 000e C36F     		ldr	r3, [r0, #124]
 105              	.LVL2:
 172:Drivers/STM32F0xx_HAL_Driver/Src/stm32f0xx_hal_uart_ex.c ****   {
 106              		.loc 1 172 6 view .LVU17
 107 0010 002B     		cmp	r3, #0
 108 0012 2CD0     		beq	.L7
 109              	.LVL3:
 110              	.L4:
 193:Drivers/STM32F0xx_HAL_Driver/Src/stm32f0xx_hal_uart_ex.c **** 
 111              		.loc 1 193 3 is_stmt 1 view .LVU18
 193:Drivers/STM32F0xx_HAL_Driver/Src/stm32f0xx_hal_uart_ex.c **** 
 112              		.loc 1 193 17 is_stmt 0 view .LVU19
 113 0014 2423     		movs	r3, #36
 114 0016 E367     		str	r3, [r4, #124]
 196:Drivers/STM32F0xx_HAL_Driver/Src/stm32f0xx_hal_uart_ex.c **** 
 115              		.loc 1 196 3 is_stmt 1 view .LVU20
 116 0018 2268     		ldr	r2, [r4]
 117 001a 1368     		ldr	r3, [r2]
 118 001c 0121     		movs	r1, #1
 119 001e 8B43     		bics	r3, r1
 120 0020 1360     		str	r3, [r2]
 200:Drivers/STM32F0xx_HAL_Driver/Src/stm32f0xx_hal_uart_ex.c ****   {
 121              		.loc 1 200 3 view .LVU21
 200:Drivers/STM32F0xx_HAL_Driver/Src/stm32f0xx_hal_uart_ex.c ****   {
 122              		.loc 1 200 26 is_stmt 0 view .LVU22
 123 0022 636A     		ldr	r3, [r4, #36]
 200:Drivers/STM32F0xx_HAL_Driver/Src/stm32f0xx_hal_uart_ex.c ****   {
 124              		.loc 1 200 6 view .LVU23
 125 0024 002B     		cmp	r3, #0
 126 0026 28D1     		bne	.L8
 127              	.L5:
 206:Drivers/STM32F0xx_HAL_Driver/Src/stm32f0xx_hal_uart_ex.c ****   {
 128              		.loc 1 206 3 is_stmt 1 view .LVU24
 206:Drivers/STM32F0xx_HAL_Driver/Src/stm32f0xx_hal_uart_ex.c ****   {
 129              		.loc 1 206 7 is_stmt 0 view .LVU25
ARM GAS  C:\Users\ADMINI~1\AppData\Local\Temp\cchQt67W.s 			page 18


 130 0028 2000     		movs	r0, r4
 131 002a FFF7FEFF 		bl	UART_SetConfig
 132              	.LVL4:
 206:Drivers/STM32F0xx_HAL_Driver/Src/stm32f0xx_hal_uart_ex.c ****   {
 133              		.loc 1 206 6 discriminator 1 view .LVU26
 134 002e 0128     		cmp	r0, #1
 135 0030 1CD0     		beq	.L3
 212:Drivers/STM32F0xx_HAL_Driver/Src/stm32f0xx_hal_uart_ex.c **** 
 136              		.loc 1 212 3 is_stmt 1 view .LVU27
 137 0032 2268     		ldr	r2, [r4]
 138 0034 9168     		ldr	r1, [r2, #8]
 139 0036 8023     		movs	r3, #128
 140 0038 DB01     		lsls	r3, r3, #7
 141 003a 0B43     		orrs	r3, r1
 142 003c 9360     		str	r3, [r2, #8]
 215:Drivers/STM32F0xx_HAL_Driver/Src/stm32f0xx_hal_uart_ex.c **** 
 143              		.loc 1 215 3 view .LVU28
 144 003e 2268     		ldr	r2, [r4]
 145 0040 9368     		ldr	r3, [r2, #8]
 146 0042 1149     		ldr	r1, .L9
 147 0044 0B40     		ands	r3, r1
 148 0046 3B43     		orrs	r3, r7
 149 0048 9360     		str	r3, [r2, #8]
 218:Drivers/STM32F0xx_HAL_Driver/Src/stm32f0xx_hal_uart_ex.c ****   temp |= (DeassertionTime << UART_CR1_DEDT_ADDRESS_LSB_POS);
 150              		.loc 1 218 3 view .LVU29
 218:Drivers/STM32F0xx_HAL_Driver/Src/stm32f0xx_hal_uart_ex.c ****   temp |= (DeassertionTime << UART_CR1_DEDT_ADDRESS_LSB_POS);
 151              		.loc 1 218 8 is_stmt 0 view .LVU30
 152 004a 7605     		lsls	r6, r6, #21
 153              	.LVL5:
 219:Drivers/STM32F0xx_HAL_Driver/Src/stm32f0xx_hal_uart_ex.c ****   MODIFY_REG(huart->Instance->CR1, (USART_CR1_DEDT | USART_CR1_DEAT), temp);
 154              		.loc 1 219 3 is_stmt 1 view .LVU31
 219:Drivers/STM32F0xx_HAL_Driver/Src/stm32f0xx_hal_uart_ex.c ****   MODIFY_REG(huart->Instance->CR1, (USART_CR1_DEDT | USART_CR1_DEAT), temp);
 155              		.loc 1 219 28 is_stmt 0 view .LVU32
 156 004c 2D04     		lsls	r5, r5, #16
 157              	.LVL6:
 219:Drivers/STM32F0xx_HAL_Driver/Src/stm32f0xx_hal_uart_ex.c ****   MODIFY_REG(huart->Instance->CR1, (USART_CR1_DEDT | USART_CR1_DEAT), temp);
 158              		.loc 1 219 8 view .LVU33
 159 004e 3543     		orrs	r5, r6
 160              	.LVL7:
 220:Drivers/STM32F0xx_HAL_Driver/Src/stm32f0xx_hal_uart_ex.c **** 
 161              		.loc 1 220 3 is_stmt 1 view .LVU34
 162 0050 2268     		ldr	r2, [r4]
 163 0052 1368     		ldr	r3, [r2]
 164 0054 0D49     		ldr	r1, .L9+4
 165 0056 0B40     		ands	r3, r1
 166 0058 2B43     		orrs	r3, r5
 167 005a 1360     		str	r3, [r2]
 223:Drivers/STM32F0xx_HAL_Driver/Src/stm32f0xx_hal_uart_ex.c **** 
 168              		.loc 1 223 3 view .LVU35
 169 005c 2268     		ldr	r2, [r4]
 170 005e 1368     		ldr	r3, [r2]
 171 0060 0121     		movs	r1, #1
 172 0062 0B43     		orrs	r3, r1
 173 0064 1360     		str	r3, [r2]
 226:Drivers/STM32F0xx_HAL_Driver/Src/stm32f0xx_hal_uart_ex.c **** }
 174              		.loc 1 226 3 view .LVU36
 226:Drivers/STM32F0xx_HAL_Driver/Src/stm32f0xx_hal_uart_ex.c **** }
ARM GAS  C:\Users\ADMINI~1\AppData\Local\Temp\cchQt67W.s 			page 19


 175              		.loc 1 226 11 is_stmt 0 view .LVU37
 176 0066 2000     		movs	r0, r4
 177 0068 FFF7FEFF 		bl	UART_CheckIdleState
 178              	.LVL8:
 179              	.L3:
 227:Drivers/STM32F0xx_HAL_Driver/Src/stm32f0xx_hal_uart_ex.c **** 
 180              		.loc 1 227 1 view .LVU38
 181              		@ sp needed
 182              	.LVL9:
 183              	.LVL10:
 227:Drivers/STM32F0xx_HAL_Driver/Src/stm32f0xx_hal_uart_ex.c **** 
 184              		.loc 1 227 1 view .LVU39
 185 006c F8BD     		pop	{r3, r4, r5, r6, r7, pc}
 186              	.LVL11:
 187              	.L7:
 175:Drivers/STM32F0xx_HAL_Driver/Src/stm32f0xx_hal_uart_ex.c **** 
 188              		.loc 1 175 5 is_stmt 1 view .LVU40
 175:Drivers/STM32F0xx_HAL_Driver/Src/stm32f0xx_hal_uart_ex.c **** 
 189              		.loc 1 175 17 is_stmt 0 view .LVU41
 190 006e 7833     		adds	r3, r3, #120
 191 0070 0022     		movs	r2, #0
 192              	.LVL12:
 175:Drivers/STM32F0xx_HAL_Driver/Src/stm32f0xx_hal_uart_ex.c **** 
 193              		.loc 1 175 17 view .LVU42
 194 0072 C254     		strb	r2, [r0, r3]
 189:Drivers/STM32F0xx_HAL_Driver/Src/stm32f0xx_hal_uart_ex.c **** #endif /* (USE_HAL_UART_REGISTER_CALLBACKS) */
 195              		.loc 1 189 5 is_stmt 1 view .LVU43
 196 0074 FFF7FEFF 		bl	HAL_UART_MspInit
 197              	.LVL13:
 189:Drivers/STM32F0xx_HAL_Driver/Src/stm32f0xx_hal_uart_ex.c **** #endif /* (USE_HAL_UART_REGISTER_CALLBACKS) */
 198              		.loc 1 189 5 is_stmt 0 view .LVU44
 199 0078 CCE7     		b	.L4
 200              	.L8:
 202:Drivers/STM32F0xx_HAL_Driver/Src/stm32f0xx_hal_uart_ex.c ****   }
 201              		.loc 1 202 5 is_stmt 1 view .LVU45
 202 007a 2000     		movs	r0, r4
 203 007c FFF7FEFF 		bl	UART_AdvFeatureConfig
 204              	.LVL14:
 205 0080 D2E7     		b	.L5
 206              	.LVL15:
 207              	.L6:
 158:Drivers/STM32F0xx_HAL_Driver/Src/stm32f0xx_hal_uart_ex.c ****   }
 208              		.loc 1 158 12 is_stmt 0 view .LVU46
 209 0082 0120     		movs	r0, #1
 210              	.LVL16:
 158:Drivers/STM32F0xx_HAL_Driver/Src/stm32f0xx_hal_uart_ex.c ****   }
 211              		.loc 1 158 12 view .LVU47
 212 0084 F2E7     		b	.L3
 213              	.L10:
 214 0086 C046     		.align	2
 215              	.L9:
 216 0088 FF7FFFFF 		.word	-32769
 217 008c FFFF00FC 		.word	-67043329
 218              		.cfi_endproc
 219              	.LFE40:
 221              		.section	.text.HAL_UARTEx_WakeupCallback,"ax",%progbits
 222              		.align	1
ARM GAS  C:\Users\ADMINI~1\AppData\Local\Temp\cchQt67W.s 			page 20


 223              		.weak	HAL_UARTEx_WakeupCallback
 224              		.syntax unified
 225              		.code	16
 226              		.thumb_func
 228              	HAL_UARTEx_WakeupCallback:
 229              	.LVL17:
 230              	.LFB41:
 261:Drivers/STM32F0xx_HAL_Driver/Src/stm32f0xx_hal_uart_ex.c ****   /* Prevent unused argument(s) compilation warning */
 231              		.loc 1 261 1 is_stmt 1 view -0
 232              		.cfi_startproc
 233              		@ args = 0, pretend = 0, frame = 0
 234              		@ frame_needed = 0, uses_anonymous_args = 0
 235              		@ link register save eliminated.
 263:Drivers/STM32F0xx_HAL_Driver/Src/stm32f0xx_hal_uart_ex.c **** 
 236              		.loc 1 263 3 view .LVU49
 268:Drivers/STM32F0xx_HAL_Driver/Src/stm32f0xx_hal_uart_ex.c **** 
 237              		.loc 1 268 1 is_stmt 0 view .LVU50
 238              		@ sp needed
 239 0000 7047     		bx	lr
 240              		.cfi_endproc
 241              	.LFE41:
 243              		.section	.text.HAL_MultiProcessorEx_AddressLength_Set,"ax",%progbits
 244              		.align	1
 245              		.global	HAL_MultiProcessorEx_AddressLength_Set
 246              		.syntax unified
 247              		.code	16
 248              		.thumb_func
 250              	HAL_MultiProcessorEx_AddressLength_Set:
 251              	.LVL18:
 252              	.LFB42:
 347:Drivers/STM32F0xx_HAL_Driver/Src/stm32f0xx_hal_uart_ex.c ****   /* Check the UART handle allocation */
 253              		.loc 1 347 1 is_stmt 1 view -0
 254              		.cfi_startproc
 255              		@ args = 0, pretend = 0, frame = 0
 256              		@ frame_needed = 0, uses_anonymous_args = 0
 347:Drivers/STM32F0xx_HAL_Driver/Src/stm32f0xx_hal_uart_ex.c ****   /* Check the UART handle allocation */
 257              		.loc 1 347 1 is_stmt 0 view .LVU52
 258 0000 70B5     		push	{r4, r5, r6, lr}
 259              		.cfi_def_cfa_offset 16
 260              		.cfi_offset 4, -16
 261              		.cfi_offset 5, -12
 262              		.cfi_offset 6, -8
 263              		.cfi_offset 14, -4
 264 0002 0B00     		movs	r3, r1
 349:Drivers/STM32F0xx_HAL_Driver/Src/stm32f0xx_hal_uart_ex.c ****   {
 265              		.loc 1 349 3 is_stmt 1 view .LVU53
 349:Drivers/STM32F0xx_HAL_Driver/Src/stm32f0xx_hal_uart_ex.c ****   {
 266              		.loc 1 349 6 is_stmt 0 view .LVU54
 267 0004 0028     		cmp	r0, #0
 268 0006 13D0     		beq	.L14
 355:Drivers/STM32F0xx_HAL_Driver/Src/stm32f0xx_hal_uart_ex.c **** 
 269              		.loc 1 355 3 is_stmt 1 view .LVU55
 357:Drivers/STM32F0xx_HAL_Driver/Src/stm32f0xx_hal_uart_ex.c **** 
 270              		.loc 1 357 3 view .LVU56
 357:Drivers/STM32F0xx_HAL_Driver/Src/stm32f0xx_hal_uart_ex.c **** 
 271              		.loc 1 357 17 is_stmt 0 view .LVU57
 272 0008 2422     		movs	r2, #36
ARM GAS  C:\Users\ADMINI~1\AppData\Local\Temp\cchQt67W.s 			page 21


 273 000a C267     		str	r2, [r0, #124]
 360:Drivers/STM32F0xx_HAL_Driver/Src/stm32f0xx_hal_uart_ex.c **** 
 274              		.loc 1 360 3 is_stmt 1 view .LVU58
 275 000c 0168     		ldr	r1, [r0]
 276              	.LVL19:
 360:Drivers/STM32F0xx_HAL_Driver/Src/stm32f0xx_hal_uart_ex.c **** 
 277              		.loc 1 360 3 is_stmt 0 view .LVU59
 278 000e 0A68     		ldr	r2, [r1]
 279 0010 0124     		movs	r4, #1
 280 0012 A243     		bics	r2, r4
 281 0014 0A60     		str	r2, [r1]
 363:Drivers/STM32F0xx_HAL_Driver/Src/stm32f0xx_hal_uart_ex.c **** 
 282              		.loc 1 363 3 is_stmt 1 view .LVU60
 283 0016 0268     		ldr	r2, [r0]
 284 0018 5168     		ldr	r1, [r2, #4]
 285 001a 1025     		movs	r5, #16
 286 001c A943     		bics	r1, r5
 287 001e 1943     		orrs	r1, r3
 288 0020 5160     		str	r1, [r2, #4]
 366:Drivers/STM32F0xx_HAL_Driver/Src/stm32f0xx_hal_uart_ex.c **** 
 289              		.loc 1 366 3 view .LVU61
 290 0022 0268     		ldr	r2, [r0]
 291 0024 1368     		ldr	r3, [r2]
 292              	.LVL20:
 366:Drivers/STM32F0xx_HAL_Driver/Src/stm32f0xx_hal_uart_ex.c **** 
 293              		.loc 1 366 3 is_stmt 0 view .LVU62
 294 0026 2343     		orrs	r3, r4
 295 0028 1360     		str	r3, [r2]
 369:Drivers/STM32F0xx_HAL_Driver/Src/stm32f0xx_hal_uart_ex.c **** }
 296              		.loc 1 369 3 is_stmt 1 view .LVU63
 369:Drivers/STM32F0xx_HAL_Driver/Src/stm32f0xx_hal_uart_ex.c **** }
 297              		.loc 1 369 11 is_stmt 0 view .LVU64
 298 002a FFF7FEFF 		bl	UART_CheckIdleState
 299              	.LVL21:
 300              	.L13:
 370:Drivers/STM32F0xx_HAL_Driver/Src/stm32f0xx_hal_uart_ex.c **** 
 301              		.loc 1 370 1 view .LVU65
 302              		@ sp needed
 303 002e 70BD     		pop	{r4, r5, r6, pc}
 304              	.LVL22:
 305              	.L14:
 351:Drivers/STM32F0xx_HAL_Driver/Src/stm32f0xx_hal_uart_ex.c ****   }
 306              		.loc 1 351 12 view .LVU66
 307 0030 0120     		movs	r0, #1
 308              	.LVL23:
 351:Drivers/STM32F0xx_HAL_Driver/Src/stm32f0xx_hal_uart_ex.c ****   }
 309              		.loc 1 351 12 view .LVU67
 310 0032 FCE7     		b	.L13
 311              		.cfi_endproc
 312              	.LFE42:
 314              		.section	.text.HAL_UARTEx_StopModeWakeUpSourceConfig,"ax",%progbits
 315              		.align	1
 316              		.global	HAL_UARTEx_StopModeWakeUpSourceConfig
 317              		.syntax unified
 318              		.code	16
 319              		.thumb_func
 321              	HAL_UARTEx_StopModeWakeUpSourceConfig:
ARM GAS  C:\Users\ADMINI~1\AppData\Local\Temp\cchQt67W.s 			page 22


 322              	.LVL24:
 323              	.LFB43:
 386:Drivers/STM32F0xx_HAL_Driver/Src/stm32f0xx_hal_uart_ex.c ****   HAL_StatusTypeDef status = HAL_OK;
 324              		.loc 1 386 1 is_stmt 1 view -0
 325              		.cfi_startproc
 326              		@ args = 0, pretend = 0, frame = 8
 327              		@ frame_needed = 0, uses_anonymous_args = 0
 386:Drivers/STM32F0xx_HAL_Driver/Src/stm32f0xx_hal_uart_ex.c ****   HAL_StatusTypeDef status = HAL_OK;
 328              		.loc 1 386 1 is_stmt 0 view .LVU69
 329 0000 10B5     		push	{r4, lr}
 330              		.cfi_def_cfa_offset 8
 331              		.cfi_offset 4, -8
 332              		.cfi_offset 14, -4
 333 0002 84B0     		sub	sp, sp, #16
 334              		.cfi_def_cfa_offset 24
 335 0004 0400     		movs	r4, r0
 336 0006 0291     		str	r1, [sp, #8]
 337 0008 0392     		str	r2, [sp, #12]
 387:Drivers/STM32F0xx_HAL_Driver/Src/stm32f0xx_hal_uart_ex.c ****   uint32_t tickstart;
 338              		.loc 1 387 3 is_stmt 1 view .LVU70
 339              	.LVL25:
 388:Drivers/STM32F0xx_HAL_Driver/Src/stm32f0xx_hal_uart_ex.c **** 
 340              		.loc 1 388 3 view .LVU71
 391:Drivers/STM32F0xx_HAL_Driver/Src/stm32f0xx_hal_uart_ex.c ****   /* check the wake-up selection parameter */
 341              		.loc 1 391 3 view .LVU72
 393:Drivers/STM32F0xx_HAL_Driver/Src/stm32f0xx_hal_uart_ex.c **** 
 342              		.loc 1 393 3 view .LVU73
 396:Drivers/STM32F0xx_HAL_Driver/Src/stm32f0xx_hal_uart_ex.c **** 
 343              		.loc 1 396 3 view .LVU74
 396:Drivers/STM32F0xx_HAL_Driver/Src/stm32f0xx_hal_uart_ex.c **** 
 344              		.loc 1 396 3 view .LVU75
 345 000a 7823     		movs	r3, #120
 346 000c C35C     		ldrb	r3, [r0, r3]
 347 000e 012B     		cmp	r3, #1
 348 0010 31D0     		beq	.L19
 396:Drivers/STM32F0xx_HAL_Driver/Src/stm32f0xx_hal_uart_ex.c **** 
 349              		.loc 1 396 3 discriminator 2 view .LVU76
 350 0012 0121     		movs	r1, #1
 351 0014 7823     		movs	r3, #120
 352 0016 C154     		strb	r1, [r0, r3]
 396:Drivers/STM32F0xx_HAL_Driver/Src/stm32f0xx_hal_uart_ex.c **** 
 353              		.loc 1 396 3 view .LVU77
 398:Drivers/STM32F0xx_HAL_Driver/Src/stm32f0xx_hal_uart_ex.c **** 
 354              		.loc 1 398 3 view .LVU78
 398:Drivers/STM32F0xx_HAL_Driver/Src/stm32f0xx_hal_uart_ex.c **** 
 355              		.loc 1 398 17 is_stmt 0 view .LVU79
 356 0018 543B     		subs	r3, r3, #84
 357 001a C367     		str	r3, [r0, #124]
 401:Drivers/STM32F0xx_HAL_Driver/Src/stm32f0xx_hal_uart_ex.c **** 
 358              		.loc 1 401 3 is_stmt 1 view .LVU80
 359 001c 0268     		ldr	r2, [r0]
 360 001e 1368     		ldr	r3, [r2]
 361 0020 8B43     		bics	r3, r1
 362 0022 1360     		str	r3, [r2]
 405:Drivers/STM32F0xx_HAL_Driver/Src/stm32f0xx_hal_uart_ex.c **** #endif /* USART_CR3_WUS */
 363              		.loc 1 405 3 view .LVU81
 364 0024 0168     		ldr	r1, [r0]
ARM GAS  C:\Users\ADMINI~1\AppData\Local\Temp\cchQt67W.s 			page 23


 365 0026 8B68     		ldr	r3, [r1, #8]
 366 0028 144A     		ldr	r2, .L22
 367 002a 1340     		ands	r3, r2
 368 002c 029A     		ldr	r2, [sp, #8]
 369 002e 1343     		orrs	r3, r2
 370 0030 8B60     		str	r3, [r1, #8]
 408:Drivers/STM32F0xx_HAL_Driver/Src/stm32f0xx_hal_uart_ex.c ****   {
 371              		.loc 1 408 3 view .LVU82
 408:Drivers/STM32F0xx_HAL_Driver/Src/stm32f0xx_hal_uart_ex.c ****   {
 372              		.loc 1 408 6 is_stmt 0 view .LVU83
 373 0032 002A     		cmp	r2, #0
 374 0034 18D0     		beq	.L21
 375              	.LVL26:
 376              	.L17:
 414:Drivers/STM32F0xx_HAL_Driver/Src/stm32f0xx_hal_uart_ex.c **** 
 377              		.loc 1 414 3 is_stmt 1 view .LVU84
 378 0036 2268     		ldr	r2, [r4]
 379 0038 1368     		ldr	r3, [r2]
 380 003a 0121     		movs	r1, #1
 381 003c 0B43     		orrs	r3, r1
 382 003e 1360     		str	r3, [r2]
 417:Drivers/STM32F0xx_HAL_Driver/Src/stm32f0xx_hal_uart_ex.c **** 
 383              		.loc 1 417 3 view .LVU85
 417:Drivers/STM32F0xx_HAL_Driver/Src/stm32f0xx_hal_uart_ex.c **** 
 384              		.loc 1 417 15 is_stmt 0 view .LVU86
 385 0040 FFF7FEFF 		bl	HAL_GetTick
 386              	.LVL27:
 387 0044 0300     		movs	r3, r0
 388              	.LVL28:
 420:Drivers/STM32F0xx_HAL_Driver/Src/stm32f0xx_hal_uart_ex.c ****   {
 389              		.loc 1 420 3 is_stmt 1 view .LVU87
 420:Drivers/STM32F0xx_HAL_Driver/Src/stm32f0xx_hal_uart_ex.c ****   {
 390              		.loc 1 420 7 is_stmt 0 view .LVU88
 391 0046 8021     		movs	r1, #128
 392 0048 0D4A     		ldr	r2, .L22+4
 393 004a 0092     		str	r2, [sp]
 394 004c 0022     		movs	r2, #0
 395 004e C903     		lsls	r1, r1, #15
 396 0050 2000     		movs	r0, r4
 397              	.LVL29:
 420:Drivers/STM32F0xx_HAL_Driver/Src/stm32f0xx_hal_uart_ex.c ****   {
 398              		.loc 1 420 7 view .LVU89
 399 0052 FFF7FEFF 		bl	UART_WaitOnFlagUntilTimeout
 400              	.LVL30:
 420:Drivers/STM32F0xx_HAL_Driver/Src/stm32f0xx_hal_uart_ex.c ****   {
 401              		.loc 1 420 6 discriminator 1 view .LVU90
 402 0056 0028     		cmp	r0, #0
 403 0058 0BD1     		bne	.L20
 427:Drivers/STM32F0xx_HAL_Driver/Src/stm32f0xx_hal_uart_ex.c ****   }
 404              		.loc 1 427 5 is_stmt 1 view .LVU91
 427:Drivers/STM32F0xx_HAL_Driver/Src/stm32f0xx_hal_uart_ex.c ****   }
 405              		.loc 1 427 19 is_stmt 0 view .LVU92
 406 005a 2023     		movs	r3, #32
 407 005c E367     		str	r3, [r4, #124]
 408              	.L18:
 409              	.LVL31:
 431:Drivers/STM32F0xx_HAL_Driver/Src/stm32f0xx_hal_uart_ex.c **** 
ARM GAS  C:\Users\ADMINI~1\AppData\Local\Temp\cchQt67W.s 			page 24


 410              		.loc 1 431 3 is_stmt 1 view .LVU93
 431:Drivers/STM32F0xx_HAL_Driver/Src/stm32f0xx_hal_uart_ex.c **** 
 411              		.loc 1 431 3 view .LVU94
 412 005e 7823     		movs	r3, #120
 413 0060 0022     		movs	r2, #0
 414 0062 E254     		strb	r2, [r4, r3]
 431:Drivers/STM32F0xx_HAL_Driver/Src/stm32f0xx_hal_uart_ex.c **** 
 415              		.loc 1 431 3 view .LVU95
 433:Drivers/STM32F0xx_HAL_Driver/Src/stm32f0xx_hal_uart_ex.c **** }
 416              		.loc 1 433 3 view .LVU96
 417              	.LVL32:
 418              	.L16:
 434:Drivers/STM32F0xx_HAL_Driver/Src/stm32f0xx_hal_uart_ex.c **** 
 419              		.loc 1 434 1 is_stmt 0 view .LVU97
 420 0064 04B0     		add	sp, sp, #16
 421              		@ sp needed
 422              	.LVL33:
 434:Drivers/STM32F0xx_HAL_Driver/Src/stm32f0xx_hal_uart_ex.c **** 
 423              		.loc 1 434 1 view .LVU98
 424 0066 10BD     		pop	{r4, pc}
 425              	.LVL34:
 426              	.L21:
 410:Drivers/STM32F0xx_HAL_Driver/Src/stm32f0xx_hal_uart_ex.c ****   }
 427              		.loc 1 410 5 is_stmt 1 view .LVU99
 428 0068 1100     		movs	r1, r2
 429 006a 039A     		ldr	r2, [sp, #12]
 430 006c FFF7FEFF 		bl	UARTEx_Wakeup_AddressConfig
 431              	.LVL35:
 410:Drivers/STM32F0xx_HAL_Driver/Src/stm32f0xx_hal_uart_ex.c ****   }
 432              		.loc 1 410 5 is_stmt 0 view .LVU100
 433 0070 E1E7     		b	.L17
 434              	.LVL36:
 435              	.L20:
 422:Drivers/STM32F0xx_HAL_Driver/Src/stm32f0xx_hal_uart_ex.c ****   }
 436              		.loc 1 422 12 view .LVU101
 437 0072 0320     		movs	r0, #3
 438 0074 F3E7     		b	.L18
 439              	.LVL37:
 440              	.L19:
 396:Drivers/STM32F0xx_HAL_Driver/Src/stm32f0xx_hal_uart_ex.c **** 
 441              		.loc 1 396 3 discriminator 1 view .LVU102
 442 0076 0220     		movs	r0, #2
 443              	.LVL38:
 396:Drivers/STM32F0xx_HAL_Driver/Src/stm32f0xx_hal_uart_ex.c **** 
 444              		.loc 1 396 3 discriminator 1 view .LVU103
 445 0078 F4E7     		b	.L16
 446              	.L23:
 447 007a C046     		.align	2
 448              	.L22:
 449 007c FFFFCFFF 		.word	-3145729
 450 0080 FFFFFF01 		.word	33554431
 451              		.cfi_endproc
 452              	.LFE43:
 454              		.section	.text.HAL_UARTEx_EnableStopMode,"ax",%progbits
 455              		.align	1
 456              		.global	HAL_UARTEx_EnableStopMode
 457              		.syntax unified
ARM GAS  C:\Users\ADMINI~1\AppData\Local\Temp\cchQt67W.s 			page 25


 458              		.code	16
 459              		.thumb_func
 461              	HAL_UARTEx_EnableStopMode:
 462              	.LVL39:
 463              	.LFB44:
 443:Drivers/STM32F0xx_HAL_Driver/Src/stm32f0xx_hal_uart_ex.c ****   /* Process Locked */
 464              		.loc 1 443 1 is_stmt 1 view -0
 465              		.cfi_startproc
 466              		@ args = 0, pretend = 0, frame = 0
 467              		@ frame_needed = 0, uses_anonymous_args = 0
 443:Drivers/STM32F0xx_HAL_Driver/Src/stm32f0xx_hal_uart_ex.c ****   /* Process Locked */
 468              		.loc 1 443 1 is_stmt 0 view .LVU105
 469 0000 10B5     		push	{r4, lr}
 470              		.cfi_def_cfa_offset 8
 471              		.cfi_offset 4, -8
 472              		.cfi_offset 14, -4
 445:Drivers/STM32F0xx_HAL_Driver/Src/stm32f0xx_hal_uart_ex.c **** 
 473              		.loc 1 445 3 is_stmt 1 view .LVU106
 445:Drivers/STM32F0xx_HAL_Driver/Src/stm32f0xx_hal_uart_ex.c **** 
 474              		.loc 1 445 3 view .LVU107
 475 0002 7823     		movs	r3, #120
 476 0004 C35C     		ldrb	r3, [r0, r3]
 477 0006 012B     		cmp	r3, #1
 478 0008 11D0     		beq	.L26
 445:Drivers/STM32F0xx_HAL_Driver/Src/stm32f0xx_hal_uart_ex.c **** 
 479              		.loc 1 445 3 discriminator 2 view .LVU108
 480 000a 7822     		movs	r2, #120
 481 000c 0123     		movs	r3, #1
 482 000e 8354     		strb	r3, [r0, r2]
 445:Drivers/STM32F0xx_HAL_Driver/Src/stm32f0xx_hal_uart_ex.c **** 
 483              		.loc 1 445 3 view .LVU109
 448:Drivers/STM32F0xx_HAL_Driver/Src/stm32f0xx_hal_uart_ex.c **** 
 484              		.loc 1 448 3 view .LVU110
 485              	.LBB30:
 448:Drivers/STM32F0xx_HAL_Driver/Src/stm32f0xx_hal_uart_ex.c **** 
 486              		.loc 1 448 3 view .LVU111
 448:Drivers/STM32F0xx_HAL_Driver/Src/stm32f0xx_hal_uart_ex.c **** 
 487              		.loc 1 448 3 view .LVU112
 488              	.LBB31:
 489              	.LBI31:
 490              		.file 2 "Drivers/CMSIS/Include/cmsis_gcc.h"
   1:Drivers/CMSIS/Include/cmsis_gcc.h **** /**************************************************************************//**
   2:Drivers/CMSIS/Include/cmsis_gcc.h ****  * @file     cmsis_gcc.h
   3:Drivers/CMSIS/Include/cmsis_gcc.h ****  * @brief    CMSIS compiler GCC header file
   4:Drivers/CMSIS/Include/cmsis_gcc.h ****  * @version  V5.0.4
   5:Drivers/CMSIS/Include/cmsis_gcc.h ****  * @date     09. April 2018
   6:Drivers/CMSIS/Include/cmsis_gcc.h ****  ******************************************************************************/
   7:Drivers/CMSIS/Include/cmsis_gcc.h **** /*
   8:Drivers/CMSIS/Include/cmsis_gcc.h ****  * Copyright (c) 2009-2018 Arm Limited. All rights reserved.
   9:Drivers/CMSIS/Include/cmsis_gcc.h ****  *
  10:Drivers/CMSIS/Include/cmsis_gcc.h ****  * SPDX-License-Identifier: Apache-2.0
  11:Drivers/CMSIS/Include/cmsis_gcc.h ****  *
  12:Drivers/CMSIS/Include/cmsis_gcc.h ****  * Licensed under the Apache License, Version 2.0 (the License); you may
  13:Drivers/CMSIS/Include/cmsis_gcc.h ****  * not use this file except in compliance with the License.
  14:Drivers/CMSIS/Include/cmsis_gcc.h ****  * You may obtain a copy of the License at
  15:Drivers/CMSIS/Include/cmsis_gcc.h ****  *
  16:Drivers/CMSIS/Include/cmsis_gcc.h ****  * www.apache.org/licenses/LICENSE-2.0
ARM GAS  C:\Users\ADMINI~1\AppData\Local\Temp\cchQt67W.s 			page 26


  17:Drivers/CMSIS/Include/cmsis_gcc.h ****  *
  18:Drivers/CMSIS/Include/cmsis_gcc.h ****  * Unless required by applicable law or agreed to in writing, software
  19:Drivers/CMSIS/Include/cmsis_gcc.h ****  * distributed under the License is distributed on an AS IS BASIS, WITHOUT
  20:Drivers/CMSIS/Include/cmsis_gcc.h ****  * WARRANTIES OR CONDITIONS OF ANY KIND, either express or implied.
  21:Drivers/CMSIS/Include/cmsis_gcc.h ****  * See the License for the specific language governing permissions and
  22:Drivers/CMSIS/Include/cmsis_gcc.h ****  * limitations under the License.
  23:Drivers/CMSIS/Include/cmsis_gcc.h ****  */
  24:Drivers/CMSIS/Include/cmsis_gcc.h **** 
  25:Drivers/CMSIS/Include/cmsis_gcc.h **** #ifndef __CMSIS_GCC_H
  26:Drivers/CMSIS/Include/cmsis_gcc.h **** #define __CMSIS_GCC_H
  27:Drivers/CMSIS/Include/cmsis_gcc.h **** 
  28:Drivers/CMSIS/Include/cmsis_gcc.h **** /* ignore some GCC warnings */
  29:Drivers/CMSIS/Include/cmsis_gcc.h **** #pragma GCC diagnostic push
  30:Drivers/CMSIS/Include/cmsis_gcc.h **** #pragma GCC diagnostic ignored "-Wsign-conversion"
  31:Drivers/CMSIS/Include/cmsis_gcc.h **** #pragma GCC diagnostic ignored "-Wconversion"
  32:Drivers/CMSIS/Include/cmsis_gcc.h **** #pragma GCC diagnostic ignored "-Wunused-parameter"
  33:Drivers/CMSIS/Include/cmsis_gcc.h **** 
  34:Drivers/CMSIS/Include/cmsis_gcc.h **** /* Fallback for __has_builtin */
  35:Drivers/CMSIS/Include/cmsis_gcc.h **** #ifndef __has_builtin
  36:Drivers/CMSIS/Include/cmsis_gcc.h ****   #define __has_builtin(x) (0)
  37:Drivers/CMSIS/Include/cmsis_gcc.h **** #endif
  38:Drivers/CMSIS/Include/cmsis_gcc.h **** 
  39:Drivers/CMSIS/Include/cmsis_gcc.h **** /* CMSIS compiler specific defines */
  40:Drivers/CMSIS/Include/cmsis_gcc.h **** #ifndef   __ASM
  41:Drivers/CMSIS/Include/cmsis_gcc.h ****   #define __ASM                                  __asm
  42:Drivers/CMSIS/Include/cmsis_gcc.h **** #endif
  43:Drivers/CMSIS/Include/cmsis_gcc.h **** #ifndef   __INLINE
  44:Drivers/CMSIS/Include/cmsis_gcc.h ****   #define __INLINE                               inline
  45:Drivers/CMSIS/Include/cmsis_gcc.h **** #endif
  46:Drivers/CMSIS/Include/cmsis_gcc.h **** #ifndef   __STATIC_INLINE
  47:Drivers/CMSIS/Include/cmsis_gcc.h ****   #define __STATIC_INLINE                        static inline
  48:Drivers/CMSIS/Include/cmsis_gcc.h **** #endif
  49:Drivers/CMSIS/Include/cmsis_gcc.h **** #ifndef   __STATIC_FORCEINLINE                 
  50:Drivers/CMSIS/Include/cmsis_gcc.h ****   #define __STATIC_FORCEINLINE                   __attribute__((always_inline)) static inline
  51:Drivers/CMSIS/Include/cmsis_gcc.h **** #endif                                           
  52:Drivers/CMSIS/Include/cmsis_gcc.h **** #ifndef   __NO_RETURN
  53:Drivers/CMSIS/Include/cmsis_gcc.h ****   #define __NO_RETURN                            __attribute__((__noreturn__))
  54:Drivers/CMSIS/Include/cmsis_gcc.h **** #endif
  55:Drivers/CMSIS/Include/cmsis_gcc.h **** #ifndef   __USED
  56:Drivers/CMSIS/Include/cmsis_gcc.h ****   #define __USED                                 __attribute__((used))
  57:Drivers/CMSIS/Include/cmsis_gcc.h **** #endif
  58:Drivers/CMSIS/Include/cmsis_gcc.h **** #ifndef   __WEAK
  59:Drivers/CMSIS/Include/cmsis_gcc.h ****   #define __WEAK                                 __attribute__((weak))
  60:Drivers/CMSIS/Include/cmsis_gcc.h **** #endif
  61:Drivers/CMSIS/Include/cmsis_gcc.h **** #ifndef   __PACKED
  62:Drivers/CMSIS/Include/cmsis_gcc.h ****   #define __PACKED                               __attribute__((packed, aligned(1)))
  63:Drivers/CMSIS/Include/cmsis_gcc.h **** #endif
  64:Drivers/CMSIS/Include/cmsis_gcc.h **** #ifndef   __PACKED_STRUCT
  65:Drivers/CMSIS/Include/cmsis_gcc.h ****   #define __PACKED_STRUCT                        struct __attribute__((packed, aligned(1)))
  66:Drivers/CMSIS/Include/cmsis_gcc.h **** #endif
  67:Drivers/CMSIS/Include/cmsis_gcc.h **** #ifndef   __PACKED_UNION
  68:Drivers/CMSIS/Include/cmsis_gcc.h ****   #define __PACKED_UNION                         union __attribute__((packed, aligned(1)))
  69:Drivers/CMSIS/Include/cmsis_gcc.h **** #endif
  70:Drivers/CMSIS/Include/cmsis_gcc.h **** #ifndef   __UNALIGNED_UINT32        /* deprecated */
  71:Drivers/CMSIS/Include/cmsis_gcc.h ****   #pragma GCC diagnostic push
  72:Drivers/CMSIS/Include/cmsis_gcc.h ****   #pragma GCC diagnostic ignored "-Wpacked"
  73:Drivers/CMSIS/Include/cmsis_gcc.h ****   #pragma GCC diagnostic ignored "-Wattributes"
ARM GAS  C:\Users\ADMINI~1\AppData\Local\Temp\cchQt67W.s 			page 27


  74:Drivers/CMSIS/Include/cmsis_gcc.h ****   struct __attribute__((packed)) T_UINT32 { uint32_t v; };
  75:Drivers/CMSIS/Include/cmsis_gcc.h ****   #pragma GCC diagnostic pop
  76:Drivers/CMSIS/Include/cmsis_gcc.h ****   #define __UNALIGNED_UINT32(x)                  (((struct T_UINT32 *)(x))->v)
  77:Drivers/CMSIS/Include/cmsis_gcc.h **** #endif
  78:Drivers/CMSIS/Include/cmsis_gcc.h **** #ifndef   __UNALIGNED_UINT16_WRITE
  79:Drivers/CMSIS/Include/cmsis_gcc.h ****   #pragma GCC diagnostic push
  80:Drivers/CMSIS/Include/cmsis_gcc.h ****   #pragma GCC diagnostic ignored "-Wpacked"
  81:Drivers/CMSIS/Include/cmsis_gcc.h ****   #pragma GCC diagnostic ignored "-Wattributes"
  82:Drivers/CMSIS/Include/cmsis_gcc.h ****   __PACKED_STRUCT T_UINT16_WRITE { uint16_t v; };
  83:Drivers/CMSIS/Include/cmsis_gcc.h ****   #pragma GCC diagnostic pop
  84:Drivers/CMSIS/Include/cmsis_gcc.h ****   #define __UNALIGNED_UINT16_WRITE(addr, val)    (void)((((struct T_UINT16_WRITE *)(void *)(addr))-
  85:Drivers/CMSIS/Include/cmsis_gcc.h **** #endif
  86:Drivers/CMSIS/Include/cmsis_gcc.h **** #ifndef   __UNALIGNED_UINT16_READ
  87:Drivers/CMSIS/Include/cmsis_gcc.h ****   #pragma GCC diagnostic push
  88:Drivers/CMSIS/Include/cmsis_gcc.h ****   #pragma GCC diagnostic ignored "-Wpacked"
  89:Drivers/CMSIS/Include/cmsis_gcc.h ****   #pragma GCC diagnostic ignored "-Wattributes"
  90:Drivers/CMSIS/Include/cmsis_gcc.h ****   __PACKED_STRUCT T_UINT16_READ { uint16_t v; };
  91:Drivers/CMSIS/Include/cmsis_gcc.h ****   #pragma GCC diagnostic pop
  92:Drivers/CMSIS/Include/cmsis_gcc.h ****   #define __UNALIGNED_UINT16_READ(addr)          (((const struct T_UINT16_READ *)(const void *)(add
  93:Drivers/CMSIS/Include/cmsis_gcc.h **** #endif
  94:Drivers/CMSIS/Include/cmsis_gcc.h **** #ifndef   __UNALIGNED_UINT32_WRITE
  95:Drivers/CMSIS/Include/cmsis_gcc.h ****   #pragma GCC diagnostic push
  96:Drivers/CMSIS/Include/cmsis_gcc.h ****   #pragma GCC diagnostic ignored "-Wpacked"
  97:Drivers/CMSIS/Include/cmsis_gcc.h ****   #pragma GCC diagnostic ignored "-Wattributes"
  98:Drivers/CMSIS/Include/cmsis_gcc.h ****   __PACKED_STRUCT T_UINT32_WRITE { uint32_t v; };
  99:Drivers/CMSIS/Include/cmsis_gcc.h ****   #pragma GCC diagnostic pop
 100:Drivers/CMSIS/Include/cmsis_gcc.h ****   #define __UNALIGNED_UINT32_WRITE(addr, val)    (void)((((struct T_UINT32_WRITE *)(void *)(addr))-
 101:Drivers/CMSIS/Include/cmsis_gcc.h **** #endif
 102:Drivers/CMSIS/Include/cmsis_gcc.h **** #ifndef   __UNALIGNED_UINT32_READ
 103:Drivers/CMSIS/Include/cmsis_gcc.h ****   #pragma GCC diagnostic push
 104:Drivers/CMSIS/Include/cmsis_gcc.h ****   #pragma GCC diagnostic ignored "-Wpacked"
 105:Drivers/CMSIS/Include/cmsis_gcc.h ****   #pragma GCC diagnostic ignored "-Wattributes"
 106:Drivers/CMSIS/Include/cmsis_gcc.h ****   __PACKED_STRUCT T_UINT32_READ { uint32_t v; };
 107:Drivers/CMSIS/Include/cmsis_gcc.h ****   #pragma GCC diagnostic pop
 108:Drivers/CMSIS/Include/cmsis_gcc.h ****   #define __UNALIGNED_UINT32_READ(addr)          (((const struct T_UINT32_READ *)(const void *)(add
 109:Drivers/CMSIS/Include/cmsis_gcc.h **** #endif
 110:Drivers/CMSIS/Include/cmsis_gcc.h **** #ifndef   __ALIGNED
 111:Drivers/CMSIS/Include/cmsis_gcc.h ****   #define __ALIGNED(x)                           __attribute__((aligned(x)))
 112:Drivers/CMSIS/Include/cmsis_gcc.h **** #endif
 113:Drivers/CMSIS/Include/cmsis_gcc.h **** #ifndef   __RESTRICT
 114:Drivers/CMSIS/Include/cmsis_gcc.h ****   #define __RESTRICT                             __restrict
 115:Drivers/CMSIS/Include/cmsis_gcc.h **** #endif
 116:Drivers/CMSIS/Include/cmsis_gcc.h **** 
 117:Drivers/CMSIS/Include/cmsis_gcc.h **** 
 118:Drivers/CMSIS/Include/cmsis_gcc.h **** /* ###########################  Core Function Access  ########################### */
 119:Drivers/CMSIS/Include/cmsis_gcc.h **** /** \ingroup  CMSIS_Core_FunctionInterface
 120:Drivers/CMSIS/Include/cmsis_gcc.h ****     \defgroup CMSIS_Core_RegAccFunctions CMSIS Core Register Access Functions
 121:Drivers/CMSIS/Include/cmsis_gcc.h ****   @{
 122:Drivers/CMSIS/Include/cmsis_gcc.h ****  */
 123:Drivers/CMSIS/Include/cmsis_gcc.h **** 
 124:Drivers/CMSIS/Include/cmsis_gcc.h **** /**
 125:Drivers/CMSIS/Include/cmsis_gcc.h ****   \brief   Enable IRQ Interrupts
 126:Drivers/CMSIS/Include/cmsis_gcc.h ****   \details Enables IRQ interrupts by clearing the I-bit in the CPSR.
 127:Drivers/CMSIS/Include/cmsis_gcc.h ****            Can only be executed in Privileged modes.
 128:Drivers/CMSIS/Include/cmsis_gcc.h ****  */
 129:Drivers/CMSIS/Include/cmsis_gcc.h **** __STATIC_FORCEINLINE void __enable_irq(void)
 130:Drivers/CMSIS/Include/cmsis_gcc.h **** {
ARM GAS  C:\Users\ADMINI~1\AppData\Local\Temp\cchQt67W.s 			page 28


 131:Drivers/CMSIS/Include/cmsis_gcc.h ****   __ASM volatile ("cpsie i" : : : "memory");
 132:Drivers/CMSIS/Include/cmsis_gcc.h **** }
 133:Drivers/CMSIS/Include/cmsis_gcc.h **** 
 134:Drivers/CMSIS/Include/cmsis_gcc.h **** 
 135:Drivers/CMSIS/Include/cmsis_gcc.h **** /**
 136:Drivers/CMSIS/Include/cmsis_gcc.h ****   \brief   Disable IRQ Interrupts
 137:Drivers/CMSIS/Include/cmsis_gcc.h ****   \details Disables IRQ interrupts by setting the I-bit in the CPSR.
 138:Drivers/CMSIS/Include/cmsis_gcc.h ****            Can only be executed in Privileged modes.
 139:Drivers/CMSIS/Include/cmsis_gcc.h ****  */
 140:Drivers/CMSIS/Include/cmsis_gcc.h **** __STATIC_FORCEINLINE void __disable_irq(void)
 141:Drivers/CMSIS/Include/cmsis_gcc.h **** {
 142:Drivers/CMSIS/Include/cmsis_gcc.h ****   __ASM volatile ("cpsid i" : : : "memory");
 143:Drivers/CMSIS/Include/cmsis_gcc.h **** }
 144:Drivers/CMSIS/Include/cmsis_gcc.h **** 
 145:Drivers/CMSIS/Include/cmsis_gcc.h **** 
 146:Drivers/CMSIS/Include/cmsis_gcc.h **** /**
 147:Drivers/CMSIS/Include/cmsis_gcc.h ****   \brief   Get Control Register
 148:Drivers/CMSIS/Include/cmsis_gcc.h ****   \details Returns the content of the Control Register.
 149:Drivers/CMSIS/Include/cmsis_gcc.h ****   \return               Control Register value
 150:Drivers/CMSIS/Include/cmsis_gcc.h ****  */
 151:Drivers/CMSIS/Include/cmsis_gcc.h **** __STATIC_FORCEINLINE uint32_t __get_CONTROL(void)
 152:Drivers/CMSIS/Include/cmsis_gcc.h **** {
 153:Drivers/CMSIS/Include/cmsis_gcc.h ****   uint32_t result;
 154:Drivers/CMSIS/Include/cmsis_gcc.h **** 
 155:Drivers/CMSIS/Include/cmsis_gcc.h ****   __ASM volatile ("MRS %0, control" : "=r" (result) );
 156:Drivers/CMSIS/Include/cmsis_gcc.h ****   return(result);
 157:Drivers/CMSIS/Include/cmsis_gcc.h **** }
 158:Drivers/CMSIS/Include/cmsis_gcc.h **** 
 159:Drivers/CMSIS/Include/cmsis_gcc.h **** 
 160:Drivers/CMSIS/Include/cmsis_gcc.h **** #if (defined (__ARM_FEATURE_CMSE ) && (__ARM_FEATURE_CMSE == 3))
 161:Drivers/CMSIS/Include/cmsis_gcc.h **** /**
 162:Drivers/CMSIS/Include/cmsis_gcc.h ****   \brief   Get Control Register (non-secure)
 163:Drivers/CMSIS/Include/cmsis_gcc.h ****   \details Returns the content of the non-secure Control Register when in secure mode.
 164:Drivers/CMSIS/Include/cmsis_gcc.h ****   \return               non-secure Control Register value
 165:Drivers/CMSIS/Include/cmsis_gcc.h ****  */
 166:Drivers/CMSIS/Include/cmsis_gcc.h **** __STATIC_FORCEINLINE uint32_t __TZ_get_CONTROL_NS(void)
 167:Drivers/CMSIS/Include/cmsis_gcc.h **** {
 168:Drivers/CMSIS/Include/cmsis_gcc.h ****   uint32_t result;
 169:Drivers/CMSIS/Include/cmsis_gcc.h **** 
 170:Drivers/CMSIS/Include/cmsis_gcc.h ****   __ASM volatile ("MRS %0, control_ns" : "=r" (result) );
 171:Drivers/CMSIS/Include/cmsis_gcc.h ****   return(result);
 172:Drivers/CMSIS/Include/cmsis_gcc.h **** }
 173:Drivers/CMSIS/Include/cmsis_gcc.h **** #endif
 174:Drivers/CMSIS/Include/cmsis_gcc.h **** 
 175:Drivers/CMSIS/Include/cmsis_gcc.h **** 
 176:Drivers/CMSIS/Include/cmsis_gcc.h **** /**
 177:Drivers/CMSIS/Include/cmsis_gcc.h ****   \brief   Set Control Register
 178:Drivers/CMSIS/Include/cmsis_gcc.h ****   \details Writes the given value to the Control Register.
 179:Drivers/CMSIS/Include/cmsis_gcc.h ****   \param [in]    control  Control Register value to set
 180:Drivers/CMSIS/Include/cmsis_gcc.h ****  */
 181:Drivers/CMSIS/Include/cmsis_gcc.h **** __STATIC_FORCEINLINE void __set_CONTROL(uint32_t control)
 182:Drivers/CMSIS/Include/cmsis_gcc.h **** {
 183:Drivers/CMSIS/Include/cmsis_gcc.h ****   __ASM volatile ("MSR control, %0" : : "r" (control) : "memory");
 184:Drivers/CMSIS/Include/cmsis_gcc.h **** }
 185:Drivers/CMSIS/Include/cmsis_gcc.h **** 
 186:Drivers/CMSIS/Include/cmsis_gcc.h **** 
 187:Drivers/CMSIS/Include/cmsis_gcc.h **** #if (defined (__ARM_FEATURE_CMSE ) && (__ARM_FEATURE_CMSE == 3))
ARM GAS  C:\Users\ADMINI~1\AppData\Local\Temp\cchQt67W.s 			page 29


 188:Drivers/CMSIS/Include/cmsis_gcc.h **** /**
 189:Drivers/CMSIS/Include/cmsis_gcc.h ****   \brief   Set Control Register (non-secure)
 190:Drivers/CMSIS/Include/cmsis_gcc.h ****   \details Writes the given value to the non-secure Control Register when in secure state.
 191:Drivers/CMSIS/Include/cmsis_gcc.h ****   \param [in]    control  Control Register value to set
 192:Drivers/CMSIS/Include/cmsis_gcc.h ****  */
 193:Drivers/CMSIS/Include/cmsis_gcc.h **** __STATIC_FORCEINLINE void __TZ_set_CONTROL_NS(uint32_t control)
 194:Drivers/CMSIS/Include/cmsis_gcc.h **** {
 195:Drivers/CMSIS/Include/cmsis_gcc.h ****   __ASM volatile ("MSR control_ns, %0" : : "r" (control) : "memory");
 196:Drivers/CMSIS/Include/cmsis_gcc.h **** }
 197:Drivers/CMSIS/Include/cmsis_gcc.h **** #endif
 198:Drivers/CMSIS/Include/cmsis_gcc.h **** 
 199:Drivers/CMSIS/Include/cmsis_gcc.h **** 
 200:Drivers/CMSIS/Include/cmsis_gcc.h **** /**
 201:Drivers/CMSIS/Include/cmsis_gcc.h ****   \brief   Get IPSR Register
 202:Drivers/CMSIS/Include/cmsis_gcc.h ****   \details Returns the content of the IPSR Register.
 203:Drivers/CMSIS/Include/cmsis_gcc.h ****   \return               IPSR Register value
 204:Drivers/CMSIS/Include/cmsis_gcc.h ****  */
 205:Drivers/CMSIS/Include/cmsis_gcc.h **** __STATIC_FORCEINLINE uint32_t __get_IPSR(void)
 206:Drivers/CMSIS/Include/cmsis_gcc.h **** {
 207:Drivers/CMSIS/Include/cmsis_gcc.h ****   uint32_t result;
 208:Drivers/CMSIS/Include/cmsis_gcc.h **** 
 209:Drivers/CMSIS/Include/cmsis_gcc.h ****   __ASM volatile ("MRS %0, ipsr" : "=r" (result) );
 210:Drivers/CMSIS/Include/cmsis_gcc.h ****   return(result);
 211:Drivers/CMSIS/Include/cmsis_gcc.h **** }
 212:Drivers/CMSIS/Include/cmsis_gcc.h **** 
 213:Drivers/CMSIS/Include/cmsis_gcc.h **** 
 214:Drivers/CMSIS/Include/cmsis_gcc.h **** /**
 215:Drivers/CMSIS/Include/cmsis_gcc.h ****   \brief   Get APSR Register
 216:Drivers/CMSIS/Include/cmsis_gcc.h ****   \details Returns the content of the APSR Register.
 217:Drivers/CMSIS/Include/cmsis_gcc.h ****   \return               APSR Register value
 218:Drivers/CMSIS/Include/cmsis_gcc.h ****  */
 219:Drivers/CMSIS/Include/cmsis_gcc.h **** __STATIC_FORCEINLINE uint32_t __get_APSR(void)
 220:Drivers/CMSIS/Include/cmsis_gcc.h **** {
 221:Drivers/CMSIS/Include/cmsis_gcc.h ****   uint32_t result;
 222:Drivers/CMSIS/Include/cmsis_gcc.h **** 
 223:Drivers/CMSIS/Include/cmsis_gcc.h ****   __ASM volatile ("MRS %0, apsr" : "=r" (result) );
 224:Drivers/CMSIS/Include/cmsis_gcc.h ****   return(result);
 225:Drivers/CMSIS/Include/cmsis_gcc.h **** }
 226:Drivers/CMSIS/Include/cmsis_gcc.h **** 
 227:Drivers/CMSIS/Include/cmsis_gcc.h **** 
 228:Drivers/CMSIS/Include/cmsis_gcc.h **** /**
 229:Drivers/CMSIS/Include/cmsis_gcc.h ****   \brief   Get xPSR Register
 230:Drivers/CMSIS/Include/cmsis_gcc.h ****   \details Returns the content of the xPSR Register.
 231:Drivers/CMSIS/Include/cmsis_gcc.h ****   \return               xPSR Register value
 232:Drivers/CMSIS/Include/cmsis_gcc.h ****  */
 233:Drivers/CMSIS/Include/cmsis_gcc.h **** __STATIC_FORCEINLINE uint32_t __get_xPSR(void)
 234:Drivers/CMSIS/Include/cmsis_gcc.h **** {
 235:Drivers/CMSIS/Include/cmsis_gcc.h ****   uint32_t result;
 236:Drivers/CMSIS/Include/cmsis_gcc.h **** 
 237:Drivers/CMSIS/Include/cmsis_gcc.h ****   __ASM volatile ("MRS %0, xpsr" : "=r" (result) );
 238:Drivers/CMSIS/Include/cmsis_gcc.h ****   return(result);
 239:Drivers/CMSIS/Include/cmsis_gcc.h **** }
 240:Drivers/CMSIS/Include/cmsis_gcc.h **** 
 241:Drivers/CMSIS/Include/cmsis_gcc.h **** 
 242:Drivers/CMSIS/Include/cmsis_gcc.h **** /**
 243:Drivers/CMSIS/Include/cmsis_gcc.h ****   \brief   Get Process Stack Pointer
 244:Drivers/CMSIS/Include/cmsis_gcc.h ****   \details Returns the current value of the Process Stack Pointer (PSP).
ARM GAS  C:\Users\ADMINI~1\AppData\Local\Temp\cchQt67W.s 			page 30


 245:Drivers/CMSIS/Include/cmsis_gcc.h ****   \return               PSP Register value
 246:Drivers/CMSIS/Include/cmsis_gcc.h ****  */
 247:Drivers/CMSIS/Include/cmsis_gcc.h **** __STATIC_FORCEINLINE uint32_t __get_PSP(void)
 248:Drivers/CMSIS/Include/cmsis_gcc.h **** {
 249:Drivers/CMSIS/Include/cmsis_gcc.h ****   uint32_t result;
 250:Drivers/CMSIS/Include/cmsis_gcc.h **** 
 251:Drivers/CMSIS/Include/cmsis_gcc.h ****   __ASM volatile ("MRS %0, psp"  : "=r" (result) );
 252:Drivers/CMSIS/Include/cmsis_gcc.h ****   return(result);
 253:Drivers/CMSIS/Include/cmsis_gcc.h **** }
 254:Drivers/CMSIS/Include/cmsis_gcc.h **** 
 255:Drivers/CMSIS/Include/cmsis_gcc.h **** 
 256:Drivers/CMSIS/Include/cmsis_gcc.h **** #if (defined (__ARM_FEATURE_CMSE ) && (__ARM_FEATURE_CMSE == 3))
 257:Drivers/CMSIS/Include/cmsis_gcc.h **** /**
 258:Drivers/CMSIS/Include/cmsis_gcc.h ****   \brief   Get Process Stack Pointer (non-secure)
 259:Drivers/CMSIS/Include/cmsis_gcc.h ****   \details Returns the current value of the non-secure Process Stack Pointer (PSP) when in secure s
 260:Drivers/CMSIS/Include/cmsis_gcc.h ****   \return               PSP Register value
 261:Drivers/CMSIS/Include/cmsis_gcc.h ****  */
 262:Drivers/CMSIS/Include/cmsis_gcc.h **** __STATIC_FORCEINLINE uint32_t __TZ_get_PSP_NS(void)
 263:Drivers/CMSIS/Include/cmsis_gcc.h **** {
 264:Drivers/CMSIS/Include/cmsis_gcc.h ****   uint32_t result;
 265:Drivers/CMSIS/Include/cmsis_gcc.h **** 
 266:Drivers/CMSIS/Include/cmsis_gcc.h ****   __ASM volatile ("MRS %0, psp_ns"  : "=r" (result) );
 267:Drivers/CMSIS/Include/cmsis_gcc.h ****   return(result);
 268:Drivers/CMSIS/Include/cmsis_gcc.h **** }
 269:Drivers/CMSIS/Include/cmsis_gcc.h **** #endif
 270:Drivers/CMSIS/Include/cmsis_gcc.h **** 
 271:Drivers/CMSIS/Include/cmsis_gcc.h **** 
 272:Drivers/CMSIS/Include/cmsis_gcc.h **** /**
 273:Drivers/CMSIS/Include/cmsis_gcc.h ****   \brief   Set Process Stack Pointer
 274:Drivers/CMSIS/Include/cmsis_gcc.h ****   \details Assigns the given value to the Process Stack Pointer (PSP).
 275:Drivers/CMSIS/Include/cmsis_gcc.h ****   \param [in]    topOfProcStack  Process Stack Pointer value to set
 276:Drivers/CMSIS/Include/cmsis_gcc.h ****  */
 277:Drivers/CMSIS/Include/cmsis_gcc.h **** __STATIC_FORCEINLINE void __set_PSP(uint32_t topOfProcStack)
 278:Drivers/CMSIS/Include/cmsis_gcc.h **** {
 279:Drivers/CMSIS/Include/cmsis_gcc.h ****   __ASM volatile ("MSR psp, %0" : : "r" (topOfProcStack) : );
 280:Drivers/CMSIS/Include/cmsis_gcc.h **** }
 281:Drivers/CMSIS/Include/cmsis_gcc.h **** 
 282:Drivers/CMSIS/Include/cmsis_gcc.h **** 
 283:Drivers/CMSIS/Include/cmsis_gcc.h **** #if (defined (__ARM_FEATURE_CMSE ) && (__ARM_FEATURE_CMSE == 3))
 284:Drivers/CMSIS/Include/cmsis_gcc.h **** /**
 285:Drivers/CMSIS/Include/cmsis_gcc.h ****   \brief   Set Process Stack Pointer (non-secure)
 286:Drivers/CMSIS/Include/cmsis_gcc.h ****   \details Assigns the given value to the non-secure Process Stack Pointer (PSP) when in secure sta
 287:Drivers/CMSIS/Include/cmsis_gcc.h ****   \param [in]    topOfProcStack  Process Stack Pointer value to set
 288:Drivers/CMSIS/Include/cmsis_gcc.h ****  */
 289:Drivers/CMSIS/Include/cmsis_gcc.h **** __STATIC_FORCEINLINE void __TZ_set_PSP_NS(uint32_t topOfProcStack)
 290:Drivers/CMSIS/Include/cmsis_gcc.h **** {
 291:Drivers/CMSIS/Include/cmsis_gcc.h ****   __ASM volatile ("MSR psp_ns, %0" : : "r" (topOfProcStack) : );
 292:Drivers/CMSIS/Include/cmsis_gcc.h **** }
 293:Drivers/CMSIS/Include/cmsis_gcc.h **** #endif
 294:Drivers/CMSIS/Include/cmsis_gcc.h **** 
 295:Drivers/CMSIS/Include/cmsis_gcc.h **** 
 296:Drivers/CMSIS/Include/cmsis_gcc.h **** /**
 297:Drivers/CMSIS/Include/cmsis_gcc.h ****   \brief   Get Main Stack Pointer
 298:Drivers/CMSIS/Include/cmsis_gcc.h ****   \details Returns the current value of the Main Stack Pointer (MSP).
 299:Drivers/CMSIS/Include/cmsis_gcc.h ****   \return               MSP Register value
 300:Drivers/CMSIS/Include/cmsis_gcc.h ****  */
 301:Drivers/CMSIS/Include/cmsis_gcc.h **** __STATIC_FORCEINLINE uint32_t __get_MSP(void)
ARM GAS  C:\Users\ADMINI~1\AppData\Local\Temp\cchQt67W.s 			page 31


 302:Drivers/CMSIS/Include/cmsis_gcc.h **** {
 303:Drivers/CMSIS/Include/cmsis_gcc.h ****   uint32_t result;
 304:Drivers/CMSIS/Include/cmsis_gcc.h **** 
 305:Drivers/CMSIS/Include/cmsis_gcc.h ****   __ASM volatile ("MRS %0, msp" : "=r" (result) );
 306:Drivers/CMSIS/Include/cmsis_gcc.h ****   return(result);
 307:Drivers/CMSIS/Include/cmsis_gcc.h **** }
 308:Drivers/CMSIS/Include/cmsis_gcc.h **** 
 309:Drivers/CMSIS/Include/cmsis_gcc.h **** 
 310:Drivers/CMSIS/Include/cmsis_gcc.h **** #if (defined (__ARM_FEATURE_CMSE ) && (__ARM_FEATURE_CMSE == 3))
 311:Drivers/CMSIS/Include/cmsis_gcc.h **** /**
 312:Drivers/CMSIS/Include/cmsis_gcc.h ****   \brief   Get Main Stack Pointer (non-secure)
 313:Drivers/CMSIS/Include/cmsis_gcc.h ****   \details Returns the current value of the non-secure Main Stack Pointer (MSP) when in secure stat
 314:Drivers/CMSIS/Include/cmsis_gcc.h ****   \return               MSP Register value
 315:Drivers/CMSIS/Include/cmsis_gcc.h ****  */
 316:Drivers/CMSIS/Include/cmsis_gcc.h **** __STATIC_FORCEINLINE uint32_t __TZ_get_MSP_NS(void)
 317:Drivers/CMSIS/Include/cmsis_gcc.h **** {
 318:Drivers/CMSIS/Include/cmsis_gcc.h ****   uint32_t result;
 319:Drivers/CMSIS/Include/cmsis_gcc.h **** 
 320:Drivers/CMSIS/Include/cmsis_gcc.h ****   __ASM volatile ("MRS %0, msp_ns" : "=r" (result) );
 321:Drivers/CMSIS/Include/cmsis_gcc.h ****   return(result);
 322:Drivers/CMSIS/Include/cmsis_gcc.h **** }
 323:Drivers/CMSIS/Include/cmsis_gcc.h **** #endif
 324:Drivers/CMSIS/Include/cmsis_gcc.h **** 
 325:Drivers/CMSIS/Include/cmsis_gcc.h **** 
 326:Drivers/CMSIS/Include/cmsis_gcc.h **** /**
 327:Drivers/CMSIS/Include/cmsis_gcc.h ****   \brief   Set Main Stack Pointer
 328:Drivers/CMSIS/Include/cmsis_gcc.h ****   \details Assigns the given value to the Main Stack Pointer (MSP).
 329:Drivers/CMSIS/Include/cmsis_gcc.h ****   \param [in]    topOfMainStack  Main Stack Pointer value to set
 330:Drivers/CMSIS/Include/cmsis_gcc.h ****  */
 331:Drivers/CMSIS/Include/cmsis_gcc.h **** __STATIC_FORCEINLINE void __set_MSP(uint32_t topOfMainStack)
 332:Drivers/CMSIS/Include/cmsis_gcc.h **** {
 333:Drivers/CMSIS/Include/cmsis_gcc.h ****   __ASM volatile ("MSR msp, %0" : : "r" (topOfMainStack) : );
 334:Drivers/CMSIS/Include/cmsis_gcc.h **** }
 335:Drivers/CMSIS/Include/cmsis_gcc.h **** 
 336:Drivers/CMSIS/Include/cmsis_gcc.h **** 
 337:Drivers/CMSIS/Include/cmsis_gcc.h **** #if (defined (__ARM_FEATURE_CMSE ) && (__ARM_FEATURE_CMSE == 3))
 338:Drivers/CMSIS/Include/cmsis_gcc.h **** /**
 339:Drivers/CMSIS/Include/cmsis_gcc.h ****   \brief   Set Main Stack Pointer (non-secure)
 340:Drivers/CMSIS/Include/cmsis_gcc.h ****   \details Assigns the given value to the non-secure Main Stack Pointer (MSP) when in secure state.
 341:Drivers/CMSIS/Include/cmsis_gcc.h ****   \param [in]    topOfMainStack  Main Stack Pointer value to set
 342:Drivers/CMSIS/Include/cmsis_gcc.h ****  */
 343:Drivers/CMSIS/Include/cmsis_gcc.h **** __STATIC_FORCEINLINE void __TZ_set_MSP_NS(uint32_t topOfMainStack)
 344:Drivers/CMSIS/Include/cmsis_gcc.h **** {
 345:Drivers/CMSIS/Include/cmsis_gcc.h ****   __ASM volatile ("MSR msp_ns, %0" : : "r" (topOfMainStack) : );
 346:Drivers/CMSIS/Include/cmsis_gcc.h **** }
 347:Drivers/CMSIS/Include/cmsis_gcc.h **** #endif
 348:Drivers/CMSIS/Include/cmsis_gcc.h **** 
 349:Drivers/CMSIS/Include/cmsis_gcc.h **** 
 350:Drivers/CMSIS/Include/cmsis_gcc.h **** #if (defined (__ARM_FEATURE_CMSE ) && (__ARM_FEATURE_CMSE == 3))
 351:Drivers/CMSIS/Include/cmsis_gcc.h **** /**
 352:Drivers/CMSIS/Include/cmsis_gcc.h ****   \brief   Get Stack Pointer (non-secure)
 353:Drivers/CMSIS/Include/cmsis_gcc.h ****   \details Returns the current value of the non-secure Stack Pointer (SP) when in secure state.
 354:Drivers/CMSIS/Include/cmsis_gcc.h ****   \return               SP Register value
 355:Drivers/CMSIS/Include/cmsis_gcc.h ****  */
 356:Drivers/CMSIS/Include/cmsis_gcc.h **** __STATIC_FORCEINLINE uint32_t __TZ_get_SP_NS(void)
 357:Drivers/CMSIS/Include/cmsis_gcc.h **** {
 358:Drivers/CMSIS/Include/cmsis_gcc.h ****   uint32_t result;
ARM GAS  C:\Users\ADMINI~1\AppData\Local\Temp\cchQt67W.s 			page 32


 359:Drivers/CMSIS/Include/cmsis_gcc.h **** 
 360:Drivers/CMSIS/Include/cmsis_gcc.h ****   __ASM volatile ("MRS %0, sp_ns" : "=r" (result) );
 361:Drivers/CMSIS/Include/cmsis_gcc.h ****   return(result);
 362:Drivers/CMSIS/Include/cmsis_gcc.h **** }
 363:Drivers/CMSIS/Include/cmsis_gcc.h **** 
 364:Drivers/CMSIS/Include/cmsis_gcc.h **** 
 365:Drivers/CMSIS/Include/cmsis_gcc.h **** /**
 366:Drivers/CMSIS/Include/cmsis_gcc.h ****   \brief   Set Stack Pointer (non-secure)
 367:Drivers/CMSIS/Include/cmsis_gcc.h ****   \details Assigns the given value to the non-secure Stack Pointer (SP) when in secure state.
 368:Drivers/CMSIS/Include/cmsis_gcc.h ****   \param [in]    topOfStack  Stack Pointer value to set
 369:Drivers/CMSIS/Include/cmsis_gcc.h ****  */
 370:Drivers/CMSIS/Include/cmsis_gcc.h **** __STATIC_FORCEINLINE void __TZ_set_SP_NS(uint32_t topOfStack)
 371:Drivers/CMSIS/Include/cmsis_gcc.h **** {
 372:Drivers/CMSIS/Include/cmsis_gcc.h ****   __ASM volatile ("MSR sp_ns, %0" : : "r" (topOfStack) : );
 373:Drivers/CMSIS/Include/cmsis_gcc.h **** }
 374:Drivers/CMSIS/Include/cmsis_gcc.h **** #endif
 375:Drivers/CMSIS/Include/cmsis_gcc.h **** 
 376:Drivers/CMSIS/Include/cmsis_gcc.h **** 
 377:Drivers/CMSIS/Include/cmsis_gcc.h **** /**
 378:Drivers/CMSIS/Include/cmsis_gcc.h ****   \brief   Get Priority Mask
 379:Drivers/CMSIS/Include/cmsis_gcc.h ****   \details Returns the current state of the priority mask bit from the Priority Mask Register.
 380:Drivers/CMSIS/Include/cmsis_gcc.h ****   \return               Priority Mask value
 381:Drivers/CMSIS/Include/cmsis_gcc.h ****  */
 382:Drivers/CMSIS/Include/cmsis_gcc.h **** __STATIC_FORCEINLINE uint32_t __get_PRIMASK(void)
 491              		.loc 2 382 31 view .LVU113
 492              	.LBB32:
 383:Drivers/CMSIS/Include/cmsis_gcc.h **** {
 384:Drivers/CMSIS/Include/cmsis_gcc.h ****   uint32_t result;
 493              		.loc 2 384 3 view .LVU114
 385:Drivers/CMSIS/Include/cmsis_gcc.h **** 
 386:Drivers/CMSIS/Include/cmsis_gcc.h ****   __ASM volatile ("MRS %0, primask" : "=r" (result) :: "memory");
 494              		.loc 2 386 3 view .LVU115
 495              		.syntax divided
 496              	@ 386 "Drivers/CMSIS/Include/cmsis_gcc.h" 1
 497 0010 EFF3108C 		MRS ip, primask
 498              	@ 0 "" 2
 499              	.LVL40:
 387:Drivers/CMSIS/Include/cmsis_gcc.h ****   return(result);
 500              		.loc 2 387 3 view .LVU116
 501              		.loc 2 387 3 is_stmt 0 view .LVU117
 502              		.thumb
 503              		.syntax unified
 504              	.LBE32:
 505              	.LBE31:
 448:Drivers/STM32F0xx_HAL_Driver/Src/stm32f0xx_hal_uart_ex.c **** 
 506              		.loc 1 448 3 is_stmt 1 discriminator 1 view .LVU118
 507              	.LBB33:
 508              	.LBI33:
 388:Drivers/CMSIS/Include/cmsis_gcc.h **** }
 389:Drivers/CMSIS/Include/cmsis_gcc.h **** 
 390:Drivers/CMSIS/Include/cmsis_gcc.h **** 
 391:Drivers/CMSIS/Include/cmsis_gcc.h **** #if (defined (__ARM_FEATURE_CMSE ) && (__ARM_FEATURE_CMSE == 3))
 392:Drivers/CMSIS/Include/cmsis_gcc.h **** /**
 393:Drivers/CMSIS/Include/cmsis_gcc.h ****   \brief   Get Priority Mask (non-secure)
 394:Drivers/CMSIS/Include/cmsis_gcc.h ****   \details Returns the current state of the non-secure priority mask bit from the Priority Mask Reg
 395:Drivers/CMSIS/Include/cmsis_gcc.h ****   \return               Priority Mask value
 396:Drivers/CMSIS/Include/cmsis_gcc.h ****  */
ARM GAS  C:\Users\ADMINI~1\AppData\Local\Temp\cchQt67W.s 			page 33


 397:Drivers/CMSIS/Include/cmsis_gcc.h **** __STATIC_FORCEINLINE uint32_t __TZ_get_PRIMASK_NS(void)
 398:Drivers/CMSIS/Include/cmsis_gcc.h **** {
 399:Drivers/CMSIS/Include/cmsis_gcc.h ****   uint32_t result;
 400:Drivers/CMSIS/Include/cmsis_gcc.h **** 
 401:Drivers/CMSIS/Include/cmsis_gcc.h ****   __ASM volatile ("MRS %0, primask_ns" : "=r" (result) :: "memory");
 402:Drivers/CMSIS/Include/cmsis_gcc.h ****   return(result);
 403:Drivers/CMSIS/Include/cmsis_gcc.h **** }
 404:Drivers/CMSIS/Include/cmsis_gcc.h **** #endif
 405:Drivers/CMSIS/Include/cmsis_gcc.h **** 
 406:Drivers/CMSIS/Include/cmsis_gcc.h **** 
 407:Drivers/CMSIS/Include/cmsis_gcc.h **** /**
 408:Drivers/CMSIS/Include/cmsis_gcc.h ****   \brief   Set Priority Mask
 409:Drivers/CMSIS/Include/cmsis_gcc.h ****   \details Assigns the given value to the Priority Mask Register.
 410:Drivers/CMSIS/Include/cmsis_gcc.h ****   \param [in]    priMask  Priority Mask
 411:Drivers/CMSIS/Include/cmsis_gcc.h ****  */
 412:Drivers/CMSIS/Include/cmsis_gcc.h **** __STATIC_FORCEINLINE void __set_PRIMASK(uint32_t priMask)
 509              		.loc 2 412 27 view .LVU119
 510              	.LBB34:
 413:Drivers/CMSIS/Include/cmsis_gcc.h **** {
 414:Drivers/CMSIS/Include/cmsis_gcc.h ****   __ASM volatile ("MSR primask, %0" : : "r" (priMask) : "memory");
 511              		.loc 2 414 3 view .LVU120
 512              		.syntax divided
 513              	@ 414 "Drivers/CMSIS/Include/cmsis_gcc.h" 1
 514 0014 83F31088 		MSR primask, r3
 515              	@ 0 "" 2
 516              	.LVL41:
 517              		.loc 2 414 3 is_stmt 0 view .LVU121
 518              		.thumb
 519              		.syntax unified
 520              	.LBE34:
 521              	.LBE33:
 448:Drivers/STM32F0xx_HAL_Driver/Src/stm32f0xx_hal_uart_ex.c **** 
 522              		.loc 1 448 3 is_stmt 1 discriminator 2 view .LVU122
 523 0018 0168     		ldr	r1, [r0]
 524 001a 0B68     		ldr	r3, [r1]
 525 001c 0224     		movs	r4, #2
 526 001e 2343     		orrs	r3, r4
 527 0020 0B60     		str	r3, [r1]
 448:Drivers/STM32F0xx_HAL_Driver/Src/stm32f0xx_hal_uart_ex.c **** 
 528              		.loc 1 448 3 discriminator 2 view .LVU123
 529              	.LVL42:
 530              	.LBB35:
 531              	.LBI35:
 412:Drivers/CMSIS/Include/cmsis_gcc.h **** {
 532              		.loc 2 412 27 view .LVU124
 533              	.LBB36:
 534              		.loc 2 414 3 view .LVU125
 535              		.syntax divided
 536              	@ 414 "Drivers/CMSIS/Include/cmsis_gcc.h" 1
 537 0022 8CF31088 		MSR primask, ip
 538              	@ 0 "" 2
 539              	.LVL43:
 540              		.loc 2 414 3 is_stmt 0 view .LVU126
 541              		.thumb
 542              		.syntax unified
 543              	.LBE36:
 544              	.LBE35:
ARM GAS  C:\Users\ADMINI~1\AppData\Local\Temp\cchQt67W.s 			page 34


 545              	.LBE30:
 448:Drivers/STM32F0xx_HAL_Driver/Src/stm32f0xx_hal_uart_ex.c **** 
 546              		.loc 1 448 3 is_stmt 1 discriminator 3 view .LVU127
 451:Drivers/STM32F0xx_HAL_Driver/Src/stm32f0xx_hal_uart_ex.c **** 
 547              		.loc 1 451 3 view .LVU128
 451:Drivers/STM32F0xx_HAL_Driver/Src/stm32f0xx_hal_uart_ex.c **** 
 548              		.loc 1 451 3 view .LVU129
 549 0026 0023     		movs	r3, #0
 550 0028 8354     		strb	r3, [r0, r2]
 451:Drivers/STM32F0xx_HAL_Driver/Src/stm32f0xx_hal_uart_ex.c **** 
 551              		.loc 1 451 3 view .LVU130
 453:Drivers/STM32F0xx_HAL_Driver/Src/stm32f0xx_hal_uart_ex.c **** }
 552              		.loc 1 453 3 view .LVU131
 453:Drivers/STM32F0xx_HAL_Driver/Src/stm32f0xx_hal_uart_ex.c **** }
 553              		.loc 1 453 10 is_stmt 0 view .LVU132
 554 002a 0020     		movs	r0, #0
 555              	.LVL44:
 556              	.L25:
 454:Drivers/STM32F0xx_HAL_Driver/Src/stm32f0xx_hal_uart_ex.c **** 
 557              		.loc 1 454 1 view .LVU133
 558              		@ sp needed
 559 002c 10BD     		pop	{r4, pc}
 560              	.LVL45:
 561              	.L26:
 445:Drivers/STM32F0xx_HAL_Driver/Src/stm32f0xx_hal_uart_ex.c **** 
 562              		.loc 1 445 3 discriminator 1 view .LVU134
 563 002e 0220     		movs	r0, #2
 564              	.LVL46:
 445:Drivers/STM32F0xx_HAL_Driver/Src/stm32f0xx_hal_uart_ex.c **** 
 565              		.loc 1 445 3 discriminator 1 view .LVU135
 566 0030 FCE7     		b	.L25
 567              		.cfi_endproc
 568              	.LFE44:
 570              		.section	.text.HAL_UARTEx_DisableStopMode,"ax",%progbits
 571              		.align	1
 572              		.global	HAL_UARTEx_DisableStopMode
 573              		.syntax unified
 574              		.code	16
 575              		.thumb_func
 577              	HAL_UARTEx_DisableStopMode:
 578              	.LVL47:
 579              	.LFB45:
 462:Drivers/STM32F0xx_HAL_Driver/Src/stm32f0xx_hal_uart_ex.c ****   /* Process Locked */
 580              		.loc 1 462 1 is_stmt 1 view -0
 581              		.cfi_startproc
 582              		@ args = 0, pretend = 0, frame = 0
 583              		@ frame_needed = 0, uses_anonymous_args = 0
 462:Drivers/STM32F0xx_HAL_Driver/Src/stm32f0xx_hal_uart_ex.c ****   /* Process Locked */
 584              		.loc 1 462 1 is_stmt 0 view .LVU137
 585 0000 10B5     		push	{r4, lr}
 586              		.cfi_def_cfa_offset 8
 587              		.cfi_offset 4, -8
 588              		.cfi_offset 14, -4
 464:Drivers/STM32F0xx_HAL_Driver/Src/stm32f0xx_hal_uart_ex.c **** 
 589              		.loc 1 464 3 is_stmt 1 view .LVU138
 464:Drivers/STM32F0xx_HAL_Driver/Src/stm32f0xx_hal_uart_ex.c **** 
 590              		.loc 1 464 3 view .LVU139
ARM GAS  C:\Users\ADMINI~1\AppData\Local\Temp\cchQt67W.s 			page 35


 591 0002 7823     		movs	r3, #120
 592 0004 C35C     		ldrb	r3, [r0, r3]
 593 0006 012B     		cmp	r3, #1
 594 0008 11D0     		beq	.L29
 464:Drivers/STM32F0xx_HAL_Driver/Src/stm32f0xx_hal_uart_ex.c **** 
 595              		.loc 1 464 3 discriminator 2 view .LVU140
 596 000a 7822     		movs	r2, #120
 597 000c 0123     		movs	r3, #1
 598 000e 8354     		strb	r3, [r0, r2]
 464:Drivers/STM32F0xx_HAL_Driver/Src/stm32f0xx_hal_uart_ex.c **** 
 599              		.loc 1 464 3 view .LVU141
 467:Drivers/STM32F0xx_HAL_Driver/Src/stm32f0xx_hal_uart_ex.c **** 
 600              		.loc 1 467 3 view .LVU142
 601              	.LBB37:
 467:Drivers/STM32F0xx_HAL_Driver/Src/stm32f0xx_hal_uart_ex.c **** 
 602              		.loc 1 467 3 view .LVU143
 467:Drivers/STM32F0xx_HAL_Driver/Src/stm32f0xx_hal_uart_ex.c **** 
 603              		.loc 1 467 3 view .LVU144
 604              	.LBB38:
 605              	.LBI38:
 382:Drivers/CMSIS/Include/cmsis_gcc.h **** {
 606              		.loc 2 382 31 view .LVU145
 607              	.LBB39:
 384:Drivers/CMSIS/Include/cmsis_gcc.h **** 
 608              		.loc 2 384 3 view .LVU146
 386:Drivers/CMSIS/Include/cmsis_gcc.h ****   return(result);
 609              		.loc 2 386 3 view .LVU147
 610              		.syntax divided
 611              	@ 386 "Drivers/CMSIS/Include/cmsis_gcc.h" 1
 612 0010 EFF3108C 		MRS ip, primask
 613              	@ 0 "" 2
 614              	.LVL48:
 387:Drivers/CMSIS/Include/cmsis_gcc.h **** }
 615              		.loc 2 387 3 view .LVU148
 387:Drivers/CMSIS/Include/cmsis_gcc.h **** }
 616              		.loc 2 387 3 is_stmt 0 view .LVU149
 617              		.thumb
 618              		.syntax unified
 619              	.LBE39:
 620              	.LBE38:
 467:Drivers/STM32F0xx_HAL_Driver/Src/stm32f0xx_hal_uart_ex.c **** 
 621              		.loc 1 467 3 is_stmt 1 discriminator 1 view .LVU150
 622              	.LBB40:
 623              	.LBI40:
 412:Drivers/CMSIS/Include/cmsis_gcc.h **** {
 624              		.loc 2 412 27 view .LVU151
 625              	.LBB41:
 626              		.loc 2 414 3 view .LVU152
 627              		.syntax divided
 628              	@ 414 "Drivers/CMSIS/Include/cmsis_gcc.h" 1
 629 0014 83F31088 		MSR primask, r3
 630              	@ 0 "" 2
 631              	.LVL49:
 632              		.loc 2 414 3 is_stmt 0 view .LVU153
 633              		.thumb
 634              		.syntax unified
 635              	.LBE41:
ARM GAS  C:\Users\ADMINI~1\AppData\Local\Temp\cchQt67W.s 			page 36


 636              	.LBE40:
 467:Drivers/STM32F0xx_HAL_Driver/Src/stm32f0xx_hal_uart_ex.c **** 
 637              		.loc 1 467 3 is_stmt 1 discriminator 2 view .LVU154
 638 0018 0168     		ldr	r1, [r0]
 639 001a 0B68     		ldr	r3, [r1]
 640 001c 0224     		movs	r4, #2
 641 001e A343     		bics	r3, r4
 642 0020 0B60     		str	r3, [r1]
 467:Drivers/STM32F0xx_HAL_Driver/Src/stm32f0xx_hal_uart_ex.c **** 
 643              		.loc 1 467 3 discriminator 2 view .LVU155
 644              	.LVL50:
 645              	.LBB42:
 646              	.LBI42:
 412:Drivers/CMSIS/Include/cmsis_gcc.h **** {
 647              		.loc 2 412 27 view .LVU156
 648              	.LBB43:
 649              		.loc 2 414 3 view .LVU157
 650              		.syntax divided
 651              	@ 414 "Drivers/CMSIS/Include/cmsis_gcc.h" 1
 652 0022 8CF31088 		MSR primask, ip
 653              	@ 0 "" 2
 654              	.LVL51:
 655              		.loc 2 414 3 is_stmt 0 view .LVU158
 656              		.thumb
 657              		.syntax unified
 658              	.LBE43:
 659              	.LBE42:
 660              	.LBE37:
 467:Drivers/STM32F0xx_HAL_Driver/Src/stm32f0xx_hal_uart_ex.c **** 
 661              		.loc 1 467 3 is_stmt 1 discriminator 3 view .LVU159
 470:Drivers/STM32F0xx_HAL_Driver/Src/stm32f0xx_hal_uart_ex.c **** 
 662              		.loc 1 470 3 view .LVU160
 470:Drivers/STM32F0xx_HAL_Driver/Src/stm32f0xx_hal_uart_ex.c **** 
 663              		.loc 1 470 3 view .LVU161
 664 0026 0023     		movs	r3, #0
 665 0028 8354     		strb	r3, [r0, r2]
 470:Drivers/STM32F0xx_HAL_Driver/Src/stm32f0xx_hal_uart_ex.c **** 
 666              		.loc 1 470 3 view .LVU162
 472:Drivers/STM32F0xx_HAL_Driver/Src/stm32f0xx_hal_uart_ex.c **** }
 667              		.loc 1 472 3 view .LVU163
 472:Drivers/STM32F0xx_HAL_Driver/Src/stm32f0xx_hal_uart_ex.c **** }
 668              		.loc 1 472 10 is_stmt 0 view .LVU164
 669 002a 0020     		movs	r0, #0
 670              	.LVL52:
 671              	.L28:
 473:Drivers/STM32F0xx_HAL_Driver/Src/stm32f0xx_hal_uart_ex.c **** 
 672              		.loc 1 473 1 view .LVU165
 673              		@ sp needed
 674 002c 10BD     		pop	{r4, pc}
 675              	.LVL53:
 676              	.L29:
 464:Drivers/STM32F0xx_HAL_Driver/Src/stm32f0xx_hal_uart_ex.c **** 
 677              		.loc 1 464 3 discriminator 1 view .LVU166
 678 002e 0220     		movs	r0, #2
 679              	.LVL54:
 464:Drivers/STM32F0xx_HAL_Driver/Src/stm32f0xx_hal_uart_ex.c **** 
 680              		.loc 1 464 3 discriminator 1 view .LVU167
ARM GAS  C:\Users\ADMINI~1\AppData\Local\Temp\cchQt67W.s 			page 37


 681 0030 FCE7     		b	.L28
 682              		.cfi_endproc
 683              	.LFE45:
 685              		.section	.text.HAL_UARTEx_ReceiveToIdle,"ax",%progbits
 686              		.align	1
 687              		.global	HAL_UARTEx_ReceiveToIdle
 688              		.syntax unified
 689              		.code	16
 690              		.thumb_func
 692              	HAL_UARTEx_ReceiveToIdle:
 693              	.LVL55:
 694              	.LFB46:
 500:Drivers/STM32F0xx_HAL_Driver/Src/stm32f0xx_hal_uart_ex.c ****   uint8_t  *pdata8bits;
 695              		.loc 1 500 1 is_stmt 1 view -0
 696              		.cfi_startproc
 697              		@ args = 4, pretend = 0, frame = 8
 698              		@ frame_needed = 0, uses_anonymous_args = 0
 500:Drivers/STM32F0xx_HAL_Driver/Src/stm32f0xx_hal_uart_ex.c ****   uint8_t  *pdata8bits;
 699              		.loc 1 500 1 is_stmt 0 view .LVU169
 700 0000 F0B5     		push	{r4, r5, r6, r7, lr}
 701              		.cfi_def_cfa_offset 20
 702              		.cfi_offset 4, -20
 703              		.cfi_offset 5, -16
 704              		.cfi_offset 6, -12
 705              		.cfi_offset 7, -8
 706              		.cfi_offset 14, -4
 707 0002 D646     		mov	lr, r10
 708 0004 4F46     		mov	r7, r9
 709 0006 4646     		mov	r6, r8
 710 0008 C0B5     		push	{r6, r7, lr}
 711              		.cfi_def_cfa_offset 32
 712              		.cfi_offset 8, -32
 713              		.cfi_offset 9, -28
 714              		.cfi_offset 10, -24
 715 000a 82B0     		sub	sp, sp, #8
 716              		.cfi_def_cfa_offset 40
 717 000c 0400     		movs	r4, r0
 718 000e 0D00     		movs	r5, r1
 719 0010 9046     		mov	r8, r2
 720 0012 1F00     		movs	r7, r3
 721 0014 0A9E     		ldr	r6, [sp, #40]
 501:Drivers/STM32F0xx_HAL_Driver/Src/stm32f0xx_hal_uart_ex.c ****   uint16_t *pdata16bits;
 722              		.loc 1 501 3 is_stmt 1 view .LVU170
 502:Drivers/STM32F0xx_HAL_Driver/Src/stm32f0xx_hal_uart_ex.c ****   uint16_t uhMask;
 723              		.loc 1 502 3 view .LVU171
 503:Drivers/STM32F0xx_HAL_Driver/Src/stm32f0xx_hal_uart_ex.c ****   uint32_t tickstart;
 724              		.loc 1 503 3 view .LVU172
 504:Drivers/STM32F0xx_HAL_Driver/Src/stm32f0xx_hal_uart_ex.c **** 
 725              		.loc 1 504 3 view .LVU173
 507:Drivers/STM32F0xx_HAL_Driver/Src/stm32f0xx_hal_uart_ex.c ****   {
 726              		.loc 1 507 3 view .LVU174
 507:Drivers/STM32F0xx_HAL_Driver/Src/stm32f0xx_hal_uart_ex.c ****   {
 727              		.loc 1 507 12 is_stmt 0 view .LVU175
 728 0016 8023     		movs	r3, #128
 729              	.LVL56:
 507:Drivers/STM32F0xx_HAL_Driver/Src/stm32f0xx_hal_uart_ex.c ****   {
 730              		.loc 1 507 12 view .LVU176
ARM GAS  C:\Users\ADMINI~1\AppData\Local\Temp\cchQt67W.s 			page 38


 731 0018 C358     		ldr	r3, [r0, r3]
 507:Drivers/STM32F0xx_HAL_Driver/Src/stm32f0xx_hal_uart_ex.c ****   {
 732              		.loc 1 507 6 view .LVU177
 733 001a 202B     		cmp	r3, #32
 734 001c 00D0     		beq	.LCB630
 735 001e A1E0     		b	.L47	@long jump
 736              	.LCB630:
 509:Drivers/STM32F0xx_HAL_Driver/Src/stm32f0xx_hal_uart_ex.c ****     {
 737              		.loc 1 509 5 is_stmt 1 view .LVU178
 509:Drivers/STM32F0xx_HAL_Driver/Src/stm32f0xx_hal_uart_ex.c ****     {
 738              		.loc 1 509 8 is_stmt 0 view .LVU179
 739 0020 0029     		cmp	r1, #0
 740 0022 00D1     		bne	.LCB633
 741 0024 A5E0     		b	.L48	@long jump
 742              	.LCB633:
 509:Drivers/STM32F0xx_HAL_Driver/Src/stm32f0xx_hal_uart_ex.c ****     {
 743              		.loc 1 509 25 discriminator 1 view .LVU180
 744 0026 002A     		cmp	r2, #0
 745 0028 00D1     		bne	.LCB635
 746 002a A4E0     		b	.L49	@long jump
 747              	.LCB635:
 517:Drivers/STM32F0xx_HAL_Driver/Src/stm32f0xx_hal_uart_ex.c ****     {
 748              		.loc 1 517 5 is_stmt 1 view .LVU181
 517:Drivers/STM32F0xx_HAL_Driver/Src/stm32f0xx_hal_uart_ex.c ****     {
 749              		.loc 1 517 21 is_stmt 0 view .LVU182
 750 002c 8268     		ldr	r2, [r0, #8]
 751              	.LVL57:
 517:Drivers/STM32F0xx_HAL_Driver/Src/stm32f0xx_hal_uart_ex.c ****     {
 752              		.loc 1 517 8 view .LVU183
 753 002e 8023     		movs	r3, #128
 754 0030 5B01     		lsls	r3, r3, #5
 755 0032 9A42     		cmp	r2, r3
 756 0034 05D1     		bne	.L32
 517:Drivers/STM32F0xx_HAL_Driver/Src/stm32f0xx_hal_uart_ex.c ****     {
 757              		.loc 1 517 71 discriminator 1 view .LVU184
 758 0036 0369     		ldr	r3, [r0, #16]
 517:Drivers/STM32F0xx_HAL_Driver/Src/stm32f0xx_hal_uart_ex.c ****     {
 759              		.loc 1 517 56 discriminator 1 view .LVU185
 760 0038 002B     		cmp	r3, #0
 761 003a 02D1     		bne	.L32
 519:Drivers/STM32F0xx_HAL_Driver/Src/stm32f0xx_hal_uart_ex.c ****       {
 762              		.loc 1 519 7 is_stmt 1 view .LVU186
 519:Drivers/STM32F0xx_HAL_Driver/Src/stm32f0xx_hal_uart_ex.c ****       {
 763              		.loc 1 519 10 is_stmt 0 view .LVU187
 764 003c CB07     		lsls	r3, r1, #31
 765 003e 00D5     		bpl	.LCB650
 766 0040 9BE0     		b	.L50	@long jump
 767              	.LCB650:
 768              	.L32:
 525:Drivers/STM32F0xx_HAL_Driver/Src/stm32f0xx_hal_uart_ex.c ****     huart->RxState = HAL_UART_STATE_BUSY_RX;
 769              		.loc 1 525 5 is_stmt 1 view .LVU188
 525:Drivers/STM32F0xx_HAL_Driver/Src/stm32f0xx_hal_uart_ex.c ****     huart->RxState = HAL_UART_STATE_BUSY_RX;
 770              		.loc 1 525 22 is_stmt 0 view .LVU189
 771 0042 0023     		movs	r3, #0
 772 0044 8422     		movs	r2, #132
 773 0046 A350     		str	r3, [r4, r2]
 526:Drivers/STM32F0xx_HAL_Driver/Src/stm32f0xx_hal_uart_ex.c ****     huart->ReceptionType = HAL_UART_RECEPTION_TOIDLE;
ARM GAS  C:\Users\ADMINI~1\AppData\Local\Temp\cchQt67W.s 			page 39


 774              		.loc 1 526 5 is_stmt 1 view .LVU190
 526:Drivers/STM32F0xx_HAL_Driver/Src/stm32f0xx_hal_uart_ex.c ****     huart->ReceptionType = HAL_UART_RECEPTION_TOIDLE;
 775              		.loc 1 526 20 is_stmt 0 view .LVU191
 776 0048 043A     		subs	r2, r2, #4
 777 004a 2221     		movs	r1, #34
 778              	.LVL58:
 526:Drivers/STM32F0xx_HAL_Driver/Src/stm32f0xx_hal_uart_ex.c ****     huart->ReceptionType = HAL_UART_RECEPTION_TOIDLE;
 779              		.loc 1 526 20 view .LVU192
 780 004c A150     		str	r1, [r4, r2]
 527:Drivers/STM32F0xx_HAL_Driver/Src/stm32f0xx_hal_uart_ex.c ****     huart->RxEventType = HAL_UART_RXEVENT_TC;
 781              		.loc 1 527 5 is_stmt 1 view .LVU193
 527:Drivers/STM32F0xx_HAL_Driver/Src/stm32f0xx_hal_uart_ex.c ****     huart->RxEventType = HAL_UART_RXEVENT_TC;
 782              		.loc 1 527 26 is_stmt 0 view .LVU194
 783 004e 7F3A     		subs	r2, r2, #127
 784 0050 2266     		str	r2, [r4, #96]
 528:Drivers/STM32F0xx_HAL_Driver/Src/stm32f0xx_hal_uart_ex.c **** 
 785              		.loc 1 528 5 is_stmt 1 view .LVU195
 528:Drivers/STM32F0xx_HAL_Driver/Src/stm32f0xx_hal_uart_ex.c **** 
 786              		.loc 1 528 24 is_stmt 0 view .LVU196
 787 0052 6366     		str	r3, [r4, #100]
 531:Drivers/STM32F0xx_HAL_Driver/Src/stm32f0xx_hal_uart_ex.c **** 
 788              		.loc 1 531 5 is_stmt 1 view .LVU197
 531:Drivers/STM32F0xx_HAL_Driver/Src/stm32f0xx_hal_uart_ex.c **** 
 789              		.loc 1 531 17 is_stmt 0 view .LVU198
 790 0054 FFF7FEFF 		bl	HAL_GetTick
 791              	.LVL59:
 531:Drivers/STM32F0xx_HAL_Driver/Src/stm32f0xx_hal_uart_ex.c **** 
 792              		.loc 1 531 17 view .LVU199
 793 0058 8146     		mov	r9, r0
 794              	.LVL60:
 533:Drivers/STM32F0xx_HAL_Driver/Src/stm32f0xx_hal_uart_ex.c ****     huart->RxXferCount = Size;
 795              		.loc 1 533 5 is_stmt 1 view .LVU200
 533:Drivers/STM32F0xx_HAL_Driver/Src/stm32f0xx_hal_uart_ex.c ****     huart->RxXferCount = Size;
 796              		.loc 1 533 24 is_stmt 0 view .LVU201
 797 005a 5823     		movs	r3, #88
 798 005c 4246     		mov	r2, r8
 799 005e E252     		strh	r2, [r4, r3]
 534:Drivers/STM32F0xx_HAL_Driver/Src/stm32f0xx_hal_uart_ex.c **** 
 800              		.loc 1 534 5 is_stmt 1 view .LVU202
 534:Drivers/STM32F0xx_HAL_Driver/Src/stm32f0xx_hal_uart_ex.c **** 
 801              		.loc 1 534 24 is_stmt 0 view .LVU203
 802 0060 0233     		adds	r3, r3, #2
 803 0062 E252     		strh	r2, [r4, r3]
 537:Drivers/STM32F0xx_HAL_Driver/Src/stm32f0xx_hal_uart_ex.c ****     uhMask = huart->Mask;
 804              		.loc 1 537 5 is_stmt 1 view .LVU204
 537:Drivers/STM32F0xx_HAL_Driver/Src/stm32f0xx_hal_uart_ex.c ****     uhMask = huart->Mask;
 805              		.loc 1 537 5 view .LVU205
 806 0064 A368     		ldr	r3, [r4, #8]
 807 0066 8022     		movs	r2, #128
 808 0068 5201     		lsls	r2, r2, #5
 809 006a 9342     		cmp	r3, r2
 810 006c 08D0     		beq	.L56
 537:Drivers/STM32F0xx_HAL_Driver/Src/stm32f0xx_hal_uart_ex.c ****     uhMask = huart->Mask;
 811              		.loc 1 537 5 discriminator 2 view .LVU206
 812 006e 002B     		cmp	r3, #0
 813 0070 15D1     		bne	.L36
 537:Drivers/STM32F0xx_HAL_Driver/Src/stm32f0xx_hal_uart_ex.c ****     uhMask = huart->Mask;
ARM GAS  C:\Users\ADMINI~1\AppData\Local\Temp\cchQt67W.s 			page 40


 814              		.loc 1 537 5 discriminator 5 view .LVU207
 815 0072 2269     		ldr	r2, [r4, #16]
 816 0074 002A     		cmp	r2, #0
 817 0076 0ED1     		bne	.L37
 537:Drivers/STM32F0xx_HAL_Driver/Src/stm32f0xx_hal_uart_ex.c ****     uhMask = huart->Mask;
 818              		.loc 1 537 5 discriminator 7 view .LVU208
 819 0078 5C32     		adds	r2, r2, #92
 820 007a FF21     		movs	r1, #255
 821 007c A152     		strh	r1, [r4, r2]
 822 007e 11E0     		b	.L35
 823              	.L56:
 537:Drivers/STM32F0xx_HAL_Driver/Src/stm32f0xx_hal_uart_ex.c ****     uhMask = huart->Mask;
 824              		.loc 1 537 5 discriminator 1 view .LVU209
 825 0080 2269     		ldr	r2, [r4, #16]
 826 0082 002A     		cmp	r2, #0
 827 0084 03D1     		bne	.L34
 537:Drivers/STM32F0xx_HAL_Driver/Src/stm32f0xx_hal_uart_ex.c ****     uhMask = huart->Mask;
 828              		.loc 1 537 5 discriminator 3 view .LVU210
 829 0086 5C32     		adds	r2, r2, #92
 830 0088 3D49     		ldr	r1, .L62
 831 008a A152     		strh	r1, [r4, r2]
 832 008c 0AE0     		b	.L35
 833              	.L34:
 537:Drivers/STM32F0xx_HAL_Driver/Src/stm32f0xx_hal_uart_ex.c ****     uhMask = huart->Mask;
 834              		.loc 1 537 5 discriminator 4 view .LVU211
 835 008e 5C22     		movs	r2, #92
 836 0090 FF21     		movs	r1, #255
 837 0092 A152     		strh	r1, [r4, r2]
 838 0094 06E0     		b	.L35
 839              	.L37:
 537:Drivers/STM32F0xx_HAL_Driver/Src/stm32f0xx_hal_uart_ex.c ****     uhMask = huart->Mask;
 840              		.loc 1 537 5 discriminator 8 view .LVU212
 841 0096 5C22     		movs	r2, #92
 842 0098 7F21     		movs	r1, #127
 843 009a A152     		strh	r1, [r4, r2]
 844 009c 02E0     		b	.L35
 845              	.L36:
 537:Drivers/STM32F0xx_HAL_Driver/Src/stm32f0xx_hal_uart_ex.c ****     uhMask = huart->Mask;
 846              		.loc 1 537 5 discriminator 6 view .LVU213
 847 009e 5C22     		movs	r2, #92
 848 00a0 0021     		movs	r1, #0
 849 00a2 A152     		strh	r1, [r4, r2]
 850              	.L35:
 537:Drivers/STM32F0xx_HAL_Driver/Src/stm32f0xx_hal_uart_ex.c ****     uhMask = huart->Mask;
 851              		.loc 1 537 5 discriminator 9 view .LVU214
 538:Drivers/STM32F0xx_HAL_Driver/Src/stm32f0xx_hal_uart_ex.c **** 
 852              		.loc 1 538 5 view .LVU215
 538:Drivers/STM32F0xx_HAL_Driver/Src/stm32f0xx_hal_uart_ex.c **** 
 853              		.loc 1 538 12 is_stmt 0 view .LVU216
 854 00a4 5C22     		movs	r2, #92
 855 00a6 A25A     		ldrh	r2, [r4, r2]
 856 00a8 0192     		str	r2, [sp, #4]
 857              	.LVL61:
 541:Drivers/STM32F0xx_HAL_Driver/Src/stm32f0xx_hal_uart_ex.c ****     {
 858              		.loc 1 541 5 is_stmt 1 view .LVU217
 541:Drivers/STM32F0xx_HAL_Driver/Src/stm32f0xx_hal_uart_ex.c ****     {
 859              		.loc 1 541 8 is_stmt 0 view .LVU218
ARM GAS  C:\Users\ADMINI~1\AppData\Local\Temp\cchQt67W.s 			page 41


 860 00aa 8022     		movs	r2, #128
 861 00ac 5201     		lsls	r2, r2, #5
 862 00ae 9342     		cmp	r3, r2
 863 00b0 04D0     		beq	.L57
 549:Drivers/STM32F0xx_HAL_Driver/Src/stm32f0xx_hal_uart_ex.c ****     }
 864              		.loc 1 549 19 view .LVU219
 865 00b2 0023     		movs	r3, #0
 866 00b4 9A46     		mov	r10, r3
 867              	.LVL62:
 868              	.L38:
 553:Drivers/STM32F0xx_HAL_Driver/Src/stm32f0xx_hal_uart_ex.c **** 
 869              		.loc 1 553 5 is_stmt 1 view .LVU220
 553:Drivers/STM32F0xx_HAL_Driver/Src/stm32f0xx_hal_uart_ex.c **** 
 870              		.loc 1 553 12 is_stmt 0 view .LVU221
 871 00b6 0023     		movs	r3, #0
 872 00b8 3B80     		strh	r3, [r7]
 556:Drivers/STM32F0xx_HAL_Driver/Src/stm32f0xx_hal_uart_ex.c ****     {
 873              		.loc 1 556 5 is_stmt 1 view .LVU222
 556:Drivers/STM32F0xx_HAL_Driver/Src/stm32f0xx_hal_uart_ex.c ****     {
 874              		.loc 1 556 11 is_stmt 0 view .LVU223
 875 00ba 21E0     		b	.L39
 876              	.LVL63:
 877              	.L57:
 541:Drivers/STM32F0xx_HAL_Driver/Src/stm32f0xx_hal_uart_ex.c ****     {
 878              		.loc 1 541 71 discriminator 1 view .LVU224
 879 00bc 2369     		ldr	r3, [r4, #16]
 541:Drivers/STM32F0xx_HAL_Driver/Src/stm32f0xx_hal_uart_ex.c ****     {
 880              		.loc 1 541 56 discriminator 1 view .LVU225
 881 00be 002B     		cmp	r3, #0
 882 00c0 02D0     		beq	.L52
 549:Drivers/STM32F0xx_HAL_Driver/Src/stm32f0xx_hal_uart_ex.c ****     }
 883              		.loc 1 549 19 view .LVU226
 884 00c2 0023     		movs	r3, #0
 885 00c4 9A46     		mov	r10, r3
 886 00c6 F6E7     		b	.L38
 887              	.L52:
 544:Drivers/STM32F0xx_HAL_Driver/Src/stm32f0xx_hal_uart_ex.c ****     }
 888              		.loc 1 544 19 view .LVU227
 889 00c8 AA46     		mov	r10, r5
 543:Drivers/STM32F0xx_HAL_Driver/Src/stm32f0xx_hal_uart_ex.c ****       pdata16bits = (uint16_t *) pData;
 890              		.loc 1 543 19 view .LVU228
 891 00ca 0025     		movs	r5, #0
 892              	.LVL64:
 543:Drivers/STM32F0xx_HAL_Driver/Src/stm32f0xx_hal_uart_ex.c ****       pdata16bits = (uint16_t *) pData;
 893              		.loc 1 543 19 view .LVU229
 894 00cc F3E7     		b	.L38
 895              	.LVL65:
 896              	.L60:
 568:Drivers/STM32F0xx_HAL_Driver/Src/stm32f0xx_hal_uart_ex.c ****           huart->RxState = HAL_UART_STATE_READY;
 897              		.loc 1 568 11 is_stmt 1 view .LVU230
 568:Drivers/STM32F0xx_HAL_Driver/Src/stm32f0xx_hal_uart_ex.c ****           huart->RxState = HAL_UART_STATE_READY;
 898              		.loc 1 568 30 is_stmt 0 view .LVU231
 899 00ce 0223     		movs	r3, #2
 900 00d0 6366     		str	r3, [r4, #100]
 569:Drivers/STM32F0xx_HAL_Driver/Src/stm32f0xx_hal_uart_ex.c **** 
 901              		.loc 1 569 11 is_stmt 1 view .LVU232
 569:Drivers/STM32F0xx_HAL_Driver/Src/stm32f0xx_hal_uart_ex.c **** 
ARM GAS  C:\Users\ADMINI~1\AppData\Local\Temp\cchQt67W.s 			page 42


 902              		.loc 1 569 26 is_stmt 0 view .LVU233
 903 00d2 7E33     		adds	r3, r3, #126
 904 00d4 1032     		adds	r2, r2, #16
 905 00d6 E250     		str	r2, [r4, r3]
 571:Drivers/STM32F0xx_HAL_Driver/Src/stm32f0xx_hal_uart_ex.c ****         }
 906              		.loc 1 571 11 is_stmt 1 view .LVU234
 571:Drivers/STM32F0xx_HAL_Driver/Src/stm32f0xx_hal_uart_ex.c ****         }
 907              		.loc 1 571 18 is_stmt 0 view .LVU235
 908 00d8 0020     		movs	r0, #0
 909 00da 44E0     		b	.L31
 910              	.L61:
 580:Drivers/STM32F0xx_HAL_Driver/Src/stm32f0xx_hal_uart_ex.c ****           pdata16bits++;
 911              		.loc 1 580 11 is_stmt 1 view .LVU236
 580:Drivers/STM32F0xx_HAL_Driver/Src/stm32f0xx_hal_uart_ex.c ****           pdata16bits++;
 912              		.loc 1 580 52 is_stmt 0 view .LVU237
 913 00dc 938C     		ldrh	r3, [r2, #36]
 580:Drivers/STM32F0xx_HAL_Driver/Src/stm32f0xx_hal_uart_ex.c ****           pdata16bits++;
 914              		.loc 1 580 26 view .LVU238
 915 00de 019A     		ldr	r2, [sp, #4]
 916 00e0 1340     		ands	r3, r2
 580:Drivers/STM32F0xx_HAL_Driver/Src/stm32f0xx_hal_uart_ex.c ****           pdata16bits++;
 917              		.loc 1 580 24 view .LVU239
 918 00e2 5246     		mov	r2, r10
 919 00e4 1380     		strh	r3, [r2]
 581:Drivers/STM32F0xx_HAL_Driver/Src/stm32f0xx_hal_uart_ex.c ****         }
 920              		.loc 1 581 11 is_stmt 1 view .LVU240
 581:Drivers/STM32F0xx_HAL_Driver/Src/stm32f0xx_hal_uart_ex.c ****         }
 921              		.loc 1 581 22 is_stmt 0 view .LVU241
 922 00e6 0223     		movs	r3, #2
 923 00e8 9C46     		mov	ip, r3
 924 00ea E244     		add	r10, r10, ip
 925              	.LVL66:
 926              	.L43:
 589:Drivers/STM32F0xx_HAL_Driver/Src/stm32f0xx_hal_uart_ex.c ****         huart->RxXferCount--;
 927              		.loc 1 589 9 is_stmt 1 view .LVU242
 928 00ec 3B88     		ldrh	r3, [r7]
 589:Drivers/STM32F0xx_HAL_Driver/Src/stm32f0xx_hal_uart_ex.c ****         huart->RxXferCount--;
 929              		.loc 1 589 16 is_stmt 0 view .LVU243
 930 00ee 0133     		adds	r3, r3, #1
 931 00f0 3B80     		strh	r3, [r7]
 590:Drivers/STM32F0xx_HAL_Driver/Src/stm32f0xx_hal_uart_ex.c ****       }
 932              		.loc 1 590 9 is_stmt 1 view .LVU244
 590:Drivers/STM32F0xx_HAL_Driver/Src/stm32f0xx_hal_uart_ex.c ****       }
 933              		.loc 1 590 14 is_stmt 0 view .LVU245
 934 00f2 5A22     		movs	r2, #90
 935 00f4 A35A     		ldrh	r3, [r4, r2]
 590:Drivers/STM32F0xx_HAL_Driver/Src/stm32f0xx_hal_uart_ex.c ****       }
 936              		.loc 1 590 27 view .LVU246
 937 00f6 013B     		subs	r3, r3, #1
 938 00f8 9BB2     		uxth	r3, r3
 939 00fa A352     		strh	r3, [r4, r2]
 940              	.L41:
 594:Drivers/STM32F0xx_HAL_Driver/Src/stm32f0xx_hal_uart_ex.c ****       {
 941              		.loc 1 594 7 is_stmt 1 view .LVU247
 594:Drivers/STM32F0xx_HAL_Driver/Src/stm32f0xx_hal_uart_ex.c ****       {
 942              		.loc 1 594 10 is_stmt 0 view .LVU248
 943 00fc 731C     		adds	r3, r6, #1
ARM GAS  C:\Users\ADMINI~1\AppData\Local\Temp\cchQt67W.s 			page 43


 944 00fe 19D1     		bne	.L58
 945              	.L39:
 556:Drivers/STM32F0xx_HAL_Driver/Src/stm32f0xx_hal_uart_ex.c ****     {
 946              		.loc 1 556 31 is_stmt 1 view .LVU249
 556:Drivers/STM32F0xx_HAL_Driver/Src/stm32f0xx_hal_uart_ex.c ****     {
 947              		.loc 1 556 17 is_stmt 0 view .LVU250
 948 0100 5A23     		movs	r3, #90
 949 0102 E35A     		ldrh	r3, [r4, r3]
 556:Drivers/STM32F0xx_HAL_Driver/Src/stm32f0xx_hal_uart_ex.c ****     {
 950              		.loc 1 556 31 view .LVU251
 951 0104 002B     		cmp	r3, #0
 952 0106 22D0     		beq	.L59
 559:Drivers/STM32F0xx_HAL_Driver/Src/stm32f0xx_hal_uart_ex.c ****       {
 953              		.loc 1 559 7 is_stmt 1 view .LVU252
 559:Drivers/STM32F0xx_HAL_Driver/Src/stm32f0xx_hal_uart_ex.c ****       {
 954              		.loc 1 559 11 is_stmt 0 view .LVU253
 955 0108 2368     		ldr	r3, [r4]
 956 010a DA69     		ldr	r2, [r3, #28]
 559:Drivers/STM32F0xx_HAL_Driver/Src/stm32f0xx_hal_uart_ex.c ****       {
 957              		.loc 1 559 10 view .LVU254
 958 010c D206     		lsls	r2, r2, #27
 959 010e 04D5     		bpl	.L40
 562:Drivers/STM32F0xx_HAL_Driver/Src/stm32f0xx_hal_uart_ex.c **** 
 960              		.loc 1 562 9 is_stmt 1 view .LVU255
 961 0110 1022     		movs	r2, #16
 962 0112 1A62     		str	r2, [r3, #32]
 566:Drivers/STM32F0xx_HAL_Driver/Src/stm32f0xx_hal_uart_ex.c ****         {
 963              		.loc 1 566 9 view .LVU256
 566:Drivers/STM32F0xx_HAL_Driver/Src/stm32f0xx_hal_uart_ex.c ****         {
 964              		.loc 1 566 13 is_stmt 0 view .LVU257
 965 0114 3B88     		ldrh	r3, [r7]
 566:Drivers/STM32F0xx_HAL_Driver/Src/stm32f0xx_hal_uart_ex.c ****         {
 966              		.loc 1 566 12 view .LVU258
 967 0116 002B     		cmp	r3, #0
 968 0118 D9D1     		bne	.L60
 969              	.L40:
 576:Drivers/STM32F0xx_HAL_Driver/Src/stm32f0xx_hal_uart_ex.c ****       {
 970              		.loc 1 576 7 is_stmt 1 view .LVU259
 576:Drivers/STM32F0xx_HAL_Driver/Src/stm32f0xx_hal_uart_ex.c ****       {
 971              		.loc 1 576 11 is_stmt 0 view .LVU260
 972 011a 2268     		ldr	r2, [r4]
 973 011c D369     		ldr	r3, [r2, #28]
 576:Drivers/STM32F0xx_HAL_Driver/Src/stm32f0xx_hal_uart_ex.c ****       {
 974              		.loc 1 576 10 view .LVU261
 975 011e 9B06     		lsls	r3, r3, #26
 976 0120 ECD5     		bpl	.L41
 578:Drivers/STM32F0xx_HAL_Driver/Src/stm32f0xx_hal_uart_ex.c ****         {
 977              		.loc 1 578 9 is_stmt 1 view .LVU262
 578:Drivers/STM32F0xx_HAL_Driver/Src/stm32f0xx_hal_uart_ex.c ****         {
 978              		.loc 1 578 12 is_stmt 0 view .LVU263
 979 0122 002D     		cmp	r5, #0
 980 0124 DAD0     		beq	.L61
 585:Drivers/STM32F0xx_HAL_Driver/Src/stm32f0xx_hal_uart_ex.c ****           pdata8bits++;
 981              		.loc 1 585 11 is_stmt 1 view .LVU264
 585:Drivers/STM32F0xx_HAL_Driver/Src/stm32f0xx_hal_uart_ex.c ****           pdata8bits++;
 982              		.loc 1 585 50 is_stmt 0 view .LVU265
 983 0126 938C     		ldrh	r3, [r2, #36]
ARM GAS  C:\Users\ADMINI~1\AppData\Local\Temp\cchQt67W.s 			page 44


 585:Drivers/STM32F0xx_HAL_Driver/Src/stm32f0xx_hal_uart_ex.c ****           pdata8bits++;
 984              		.loc 1 585 58 view .LVU266
 985 0128 6A46     		mov	r2, sp
 986 012a 1279     		ldrb	r2, [r2, #4]
 585:Drivers/STM32F0xx_HAL_Driver/Src/stm32f0xx_hal_uart_ex.c ****           pdata8bits++;
 987              		.loc 1 585 25 view .LVU267
 988 012c 1340     		ands	r3, r2
 585:Drivers/STM32F0xx_HAL_Driver/Src/stm32f0xx_hal_uart_ex.c ****           pdata8bits++;
 989              		.loc 1 585 23 view .LVU268
 990 012e 2B70     		strb	r3, [r5]
 586:Drivers/STM32F0xx_HAL_Driver/Src/stm32f0xx_hal_uart_ex.c ****         }
 991              		.loc 1 586 11 is_stmt 1 view .LVU269
 586:Drivers/STM32F0xx_HAL_Driver/Src/stm32f0xx_hal_uart_ex.c ****         }
 992              		.loc 1 586 21 is_stmt 0 view .LVU270
 993 0130 0135     		adds	r5, r5, #1
 994              	.LVL67:
 586:Drivers/STM32F0xx_HAL_Driver/Src/stm32f0xx_hal_uart_ex.c ****         }
 995              		.loc 1 586 21 view .LVU271
 996 0132 DBE7     		b	.L43
 997              	.LVL68:
 998              	.L58:
 596:Drivers/STM32F0xx_HAL_Driver/Src/stm32f0xx_hal_uart_ex.c ****         {
 999              		.loc 1 596 9 is_stmt 1 view .LVU272
 596:Drivers/STM32F0xx_HAL_Driver/Src/stm32f0xx_hal_uart_ex.c ****         {
 1000              		.loc 1 596 15 is_stmt 0 view .LVU273
 1001 0134 FFF7FEFF 		bl	HAL_GetTick
 1002              	.LVL69:
 596:Drivers/STM32F0xx_HAL_Driver/Src/stm32f0xx_hal_uart_ex.c ****         {
 1003              		.loc 1 596 29 discriminator 1 view .LVU274
 1004 0138 4B46     		mov	r3, r9
 1005 013a C01A     		subs	r0, r0, r3
 596:Drivers/STM32F0xx_HAL_Driver/Src/stm32f0xx_hal_uart_ex.c ****         {
 1006              		.loc 1 596 12 discriminator 1 view .LVU275
 1007 013c B042     		cmp	r0, r6
 1008 013e 01D8     		bhi	.L45
 1009              	.LVL70:
 596:Drivers/STM32F0xx_HAL_Driver/Src/stm32f0xx_hal_uart_ex.c ****         {
 1010              		.loc 1 596 53 discriminator 1 view .LVU276
 1011 0140 002E     		cmp	r6, #0
 1012 0142 DDD1     		bne	.L39
 1013              	.L45:
 598:Drivers/STM32F0xx_HAL_Driver/Src/stm32f0xx_hal_uart_ex.c **** 
 1014              		.loc 1 598 11 is_stmt 1 view .LVU277
 598:Drivers/STM32F0xx_HAL_Driver/Src/stm32f0xx_hal_uart_ex.c **** 
 1015              		.loc 1 598 26 is_stmt 0 view .LVU278
 1016 0144 8023     		movs	r3, #128
 1017              	.LVL71:
 598:Drivers/STM32F0xx_HAL_Driver/Src/stm32f0xx_hal_uart_ex.c **** 
 1018              		.loc 1 598 26 view .LVU279
 1019 0146 2022     		movs	r2, #32
 1020 0148 E250     		str	r2, [r4, r3]
 600:Drivers/STM32F0xx_HAL_Driver/Src/stm32f0xx_hal_uart_ex.c ****         }
 1021              		.loc 1 600 11 is_stmt 1 view .LVU280
 600:Drivers/STM32F0xx_HAL_Driver/Src/stm32f0xx_hal_uart_ex.c ****         }
 1022              		.loc 1 600 18 is_stmt 0 view .LVU281
 1023 014a 0320     		movs	r0, #3
 1024 014c 0BE0     		b	.L31
ARM GAS  C:\Users\ADMINI~1\AppData\Local\Temp\cchQt67W.s 			page 45


 1025              	.L59:
 606:Drivers/STM32F0xx_HAL_Driver/Src/stm32f0xx_hal_uart_ex.c ****     /* At end of Rx process, restore huart->RxState to Ready */
 1026              		.loc 1 606 5 is_stmt 1 view .LVU282
 606:Drivers/STM32F0xx_HAL_Driver/Src/stm32f0xx_hal_uart_ex.c ****     /* At end of Rx process, restore huart->RxState to Ready */
 1027              		.loc 1 606 19 is_stmt 0 view .LVU283
 1028 014e 5833     		adds	r3, r3, #88
 1029 0150 E35A     		ldrh	r3, [r4, r3]
 606:Drivers/STM32F0xx_HAL_Driver/Src/stm32f0xx_hal_uart_ex.c ****     /* At end of Rx process, restore huart->RxState to Ready */
 1030              		.loc 1 606 39 view .LVU284
 1031 0152 5A22     		movs	r2, #90
 1032 0154 A25A     		ldrh	r2, [r4, r2]
 606:Drivers/STM32F0xx_HAL_Driver/Src/stm32f0xx_hal_uart_ex.c ****     /* At end of Rx process, restore huart->RxState to Ready */
 1033              		.loc 1 606 32 view .LVU285
 1034 0156 9B1A     		subs	r3, r3, r2
 606:Drivers/STM32F0xx_HAL_Driver/Src/stm32f0xx_hal_uart_ex.c ****     /* At end of Rx process, restore huart->RxState to Ready */
 1035              		.loc 1 606 12 view .LVU286
 1036 0158 3B80     		strh	r3, [r7]
 608:Drivers/STM32F0xx_HAL_Driver/Src/stm32f0xx_hal_uart_ex.c **** 
 1037              		.loc 1 608 5 is_stmt 1 view .LVU287
 608:Drivers/STM32F0xx_HAL_Driver/Src/stm32f0xx_hal_uart_ex.c **** 
 1038              		.loc 1 608 20 is_stmt 0 view .LVU288
 1039 015a 8023     		movs	r3, #128
 1040 015c 2022     		movs	r2, #32
 1041 015e E250     		str	r2, [r4, r3]
 610:Drivers/STM32F0xx_HAL_Driver/Src/stm32f0xx_hal_uart_ex.c ****   }
 1042              		.loc 1 610 5 is_stmt 1 view .LVU289
 610:Drivers/STM32F0xx_HAL_Driver/Src/stm32f0xx_hal_uart_ex.c ****   }
 1043              		.loc 1 610 12 is_stmt 0 view .LVU290
 1044 0160 0020     		movs	r0, #0
 1045 0162 00E0     		b	.L31
 1046              	.LVL72:
 1047              	.L47:
 614:Drivers/STM32F0xx_HAL_Driver/Src/stm32f0xx_hal_uart_ex.c ****   }
 1048              		.loc 1 614 12 view .LVU291
 1049 0164 0220     		movs	r0, #2
 1050              	.LVL73:
 1051              	.L31:
 616:Drivers/STM32F0xx_HAL_Driver/Src/stm32f0xx_hal_uart_ex.c **** 
 1052              		.loc 1 616 1 view .LVU292
 1053 0166 02B0     		add	sp, sp, #8
 1054              		@ sp needed
 1055              	.LVL74:
 1056              	.LVL75:
 1057              	.LVL76:
 616:Drivers/STM32F0xx_HAL_Driver/Src/stm32f0xx_hal_uart_ex.c **** 
 1058              		.loc 1 616 1 view .LVU293
 1059 0168 E0BC     		pop	{r5, r6, r7}
 1060 016a BA46     		mov	r10, r7
 1061 016c B146     		mov	r9, r6
 1062 016e A846     		mov	r8, r5
 1063 0170 F0BD     		pop	{r4, r5, r6, r7, pc}
 1064              	.LVL77:
 1065              	.L48:
 511:Drivers/STM32F0xx_HAL_Driver/Src/stm32f0xx_hal_uart_ex.c ****     }
 1066              		.loc 1 511 15 view .LVU294
 1067 0172 0120     		movs	r0, #1
 1068              	.LVL78:
ARM GAS  C:\Users\ADMINI~1\AppData\Local\Temp\cchQt67W.s 			page 46


 511:Drivers/STM32F0xx_HAL_Driver/Src/stm32f0xx_hal_uart_ex.c ****     }
 1069              		.loc 1 511 15 view .LVU295
 1070 0174 F7E7     		b	.L31
 1071              	.LVL79:
 1072              	.L49:
 511:Drivers/STM32F0xx_HAL_Driver/Src/stm32f0xx_hal_uart_ex.c ****     }
 1073              		.loc 1 511 15 view .LVU296
 1074 0176 0120     		movs	r0, #1
 1075              	.LVL80:
 511:Drivers/STM32F0xx_HAL_Driver/Src/stm32f0xx_hal_uart_ex.c ****     }
 1076              		.loc 1 511 15 view .LVU297
 1077 0178 F5E7     		b	.L31
 1078              	.LVL81:
 1079              	.L50:
 521:Drivers/STM32F0xx_HAL_Driver/Src/stm32f0xx_hal_uart_ex.c ****       }
 1080              		.loc 1 521 17 view .LVU298
 1081 017a 0120     		movs	r0, #1
 1082              	.LVL82:
 521:Drivers/STM32F0xx_HAL_Driver/Src/stm32f0xx_hal_uart_ex.c ****       }
 1083              		.loc 1 521 17 view .LVU299
 1084 017c F3E7     		b	.L31
 1085              	.L63:
 1086 017e C046     		.align	2
 1087              	.L62:
 1088 0180 FF010000 		.word	511
 1089              		.cfi_endproc
 1090              	.LFE46:
 1092              		.section	.text.HAL_UARTEx_ReceiveToIdle_IT,"ax",%progbits
 1093              		.align	1
 1094              		.global	HAL_UARTEx_ReceiveToIdle_IT
 1095              		.syntax unified
 1096              		.code	16
 1097              		.thumb_func
 1099              	HAL_UARTEx_ReceiveToIdle_IT:
 1100              	.LVL83:
 1101              	.LFB47:
 638:Drivers/STM32F0xx_HAL_Driver/Src/stm32f0xx_hal_uart_ex.c ****   HAL_StatusTypeDef status = HAL_OK;
 1102              		.loc 1 638 1 is_stmt 1 view -0
 1103              		.cfi_startproc
 1104              		@ args = 0, pretend = 0, frame = 0
 1105              		@ frame_needed = 0, uses_anonymous_args = 0
 638:Drivers/STM32F0xx_HAL_Driver/Src/stm32f0xx_hal_uart_ex.c ****   HAL_StatusTypeDef status = HAL_OK;
 1106              		.loc 1 638 1 is_stmt 0 view .LVU301
 1107 0000 10B5     		push	{r4, lr}
 1108              		.cfi_def_cfa_offset 8
 1109              		.cfi_offset 4, -8
 1110              		.cfi_offset 14, -4
 1111 0002 0400     		movs	r4, r0
 639:Drivers/STM32F0xx_HAL_Driver/Src/stm32f0xx_hal_uart_ex.c **** 
 1112              		.loc 1 639 3 is_stmt 1 view .LVU302
 1113              	.LVL84:
 642:Drivers/STM32F0xx_HAL_Driver/Src/stm32f0xx_hal_uart_ex.c ****   {
 1114              		.loc 1 642 3 view .LVU303
 642:Drivers/STM32F0xx_HAL_Driver/Src/stm32f0xx_hal_uart_ex.c ****   {
 1115              		.loc 1 642 12 is_stmt 0 view .LVU304
 1116 0004 8023     		movs	r3, #128
 1117 0006 C358     		ldr	r3, [r0, r3]
ARM GAS  C:\Users\ADMINI~1\AppData\Local\Temp\cchQt67W.s 			page 47


 642:Drivers/STM32F0xx_HAL_Driver/Src/stm32f0xx_hal_uart_ex.c ****   {
 1118              		.loc 1 642 6 view .LVU305
 1119 0008 202B     		cmp	r3, #32
 1120 000a 29D1     		bne	.L68
 644:Drivers/STM32F0xx_HAL_Driver/Src/stm32f0xx_hal_uart_ex.c ****     {
 1121              		.loc 1 644 5 is_stmt 1 view .LVU306
 644:Drivers/STM32F0xx_HAL_Driver/Src/stm32f0xx_hal_uart_ex.c ****     {
 1122              		.loc 1 644 8 is_stmt 0 view .LVU307
 1123 000c 0029     		cmp	r1, #0
 1124 000e 29D0     		beq	.L69
 644:Drivers/STM32F0xx_HAL_Driver/Src/stm32f0xx_hal_uart_ex.c ****     {
 1125              		.loc 1 644 25 discriminator 1 view .LVU308
 1126 0010 002A     		cmp	r2, #0
 1127 0012 29D0     		beq	.L70
 652:Drivers/STM32F0xx_HAL_Driver/Src/stm32f0xx_hal_uart_ex.c ****     {
 1128              		.loc 1 652 5 is_stmt 1 view .LVU309
 652:Drivers/STM32F0xx_HAL_Driver/Src/stm32f0xx_hal_uart_ex.c ****     {
 1129              		.loc 1 652 21 is_stmt 0 view .LVU310
 1130 0014 8068     		ldr	r0, [r0, #8]
 1131              	.LVL85:
 652:Drivers/STM32F0xx_HAL_Driver/Src/stm32f0xx_hal_uart_ex.c ****     {
 1132              		.loc 1 652 8 view .LVU311
 1133 0016 8023     		movs	r3, #128
 1134 0018 5B01     		lsls	r3, r3, #5
 1135 001a 9842     		cmp	r0, r3
 1136 001c 04D1     		bne	.L66
 652:Drivers/STM32F0xx_HAL_Driver/Src/stm32f0xx_hal_uart_ex.c ****     {
 1137              		.loc 1 652 71 discriminator 1 view .LVU312
 1138 001e 2369     		ldr	r3, [r4, #16]
 652:Drivers/STM32F0xx_HAL_Driver/Src/stm32f0xx_hal_uart_ex.c ****     {
 1139              		.loc 1 652 56 discriminator 1 view .LVU313
 1140 0020 002B     		cmp	r3, #0
 1141 0022 01D1     		bne	.L66
 654:Drivers/STM32F0xx_HAL_Driver/Src/stm32f0xx_hal_uart_ex.c ****       {
 1142              		.loc 1 654 7 is_stmt 1 view .LVU314
 654:Drivers/STM32F0xx_HAL_Driver/Src/stm32f0xx_hal_uart_ex.c ****       {
 1143              		.loc 1 654 10 is_stmt 0 view .LVU315
 1144 0024 CB07     		lsls	r3, r1, #31
 1145 0026 21D4     		bmi	.L71
 1146              	.L66:
 661:Drivers/STM32F0xx_HAL_Driver/Src/stm32f0xx_hal_uart_ex.c ****     huart->RxEventType = HAL_UART_RXEVENT_TC;
 1147              		.loc 1 661 5 is_stmt 1 view .LVU316
 661:Drivers/STM32F0xx_HAL_Driver/Src/stm32f0xx_hal_uart_ex.c ****     huart->RxEventType = HAL_UART_RXEVENT_TC;
 1148              		.loc 1 661 26 is_stmt 0 view .LVU317
 1149 0028 0123     		movs	r3, #1
 1150 002a 2366     		str	r3, [r4, #96]
 662:Drivers/STM32F0xx_HAL_Driver/Src/stm32f0xx_hal_uart_ex.c **** 
 1151              		.loc 1 662 5 is_stmt 1 view .LVU318
 662:Drivers/STM32F0xx_HAL_Driver/Src/stm32f0xx_hal_uart_ex.c **** 
 1152              		.loc 1 662 24 is_stmt 0 view .LVU319
 1153 002c 0023     		movs	r3, #0
 1154 002e 6366     		str	r3, [r4, #100]
 664:Drivers/STM32F0xx_HAL_Driver/Src/stm32f0xx_hal_uart_ex.c **** 
 1155              		.loc 1 664 5 is_stmt 1 view .LVU320
 664:Drivers/STM32F0xx_HAL_Driver/Src/stm32f0xx_hal_uart_ex.c **** 
 1156              		.loc 1 664 11 is_stmt 0 view .LVU321
 1157 0030 2000     		movs	r0, r4
ARM GAS  C:\Users\ADMINI~1\AppData\Local\Temp\cchQt67W.s 			page 48


 1158 0032 FFF7FEFF 		bl	UART_Start_Receive_IT
 1159              	.LVL86:
 666:Drivers/STM32F0xx_HAL_Driver/Src/stm32f0xx_hal_uart_ex.c ****     {
 1160              		.loc 1 666 5 is_stmt 1 view .LVU322
 666:Drivers/STM32F0xx_HAL_Driver/Src/stm32f0xx_hal_uart_ex.c ****     {
 1161              		.loc 1 666 14 is_stmt 0 view .LVU323
 1162 0036 236E     		ldr	r3, [r4, #96]
 666:Drivers/STM32F0xx_HAL_Driver/Src/stm32f0xx_hal_uart_ex.c ****     {
 1163              		.loc 1 666 8 view .LVU324
 1164 0038 012B     		cmp	r3, #1
 1165 003a 01D0     		beq	.L73
 677:Drivers/STM32F0xx_HAL_Driver/Src/stm32f0xx_hal_uart_ex.c ****     }
 1166              		.loc 1 677 14 view .LVU325
 1167 003c 0120     		movs	r0, #1
 1168              	.LVL87:
 680:Drivers/STM32F0xx_HAL_Driver/Src/stm32f0xx_hal_uart_ex.c ****   }
 1169              		.loc 1 680 5 is_stmt 1 view .LVU326
 680:Drivers/STM32F0xx_HAL_Driver/Src/stm32f0xx_hal_uart_ex.c ****   }
 1170              		.loc 1 680 12 is_stmt 0 view .LVU327
 1171 003e 10E0     		b	.L65
 1172              	.LVL88:
 1173              	.L73:
 668:Drivers/STM32F0xx_HAL_Driver/Src/stm32f0xx_hal_uart_ex.c ****       ATOMIC_SET_BIT(huart->Instance->CR1, USART_CR1_IDLEIE);
 1174              		.loc 1 668 7 is_stmt 1 view .LVU328
 1175 0040 2368     		ldr	r3, [r4]
 1176 0042 1021     		movs	r1, #16
 1177 0044 1962     		str	r1, [r3, #32]
 669:Drivers/STM32F0xx_HAL_Driver/Src/stm32f0xx_hal_uart_ex.c ****     }
 1178              		.loc 1 669 7 view .LVU329
 1179              	.LBB44:
 669:Drivers/STM32F0xx_HAL_Driver/Src/stm32f0xx_hal_uart_ex.c ****     }
 1180              		.loc 1 669 7 view .LVU330
 669:Drivers/STM32F0xx_HAL_Driver/Src/stm32f0xx_hal_uart_ex.c ****     }
 1181              		.loc 1 669 7 view .LVU331
 1182              	.LBB45:
 1183              	.LBI45:
 382:Drivers/CMSIS/Include/cmsis_gcc.h **** {
 1184              		.loc 2 382 31 view .LVU332
 1185              	.LBB46:
 384:Drivers/CMSIS/Include/cmsis_gcc.h **** 
 1186              		.loc 2 384 3 view .LVU333
 386:Drivers/CMSIS/Include/cmsis_gcc.h ****   return(result);
 1187              		.loc 2 386 3 view .LVU334
 1188              		.syntax divided
 1189              	@ 386 "Drivers/CMSIS/Include/cmsis_gcc.h" 1
 1190 0046 EFF31080 		MRS r0, primask
 1191              	@ 0 "" 2
 1192              	.LVL89:
 387:Drivers/CMSIS/Include/cmsis_gcc.h **** }
 1193              		.loc 2 387 3 view .LVU335
 387:Drivers/CMSIS/Include/cmsis_gcc.h **** }
 1194              		.loc 2 387 3 is_stmt 0 view .LVU336
 1195              		.thumb
 1196              		.syntax unified
 1197              	.LBE46:
 1198              	.LBE45:
 669:Drivers/STM32F0xx_HAL_Driver/Src/stm32f0xx_hal_uart_ex.c ****     }
ARM GAS  C:\Users\ADMINI~1\AppData\Local\Temp\cchQt67W.s 			page 49


 1199              		.loc 1 669 7 is_stmt 1 discriminator 1 view .LVU337
 1200              	.LBB47:
 1201              	.LBI47:
 412:Drivers/CMSIS/Include/cmsis_gcc.h **** {
 1202              		.loc 2 412 27 view .LVU338
 1203              	.LBB48:
 1204              		.loc 2 414 3 view .LVU339
 1205 004a 0123     		movs	r3, #1
 1206              		.syntax divided
 1207              	@ 414 "Drivers/CMSIS/Include/cmsis_gcc.h" 1
 1208 004c 83F31088 		MSR primask, r3
 1209              	@ 0 "" 2
 1210              	.LVL90:
 1211              		.loc 2 414 3 is_stmt 0 view .LVU340
 1212              		.thumb
 1213              		.syntax unified
 1214              	.LBE48:
 1215              	.LBE47:
 669:Drivers/STM32F0xx_HAL_Driver/Src/stm32f0xx_hal_uart_ex.c ****     }
 1216              		.loc 1 669 7 is_stmt 1 discriminator 2 view .LVU341
 1217 0050 2268     		ldr	r2, [r4]
 1218 0052 1368     		ldr	r3, [r2]
 1219 0054 0B43     		orrs	r3, r1
 1220 0056 1360     		str	r3, [r2]
 669:Drivers/STM32F0xx_HAL_Driver/Src/stm32f0xx_hal_uart_ex.c ****     }
 1221              		.loc 1 669 7 discriminator 2 view .LVU342
 1222              	.LVL91:
 1223              	.LBB49:
 1224              	.LBI49:
 412:Drivers/CMSIS/Include/cmsis_gcc.h **** {
 1225              		.loc 2 412 27 view .LVU343
 1226              	.LBB50:
 1227              		.loc 2 414 3 view .LVU344
 1228              		.syntax divided
 1229              	@ 414 "Drivers/CMSIS/Include/cmsis_gcc.h" 1
 1230 0058 80F31088 		MSR primask, r0
 1231              	@ 0 "" 2
 1232              	.LVL92:
 1233              		.loc 2 414 3 is_stmt 0 view .LVU345
 1234              		.thumb
 1235              		.syntax unified
 1236              	.LBE50:
 1237              	.LBE49:
 1238              	.LBE44:
 669:Drivers/STM32F0xx_HAL_Driver/Src/stm32f0xx_hal_uart_ex.c ****     }
 1239              		.loc 1 669 7 is_stmt 1 discriminator 3 view .LVU346
 639:Drivers/STM32F0xx_HAL_Driver/Src/stm32f0xx_hal_uart_ex.c **** 
 1240              		.loc 1 639 21 is_stmt 0 view .LVU347
 1241 005c 0020     		movs	r0, #0
 1242              	.LVL93:
 1243              	.LBB53:
 1244              	.LBB52:
 1245              	.LBB51:
 415:Drivers/CMSIS/Include/cmsis_gcc.h **** }
 1246              		.loc 2 415 1 view .LVU348
 1247 005e 00E0     		b	.L65
 1248              	.LVL94:
ARM GAS  C:\Users\ADMINI~1\AppData\Local\Temp\cchQt67W.s 			page 50


 1249              	.L68:
 1250              		.loc 2 415 1 view .LVU349
 1251              	.LBE51:
 1252              	.LBE52:
 1253              	.LBE53:
 684:Drivers/STM32F0xx_HAL_Driver/Src/stm32f0xx_hal_uart_ex.c ****   }
 1254              		.loc 1 684 12 view .LVU350
 1255 0060 0220     		movs	r0, #2
 1256              	.LVL95:
 1257              	.L65:
 686:Drivers/STM32F0xx_HAL_Driver/Src/stm32f0xx_hal_uart_ex.c **** 
 1258              		.loc 1 686 1 view .LVU351
 1259              		@ sp needed
 1260              	.LVL96:
 686:Drivers/STM32F0xx_HAL_Driver/Src/stm32f0xx_hal_uart_ex.c **** 
 1261              		.loc 1 686 1 view .LVU352
 1262 0062 10BD     		pop	{r4, pc}
 1263              	.LVL97:
 1264              	.L69:
 646:Drivers/STM32F0xx_HAL_Driver/Src/stm32f0xx_hal_uart_ex.c ****     }
 1265              		.loc 1 646 14 view .LVU353
 1266 0064 0120     		movs	r0, #1
 1267              	.LVL98:
 646:Drivers/STM32F0xx_HAL_Driver/Src/stm32f0xx_hal_uart_ex.c ****     }
 1268              		.loc 1 646 14 view .LVU354
 1269 0066 FCE7     		b	.L65
 1270              	.LVL99:
 1271              	.L70:
 646:Drivers/STM32F0xx_HAL_Driver/Src/stm32f0xx_hal_uart_ex.c ****     }
 1272              		.loc 1 646 14 view .LVU355
 1273 0068 0120     		movs	r0, #1
 1274              	.LVL100:
 646:Drivers/STM32F0xx_HAL_Driver/Src/stm32f0xx_hal_uart_ex.c ****     }
 1275              		.loc 1 646 14 view .LVU356
 1276 006a FAE7     		b	.L65
 1277              	.L71:
 656:Drivers/STM32F0xx_HAL_Driver/Src/stm32f0xx_hal_uart_ex.c ****       }
 1278              		.loc 1 656 17 view .LVU357
 1279 006c 0120     		movs	r0, #1
 1280 006e F8E7     		b	.L65
 1281              		.cfi_endproc
 1282              	.LFE47:
 1284              		.section	.text.HAL_UARTEx_ReceiveToIdle_DMA,"ax",%progbits
 1285              		.align	1
 1286              		.global	HAL_UARTEx_ReceiveToIdle_DMA
 1287              		.syntax unified
 1288              		.code	16
 1289              		.thumb_func
 1291              	HAL_UARTEx_ReceiveToIdle_DMA:
 1292              	.LVL101:
 1293              	.LFB48:
 711:Drivers/STM32F0xx_HAL_Driver/Src/stm32f0xx_hal_uart_ex.c ****   HAL_StatusTypeDef status;
 1294              		.loc 1 711 1 is_stmt 1 view -0
 1295              		.cfi_startproc
 1296              		@ args = 0, pretend = 0, frame = 0
 1297              		@ frame_needed = 0, uses_anonymous_args = 0
 711:Drivers/STM32F0xx_HAL_Driver/Src/stm32f0xx_hal_uart_ex.c ****   HAL_StatusTypeDef status;
ARM GAS  C:\Users\ADMINI~1\AppData\Local\Temp\cchQt67W.s 			page 51


 1298              		.loc 1 711 1 is_stmt 0 view .LVU359
 1299 0000 10B5     		push	{r4, lr}
 1300              		.cfi_def_cfa_offset 8
 1301              		.cfi_offset 4, -8
 1302              		.cfi_offset 14, -4
 1303 0002 0400     		movs	r4, r0
 712:Drivers/STM32F0xx_HAL_Driver/Src/stm32f0xx_hal_uart_ex.c **** 
 1304              		.loc 1 712 3 is_stmt 1 view .LVU360
 715:Drivers/STM32F0xx_HAL_Driver/Src/stm32f0xx_hal_uart_ex.c ****   {
 1305              		.loc 1 715 3 view .LVU361
 715:Drivers/STM32F0xx_HAL_Driver/Src/stm32f0xx_hal_uart_ex.c ****   {
 1306              		.loc 1 715 12 is_stmt 0 view .LVU362
 1307 0004 8023     		movs	r3, #128
 1308 0006 C358     		ldr	r3, [r0, r3]
 715:Drivers/STM32F0xx_HAL_Driver/Src/stm32f0xx_hal_uart_ex.c ****   {
 1309              		.loc 1 715 6 view .LVU363
 1310 0008 202B     		cmp	r3, #32
 1311 000a 2AD1     		bne	.L78
 717:Drivers/STM32F0xx_HAL_Driver/Src/stm32f0xx_hal_uart_ex.c ****     {
 1312              		.loc 1 717 5 is_stmt 1 view .LVU364
 717:Drivers/STM32F0xx_HAL_Driver/Src/stm32f0xx_hal_uart_ex.c ****     {
 1313              		.loc 1 717 8 is_stmt 0 view .LVU365
 1314 000c 0029     		cmp	r1, #0
 1315 000e 2AD0     		beq	.L79
 717:Drivers/STM32F0xx_HAL_Driver/Src/stm32f0xx_hal_uart_ex.c ****     {
 1316              		.loc 1 717 25 discriminator 1 view .LVU366
 1317 0010 002A     		cmp	r2, #0
 1318 0012 2AD0     		beq	.L80
 725:Drivers/STM32F0xx_HAL_Driver/Src/stm32f0xx_hal_uart_ex.c ****     {
 1319              		.loc 1 725 5 is_stmt 1 view .LVU367
 725:Drivers/STM32F0xx_HAL_Driver/Src/stm32f0xx_hal_uart_ex.c ****     {
 1320              		.loc 1 725 21 is_stmt 0 view .LVU368
 1321 0014 8068     		ldr	r0, [r0, #8]
 1322              	.LVL102:
 725:Drivers/STM32F0xx_HAL_Driver/Src/stm32f0xx_hal_uart_ex.c ****     {
 1323              		.loc 1 725 8 view .LVU369
 1324 0016 8023     		movs	r3, #128
 1325 0018 5B01     		lsls	r3, r3, #5
 1326 001a 9842     		cmp	r0, r3
 1327 001c 04D1     		bne	.L76
 725:Drivers/STM32F0xx_HAL_Driver/Src/stm32f0xx_hal_uart_ex.c ****     {
 1328              		.loc 1 725 71 discriminator 1 view .LVU370
 1329 001e 2369     		ldr	r3, [r4, #16]
 725:Drivers/STM32F0xx_HAL_Driver/Src/stm32f0xx_hal_uart_ex.c ****     {
 1330              		.loc 1 725 56 discriminator 1 view .LVU371
 1331 0020 002B     		cmp	r3, #0
 1332 0022 01D1     		bne	.L76
 727:Drivers/STM32F0xx_HAL_Driver/Src/stm32f0xx_hal_uart_ex.c ****       {
 1333              		.loc 1 727 7 is_stmt 1 view .LVU372
 727:Drivers/STM32F0xx_HAL_Driver/Src/stm32f0xx_hal_uart_ex.c ****       {
 1334              		.loc 1 727 10 is_stmt 0 view .LVU373
 1335 0024 CB07     		lsls	r3, r1, #31
 1336 0026 22D4     		bmi	.L81
 1337              	.L76:
 734:Drivers/STM32F0xx_HAL_Driver/Src/stm32f0xx_hal_uart_ex.c ****     huart->RxEventType = HAL_UART_RXEVENT_TC;
 1338              		.loc 1 734 5 is_stmt 1 view .LVU374
 734:Drivers/STM32F0xx_HAL_Driver/Src/stm32f0xx_hal_uart_ex.c ****     huart->RxEventType = HAL_UART_RXEVENT_TC;
ARM GAS  C:\Users\ADMINI~1\AppData\Local\Temp\cchQt67W.s 			page 52


 1339              		.loc 1 734 26 is_stmt 0 view .LVU375
 1340 0028 0123     		movs	r3, #1
 1341 002a 2366     		str	r3, [r4, #96]
 735:Drivers/STM32F0xx_HAL_Driver/Src/stm32f0xx_hal_uart_ex.c **** 
 1342              		.loc 1 735 5 is_stmt 1 view .LVU376
 735:Drivers/STM32F0xx_HAL_Driver/Src/stm32f0xx_hal_uart_ex.c **** 
 1343              		.loc 1 735 24 is_stmt 0 view .LVU377
 1344 002c 0023     		movs	r3, #0
 1345 002e 6366     		str	r3, [r4, #100]
 737:Drivers/STM32F0xx_HAL_Driver/Src/stm32f0xx_hal_uart_ex.c **** 
 1346              		.loc 1 737 5 is_stmt 1 view .LVU378
 737:Drivers/STM32F0xx_HAL_Driver/Src/stm32f0xx_hal_uart_ex.c **** 
 1347              		.loc 1 737 15 is_stmt 0 view .LVU379
 1348 0030 2000     		movs	r0, r4
 1349 0032 FFF7FEFF 		bl	UART_Start_Receive_DMA
 1350              	.LVL103:
 740:Drivers/STM32F0xx_HAL_Driver/Src/stm32f0xx_hal_uart_ex.c ****     {
 1351              		.loc 1 740 5 is_stmt 1 view .LVU380
 740:Drivers/STM32F0xx_HAL_Driver/Src/stm32f0xx_hal_uart_ex.c ****     {
 1352              		.loc 1 740 8 is_stmt 0 view .LVU381
 1353 0036 0028     		cmp	r0, #0
 1354 0038 14D1     		bne	.L75
 742:Drivers/STM32F0xx_HAL_Driver/Src/stm32f0xx_hal_uart_ex.c ****       {
 1355              		.loc 1 742 7 is_stmt 1 view .LVU382
 742:Drivers/STM32F0xx_HAL_Driver/Src/stm32f0xx_hal_uart_ex.c ****       {
 1356              		.loc 1 742 16 is_stmt 0 view .LVU383
 1357 003a 236E     		ldr	r3, [r4, #96]
 742:Drivers/STM32F0xx_HAL_Driver/Src/stm32f0xx_hal_uart_ex.c ****       {
 1358              		.loc 1 742 10 view .LVU384
 1359 003c 012B     		cmp	r3, #1
 1360 003e 01D0     		beq	.L83
 753:Drivers/STM32F0xx_HAL_Driver/Src/stm32f0xx_hal_uart_ex.c ****       }
 1361              		.loc 1 753 16 view .LVU385
 1362 0040 0120     		movs	r0, #1
 1363              	.LVL104:
 757:Drivers/STM32F0xx_HAL_Driver/Src/stm32f0xx_hal_uart_ex.c ****   }
 1364              		.loc 1 757 5 is_stmt 1 view .LVU386
 757:Drivers/STM32F0xx_HAL_Driver/Src/stm32f0xx_hal_uart_ex.c ****   }
 1365              		.loc 1 757 12 is_stmt 0 view .LVU387
 1366 0042 0FE0     		b	.L75
 1367              	.LVL105:
 1368              	.L83:
 744:Drivers/STM32F0xx_HAL_Driver/Src/stm32f0xx_hal_uart_ex.c ****         ATOMIC_SET_BIT(huart->Instance->CR1, USART_CR1_IDLEIE);
 1369              		.loc 1 744 9 is_stmt 1 view .LVU388
 1370 0044 2368     		ldr	r3, [r4]
 1371 0046 1021     		movs	r1, #16
 1372 0048 1962     		str	r1, [r3, #32]
 745:Drivers/STM32F0xx_HAL_Driver/Src/stm32f0xx_hal_uart_ex.c ****       }
 1373              		.loc 1 745 9 view .LVU389
 1374              	.LBB54:
 745:Drivers/STM32F0xx_HAL_Driver/Src/stm32f0xx_hal_uart_ex.c ****       }
 1375              		.loc 1 745 9 view .LVU390
 745:Drivers/STM32F0xx_HAL_Driver/Src/stm32f0xx_hal_uart_ex.c ****       }
 1376              		.loc 1 745 9 view .LVU391
 1377              	.LBB55:
 1378              	.LBI55:
 382:Drivers/CMSIS/Include/cmsis_gcc.h **** {
ARM GAS  C:\Users\ADMINI~1\AppData\Local\Temp\cchQt67W.s 			page 53


 1379              		.loc 2 382 31 view .LVU392
 1380              	.LBB56:
 384:Drivers/CMSIS/Include/cmsis_gcc.h **** 
 1381              		.loc 2 384 3 view .LVU393
 386:Drivers/CMSIS/Include/cmsis_gcc.h ****   return(result);
 1382              		.loc 2 386 3 view .LVU394
 1383              		.syntax divided
 1384              	@ 386 "Drivers/CMSIS/Include/cmsis_gcc.h" 1
 1385 004a EFF3108C 		MRS ip, primask
 1386              	@ 0 "" 2
 1387              	.LVL106:
 387:Drivers/CMSIS/Include/cmsis_gcc.h **** }
 1388              		.loc 2 387 3 view .LVU395
 387:Drivers/CMSIS/Include/cmsis_gcc.h **** }
 1389              		.loc 2 387 3 is_stmt 0 view .LVU396
 1390              		.thumb
 1391              		.syntax unified
 1392              	.LBE56:
 1393              	.LBE55:
 745:Drivers/STM32F0xx_HAL_Driver/Src/stm32f0xx_hal_uart_ex.c ****       }
 1394              		.loc 1 745 9 is_stmt 1 discriminator 1 view .LVU397
 1395              	.LBB57:
 1396              	.LBI57:
 412:Drivers/CMSIS/Include/cmsis_gcc.h **** {
 1397              		.loc 2 412 27 view .LVU398
 1398              	.LBB58:
 414:Drivers/CMSIS/Include/cmsis_gcc.h **** }
 1399              		.loc 2 414 3 view .LVU399
 1400 004e 0123     		movs	r3, #1
 1401              		.syntax divided
 1402              	@ 414 "Drivers/CMSIS/Include/cmsis_gcc.h" 1
 1403 0050 83F31088 		MSR primask, r3
 1404              	@ 0 "" 2
 1405              	.LVL107:
 414:Drivers/CMSIS/Include/cmsis_gcc.h **** }
 1406              		.loc 2 414 3 is_stmt 0 view .LVU400
 1407              		.thumb
 1408              		.syntax unified
 1409              	.LBE58:
 1410              	.LBE57:
 745:Drivers/STM32F0xx_HAL_Driver/Src/stm32f0xx_hal_uart_ex.c ****       }
 1411              		.loc 1 745 9 is_stmt 1 discriminator 2 view .LVU401
 1412 0054 2268     		ldr	r2, [r4]
 1413 0056 1368     		ldr	r3, [r2]
 1414 0058 0B43     		orrs	r3, r1
 1415 005a 1360     		str	r3, [r2]
 745:Drivers/STM32F0xx_HAL_Driver/Src/stm32f0xx_hal_uart_ex.c ****       }
 1416              		.loc 1 745 9 discriminator 2 view .LVU402
 1417              	.LVL108:
 1418              	.LBB59:
 1419              	.LBI59:
 412:Drivers/CMSIS/Include/cmsis_gcc.h **** {
 1420              		.loc 2 412 27 view .LVU403
 1421              	.LBB60:
 414:Drivers/CMSIS/Include/cmsis_gcc.h **** }
 1422              		.loc 2 414 3 view .LVU404
 1423              		.syntax divided
ARM GAS  C:\Users\ADMINI~1\AppData\Local\Temp\cchQt67W.s 			page 54


 1424              	@ 414 "Drivers/CMSIS/Include/cmsis_gcc.h" 1
 1425 005c 8CF31088 		MSR primask, ip
 1426              	@ 0 "" 2
 1427              	.LVL109:
 414:Drivers/CMSIS/Include/cmsis_gcc.h **** }
 1428              		.loc 2 414 3 is_stmt 0 view .LVU405
 1429              		.thumb
 1430              		.syntax unified
 1431              	.LBE60:
 1432              	.LBE59:
 1433              	.LBE54:
 745:Drivers/STM32F0xx_HAL_Driver/Src/stm32f0xx_hal_uart_ex.c ****       }
 1434              		.loc 1 745 9 is_stmt 1 discriminator 3 view .LVU406
 1435              	.LBB63:
 1436              	.LBB62:
 1437              	.LBB61:
 1438              		.loc 2 415 1 is_stmt 0 view .LVU407
 1439 0060 00E0     		b	.L75
 1440              	.LVL110:
 1441              	.L78:
 1442              		.loc 2 415 1 view .LVU408
 1443              	.LBE61:
 1444              	.LBE62:
 1445              	.LBE63:
 761:Drivers/STM32F0xx_HAL_Driver/Src/stm32f0xx_hal_uart_ex.c ****   }
 1446              		.loc 1 761 12 view .LVU409
 1447 0062 0220     		movs	r0, #2
 1448              	.LVL111:
 1449              	.L75:
 763:Drivers/STM32F0xx_HAL_Driver/Src/stm32f0xx_hal_uart_ex.c **** 
 1450              		.loc 1 763 1 view .LVU410
 1451              		@ sp needed
 1452              	.LVL112:
 763:Drivers/STM32F0xx_HAL_Driver/Src/stm32f0xx_hal_uart_ex.c **** 
 1453              		.loc 1 763 1 view .LVU411
 1454 0064 10BD     		pop	{r4, pc}
 1455              	.LVL113:
 1456              	.L79:
 719:Drivers/STM32F0xx_HAL_Driver/Src/stm32f0xx_hal_uart_ex.c ****     }
 1457              		.loc 1 719 14 view .LVU412
 1458 0066 0120     		movs	r0, #1
 1459              	.LVL114:
 719:Drivers/STM32F0xx_HAL_Driver/Src/stm32f0xx_hal_uart_ex.c ****     }
 1460              		.loc 1 719 14 view .LVU413
 1461 0068 FCE7     		b	.L75
 1462              	.LVL115:
 1463              	.L80:
 719:Drivers/STM32F0xx_HAL_Driver/Src/stm32f0xx_hal_uart_ex.c ****     }
 1464              		.loc 1 719 14 view .LVU414
 1465 006a 0120     		movs	r0, #1
 1466              	.LVL116:
 719:Drivers/STM32F0xx_HAL_Driver/Src/stm32f0xx_hal_uart_ex.c ****     }
 1467              		.loc 1 719 14 view .LVU415
 1468 006c FAE7     		b	.L75
 1469              	.L81:
 729:Drivers/STM32F0xx_HAL_Driver/Src/stm32f0xx_hal_uart_ex.c ****       }
 1470              		.loc 1 729 17 view .LVU416
ARM GAS  C:\Users\ADMINI~1\AppData\Local\Temp\cchQt67W.s 			page 55


 1471 006e 0120     		movs	r0, #1
 1472 0070 F8E7     		b	.L75
 1473              		.cfi_endproc
 1474              	.LFE48:
 1476              		.section	.text.HAL_UARTEx_GetRxEventType,"ax",%progbits
 1477              		.align	1
 1478              		.global	HAL_UARTEx_GetRxEventType
 1479              		.syntax unified
 1480              		.code	16
 1481              		.thumb_func
 1483              	HAL_UARTEx_GetRxEventType:
 1484              	.LVL117:
 1485              	.LFB49:
 790:Drivers/STM32F0xx_HAL_Driver/Src/stm32f0xx_hal_uart_ex.c ****   /* Return Rx Event type value, as stored in UART handle */
 1486              		.loc 1 790 1 is_stmt 1 view -0
 1487              		.cfi_startproc
 1488              		@ args = 0, pretend = 0, frame = 0
 1489              		@ frame_needed = 0, uses_anonymous_args = 0
 1490              		@ link register save eliminated.
 792:Drivers/STM32F0xx_HAL_Driver/Src/stm32f0xx_hal_uart_ex.c **** }
 1491              		.loc 1 792 3 view .LVU418
 792:Drivers/STM32F0xx_HAL_Driver/Src/stm32f0xx_hal_uart_ex.c **** }
 1492              		.loc 1 792 16 is_stmt 0 view .LVU419
 1493 0000 406E     		ldr	r0, [r0, #100]
 1494              	.LVL118:
 793:Drivers/STM32F0xx_HAL_Driver/Src/stm32f0xx_hal_uart_ex.c **** 
 1495              		.loc 1 793 1 view .LVU420
 1496              		@ sp needed
 1497 0002 7047     		bx	lr
 1498              		.cfi_endproc
 1499              	.LFE49:
 1501              		.text
 1502              	.Letext0:
 1503              		.file 3 "D:/software/Tools/GCC/arm-gnu-toolchain-14.2.rel1-mingw-w64-x86_64-arm-none-eabi/arm-none
 1504              		.file 4 "D:/software/Tools/GCC/arm-gnu-toolchain-14.2.rel1-mingw-w64-x86_64-arm-none-eabi/arm-none
 1505              		.file 5 "Drivers/CMSIS/Device/ST/STM32F0xx/Include/stm32f031x6.h"
 1506              		.file 6 "Drivers/CMSIS/Device/ST/STM32F0xx/Include/stm32f0xx.h"
 1507              		.file 7 "Drivers/STM32F0xx_HAL_Driver/Inc/stm32f0xx_hal_def.h"
 1508              		.file 8 "Drivers/STM32F0xx_HAL_Driver/Inc/stm32f0xx_hal_dma.h"
 1509              		.file 9 "Drivers/STM32F0xx_HAL_Driver/Inc/stm32f0xx_hal_uart.h"
 1510              		.file 10 "Drivers/STM32F0xx_HAL_Driver/Inc/stm32f0xx_hal_uart_ex.h"
 1511              		.file 11 "Drivers/STM32F0xx_HAL_Driver/Inc/stm32f0xx_hal.h"
ARM GAS  C:\Users\ADMINI~1\AppData\Local\Temp\cchQt67W.s 			page 56


DEFINED SYMBOLS
                            *ABS*:00000000 stm32f0xx_hal_uart_ex.c
C:\Users\ADMINI~1\AppData\Local\Temp\cchQt67W.s:19     .text.UARTEx_Wakeup_AddressConfig:00000000 $t
C:\Users\ADMINI~1\AppData\Local\Temp\cchQt67W.s:24     .text.UARTEx_Wakeup_AddressConfig:00000000 UARTEx_Wakeup_AddressConfig
C:\Users\ADMINI~1\AppData\Local\Temp\cchQt67W.s:67     .text.HAL_RS485Ex_Init:00000000 $t
C:\Users\ADMINI~1\AppData\Local\Temp\cchQt67W.s:73     .text.HAL_RS485Ex_Init:00000000 HAL_RS485Ex_Init
C:\Users\ADMINI~1\AppData\Local\Temp\cchQt67W.s:216    .text.HAL_RS485Ex_Init:00000088 $d
C:\Users\ADMINI~1\AppData\Local\Temp\cchQt67W.s:222    .text.HAL_UARTEx_WakeupCallback:00000000 $t
C:\Users\ADMINI~1\AppData\Local\Temp\cchQt67W.s:228    .text.HAL_UARTEx_WakeupCallback:00000000 HAL_UARTEx_WakeupCallback
C:\Users\ADMINI~1\AppData\Local\Temp\cchQt67W.s:244    .text.HAL_MultiProcessorEx_AddressLength_Set:00000000 $t
C:\Users\ADMINI~1\AppData\Local\Temp\cchQt67W.s:250    .text.HAL_MultiProcessorEx_AddressLength_Set:00000000 HAL_MultiProcessorEx_AddressLength_Set
C:\Users\ADMINI~1\AppData\Local\Temp\cchQt67W.s:315    .text.HAL_UARTEx_StopModeWakeUpSourceConfig:00000000 $t
C:\Users\ADMINI~1\AppData\Local\Temp\cchQt67W.s:321    .text.HAL_UARTEx_StopModeWakeUpSourceConfig:00000000 HAL_UARTEx_StopModeWakeUpSourceConfig
C:\Users\ADMINI~1\AppData\Local\Temp\cchQt67W.s:449    .text.HAL_UARTEx_StopModeWakeUpSourceConfig:0000007c $d
C:\Users\ADMINI~1\AppData\Local\Temp\cchQt67W.s:455    .text.HAL_UARTEx_EnableStopMode:00000000 $t
C:\Users\ADMINI~1\AppData\Local\Temp\cchQt67W.s:461    .text.HAL_UARTEx_EnableStopMode:00000000 HAL_UARTEx_EnableStopMode
C:\Users\ADMINI~1\AppData\Local\Temp\cchQt67W.s:571    .text.HAL_UARTEx_DisableStopMode:00000000 $t
C:\Users\ADMINI~1\AppData\Local\Temp\cchQt67W.s:577    .text.HAL_UARTEx_DisableStopMode:00000000 HAL_UARTEx_DisableStopMode
C:\Users\ADMINI~1\AppData\Local\Temp\cchQt67W.s:686    .text.HAL_UARTEx_ReceiveToIdle:00000000 $t
C:\Users\ADMINI~1\AppData\Local\Temp\cchQt67W.s:692    .text.HAL_UARTEx_ReceiveToIdle:00000000 HAL_UARTEx_ReceiveToIdle
C:\Users\ADMINI~1\AppData\Local\Temp\cchQt67W.s:1088   .text.HAL_UARTEx_ReceiveToIdle:00000180 $d
C:\Users\ADMINI~1\AppData\Local\Temp\cchQt67W.s:1093   .text.HAL_UARTEx_ReceiveToIdle_IT:00000000 $t
C:\Users\ADMINI~1\AppData\Local\Temp\cchQt67W.s:1099   .text.HAL_UARTEx_ReceiveToIdle_IT:00000000 HAL_UARTEx_ReceiveToIdle_IT
C:\Users\ADMINI~1\AppData\Local\Temp\cchQt67W.s:1285   .text.HAL_UARTEx_ReceiveToIdle_DMA:00000000 $t
C:\Users\ADMINI~1\AppData\Local\Temp\cchQt67W.s:1291   .text.HAL_UARTEx_ReceiveToIdle_DMA:00000000 HAL_UARTEx_ReceiveToIdle_DMA
C:\Users\ADMINI~1\AppData\Local\Temp\cchQt67W.s:1477   .text.HAL_UARTEx_GetRxEventType:00000000 $t
C:\Users\ADMINI~1\AppData\Local\Temp\cchQt67W.s:1483   .text.HAL_UARTEx_GetRxEventType:00000000 HAL_UARTEx_GetRxEventType

UNDEFINED SYMBOLS
UART_SetConfig
UART_CheckIdleState
HAL_UART_MspInit
UART_AdvFeatureConfig
HAL_GetTick
UART_WaitOnFlagUntilTimeout
UART_Start_Receive_IT
UART_Start_Receive_DMA
