
build/debug/SVPWM_Ctrl.elf:     file format elf32-littlearm

Sections:
Idx Name          Size      VMA       LMA       File off  Algn
  0 .isr_vector   000000c0  08000000  08000000  00001000  2**0
                  CONTENTS, ALLOC, LOAD, READONLY, DATA
  1 .text         000037f8  080000c0  080000c0  000010c0  2**2
                  CONTENTS, ALLOC, LOAD, READONLY, CODE
  2 .rodata       00000180  080038b8  080038b8  000048b8  2**2
                  CONTENTS, ALLOC, LOAD, READONLY, DATA
  3 .ARM.extab    00000000  08003a38  08003a38  00005068  2**0
                  CONTENTS, READONLY
  4 .ARM          00000000  08003a38  08003a38  00005068  2**0
                  CONTENTS, READONLY
  5 .preinit_array 00000000  08003a38  08003a38  00005068  2**0
                  CONTENTS, ALLOC, LOAD, DATA
  6 .init_array   00000004  08003a38  08003a38  00004a38  2**2
                  CONTENTS, ALLOC, LOAD, READONLY, DATA
  7 .fini_array   00000004  08003a3c  08003a3c  00004a3c  2**2
                  CONTENTS, ALLOC, LOAD, READONLY, DATA
  8 .data         00000068  20000000  08003a40  00005000  2**2
                  CONTENTS, ALLOC, LOAD, DATA
  9 .bss          000002f4  20000068  08003aa8  00005068  2**2
                  ALLOC
 10 ._user_heap_stack 00000604  2000035c  08003aa8  0000535c  2**0
                  ALLOC
 11 .ARM.attributes 00000028  00000000  00000000  00005068  2**0
                  CONTENTS, READONLY
 12 .comment      00000045  00000000  00000000  00005090  2**0
                  CONTENTS, READONLY
 13 .debug_info   00014668  00000000  00000000  000050d5  2**0
                  CONTENTS, READONLY, DEBUGGING, OCTETS
 14 .debug_abbrev 00002e2b  00000000  00000000  0001973d  2**0
                  CONTENTS, READONLY, DEBUGGING, OCTETS
 15 .debug_loclists 00009d95  00000000  00000000  0001c568  2**0
                  CONTENTS, READONLY, DEBUGGING, OCTETS
 16 .debug_aranges 00000d70  00000000  00000000  00026300  2**3
                  CONTENTS, READONLY, DEBUGGING, OCTETS
 17 .debug_rnglists 00000a83  00000000  00000000  00027070  2**0
                  CONTENTS, READONLY, DEBUGGING, OCTETS
 18 .debug_line   00011997  00000000  00000000  00027af3  2**0
                  CONTENTS, READONLY, DEBUGGING, OCTETS
 19 .debug_str    0000398c  00000000  00000000  0003948a  2**0
                  CONTENTS, READONLY, DEBUGGING, OCTETS
 20 .debug_frame  00002bdc  00000000  00000000  0003ce18  2**2
                  CONTENTS, READONLY, DEBUGGING, OCTETS
 21 .debug_line_str 00000136  00000000  00000000  0003f9f4  2**0
                  CONTENTS, READONLY, DEBUGGING, OCTETS

Disassembly of section .text:

080000c0 <__gnu_thumb1_case_shi>:
 80000c0:	b403      	push	{r0, r1}
 80000c2:	4671      	mov	r1, lr
 80000c4:	0849      	lsrs	r1, r1, #1
 80000c6:	0040      	lsls	r0, r0, #1
 80000c8:	0049      	lsls	r1, r1, #1
 80000ca:	5e09      	ldrsh	r1, [r1, r0]
 80000cc:	0049      	lsls	r1, r1, #1
 80000ce:	448e      	add	lr, r1
 80000d0:	bc03      	pop	{r0, r1}
 80000d2:	4770      	bx	lr

080000d4 <__udivsi3>:
 80000d4:	2200      	movs	r2, #0
 80000d6:	0843      	lsrs	r3, r0, #1
 80000d8:	428b      	cmp	r3, r1
 80000da:	d374      	bcc.n	80001c6 <__udivsi3+0xf2>
 80000dc:	0903      	lsrs	r3, r0, #4
 80000de:	428b      	cmp	r3, r1
 80000e0:	d35f      	bcc.n	80001a2 <__udivsi3+0xce>
 80000e2:	0a03      	lsrs	r3, r0, #8
 80000e4:	428b      	cmp	r3, r1
 80000e6:	d344      	bcc.n	8000172 <__udivsi3+0x9e>
 80000e8:	0b03      	lsrs	r3, r0, #12
 80000ea:	428b      	cmp	r3, r1
 80000ec:	d328      	bcc.n	8000140 <__udivsi3+0x6c>
 80000ee:	0c03      	lsrs	r3, r0, #16
 80000f0:	428b      	cmp	r3, r1
 80000f2:	d30d      	bcc.n	8000110 <__udivsi3+0x3c>
 80000f4:	22ff      	movs	r2, #255	@ 0xff
 80000f6:	0209      	lsls	r1, r1, #8
 80000f8:	ba12      	rev	r2, r2
 80000fa:	0c03      	lsrs	r3, r0, #16
 80000fc:	428b      	cmp	r3, r1
 80000fe:	d302      	bcc.n	8000106 <__udivsi3+0x32>
 8000100:	1212      	asrs	r2, r2, #8
 8000102:	0209      	lsls	r1, r1, #8
 8000104:	d065      	beq.n	80001d2 <__udivsi3+0xfe>
 8000106:	0b03      	lsrs	r3, r0, #12
 8000108:	428b      	cmp	r3, r1
 800010a:	d319      	bcc.n	8000140 <__udivsi3+0x6c>
 800010c:	e000      	b.n	8000110 <__udivsi3+0x3c>
 800010e:	0a09      	lsrs	r1, r1, #8
 8000110:	0bc3      	lsrs	r3, r0, #15
 8000112:	428b      	cmp	r3, r1
 8000114:	d301      	bcc.n	800011a <__udivsi3+0x46>
 8000116:	03cb      	lsls	r3, r1, #15
 8000118:	1ac0      	subs	r0, r0, r3
 800011a:	4152      	adcs	r2, r2
 800011c:	0b83      	lsrs	r3, r0, #14
 800011e:	428b      	cmp	r3, r1
 8000120:	d301      	bcc.n	8000126 <__udivsi3+0x52>
 8000122:	038b      	lsls	r3, r1, #14
 8000124:	1ac0      	subs	r0, r0, r3
 8000126:	4152      	adcs	r2, r2
 8000128:	0b43      	lsrs	r3, r0, #13
 800012a:	428b      	cmp	r3, r1
 800012c:	d301      	bcc.n	8000132 <__udivsi3+0x5e>
 800012e:	034b      	lsls	r3, r1, #13
 8000130:	1ac0      	subs	r0, r0, r3
 8000132:	4152      	adcs	r2, r2
 8000134:	0b03      	lsrs	r3, r0, #12
 8000136:	428b      	cmp	r3, r1
 8000138:	d301      	bcc.n	800013e <__udivsi3+0x6a>
 800013a:	030b      	lsls	r3, r1, #12
 800013c:	1ac0      	subs	r0, r0, r3
 800013e:	4152      	adcs	r2, r2
 8000140:	0ac3      	lsrs	r3, r0, #11
 8000142:	428b      	cmp	r3, r1
 8000144:	d301      	bcc.n	800014a <__udivsi3+0x76>
 8000146:	02cb      	lsls	r3, r1, #11
 8000148:	1ac0      	subs	r0, r0, r3
 800014a:	4152      	adcs	r2, r2
 800014c:	0a83      	lsrs	r3, r0, #10
 800014e:	428b      	cmp	r3, r1
 8000150:	d301      	bcc.n	8000156 <__udivsi3+0x82>
 8000152:	028b      	lsls	r3, r1, #10
 8000154:	1ac0      	subs	r0, r0, r3
 8000156:	4152      	adcs	r2, r2
 8000158:	0a43      	lsrs	r3, r0, #9
 800015a:	428b      	cmp	r3, r1
 800015c:	d301      	bcc.n	8000162 <__udivsi3+0x8e>
 800015e:	024b      	lsls	r3, r1, #9
 8000160:	1ac0      	subs	r0, r0, r3
 8000162:	4152      	adcs	r2, r2
 8000164:	0a03      	lsrs	r3, r0, #8
 8000166:	428b      	cmp	r3, r1
 8000168:	d301      	bcc.n	800016e <__udivsi3+0x9a>
 800016a:	020b      	lsls	r3, r1, #8
 800016c:	1ac0      	subs	r0, r0, r3
 800016e:	4152      	adcs	r2, r2
 8000170:	d2cd      	bcs.n	800010e <__udivsi3+0x3a>
 8000172:	09c3      	lsrs	r3, r0, #7
 8000174:	428b      	cmp	r3, r1
 8000176:	d301      	bcc.n	800017c <__udivsi3+0xa8>
 8000178:	01cb      	lsls	r3, r1, #7
 800017a:	1ac0      	subs	r0, r0, r3
 800017c:	4152      	adcs	r2, r2
 800017e:	0983      	lsrs	r3, r0, #6
 8000180:	428b      	cmp	r3, r1
 8000182:	d301      	bcc.n	8000188 <__udivsi3+0xb4>
 8000184:	018b      	lsls	r3, r1, #6
 8000186:	1ac0      	subs	r0, r0, r3
 8000188:	4152      	adcs	r2, r2
 800018a:	0943      	lsrs	r3, r0, #5
 800018c:	428b      	cmp	r3, r1
 800018e:	d301      	bcc.n	8000194 <__udivsi3+0xc0>
 8000190:	014b      	lsls	r3, r1, #5
 8000192:	1ac0      	subs	r0, r0, r3
 8000194:	4152      	adcs	r2, r2
 8000196:	0903      	lsrs	r3, r0, #4
 8000198:	428b      	cmp	r3, r1
 800019a:	d301      	bcc.n	80001a0 <__udivsi3+0xcc>
 800019c:	010b      	lsls	r3, r1, #4
 800019e:	1ac0      	subs	r0, r0, r3
 80001a0:	4152      	adcs	r2, r2
 80001a2:	08c3      	lsrs	r3, r0, #3
 80001a4:	428b      	cmp	r3, r1
 80001a6:	d301      	bcc.n	80001ac <__udivsi3+0xd8>
 80001a8:	00cb      	lsls	r3, r1, #3
 80001aa:	1ac0      	subs	r0, r0, r3
 80001ac:	4152      	adcs	r2, r2
 80001ae:	0883      	lsrs	r3, r0, #2
 80001b0:	428b      	cmp	r3, r1
 80001b2:	d301      	bcc.n	80001b8 <__udivsi3+0xe4>
 80001b4:	008b      	lsls	r3, r1, #2
 80001b6:	1ac0      	subs	r0, r0, r3
 80001b8:	4152      	adcs	r2, r2
 80001ba:	0843      	lsrs	r3, r0, #1
 80001bc:	428b      	cmp	r3, r1
 80001be:	d301      	bcc.n	80001c4 <__udivsi3+0xf0>
 80001c0:	004b      	lsls	r3, r1, #1
 80001c2:	1ac0      	subs	r0, r0, r3
 80001c4:	4152      	adcs	r2, r2
 80001c6:	1a41      	subs	r1, r0, r1
 80001c8:	d200      	bcs.n	80001cc <__udivsi3+0xf8>
 80001ca:	4601      	mov	r1, r0
 80001cc:	4152      	adcs	r2, r2
 80001ce:	4610      	mov	r0, r2
 80001d0:	4770      	bx	lr
 80001d2:	e7ff      	b.n	80001d4 <__udivsi3+0x100>
 80001d4:	b501      	push	{r0, lr}
 80001d6:	2000      	movs	r0, #0
 80001d8:	f000 f806 	bl	80001e8 <__aeabi_idiv0>
 80001dc:	bd02      	pop	{r1, pc}
 80001de:	46c0      	nop			@ (mov r8, r8)

080001e0 <__aeabi_uidivmod>:
 80001e0:	2900      	cmp	r1, #0
 80001e2:	d0f7      	beq.n	80001d4 <__udivsi3+0x100>
 80001e4:	e776      	b.n	80000d4 <__udivsi3>
 80001e6:	4770      	bx	lr

080001e8 <__aeabi_idiv0>:
 80001e8:	4770      	bx	lr
 80001ea:	46c0      	nop			@ (mov r8, r8)

080001ec <__aeabi_cfrcmple>:
 80001ec:	4684      	mov	ip, r0
 80001ee:	0008      	movs	r0, r1
 80001f0:	4661      	mov	r1, ip
 80001f2:	e7ff      	b.n	80001f4 <__aeabi_cfcmpeq>

080001f4 <__aeabi_cfcmpeq>:
 80001f4:	b51f      	push	{r0, r1, r2, r3, r4, lr}
 80001f6:	f003 fb0b 	bl	8003810 <__lesf2>
 80001fa:	2800      	cmp	r0, #0
 80001fc:	d401      	bmi.n	8000202 <__aeabi_cfcmpeq+0xe>
 80001fe:	2100      	movs	r1, #0
 8000200:	42c8      	cmn	r0, r1
 8000202:	bd1f      	pop	{r0, r1, r2, r3, r4, pc}

08000204 <__aeabi_fcmpeq>:
 8000204:	b510      	push	{r4, lr}
 8000206:	f003 fa93 	bl	8003730 <__eqsf2>
 800020a:	4240      	negs	r0, r0
 800020c:	3001      	adds	r0, #1
 800020e:	bd10      	pop	{r4, pc}

08000210 <__aeabi_fcmplt>:
 8000210:	b510      	push	{r4, lr}
 8000212:	f003 fafd 	bl	8003810 <__lesf2>
 8000216:	2800      	cmp	r0, #0
 8000218:	db01      	blt.n	800021e <__aeabi_fcmplt+0xe>
 800021a:	2000      	movs	r0, #0
 800021c:	bd10      	pop	{r4, pc}
 800021e:	2001      	movs	r0, #1
 8000220:	bd10      	pop	{r4, pc}
 8000222:	46c0      	nop			@ (mov r8, r8)

08000224 <__aeabi_fcmple>:
 8000224:	b510      	push	{r4, lr}
 8000226:	f003 faf3 	bl	8003810 <__lesf2>
 800022a:	2800      	cmp	r0, #0
 800022c:	dd01      	ble.n	8000232 <__aeabi_fcmple+0xe>
 800022e:	2000      	movs	r0, #0
 8000230:	bd10      	pop	{r4, pc}
 8000232:	2001      	movs	r0, #1
 8000234:	bd10      	pop	{r4, pc}
 8000236:	46c0      	nop			@ (mov r8, r8)

08000238 <__aeabi_fcmpgt>:
 8000238:	b510      	push	{r4, lr}
 800023a:	f003 faa1 	bl	8003780 <__gesf2>
 800023e:	2800      	cmp	r0, #0
 8000240:	dc01      	bgt.n	8000246 <__aeabi_fcmpgt+0xe>
 8000242:	2000      	movs	r0, #0
 8000244:	bd10      	pop	{r4, pc}
 8000246:	2001      	movs	r0, #1
 8000248:	bd10      	pop	{r4, pc}
 800024a:	46c0      	nop			@ (mov r8, r8)

0800024c <__aeabi_fcmpge>:
 800024c:	b510      	push	{r4, lr}
 800024e:	f003 fa97 	bl	8003780 <__gesf2>
 8000252:	2800      	cmp	r0, #0
 8000254:	da01      	bge.n	800025a <__aeabi_fcmpge+0xe>
 8000256:	2000      	movs	r0, #0
 8000258:	bd10      	pop	{r4, pc}
 800025a:	2001      	movs	r0, #1
 800025c:	bd10      	pop	{r4, pc}
 800025e:	46c0      	nop			@ (mov r8, r8)

08000260 <deregister_tm_clones>:
 8000260:	4804      	ldr	r0, [pc, #16]	@ (8000274 <deregister_tm_clones+0x14>)
 8000262:	4b05      	ldr	r3, [pc, #20]	@ (8000278 <deregister_tm_clones+0x18>)
 8000264:	b510      	push	{r4, lr}
 8000266:	4283      	cmp	r3, r0
 8000268:	d003      	beq.n	8000272 <deregister_tm_clones+0x12>
 800026a:	4b04      	ldr	r3, [pc, #16]	@ (800027c <deregister_tm_clones+0x1c>)
 800026c:	2b00      	cmp	r3, #0
 800026e:	d000      	beq.n	8000272 <deregister_tm_clones+0x12>
 8000270:	4798      	blx	r3
 8000272:	bd10      	pop	{r4, pc}
 8000274:	20000068 	.word	0x20000068
 8000278:	20000068 	.word	0x20000068
 800027c:	00000000 	.word	0x00000000

08000280 <register_tm_clones>:
 8000280:	4806      	ldr	r0, [pc, #24]	@ (800029c <register_tm_clones+0x1c>)
 8000282:	4907      	ldr	r1, [pc, #28]	@ (80002a0 <register_tm_clones+0x20>)
 8000284:	1a09      	subs	r1, r1, r0
 8000286:	108b      	asrs	r3, r1, #2
 8000288:	0fc9      	lsrs	r1, r1, #31
 800028a:	18c9      	adds	r1, r1, r3
 800028c:	b510      	push	{r4, lr}
 800028e:	1049      	asrs	r1, r1, #1
 8000290:	d003      	beq.n	800029a <register_tm_clones+0x1a>
 8000292:	4b04      	ldr	r3, [pc, #16]	@ (80002a4 <register_tm_clones+0x24>)
 8000294:	2b00      	cmp	r3, #0
 8000296:	d000      	beq.n	800029a <register_tm_clones+0x1a>
 8000298:	4798      	blx	r3
 800029a:	bd10      	pop	{r4, pc}
 800029c:	20000068 	.word	0x20000068
 80002a0:	20000068 	.word	0x20000068
 80002a4:	00000000 	.word	0x00000000

080002a8 <__do_global_dtors_aux>:
 80002a8:	b510      	push	{r4, lr}
 80002aa:	4c07      	ldr	r4, [pc, #28]	@ (80002c8 <__do_global_dtors_aux+0x20>)
 80002ac:	7823      	ldrb	r3, [r4, #0]
 80002ae:	2b00      	cmp	r3, #0
 80002b0:	d109      	bne.n	80002c6 <__do_global_dtors_aux+0x1e>
 80002b2:	f7ff ffd5 	bl	8000260 <deregister_tm_clones>
 80002b6:	4b05      	ldr	r3, [pc, #20]	@ (80002cc <__do_global_dtors_aux+0x24>)
 80002b8:	2b00      	cmp	r3, #0
 80002ba:	d002      	beq.n	80002c2 <__do_global_dtors_aux+0x1a>
 80002bc:	4804      	ldr	r0, [pc, #16]	@ (80002d0 <__do_global_dtors_aux+0x28>)
 80002be:	e000      	b.n	80002c2 <__do_global_dtors_aux+0x1a>
 80002c0:	bf00      	nop
 80002c2:	2301      	movs	r3, #1
 80002c4:	7023      	strb	r3, [r4, #0]
 80002c6:	bd10      	pop	{r4, pc}
 80002c8:	20000068 	.word	0x20000068
 80002cc:	00000000 	.word	0x00000000
 80002d0:	080038a0 	.word	0x080038a0

080002d4 <frame_dummy>:
 80002d4:	4b05      	ldr	r3, [pc, #20]	@ (80002ec <frame_dummy+0x18>)
 80002d6:	b510      	push	{r4, lr}
 80002d8:	2b00      	cmp	r3, #0
 80002da:	d003      	beq.n	80002e4 <frame_dummy+0x10>
 80002dc:	4904      	ldr	r1, [pc, #16]	@ (80002f0 <frame_dummy+0x1c>)
 80002de:	4805      	ldr	r0, [pc, #20]	@ (80002f4 <frame_dummy+0x20>)
 80002e0:	e000      	b.n	80002e4 <frame_dummy+0x10>
 80002e2:	bf00      	nop
 80002e4:	f7ff ffcc 	bl	8000280 <register_tm_clones>
 80002e8:	bd10      	pop	{r4, pc}
 80002ea:	46c0      	nop			@ (mov r8, r8)
 80002ec:	00000000 	.word	0x00000000
 80002f0:	2000006c 	.word	0x2000006c
 80002f4:	080038a0 	.word	0x080038a0

080002f8 <MX_ADC_Init>:

ADC_HandleTypeDef hadc;

/* ADC init function */
void MX_ADC_Init(void)
{
 80002f8:	b500      	push	{lr}
 80002fa:	b085      	sub	sp, #20

  /* USER CODE BEGIN ADC_Init 0 */

  /* USER CODE END ADC_Init 0 */

  ADC_ChannelConfTypeDef sConfig = {0};
 80002fc:	220c      	movs	r2, #12
 80002fe:	2100      	movs	r1, #0
 8000300:	a801      	add	r0, sp, #4
 8000302:	f002 fc6d 	bl	8002be0 <memset>

  /* USER CODE END ADC_Init 1 */

  /** Configure the global features of the ADC (Clock, Resolution, Data Alignment and number of conversion)
  */
  hadc.Instance = ADC1;
 8000306:	4823      	ldr	r0, [pc, #140]	@ (8000394 <MX_ADC_Init+0x9c>)
 8000308:	4b23      	ldr	r3, [pc, #140]	@ (8000398 <MX_ADC_Init+0xa0>)
 800030a:	6003      	str	r3, [r0, #0]
  hadc.Init.ClockPrescaler = ADC_CLOCK_ASYNC_DIV1;
 800030c:	2300      	movs	r3, #0
 800030e:	6043      	str	r3, [r0, #4]
  hadc.Init.Resolution = ADC_RESOLUTION_12B;
 8000310:	6083      	str	r3, [r0, #8]
  hadc.Init.DataAlign = ADC_DATAALIGN_RIGHT;
 8000312:	60c3      	str	r3, [r0, #12]
  hadc.Init.ScanConvMode = ADC_SCAN_DIRECTION_FORWARD;
 8000314:	2201      	movs	r2, #1
 8000316:	6102      	str	r2, [r0, #16]
  hadc.Init.EOCSelection = ADC_EOC_SINGLE_CONV;
 8000318:	2104      	movs	r1, #4
 800031a:	6141      	str	r1, [r0, #20]
  hadc.Init.LowPowerAutoWait = DISABLE;
 800031c:	7603      	strb	r3, [r0, #24]
  hadc.Init.LowPowerAutoPowerOff = DISABLE;
 800031e:	7643      	strb	r3, [r0, #25]
  hadc.Init.ContinuousConvMode = DISABLE;
 8000320:	7683      	strb	r3, [r0, #26]
  hadc.Init.DiscontinuousConvMode = DISABLE;
 8000322:	76c3      	strb	r3, [r0, #27]
  hadc.Init.ExternalTrigConv = ADC_SOFTWARE_START;
 8000324:	21c2      	movs	r1, #194	@ 0xc2
 8000326:	31ff      	adds	r1, #255	@ 0xff
 8000328:	61c1      	str	r1, [r0, #28]
  hadc.Init.ExternalTrigConvEdge = ADC_EXTERNALTRIGCONVEDGE_NONE;
 800032a:	6203      	str	r3, [r0, #32]
  hadc.Init.DMAContinuousRequests = DISABLE;
 800032c:	399e      	subs	r1, #158	@ 0x9e
 800032e:	39ff      	subs	r1, #255	@ 0xff
 8000330:	5443      	strb	r3, [r0, r1]
  hadc.Init.Overrun = ADC_OVR_DATA_PRESERVED;
 8000332:	6282      	str	r2, [r0, #40]	@ 0x28
  if (HAL_ADC_Init(&hadc) != HAL_OK)
 8000334:	f000 fc46 	bl	8000bc4 <HAL_ADC_Init>
 8000338:	2800      	cmp	r0, #0
 800033a:	d11f      	bne.n	800037c <MX_ADC_Init+0x84>
    Error_Handler();
  }

  /** Configure for the selected ADC regular channel to be converted.
  */
  sConfig.Channel = ADC_CHANNEL_0;
 800033c:	a901      	add	r1, sp, #4
 800033e:	2300      	movs	r3, #0
 8000340:	9301      	str	r3, [sp, #4]
  sConfig.Rank = ADC_RANK_CHANNEL_NUMBER;
 8000342:	2380      	movs	r3, #128	@ 0x80
 8000344:	015b      	lsls	r3, r3, #5
 8000346:	604b      	str	r3, [r1, #4]
  sConfig.SamplingTime = ADC_SAMPLETIME_1CYCLE_5;
 8000348:	2380      	movs	r3, #128	@ 0x80
 800034a:	055b      	lsls	r3, r3, #21
 800034c:	608b      	str	r3, [r1, #8]
  if (HAL_ADC_ConfigChannel(&hadc, &sConfig) != HAL_OK)
 800034e:	4811      	ldr	r0, [pc, #68]	@ (8000394 <MX_ADC_Init+0x9c>)
 8000350:	f000 fcfa 	bl	8000d48 <HAL_ADC_ConfigChannel>
 8000354:	2800      	cmp	r0, #0
 8000356:	d114      	bne.n	8000382 <MX_ADC_Init+0x8a>
    Error_Handler();
  }

  /** Configure for the selected ADC regular channel to be converted.
  */
  sConfig.Channel = ADC_CHANNEL_1;
 8000358:	2301      	movs	r3, #1
 800035a:	9301      	str	r3, [sp, #4]
  if (HAL_ADC_ConfigChannel(&hadc, &sConfig) != HAL_OK)
 800035c:	480d      	ldr	r0, [pc, #52]	@ (8000394 <MX_ADC_Init+0x9c>)
 800035e:	a901      	add	r1, sp, #4
 8000360:	f000 fcf2 	bl	8000d48 <HAL_ADC_ConfigChannel>
 8000364:	2800      	cmp	r0, #0
 8000366:	d10f      	bne.n	8000388 <MX_ADC_Init+0x90>
    Error_Handler();
  }

  /** Configure for the selected ADC regular channel to be converted.
  */
  sConfig.Channel = ADC_CHANNEL_2;
 8000368:	2302      	movs	r3, #2
 800036a:	9301      	str	r3, [sp, #4]
  if (HAL_ADC_ConfigChannel(&hadc, &sConfig) != HAL_OK)
 800036c:	4809      	ldr	r0, [pc, #36]	@ (8000394 <MX_ADC_Init+0x9c>)
 800036e:	a901      	add	r1, sp, #4
 8000370:	f000 fcea 	bl	8000d48 <HAL_ADC_ConfigChannel>
 8000374:	2800      	cmp	r0, #0
 8000376:	d10a      	bne.n	800038e <MX_ADC_Init+0x96>
  }
  /* USER CODE BEGIN ADC_Init 2 */

  /* USER CODE END ADC_Init 2 */

}
 8000378:	b005      	add	sp, #20
 800037a:	bd00      	pop	{pc}
    Error_Handler();
 800037c:	f000 fada 	bl	8000934 <Error_Handler>
 8000380:	e7dc      	b.n	800033c <MX_ADC_Init+0x44>
    Error_Handler();
 8000382:	f000 fad7 	bl	8000934 <Error_Handler>
 8000386:	e7e7      	b.n	8000358 <MX_ADC_Init+0x60>
    Error_Handler();
 8000388:	f000 fad4 	bl	8000934 <Error_Handler>
 800038c:	e7ec      	b.n	8000368 <MX_ADC_Init+0x70>
    Error_Handler();
 800038e:	f000 fad1 	bl	8000934 <Error_Handler>
}
 8000392:	e7f1      	b.n	8000378 <MX_ADC_Init+0x80>
 8000394:	20000084 	.word	0x20000084
 8000398:	40012400 	.word	0x40012400

0800039c <HAL_ADC_MspInit>:

void HAL_ADC_MspInit(ADC_HandleTypeDef* adcHandle)
{
 800039c:	b510      	push	{r4, lr}
 800039e:	b088      	sub	sp, #32
 80003a0:	0004      	movs	r4, r0

  GPIO_InitTypeDef GPIO_InitStruct = {0};
 80003a2:	2214      	movs	r2, #20
 80003a4:	2100      	movs	r1, #0
 80003a6:	a803      	add	r0, sp, #12
 80003a8:	f002 fc1a 	bl	8002be0 <memset>
  if(adcHandle->Instance==ADC1)
 80003ac:	6822      	ldr	r2, [r4, #0]
 80003ae:	4b11      	ldr	r3, [pc, #68]	@ (80003f4 <HAL_ADC_MspInit+0x58>)
 80003b0:	429a      	cmp	r2, r3
 80003b2:	d001      	beq.n	80003b8 <HAL_ADC_MspInit+0x1c>

  /* USER CODE BEGIN ADC1_MspInit 1 */

  /* USER CODE END ADC1_MspInit 1 */
  }
}
 80003b4:	b008      	add	sp, #32
 80003b6:	bd10      	pop	{r4, pc}
    __HAL_RCC_ADC1_CLK_ENABLE();
 80003b8:	4b0f      	ldr	r3, [pc, #60]	@ (80003f8 <HAL_ADC_MspInit+0x5c>)
 80003ba:	699a      	ldr	r2, [r3, #24]
 80003bc:	2180      	movs	r1, #128	@ 0x80
 80003be:	0089      	lsls	r1, r1, #2
 80003c0:	430a      	orrs	r2, r1
 80003c2:	619a      	str	r2, [r3, #24]
 80003c4:	699a      	ldr	r2, [r3, #24]
 80003c6:	400a      	ands	r2, r1
 80003c8:	9201      	str	r2, [sp, #4]
 80003ca:	9a01      	ldr	r2, [sp, #4]
    __HAL_RCC_GPIOA_CLK_ENABLE();
 80003cc:	695a      	ldr	r2, [r3, #20]
 80003ce:	2180      	movs	r1, #128	@ 0x80
 80003d0:	0289      	lsls	r1, r1, #10
 80003d2:	430a      	orrs	r2, r1
 80003d4:	615a      	str	r2, [r3, #20]
 80003d6:	695b      	ldr	r3, [r3, #20]
 80003d8:	400b      	ands	r3, r1
 80003da:	9302      	str	r3, [sp, #8]
 80003dc:	9b02      	ldr	r3, [sp, #8]
    GPIO_InitStruct.Pin = GPIO_PIN_0|GPIO_PIN_1|GPIO_PIN_2;
 80003de:	a903      	add	r1, sp, #12
 80003e0:	2307      	movs	r3, #7
 80003e2:	9303      	str	r3, [sp, #12]
    GPIO_InitStruct.Mode = GPIO_MODE_ANALOG;
 80003e4:	3b04      	subs	r3, #4
 80003e6:	604b      	str	r3, [r1, #4]
    HAL_GPIO_Init(GPIOA, &GPIO_InitStruct);
 80003e8:	2090      	movs	r0, #144	@ 0x90
 80003ea:	05c0      	lsls	r0, r0, #23
 80003ec:	f000 fda8 	bl	8000f40 <HAL_GPIO_Init>
}
 80003f0:	e7e0      	b.n	80003b4 <HAL_ADC_MspInit+0x18>
 80003f2:	46c0      	nop			@ (mov r8, r8)
 80003f4:	40012400 	.word	0x40012400
 80003f8:	40021000 	.word	0x40021000

080003fc <DRV8301_ReadReg>:
																			 const uint16_t data) {
		return ctrlMode | regName | (data & 0x07FF);
}

int16_t DRV8301_ReadReg(const RegName_e regName, uint16_t* data)
{
 80003fc:	b5f0      	push	{r4, r5, r6, r7, lr}
 80003fe:	b085      	sub	sp, #20
 8000400:	000d      	movs	r5, r1
	int16_t ret = 0;
	uint16_t tx_buf_=0, rx_buf_=0;
 8000402:	260e      	movs	r6, #14
 8000404:	446e      	add	r6, sp
 8000406:	2300      	movs	r3, #0
 8000408:	8033      	strh	r3, [r6, #0]
 800040a:	af03      	add	r7, sp, #12
 800040c:	803b      	strh	r3, [r7, #0]
		return ctrlMode | regName | (data & 0x07FF);
 800040e:	4c33      	ldr	r4, [pc, #204]	@ (80004dc <DRV8301_ReadReg+0xe0>)
 8000410:	4304      	orrs	r4, r0
 8000412:	b2a4      	uxth	r4, r4
	tx_buf_ = build_ctrl_word(DRV8301_CtrlMode_Read, regName, 0);
 8000414:	8034      	strh	r4, [r6, #0]
	DRV8301_SPI_M1_CS_L;
 8000416:	2090      	movs	r0, #144	@ 0x90
 8000418:	2200      	movs	r2, #0
 800041a:	2108      	movs	r1, #8
 800041c:	05c0      	lsls	r0, r0, #23
 800041e:	f000 fe54 	bl	80010ca <HAL_GPIO_WritePin>
	delay_us(1);
 8000422:	2001      	movs	r0, #1
 8000424:	f002 f988 	bl	8002738 <delay_us>
	ret = HAL_SPI_TransmitReceive(&hspi1, (uint8_t *)(&tx_buf_), (uint8_t *)(&rx_buf_), 1, 1000);
 8000428:	482d      	ldr	r0, [pc, #180]	@ (80004e0 <DRV8301_ReadReg+0xe4>)
 800042a:	23fa      	movs	r3, #250	@ 0xfa
 800042c:	009b      	lsls	r3, r3, #2
 800042e:	9300      	str	r3, [sp, #0]
 8000430:	2301      	movs	r3, #1
 8000432:	003a      	movs	r2, r7
 8000434:	0031      	movs	r1, r6
 8000436:	f001 fcab 	bl	8001d90 <HAL_SPI_TransmitReceive>
 800043a:	b203      	sxth	r3, r0
	if (ret != HAL_OK)
 800043c:	2b00      	cmp	r3, #0
 800043e:	d13a      	bne.n	80004b6 <DRV8301_ReadReg+0xba>
	{
		printf("HAL_SPI_TransmitReceive Err:0x%X\r\n",ret);
		return -1;
	}
	DRV8301_SPI_M1_CS_H;
 8000440:	2790      	movs	r7, #144	@ 0x90
 8000442:	05ff      	lsls	r7, r7, #23
 8000444:	2201      	movs	r2, #1
 8000446:	2108      	movs	r1, #8
 8000448:	0038      	movs	r0, r7
 800044a:	f000 fe3e 	bl	80010ca <HAL_GPIO_WritePin>
	
	delay_us(1);
 800044e:	2001      	movs	r0, #1
 8000450:	f002 f972 	bl	8002738 <delay_us>
	
	tx_buf_ = build_ctrl_word(DRV8301_CtrlMode_Read, regName, 0);
 8000454:	260e      	movs	r6, #14
 8000456:	446e      	add	r6, sp
 8000458:	8034      	strh	r4, [r6, #0]
	rx_buf_ = 0xffff;
 800045a:	ac03      	add	r4, sp, #12
 800045c:	2301      	movs	r3, #1
 800045e:	425b      	negs	r3, r3
 8000460:	8023      	strh	r3, [r4, #0]
	DRV8301_SPI_M1_CS_L;
 8000462:	2200      	movs	r2, #0
 8000464:	2108      	movs	r1, #8
 8000466:	0038      	movs	r0, r7
 8000468:	f000 fe2f 	bl	80010ca <HAL_GPIO_WritePin>
	delay_us(1);
 800046c:	2001      	movs	r0, #1
 800046e:	f002 f963 	bl	8002738 <delay_us>
	ret = HAL_SPI_TransmitReceive(&hspi1, (uint8_t *)(&tx_buf_), (uint8_t *)(&rx_buf_), 1, 1000);
 8000472:	481b      	ldr	r0, [pc, #108]	@ (80004e0 <DRV8301_ReadReg+0xe4>)
 8000474:	23fa      	movs	r3, #250	@ 0xfa
 8000476:	009b      	lsls	r3, r3, #2
 8000478:	9300      	str	r3, [sp, #0]
 800047a:	2301      	movs	r3, #1
 800047c:	0022      	movs	r2, r4
 800047e:	0031      	movs	r1, r6
 8000480:	f001 fc86 	bl	8001d90 <HAL_SPI_TransmitReceive>
 8000484:	b204      	sxth	r4, r0
	if (ret != HAL_OK)
 8000486:	2c00      	cmp	r4, #0
 8000488:	d11d      	bne.n	80004c6 <DRV8301_ReadReg+0xca>
	{
		printf("HAL_SPI_TransmitReceive Err:0x%X\r\n",ret);
		return -1;
	}
	DRV8301_SPI_M1_CS_H;
 800048a:	2090      	movs	r0, #144	@ 0x90
 800048c:	2201      	movs	r2, #1
 800048e:	2108      	movs	r1, #8
 8000490:	05c0      	lsls	r0, r0, #23
 8000492:	f000 fe1a 	bl	80010ca <HAL_GPIO_WritePin>

	delay_us(1);
 8000496:	2001      	movs	r0, #1
 8000498:	f002 f94e 	bl	8002738 <delay_us>

	if (rx_buf_ == 0xbeef) {
 800049c:	ab03      	add	r3, sp, #12
 800049e:	881b      	ldrh	r3, [r3, #0]
 80004a0:	4a10      	ldr	r2, [pc, #64]	@ (80004e4 <DRV8301_ReadReg+0xe8>)
 80004a2:	4293      	cmp	r3, r2
 80004a4:	d017      	beq.n	80004d6 <DRV8301_ReadReg+0xda>
			return -3;
	}

	if (data) {
 80004a6:	2d00      	cmp	r5, #0
 80004a8:	d002      	beq.n	80004b0 <DRV8301_ReadReg+0xb4>
			*data = rx_buf_ & 0x07FF;
 80004aa:	055b      	lsls	r3, r3, #21
 80004ac:	0d5b      	lsrs	r3, r3, #21
 80004ae:	802b      	strh	r3, [r5, #0]
	}
	
	return 0;
}
 80004b0:	0020      	movs	r0, r4
 80004b2:	b005      	add	sp, #20
 80004b4:	bdf0      	pop	{r4, r5, r6, r7, pc}
		printf("HAL_SPI_TransmitReceive Err:0x%X\r\n",ret);
 80004b6:	4b0c      	ldr	r3, [pc, #48]	@ (80004e8 <DRV8301_ReadReg+0xec>)
 80004b8:	0001      	movs	r1, r0
 80004ba:	0018      	movs	r0, r3
 80004bc:	f002 fa38 	bl	8002930 <iprintf>
		return -1;
 80004c0:	2401      	movs	r4, #1
 80004c2:	4264      	negs	r4, r4
 80004c4:	e7f4      	b.n	80004b0 <DRV8301_ReadReg+0xb4>
		printf("HAL_SPI_TransmitReceive Err:0x%X\r\n",ret);
 80004c6:	4b08      	ldr	r3, [pc, #32]	@ (80004e8 <DRV8301_ReadReg+0xec>)
 80004c8:	0001      	movs	r1, r0
 80004ca:	0018      	movs	r0, r3
 80004cc:	f002 fa30 	bl	8002930 <iprintf>
		return -1;
 80004d0:	2401      	movs	r4, #1
 80004d2:	4264      	negs	r4, r4
 80004d4:	e7ec      	b.n	80004b0 <DRV8301_ReadReg+0xb4>
			return -3;
 80004d6:	2403      	movs	r4, #3
 80004d8:	4264      	negs	r4, r4
 80004da:	e7e9      	b.n	80004b0 <DRV8301_ReadReg+0xb4>
 80004dc:	ffff8000 	.word	0xffff8000
 80004e0:	20000118 	.word	0x20000118
 80004e4:	0000beef 	.word	0x0000beef
 80004e8:	080038c8 	.word	0x080038c8

080004ec <DRV8301_WriteReg>:

int16_t DRV8301_WriteReg(const RegName_e regName, const uint16_t data)
{
 80004ec:	b530      	push	{r4, r5, lr}
 80004ee:	b085      	sub	sp, #20
	int16_t ret = 0;
	uint16_t tx_buf_=0, rx_buf_=0;
 80004f0:	240e      	movs	r4, #14
 80004f2:	446c      	add	r4, sp
 80004f4:	2300      	movs	r3, #0
 80004f6:	8023      	strh	r3, [r4, #0]
 80004f8:	ad03      	add	r5, sp, #12
 80004fa:	802b      	strh	r3, [r5, #0]
	// Do blocking write
	tx_buf_ = build_ctrl_word(DRV8301_CtrlMode_Write, regName, data);
 80004fc:	0549      	lsls	r1, r1, #21
 80004fe:	0d49      	lsrs	r1, r1, #21
 8000500:	4308      	orrs	r0, r1
 8000502:	8020      	strh	r0, [r4, #0]
	DRV8301_SPI_M1_CS_L;
 8000504:	2090      	movs	r0, #144	@ 0x90
 8000506:	2200      	movs	r2, #0
 8000508:	2108      	movs	r1, #8
 800050a:	05c0      	lsls	r0, r0, #23
 800050c:	f000 fddd 	bl	80010ca <HAL_GPIO_WritePin>
	delay_us(1);
 8000510:	2001      	movs	r0, #1
 8000512:	f002 f911 	bl	8002738 <delay_us>
	ret = HAL_SPI_TransmitReceive(&hspi1, (uint8_t *)(&tx_buf_), (uint8_t *)(&rx_buf_), 1, 1000);
 8000516:	4810      	ldr	r0, [pc, #64]	@ (8000558 <DRV8301_WriteReg+0x6c>)
 8000518:	23fa      	movs	r3, #250	@ 0xfa
 800051a:	009b      	lsls	r3, r3, #2
 800051c:	9300      	str	r3, [sp, #0]
 800051e:	2301      	movs	r3, #1
 8000520:	002a      	movs	r2, r5
 8000522:	0021      	movs	r1, r4
 8000524:	f001 fc34 	bl	8001d90 <HAL_SPI_TransmitReceive>
 8000528:	b204      	sxth	r4, r0
	if (ret != HAL_OK)
 800052a:	2c00      	cmp	r4, #0
 800052c:	d10b      	bne.n	8000546 <DRV8301_WriteReg+0x5a>
	{
		printf("HAL_SPI_TransmitReceive Err:0x%X\r\n",ret);
		return -1;
	}
	delay_us(1);
 800052e:	2001      	movs	r0, #1
 8000530:	f002 f902 	bl	8002738 <delay_us>
	DRV8301_SPI_M1_CS_H;
 8000534:	2090      	movs	r0, #144	@ 0x90
 8000536:	2201      	movs	r2, #1
 8000538:	2108      	movs	r1, #8
 800053a:	05c0      	lsls	r0, r0, #23
 800053c:	f000 fdc5 	bl	80010ca <HAL_GPIO_WritePin>
	

	return 0;
}
 8000540:	0020      	movs	r0, r4
 8000542:	b005      	add	sp, #20
 8000544:	bd30      	pop	{r4, r5, pc}
		printf("HAL_SPI_TransmitReceive Err:0x%X\r\n",ret);
 8000546:	4b05      	ldr	r3, [pc, #20]	@ (800055c <DRV8301_WriteReg+0x70>)
 8000548:	0001      	movs	r1, r0
 800054a:	0018      	movs	r0, r3
 800054c:	f002 f9f0 	bl	8002930 <iprintf>
		return -1;
 8000550:	2401      	movs	r4, #1
 8000552:	4264      	negs	r4, r4
 8000554:	e7f4      	b.n	8000540 <DRV8301_WriteReg+0x54>
 8000556:	46c0      	nop			@ (mov r8, r8)
 8000558:	20000118 	.word	0x20000118
 800055c:	080038c8 	.word	0x080038c8

08000560 <DRV8301_Config>:

bool DRV8301_Config(RegisterFile* pRegs, float requested_gain, float* actual_gain)
{
 8000560:	b5f0      	push	{r4, r5, r6, r7, lr}
 8000562:	b087      	sub	sp, #28
 8000564:	0005      	movs	r5, r0
 8000566:	1c0e      	adds	r6, r1, #0
 8000568:	0017      	movs	r7, r2
    // 40V/V on 500uOhm gives a range of +/- 75A
    // 20V/V on 666uOhm gives a range of +/- 110A
    // 40V/V on 666uOhm gives a range of +/- 55A

    uint16_t gain_setting = 3;
    float gain_choices[] = {10.0f, 20.0f, 40.0f, 80.0f};
 800056a:	aa02      	add	r2, sp, #8
 800056c:	4b19      	ldr	r3, [pc, #100]	@ (80005d4 <DRV8301_Config+0x74>)
 800056e:	cb13      	ldmia	r3!, {r0, r1, r4}
 8000570:	c213      	stmia	r2!, {r0, r1, r4}
 8000572:	681b      	ldr	r3, [r3, #0]
 8000574:	6013      	str	r3, [r2, #0]
    uint16_t gain_setting = 3;
 8000576:	2403      	movs	r4, #3
    while (gain_setting && (gain_choices[gain_setting] > requested_gain)) {
 8000578:	e001      	b.n	800057e <DRV8301_Config+0x1e>
        gain_setting--;
 800057a:	3c01      	subs	r4, #1
 800057c:	b2a4      	uxth	r4, r4
    while (gain_setting && (gain_choices[gain_setting] > requested_gain)) {
 800057e:	2c00      	cmp	r4, #0
 8000580:	d007      	beq.n	8000592 <DRV8301_Config+0x32>
 8000582:	00a3      	lsls	r3, r4, #2
 8000584:	aa02      	add	r2, sp, #8
 8000586:	5898      	ldr	r0, [r3, r2]
 8000588:	1c31      	adds	r1, r6, #0
 800058a:	f7ff fe55 	bl	8000238 <__aeabi_fcmpgt>
 800058e:	2800      	cmp	r0, #0
 8000590:	d1f3      	bne.n	800057a <DRV8301_Config+0x1a>
    }

    if (actual_gain) {
 8000592:	2f00      	cmp	r7, #0
 8000594:	d003      	beq.n	800059e <DRV8301_Config+0x3e>
        *actual_gain = gain_choices[gain_setting];
 8000596:	00a3      	lsls	r3, r4, #2
 8000598:	aa02      	add	r2, sp, #8
 800059a:	589b      	ldr	r3, [r3, r2]
 800059c:	603b      	str	r3, [r7, #0]
    }

    RegisterFile new_config;

    new_config.control_register_1 =
 800059e:	aa01      	add	r2, sp, #4
 80005a0:	23aa      	movs	r3, #170	@ 0xaa
 80005a2:	00db      	lsls	r3, r3, #3
 80005a4:	8013      	strh	r3, [r2, #0]

    new_config.control_register_2 =
          (0b0 << 6) // OC_TOFF: cycle by cycle
        | (0b00 << 4) // calibration off (normal operation)
        | (gain_setting << 2) // select gain
        | (0b00 << 0); // report both over temperature and over current on nOCTW pin
 80005a6:	00a4      	lsls	r4, r4, #2
 80005a8:	b2a4      	uxth	r4, r4
    new_config.control_register_2 =
 80005aa:	8054      	strh	r4, [r2, #2]

    int16_t regs_equal = (pRegs->control_register_1 == new_config.control_register_1)
 80005ac:	882a      	ldrh	r2, [r5, #0]
											&& (pRegs->control_register_2 == new_config.control_register_2);
 80005ae:	429a      	cmp	r2, r3
 80005b0:	d102      	bne.n	80005b8 <DRV8301_Config+0x58>
 80005b2:	886b      	ldrh	r3, [r5, #2]
 80005b4:	429c      	cmp	r4, r3
 80005b6:	d009      	beq.n	80005cc <DRV8301_Config+0x6c>

    if (!regs_equal)
		{
				memcpy((void*)pRegs, (const void*)&new_config, (uint32_t)sizeof(new_config));
 80005b8:	2204      	movs	r2, #4
 80005ba:	a901      	add	r1, sp, #4
 80005bc:	0028      	movs	r0, r5
 80005be:	f002 fb92 	bl	8002ce6 <memcpy>
        DRV8301_GATE_ENABLE;
 80005c2:	2201      	movs	r2, #1
 80005c4:	2110      	movs	r1, #16
 80005c6:	4804      	ldr	r0, [pc, #16]	@ (80005d8 <DRV8301_Config+0x78>)
 80005c8:	f000 fd7f 	bl	80010ca <HAL_GPIO_WritePin>
    }
		
		//printf("DRV8301_Config success\r\n");

    return 0;
}
 80005cc:	2000      	movs	r0, #0
 80005ce:	b007      	add	sp, #28
 80005d0:	bdf0      	pop	{r4, r5, r6, r7, pc}
 80005d2:	46c0      	nop			@ (mov r8, r8)
 80005d4:	080038b8 	.word	0x080038b8
 80005d8:	48000400 	.word	0x48000400

080005dc <DRV8301_Init>:

int16_t DRV8301_Init(RegisterFile* pRegs)
{
 80005dc:	b570      	push	{r4, r5, r6, lr}
 80005de:	b082      	sub	sp, #8
 80005e0:	0005      	movs	r5, r0
	int16_t ret = 0;
	uint16_t val;
	

	DRV8301_GATE_DISABLE;
 80005e2:	4c38      	ldr	r4, [pc, #224]	@ (80006c4 <DRV8301_Init+0xe8>)
 80005e4:	2200      	movs	r2, #0
 80005e6:	2110      	movs	r1, #16
 80005e8:	0020      	movs	r0, r4
 80005ea:	f000 fd6e 	bl	80010ca <HAL_GPIO_WritePin>
	delay_us(100*1000);
 80005ee:	4836      	ldr	r0, [pc, #216]	@ (80006c8 <DRV8301_Init+0xec>)
 80005f0:	f002 f8a2 	bl	8002738 <delay_us>
	DRV8301_GATE_ENABLE;
 80005f4:	2201      	movs	r2, #1
 80005f6:	2110      	movs	r1, #16
 80005f8:	0020      	movs	r0, r4
 80005fa:	f000 fd66 	bl	80010ca <HAL_GPIO_WritePin>
	HAL_Delay(10);
 80005fe:	200a      	movs	r0, #10
 8000600:	f000 face 	bl	8000ba0 <HAL_Delay>

	int16_t wrote_regs =  DRV8301_WriteReg(kRegNameControl1, pRegs->control_register_1)
 8000604:	8829      	ldrh	r1, [r5, #0]
 8000606:	2680      	movs	r6, #128	@ 0x80
 8000608:	0176      	lsls	r6, r6, #5
 800060a:	0030      	movs	r0, r6
 800060c:	f7ff ff6e 	bl	80004ec <DRV8301_WriteReg>
 8000610:	b284      	uxth	r4, r0
											+ DRV8301_WriteReg(kRegNameControl1, pRegs->control_register_1)
 8000612:	8829      	ldrh	r1, [r5, #0]
 8000614:	0030      	movs	r0, r6
 8000616:	f7ff ff69 	bl	80004ec <DRV8301_WriteReg>
 800061a:	b280      	uxth	r0, r0
 800061c:	1824      	adds	r4, r4, r0
 800061e:	b2a4      	uxth	r4, r4
											+ DRV8301_WriteReg(kRegNameControl1, pRegs->control_register_1)
 8000620:	8829      	ldrh	r1, [r5, #0]
 8000622:	0030      	movs	r0, r6
 8000624:	f7ff ff62 	bl	80004ec <DRV8301_WriteReg>
 8000628:	b280      	uxth	r0, r0
 800062a:	1824      	adds	r4, r4, r0
 800062c:	b2a4      	uxth	r4, r4
											+ DRV8301_WriteReg(kRegNameControl1, pRegs->control_register_1)
 800062e:	8829      	ldrh	r1, [r5, #0]
 8000630:	0030      	movs	r0, r6
 8000632:	f7ff ff5b 	bl	80004ec <DRV8301_WriteReg>
 8000636:	b280      	uxth	r0, r0
 8000638:	1824      	adds	r4, r4, r0
 800063a:	b2a4      	uxth	r4, r4
											+ DRV8301_WriteReg(kRegNameControl1, pRegs->control_register_1)
 800063c:	8829      	ldrh	r1, [r5, #0]
 800063e:	0030      	movs	r0, r6
 8000640:	f7ff ff54 	bl	80004ec <DRV8301_WriteReg>
 8000644:	b280      	uxth	r0, r0
 8000646:	1824      	adds	r4, r4, r0
 8000648:	b2a4      	uxth	r4, r4
											+ DRV8301_WriteReg(kRegNameControl2, pRegs->control_register_2);
 800064a:	8869      	ldrh	r1, [r5, #2]
 800064c:	20c0      	movs	r0, #192	@ 0xc0
 800064e:	0140      	lsls	r0, r0, #5
 8000650:	f7ff ff4c 	bl	80004ec <DRV8301_WriteReg>
 8000654:	b280      	uxth	r0, r0
 8000656:	1824      	adds	r4, r4, r0
 8000658:	b2a4      	uxth	r4, r4
	if(wrote_regs != 0)
 800065a:	2c00      	cmp	r4, #0
 800065c:	d12e      	bne.n	80006bc <DRV8301_Init+0xe0>
	{
			return -1;
	}
	
	delay_us(100);
 800065e:	2064      	movs	r0, #100	@ 0x64
 8000660:	f002 f86a 	bl	8002738 <delay_us>

	ret = DRV8301_ReadReg(kRegNameControl1, &val);
 8000664:	466b      	mov	r3, sp
 8000666:	1d9c      	adds	r4, r3, #6
 8000668:	2080      	movs	r0, #128	@ 0x80
 800066a:	0021      	movs	r1, r4
 800066c:	0140      	lsls	r0, r0, #5
 800066e:	f7ff fec5 	bl	80003fc <DRV8301_ReadReg>
	if(val != pRegs->control_register_1)
 8000672:	882b      	ldrh	r3, [r5, #0]
 8000674:	8822      	ldrh	r2, [r4, #0]
 8000676:	4293      	cmp	r3, r2
 8000678:	d110      	bne.n	800069c <DRV8301_Init+0xc0>
	{
		printf("set kRegNameControl1 Error,ret:%d actual:0x%X expect:0x%X\r\n",ret, val, pRegs->control_register_1);
		return -2;
	}
	
	ret = DRV8301_ReadReg(kRegNameControl2, &val);
 800067a:	466b      	mov	r3, sp
 800067c:	1d9c      	adds	r4, r3, #6
 800067e:	20c0      	movs	r0, #192	@ 0xc0
 8000680:	0021      	movs	r1, r4
 8000682:	0140      	lsls	r0, r0, #5
 8000684:	f7ff feba 	bl	80003fc <DRV8301_ReadReg>
	if(val != pRegs->control_register_2)
 8000688:	886b      	ldrh	r3, [r5, #2]
 800068a:	8822      	ldrh	r2, [r4, #0]
 800068c:	4293      	cmp	r3, r2
 800068e:	d10d      	bne.n	80006ac <DRV8301_Init+0xd0>
	{
		printf("set kRegNameControl2 Error,ret:%d actual:0x%X expect:0x%X\r\n",ret, val, pRegs->control_register_2);
		return -3;
	}
	
	printf("DRV8301_Init success\r\n");
 8000690:	480e      	ldr	r0, [pc, #56]	@ (80006cc <DRV8301_Init+0xf0>)
 8000692:	f002 f9b3 	bl	80029fc <puts>

	return 0;
 8000696:	2000      	movs	r0, #0
}
 8000698:	b002      	add	sp, #8
 800069a:	bd70      	pop	{r4, r5, r6, pc}
		printf("set kRegNameControl1 Error,ret:%d actual:0x%X expect:0x%X\r\n",ret, val, pRegs->control_register_1);
 800069c:	4c0c      	ldr	r4, [pc, #48]	@ (80006d0 <DRV8301_Init+0xf4>)
 800069e:	0001      	movs	r1, r0
 80006a0:	0020      	movs	r0, r4
 80006a2:	f002 f945 	bl	8002930 <iprintf>
		return -2;
 80006a6:	2002      	movs	r0, #2
 80006a8:	4240      	negs	r0, r0
 80006aa:	e7f5      	b.n	8000698 <DRV8301_Init+0xbc>
		printf("set kRegNameControl2 Error,ret:%d actual:0x%X expect:0x%X\r\n",ret, val, pRegs->control_register_2);
 80006ac:	4c09      	ldr	r4, [pc, #36]	@ (80006d4 <DRV8301_Init+0xf8>)
 80006ae:	0001      	movs	r1, r0
 80006b0:	0020      	movs	r0, r4
 80006b2:	f002 f93d 	bl	8002930 <iprintf>
		return -3;
 80006b6:	2003      	movs	r0, #3
 80006b8:	4240      	negs	r0, r0
 80006ba:	e7ed      	b.n	8000698 <DRV8301_Init+0xbc>
			return -1;
 80006bc:	2001      	movs	r0, #1
 80006be:	4240      	negs	r0, r0
 80006c0:	e7ea      	b.n	8000698 <DRV8301_Init+0xbc>
 80006c2:	46c0      	nop			@ (mov r8, r8)
 80006c4:	48000400 	.word	0x48000400
 80006c8:	000186a0 	.word	0x000186a0
 80006cc:	08003964 	.word	0x08003964
 80006d0:	080038ec 	.word	0x080038ec
 80006d4:	08003928 	.word	0x08003928

080006d8 <MX_GPIO_Init>:
        * Output
        * EVENT_OUT
        * EXTI
*/
void MX_GPIO_Init(void)
{
 80006d8:	b5f0      	push	{r4, r5, r6, r7, lr}
 80006da:	46ce      	mov	lr, r9
 80006dc:	4647      	mov	r7, r8
 80006de:	b580      	push	{r7, lr}
 80006e0:	b08b      	sub	sp, #44	@ 0x2c

  GPIO_InitTypeDef GPIO_InitStruct = {0};
 80006e2:	ac05      	add	r4, sp, #20
 80006e4:	2214      	movs	r2, #20
 80006e6:	2100      	movs	r1, #0
 80006e8:	0020      	movs	r0, r4
 80006ea:	f002 fa79 	bl	8002be0 <memset>

  /* GPIO Ports Clock Enable */
  __HAL_RCC_GPIOC_CLK_ENABLE();
 80006ee:	4b4b      	ldr	r3, [pc, #300]	@ (800081c <MX_GPIO_Init+0x144>)
 80006f0:	695a      	ldr	r2, [r3, #20]
 80006f2:	2180      	movs	r1, #128	@ 0x80
 80006f4:	0309      	lsls	r1, r1, #12
 80006f6:	430a      	orrs	r2, r1
 80006f8:	615a      	str	r2, [r3, #20]
 80006fa:	695a      	ldr	r2, [r3, #20]
 80006fc:	400a      	ands	r2, r1
 80006fe:	9201      	str	r2, [sp, #4]
 8000700:	9a01      	ldr	r2, [sp, #4]
  __HAL_RCC_GPIOF_CLK_ENABLE();
 8000702:	695a      	ldr	r2, [r3, #20]
 8000704:	2180      	movs	r1, #128	@ 0x80
 8000706:	03c9      	lsls	r1, r1, #15
 8000708:	430a      	orrs	r2, r1
 800070a:	615a      	str	r2, [r3, #20]
 800070c:	695a      	ldr	r2, [r3, #20]
 800070e:	400a      	ands	r2, r1
 8000710:	9202      	str	r2, [sp, #8]
 8000712:	9a02      	ldr	r2, [sp, #8]
  __HAL_RCC_GPIOA_CLK_ENABLE();
 8000714:	695a      	ldr	r2, [r3, #20]
 8000716:	2180      	movs	r1, #128	@ 0x80
 8000718:	0289      	lsls	r1, r1, #10
 800071a:	430a      	orrs	r2, r1
 800071c:	615a      	str	r2, [r3, #20]
 800071e:	695a      	ldr	r2, [r3, #20]
 8000720:	400a      	ands	r2, r1
 8000722:	9203      	str	r2, [sp, #12]
 8000724:	9a03      	ldr	r2, [sp, #12]
  __HAL_RCC_GPIOB_CLK_ENABLE();
 8000726:	695a      	ldr	r2, [r3, #20]
 8000728:	2180      	movs	r1, #128	@ 0x80
 800072a:	02c9      	lsls	r1, r1, #11
 800072c:	430a      	orrs	r2, r1
 800072e:	615a      	str	r2, [r3, #20]
 8000730:	695b      	ldr	r3, [r3, #20]
 8000732:	400b      	ands	r3, r1
 8000734:	9304      	str	r3, [sp, #16]
 8000736:	9b04      	ldr	r3, [sp, #16]

  /*Configure GPIO pin Output Level */
  HAL_GPIO_WritePin(LED_GPIO_Port, LED_Pin, GPIO_PIN_SET);
 8000738:	2580      	movs	r5, #128	@ 0x80
 800073a:	01ad      	lsls	r5, r5, #6
 800073c:	4b38      	ldr	r3, [pc, #224]	@ (8000820 <MX_GPIO_Init+0x148>)
 800073e:	4699      	mov	r9, r3
 8000740:	2201      	movs	r2, #1
 8000742:	0029      	movs	r1, r5
 8000744:	0018      	movs	r0, r3
 8000746:	f000 fcc0 	bl	80010ca <HAL_GPIO_WritePin>

  /*Configure GPIO pin Output Level */
  HAL_GPIO_WritePin(SPI_CS_GPIO_Port, SPI_CS_Pin, GPIO_PIN_SET);
 800074a:	2390      	movs	r3, #144	@ 0x90
 800074c:	05db      	lsls	r3, r3, #23
 800074e:	4698      	mov	r8, r3
 8000750:	2201      	movs	r2, #1
 8000752:	2108      	movs	r1, #8
 8000754:	0018      	movs	r0, r3
 8000756:	f000 fcb8 	bl	80010ca <HAL_GPIO_WritePin>

  /*Configure GPIO pin Output Level */
  HAL_GPIO_WritePin(GPIOA, AL_Pin|AH_Pin|BH_Pin|CH_Pin, GPIO_PIN_RESET);
 800075a:	21f0      	movs	r1, #240	@ 0xf0
 800075c:	2200      	movs	r2, #0
 800075e:	00c9      	lsls	r1, r1, #3
 8000760:	4640      	mov	r0, r8
 8000762:	f000 fcb2 	bl	80010ca <HAL_GPIO_WritePin>

  /*Configure GPIO pin Output Level */
  HAL_GPIO_WritePin(GPIOB, BL_Pin|CL_Pin, GPIO_PIN_RESET);
 8000766:	4e2f      	ldr	r6, [pc, #188]	@ (8000824 <MX_GPIO_Init+0x14c>)
 8000768:	2200      	movs	r2, #0
 800076a:	2103      	movs	r1, #3
 800076c:	0030      	movs	r0, r6
 800076e:	f000 fcac 	bl	80010ca <HAL_GPIO_WritePin>

  /*Configure GPIO pin Output Level */
  HAL_GPIO_WritePin(EN_GATE_GPIO_Port, EN_GATE_Pin, GPIO_PIN_SET);
 8000772:	2201      	movs	r2, #1
 8000774:	2110      	movs	r1, #16
 8000776:	0030      	movs	r0, r6
 8000778:	f000 fca7 	bl	80010ca <HAL_GPIO_WritePin>

  /*Configure GPIO pin : LED_Pin */
  GPIO_InitStruct.Pin = LED_Pin;
 800077c:	9505      	str	r5, [sp, #20]
  GPIO_InitStruct.Mode = GPIO_MODE_OUTPUT_PP;
 800077e:	2501      	movs	r5, #1
 8000780:	6065      	str	r5, [r4, #4]
  GPIO_InitStruct.Pull = GPIO_NOPULL;
 8000782:	2700      	movs	r7, #0
 8000784:	60a7      	str	r7, [r4, #8]
  GPIO_InitStruct.Speed = GPIO_SPEED_FREQ_LOW;
 8000786:	60e7      	str	r7, [r4, #12]
  HAL_GPIO_Init(LED_GPIO_Port, &GPIO_InitStruct);
 8000788:	0021      	movs	r1, r4
 800078a:	4648      	mov	r0, r9
 800078c:	f000 fbd8 	bl	8000f40 <HAL_GPIO_Init>

  /*Configure GPIO pins : SPI_CS_Pin AL_Pin AH_Pin BH_Pin
                           CH_Pin */
  GPIO_InitStruct.Pin = SPI_CS_Pin|AL_Pin|AH_Pin|BH_Pin
 8000790:	23f1      	movs	r3, #241	@ 0xf1
 8000792:	00db      	lsls	r3, r3, #3
 8000794:	9305      	str	r3, [sp, #20]
                          |CH_Pin;
  GPIO_InitStruct.Mode = GPIO_MODE_OUTPUT_PP;
 8000796:	6065      	str	r5, [r4, #4]
  GPIO_InitStruct.Pull = GPIO_PULLUP;
 8000798:	60a5      	str	r5, [r4, #8]
  GPIO_InitStruct.Speed = GPIO_SPEED_FREQ_HIGH;
 800079a:	2303      	movs	r3, #3
 800079c:	4699      	mov	r9, r3
 800079e:	60e3      	str	r3, [r4, #12]
  HAL_GPIO_Init(GPIOA, &GPIO_InitStruct);
 80007a0:	0021      	movs	r1, r4
 80007a2:	4640      	mov	r0, r8
 80007a4:	f000 fbcc 	bl	8000f40 <HAL_GPIO_Init>

  /*Configure GPIO pin : ENC_Z_Pin */
  GPIO_InitStruct.Pin = ENC_Z_Pin;
 80007a8:	2320      	movs	r3, #32
 80007aa:	9305      	str	r3, [sp, #20]
  GPIO_InitStruct.Mode = GPIO_MODE_INPUT;
 80007ac:	6067      	str	r7, [r4, #4]
  GPIO_InitStruct.Pull = GPIO_NOPULL;
 80007ae:	60a7      	str	r7, [r4, #8]
  HAL_GPIO_Init(ENC_Z_GPIO_Port, &GPIO_InitStruct);
 80007b0:	0021      	movs	r1, r4
 80007b2:	4640      	mov	r0, r8
 80007b4:	f000 fbc4 	bl	8000f40 <HAL_GPIO_Init>

  /*Configure GPIO pins : BL_Pin CL_Pin */
  GPIO_InitStruct.Pin = BL_Pin|CL_Pin;
 80007b8:	464b      	mov	r3, r9
 80007ba:	9305      	str	r3, [sp, #20]
  GPIO_InitStruct.Mode = GPIO_MODE_OUTPUT_PP;
 80007bc:	6065      	str	r5, [r4, #4]
  GPIO_InitStruct.Pull = GPIO_PULLUP;
 80007be:	60a5      	str	r5, [r4, #8]
  GPIO_InitStruct.Speed = GPIO_SPEED_FREQ_HIGH;
 80007c0:	60e3      	str	r3, [r4, #12]
  HAL_GPIO_Init(GPIOB, &GPIO_InitStruct);
 80007c2:	0021      	movs	r1, r4
 80007c4:	0030      	movs	r0, r6
 80007c6:	f000 fbbb 	bl	8000f40 <HAL_GPIO_Init>

  /*Configure GPIO pin : BUTTON_Pin */
  GPIO_InitStruct.Pin = BUTTON_Pin;
 80007ca:	2304      	movs	r3, #4
 80007cc:	9305      	str	r3, [sp, #20]
  GPIO_InitStruct.Mode = GPIO_MODE_IT_FALLING;
 80007ce:	2384      	movs	r3, #132	@ 0x84
 80007d0:	039b      	lsls	r3, r3, #14
 80007d2:	6063      	str	r3, [r4, #4]
  GPIO_InitStruct.Pull = GPIO_PULLUP;
 80007d4:	60a5      	str	r5, [r4, #8]
  HAL_GPIO_Init(BUTTON_GPIO_Port, &GPIO_InitStruct);
 80007d6:	0021      	movs	r1, r4
 80007d8:	0030      	movs	r0, r6
 80007da:	f000 fbb1 	bl	8000f40 <HAL_GPIO_Init>

  /*Configure GPIO pin : EN_GATE_Pin */
  GPIO_InitStruct.Pin = EN_GATE_Pin;
 80007de:	2310      	movs	r3, #16
 80007e0:	9305      	str	r3, [sp, #20]
  GPIO_InitStruct.Mode = GPIO_MODE_OUTPUT_PP;
 80007e2:	6065      	str	r5, [r4, #4]
  GPIO_InitStruct.Pull = GPIO_PULLUP;
 80007e4:	60a5      	str	r5, [r4, #8]
  GPIO_InitStruct.Speed = GPIO_SPEED_FREQ_LOW;
 80007e6:	60e7      	str	r7, [r4, #12]
  HAL_GPIO_Init(EN_GATE_GPIO_Port, &GPIO_InitStruct);
 80007e8:	0021      	movs	r1, r4
 80007ea:	0030      	movs	r0, r6
 80007ec:	f000 fba8 	bl	8000f40 <HAL_GPIO_Init>

  /*Configure GPIO pin : FAULT_Pin */
  GPIO_InitStruct.Pin = FAULT_Pin;
 80007f0:	2380      	movs	r3, #128	@ 0x80
 80007f2:	005b      	lsls	r3, r3, #1
 80007f4:	9305      	str	r3, [sp, #20]
  GPIO_InitStruct.Mode = GPIO_MODE_INPUT;
 80007f6:	6067      	str	r7, [r4, #4]
  GPIO_InitStruct.Pull = GPIO_PULLUP;
 80007f8:	60a5      	str	r5, [r4, #8]
  HAL_GPIO_Init(FAULT_GPIO_Port, &GPIO_InitStruct);
 80007fa:	0021      	movs	r1, r4
 80007fc:	0030      	movs	r0, r6
 80007fe:	f000 fb9f 	bl	8000f40 <HAL_GPIO_Init>

  /* EXTI interrupt init*/
  HAL_NVIC_SetPriority(EXTI2_3_IRQn, 0, 0);
 8000802:	2200      	movs	r2, #0
 8000804:	2100      	movs	r1, #0
 8000806:	2006      	movs	r0, #6
 8000808:	f000 fb86 	bl	8000f18 <HAL_NVIC_SetPriority>
  HAL_NVIC_EnableIRQ(EXTI2_3_IRQn);
 800080c:	2006      	movs	r0, #6
 800080e:	f000 fb87 	bl	8000f20 <HAL_NVIC_EnableIRQ>

}
 8000812:	b00b      	add	sp, #44	@ 0x2c
 8000814:	bcc0      	pop	{r6, r7}
 8000816:	46b9      	mov	r9, r7
 8000818:	46b0      	mov	r8, r6
 800081a:	bdf0      	pop	{r4, r5, r6, r7, pc}
 800081c:	40021000 	.word	0x40021000
 8000820:	48000800 	.word	0x48000800
 8000824:	48000400 	.word	0x48000400

08000828 <MX_I2C1_Init>:

I2C_HandleTypeDef hi2c1;

/* I2C1 init function */
void MX_I2C1_Init(void)
{
 8000828:	b510      	push	{r4, lr}
  /* USER CODE END I2C1_Init 0 */

  /* USER CODE BEGIN I2C1_Init 1 */

  /* USER CODE END I2C1_Init 1 */
  hi2c1.Instance = I2C1;
 800082a:	4814      	ldr	r0, [pc, #80]	@ (800087c <MX_I2C1_Init+0x54>)
 800082c:	4b14      	ldr	r3, [pc, #80]	@ (8000880 <MX_I2C1_Init+0x58>)
 800082e:	6003      	str	r3, [r0, #0]
  hi2c1.Init.Timing = 0x20303E5D;
 8000830:	4b14      	ldr	r3, [pc, #80]	@ (8000884 <MX_I2C1_Init+0x5c>)
 8000832:	6043      	str	r3, [r0, #4]
  hi2c1.Init.OwnAddress1 = 0;
 8000834:	2300      	movs	r3, #0
 8000836:	6083      	str	r3, [r0, #8]
  hi2c1.Init.AddressingMode = I2C_ADDRESSINGMODE_7BIT;
 8000838:	2201      	movs	r2, #1
 800083a:	60c2      	str	r2, [r0, #12]
  hi2c1.Init.DualAddressMode = I2C_DUALADDRESS_DISABLE;
 800083c:	6103      	str	r3, [r0, #16]
  hi2c1.Init.OwnAddress2 = 0;
 800083e:	6143      	str	r3, [r0, #20]
  hi2c1.Init.OwnAddress2Masks = I2C_OA2_NOMASK;
 8000840:	6183      	str	r3, [r0, #24]
  hi2c1.Init.GeneralCallMode = I2C_GENERALCALL_DISABLE;
 8000842:	61c3      	str	r3, [r0, #28]
  hi2c1.Init.NoStretchMode = I2C_NOSTRETCH_DISABLE;
 8000844:	6203      	str	r3, [r0, #32]
  if (HAL_I2C_Init(&hi2c1) != HAL_OK)
 8000846:	f000 fc5d 	bl	8001104 <HAL_I2C_Init>
 800084a:	2800      	cmp	r0, #0
 800084c:	d10c      	bne.n	8000868 <MX_I2C1_Init+0x40>
    Error_Handler();
  }

  /** Configure Analogue filter
  */
  if (HAL_I2CEx_ConfigAnalogFilter(&hi2c1, I2C_ANALOGFILTER_ENABLE) != HAL_OK)
 800084e:	480b      	ldr	r0, [pc, #44]	@ (800087c <MX_I2C1_Init+0x54>)
 8000850:	2100      	movs	r1, #0
 8000852:	f000 fcc5 	bl	80011e0 <HAL_I2CEx_ConfigAnalogFilter>
 8000856:	2800      	cmp	r0, #0
 8000858:	d109      	bne.n	800086e <MX_I2C1_Init+0x46>
    Error_Handler();
  }

  /** Configure Digital filter
  */
  if (HAL_I2CEx_ConfigDigitalFilter(&hi2c1, 0) != HAL_OK)
 800085a:	4808      	ldr	r0, [pc, #32]	@ (800087c <MX_I2C1_Init+0x54>)
 800085c:	2100      	movs	r1, #0
 800085e:	f000 fceb 	bl	8001238 <HAL_I2CEx_ConfigDigitalFilter>
 8000862:	2800      	cmp	r0, #0
 8000864:	d106      	bne.n	8000874 <MX_I2C1_Init+0x4c>
  }
  /* USER CODE BEGIN I2C1_Init 2 */

  /* USER CODE END I2C1_Init 2 */

}
 8000866:	bd10      	pop	{r4, pc}
    Error_Handler();
 8000868:	f000 f864 	bl	8000934 <Error_Handler>
 800086c:	e7ef      	b.n	800084e <MX_I2C1_Init+0x26>
    Error_Handler();
 800086e:	f000 f861 	bl	8000934 <Error_Handler>
 8000872:	e7f2      	b.n	800085a <MX_I2C1_Init+0x32>
    Error_Handler();
 8000874:	f000 f85e 	bl	8000934 <Error_Handler>
}
 8000878:	e7f5      	b.n	8000866 <MX_I2C1_Init+0x3e>
 800087a:	46c0      	nop			@ (mov r8, r8)
 800087c:	200000c4 	.word	0x200000c4
 8000880:	40005400 	.word	0x40005400
 8000884:	20303e5d 	.word	0x20303e5d

08000888 <HAL_I2C_MspInit>:

void HAL_I2C_MspInit(I2C_HandleTypeDef* i2cHandle)
{
 8000888:	b510      	push	{r4, lr}
 800088a:	b088      	sub	sp, #32
 800088c:	0004      	movs	r4, r0

  GPIO_InitTypeDef GPIO_InitStruct = {0};
 800088e:	2214      	movs	r2, #20
 8000890:	2100      	movs	r1, #0
 8000892:	a803      	add	r0, sp, #12
 8000894:	f002 f9a4 	bl	8002be0 <memset>
  if(i2cHandle->Instance==I2C1)
 8000898:	6822      	ldr	r2, [r4, #0]
 800089a:	4b13      	ldr	r3, [pc, #76]	@ (80008e8 <HAL_I2C_MspInit+0x60>)
 800089c:	429a      	cmp	r2, r3
 800089e:	d001      	beq.n	80008a4 <HAL_I2C_MspInit+0x1c>
    __HAL_RCC_I2C1_CLK_ENABLE();
  /* USER CODE BEGIN I2C1_MspInit 1 */

  /* USER CODE END I2C1_MspInit 1 */
  }
}
 80008a0:	b008      	add	sp, #32
 80008a2:	bd10      	pop	{r4, pc}
    __HAL_RCC_GPIOB_CLK_ENABLE();
 80008a4:	4c11      	ldr	r4, [pc, #68]	@ (80008ec <HAL_I2C_MspInit+0x64>)
 80008a6:	6963      	ldr	r3, [r4, #20]
 80008a8:	2280      	movs	r2, #128	@ 0x80
 80008aa:	02d2      	lsls	r2, r2, #11
 80008ac:	4313      	orrs	r3, r2
 80008ae:	6163      	str	r3, [r4, #20]
 80008b0:	6963      	ldr	r3, [r4, #20]
 80008b2:	4013      	ands	r3, r2
 80008b4:	9301      	str	r3, [sp, #4]
 80008b6:	9b01      	ldr	r3, [sp, #4]
    GPIO_InitStruct.Pin = GPIO_PIN_10|GPIO_PIN_11;
 80008b8:	a903      	add	r1, sp, #12
 80008ba:	23c0      	movs	r3, #192	@ 0xc0
 80008bc:	011b      	lsls	r3, r3, #4
 80008be:	9303      	str	r3, [sp, #12]
    GPIO_InitStruct.Mode = GPIO_MODE_AF_OD;
 80008c0:	2312      	movs	r3, #18
 80008c2:	604b      	str	r3, [r1, #4]
    GPIO_InitStruct.Speed = GPIO_SPEED_FREQ_HIGH;
 80008c4:	3b0f      	subs	r3, #15
 80008c6:	60cb      	str	r3, [r1, #12]
    GPIO_InitStruct.Alternate = GPIO_AF1_I2C1;
 80008c8:	3b02      	subs	r3, #2
 80008ca:	610b      	str	r3, [r1, #16]
    HAL_GPIO_Init(GPIOB, &GPIO_InitStruct);
 80008cc:	4808      	ldr	r0, [pc, #32]	@ (80008f0 <HAL_I2C_MspInit+0x68>)
 80008ce:	f000 fb37 	bl	8000f40 <HAL_GPIO_Init>
    __HAL_RCC_I2C1_CLK_ENABLE();
 80008d2:	69e3      	ldr	r3, [r4, #28]
 80008d4:	2280      	movs	r2, #128	@ 0x80
 80008d6:	0392      	lsls	r2, r2, #14
 80008d8:	4313      	orrs	r3, r2
 80008da:	61e3      	str	r3, [r4, #28]
 80008dc:	69e3      	ldr	r3, [r4, #28]
 80008de:	4013      	ands	r3, r2
 80008e0:	9302      	str	r3, [sp, #8]
 80008e2:	9b02      	ldr	r3, [sp, #8]
}
 80008e4:	e7dc      	b.n	80008a0 <HAL_I2C_MspInit+0x18>
 80008e6:	46c0      	nop			@ (mov r8, r8)
 80008e8:	40005400 	.word	0x40005400
 80008ec:	40021000 	.word	0x40021000
 80008f0:	48000400 	.word	0x48000400

080008f4 <HAL_GPIO_EXTI_Callback>:
  }
}

/* USER CODE BEGIN 4 */
void HAL_GPIO_EXTI_Callback(uint16_t GPIO_Pin)
{
 80008f4:	b510      	push	{r4, lr}
    if (GPIO_Pin == GPIO_PIN_2)
 80008f6:	2804      	cmp	r0, #4
 80008f8:	d000      	beq.n	80008fc <HAL_GPIO_EXTI_Callback+0x8>
//					motor_status=1;
//					HAL_GPIO_WritePin(LED_GPIO_Port, LED_Pin, GPIO_PIN_RESET);
//				}
				printf("end:%d fault:%d\r\n",HAL_GetTick(),HAL_GPIO_ReadPin(FAULT_GPIO_Port, FAULT_Pin));
    }
}
 80008fa:	bd10      	pop	{r4, pc}
				printf("start:%d\r\n",HAL_GetTick());
 80008fc:	f000 f94a 	bl	8000b94 <HAL_GetTick>
 8000900:	0001      	movs	r1, r0
 8000902:	4b09      	ldr	r3, [pc, #36]	@ (8000928 <HAL_GPIO_EXTI_Callback+0x34>)
 8000904:	0018      	movs	r0, r3
 8000906:	f002 f813 	bl	8002930 <iprintf>
				printf("end:%d fault:%d\r\n",HAL_GetTick(),HAL_GPIO_ReadPin(FAULT_GPIO_Port, FAULT_Pin));
 800090a:	f000 f943 	bl	8000b94 <HAL_GetTick>
 800090e:	0004      	movs	r4, r0
 8000910:	2180      	movs	r1, #128	@ 0x80
 8000912:	0049      	lsls	r1, r1, #1
 8000914:	4805      	ldr	r0, [pc, #20]	@ (800092c <HAL_GPIO_EXTI_Callback+0x38>)
 8000916:	f000 fbd1 	bl	80010bc <HAL_GPIO_ReadPin>
 800091a:	0002      	movs	r2, r0
 800091c:	4b04      	ldr	r3, [pc, #16]	@ (8000930 <HAL_GPIO_EXTI_Callback+0x3c>)
 800091e:	0021      	movs	r1, r4
 8000920:	0018      	movs	r0, r3
 8000922:	f002 f805 	bl	8002930 <iprintf>
}
 8000926:	e7e8      	b.n	80008fa <HAL_GPIO_EXTI_Callback+0x6>
 8000928:	0800397c 	.word	0x0800397c
 800092c:	48000400 	.word	0x48000400
 8000930:	08003988 	.word	0x08003988

08000934 <Error_Handler>:
  \details Disables IRQ interrupts by setting the I-bit in the CPSR.
           Can only be executed in Privileged modes.
 */
__STATIC_FORCEINLINE void __disable_irq(void)
{
  __ASM volatile ("cpsid i" : : : "memory");
 8000934:	b672      	cpsid	i
void Error_Handler(void)
{
  /* USER CODE BEGIN Error_Handler_Debug */
  /* User can add his own implementation to report the HAL error return state */
  __disable_irq();
  while (1)
 8000936:	e7fe      	b.n	8000936 <Error_Handler+0x2>

08000938 <SystemClock_Config>:
{
 8000938:	b510      	push	{r4, lr}
 800093a:	b094      	sub	sp, #80	@ 0x50
  RCC_OscInitTypeDef RCC_OscInitStruct = {0};
 800093c:	ac08      	add	r4, sp, #32
 800093e:	2230      	movs	r2, #48	@ 0x30
 8000940:	2100      	movs	r1, #0
 8000942:	0020      	movs	r0, r4
 8000944:	f002 f94c 	bl	8002be0 <memset>
  RCC_ClkInitTypeDef RCC_ClkInitStruct = {0};
 8000948:	2210      	movs	r2, #16
 800094a:	2100      	movs	r1, #0
 800094c:	a804      	add	r0, sp, #16
 800094e:	f002 f947 	bl	8002be0 <memset>
  RCC_PeriphCLKInitTypeDef PeriphClkInit = {0};
 8000952:	2210      	movs	r2, #16
 8000954:	2100      	movs	r1, #0
 8000956:	4668      	mov	r0, sp
 8000958:	f002 f942 	bl	8002be0 <memset>
  RCC_OscInitStruct.OscillatorType = RCC_OSCILLATORTYPE_HSI14 | RCC_OSCILLATORTYPE_HSE;
 800095c:	2311      	movs	r3, #17
 800095e:	9308      	str	r3, [sp, #32]
  RCC_OscInitStruct.HSEState = RCC_HSE_ON;
 8000960:	3b10      	subs	r3, #16
 8000962:	9309      	str	r3, [sp, #36]	@ 0x24
  RCC_OscInitStruct.HSI14State = RCC_HSI14_ON;
 8000964:	930d      	str	r3, [sp, #52]	@ 0x34
  RCC_OscInitStruct.HSI14CalibrationValue = 16;
 8000966:	330f      	adds	r3, #15
 8000968:	930e      	str	r3, [sp, #56]	@ 0x38
  RCC_OscInitStruct.PLL.PLLState = RCC_PLL_ON;
 800096a:	3b0e      	subs	r3, #14
 800096c:	9310      	str	r3, [sp, #64]	@ 0x40
  RCC_OscInitStruct.PLL.PLLSource = RCC_PLLSOURCE_HSE;
 800096e:	2380      	movs	r3, #128	@ 0x80
 8000970:	025b      	lsls	r3, r3, #9
 8000972:	9311      	str	r3, [sp, #68]	@ 0x44
  RCC_OscInitStruct.PLL.PLLMUL = RCC_PLL_MUL12;
 8000974:	23a0      	movs	r3, #160	@ 0xa0
 8000976:	039b      	lsls	r3, r3, #14
 8000978:	9312      	str	r3, [sp, #72]	@ 0x48
  RCC_OscInitStruct.PLL.PREDIV = RCC_PREDIV_DIV6;
 800097a:	2305      	movs	r3, #5
 800097c:	9313      	str	r3, [sp, #76]	@ 0x4c
  if (HAL_RCC_OscConfig(&RCC_OscInitStruct) != HAL_OK)
 800097e:	0020      	movs	r0, r4
 8000980:	f000 fc9c 	bl	80012bc <HAL_RCC_OscConfig>
 8000984:	2800      	cmp	r0, #0
 8000986:	d119      	bne.n	80009bc <SystemClock_Config+0x84>
  RCC_ClkInitStruct.ClockType = RCC_CLOCKTYPE_HCLK | RCC_CLOCKTYPE_SYSCLK | RCC_CLOCKTYPE_PCLK1;
 8000988:	a804      	add	r0, sp, #16
 800098a:	2307      	movs	r3, #7
 800098c:	9304      	str	r3, [sp, #16]
  RCC_ClkInitStruct.SYSCLKSource = RCC_SYSCLKSOURCE_PLLCLK;
 800098e:	3b05      	subs	r3, #5
 8000990:	6043      	str	r3, [r0, #4]
  RCC_ClkInitStruct.AHBCLKDivider = RCC_SYSCLK_DIV1;
 8000992:	2300      	movs	r3, #0
 8000994:	6083      	str	r3, [r0, #8]
  RCC_ClkInitStruct.APB1CLKDivider = RCC_HCLK_DIV1;
 8000996:	60c3      	str	r3, [r0, #12]
  if (HAL_RCC_ClockConfig(&RCC_ClkInitStruct, FLASH_LATENCY_1) != HAL_OK)
 8000998:	2101      	movs	r1, #1
 800099a:	f000 ff0d 	bl	80017b8 <HAL_RCC_ClockConfig>
 800099e:	2800      	cmp	r0, #0
 80009a0:	d10e      	bne.n	80009c0 <SystemClock_Config+0x88>
  PeriphClkInit.PeriphClockSelection = RCC_PERIPHCLK_USART1 | RCC_PERIPHCLK_I2C1;
 80009a2:	4668      	mov	r0, sp
 80009a4:	2321      	movs	r3, #33	@ 0x21
 80009a6:	9300      	str	r3, [sp, #0]
  PeriphClkInit.Usart1ClockSelection = RCC_USART1CLKSOURCE_PCLK1;
 80009a8:	2300      	movs	r3, #0
 80009aa:	9302      	str	r3, [sp, #8]
  PeriphClkInit.I2c1ClockSelection = RCC_I2C1CLKSOURCE_SYSCLK;
 80009ac:	3310      	adds	r3, #16
 80009ae:	9303      	str	r3, [sp, #12]
  if (HAL_RCCEx_PeriphCLKConfig(&PeriphClkInit) != HAL_OK)
 80009b0:	f000 ffb2 	bl	8001918 <HAL_RCCEx_PeriphCLKConfig>
 80009b4:	2800      	cmp	r0, #0
 80009b6:	d105      	bne.n	80009c4 <SystemClock_Config+0x8c>
}
 80009b8:	b014      	add	sp, #80	@ 0x50
 80009ba:	bd10      	pop	{r4, pc}
    Error_Handler();
 80009bc:	f7ff ffba 	bl	8000934 <Error_Handler>
    Error_Handler();
 80009c0:	f7ff ffb8 	bl	8000934 <Error_Handler>
    Error_Handler();
 80009c4:	f7ff ffb6 	bl	8000934 <Error_Handler>

080009c8 <main>:
{
 80009c8:	b500      	push	{lr}
 80009ca:	b083      	sub	sp, #12
  HAL_Init();
 80009cc:	f000 f8c6 	bl	8000b5c <HAL_Init>
  SystemClock_Config();
 80009d0:	f7ff ffb2 	bl	8000938 <SystemClock_Config>
  MX_GPIO_Init();
 80009d4:	f7ff fe80 	bl	80006d8 <MX_GPIO_Init>
  MX_ADC_Init();
 80009d8:	f7ff fc8e 	bl	80002f8 <MX_ADC_Init>
  MX_I2C1_Init();
 80009dc:	f7ff ff24 	bl	8000828 <MX_I2C1_Init>
  MX_SPI1_Init();
 80009e0:	f000 f836 	bl	8000a50 <MX_SPI1_Init>
  MX_USART1_UART_Init();
 80009e4:	f001 fdf8 	bl	80025d8 <MX_USART1_UART_Init>
  HAL_GPIO_WritePin(AH_GPIO_Port, AH_Pin, GPIO_PIN_SET);
 80009e8:	2180      	movs	r1, #128	@ 0x80
 80009ea:	2090      	movs	r0, #144	@ 0x90
 80009ec:	2201      	movs	r2, #1
 80009ee:	0049      	lsls	r1, r1, #1
 80009f0:	05c0      	lsls	r0, r0, #23
 80009f2:	f000 fb6a 	bl	80010ca <HAL_GPIO_WritePin>
  HAL_GPIO_WritePin(BL_GPIO_Port, BL_Pin, GPIO_PIN_SET);
 80009f6:	2201      	movs	r2, #1
 80009f8:	2101      	movs	r1, #1
 80009fa:	4810      	ldr	r0, [pc, #64]	@ (8000a3c <main+0x74>)
 80009fc:	f000 fb65 	bl	80010ca <HAL_GPIO_WritePin>
  ret = DRV8301_Config(&regs_, 40.0f, NULL);
 8000a00:	2200      	movs	r2, #0
 8000a02:	490f      	ldr	r1, [pc, #60]	@ (8000a40 <main+0x78>)
 8000a04:	a801      	add	r0, sp, #4
 8000a06:	f7ff fdab 	bl	8000560 <DRV8301_Config>
 8000a0a:	1e01      	subs	r1, r0, #0
  if (ret != 0)
 8000a0c:	d10e      	bne.n	8000a2c <main+0x64>
  ret = DRV8301_Init(&regs_);
 8000a0e:	a801      	add	r0, sp, #4
 8000a10:	f7ff fde4 	bl	80005dc <DRV8301_Init>
 8000a14:	1e01      	subs	r1, r0, #0
  if (ret != 0)
 8000a16:	d10d      	bne.n	8000a34 <main+0x6c>
    HAL_GPIO_TogglePin(LED_GPIO_Port, LED_Pin);
 8000a18:	2180      	movs	r1, #128	@ 0x80
 8000a1a:	0189      	lsls	r1, r1, #6
 8000a1c:	4809      	ldr	r0, [pc, #36]	@ (8000a44 <main+0x7c>)
 8000a1e:	f000 fb5a 	bl	80010d6 <HAL_GPIO_TogglePin>
		HAL_Delay(1*1000);
 8000a22:	20fa      	movs	r0, #250	@ 0xfa
 8000a24:	0080      	lsls	r0, r0, #2
 8000a26:	f000 f8bb 	bl	8000ba0 <HAL_Delay>
  while (1)
 8000a2a:	e7f5      	b.n	8000a18 <main+0x50>
    printf("DRV8301_Config Err:%d\r\n", ret);
 8000a2c:	4806      	ldr	r0, [pc, #24]	@ (8000a48 <main+0x80>)
 8000a2e:	f001 ff7f 	bl	8002930 <iprintf>
 8000a32:	e7ec      	b.n	8000a0e <main+0x46>
    printf("DRV8301_Init Err:%d\r\n", ret);
 8000a34:	4805      	ldr	r0, [pc, #20]	@ (8000a4c <main+0x84>)
 8000a36:	f001 ff7b 	bl	8002930 <iprintf>
 8000a3a:	e7ed      	b.n	8000a18 <main+0x50>
 8000a3c:	48000400 	.word	0x48000400
 8000a40:	42200000 	.word	0x42200000
 8000a44:	48000800 	.word	0x48000800
 8000a48:	0800399c 	.word	0x0800399c
 8000a4c:	080039b4 	.word	0x080039b4

08000a50 <MX_SPI1_Init>:

SPI_HandleTypeDef hspi1;

/* SPI1 init function */
void MX_SPI1_Init(void)
{
 8000a50:	b510      	push	{r4, lr}
  /* USER CODE END SPI1_Init 0 */

  /* USER CODE BEGIN SPI1_Init 1 */

  /* USER CODE END SPI1_Init 1 */
  hspi1.Instance = SPI1;
 8000a52:	4811      	ldr	r0, [pc, #68]	@ (8000a98 <MX_SPI1_Init+0x48>)
 8000a54:	4b11      	ldr	r3, [pc, #68]	@ (8000a9c <MX_SPI1_Init+0x4c>)
 8000a56:	6003      	str	r3, [r0, #0]
  hspi1.Init.Mode = SPI_MODE_MASTER;
 8000a58:	2382      	movs	r3, #130	@ 0x82
 8000a5a:	005b      	lsls	r3, r3, #1
 8000a5c:	6043      	str	r3, [r0, #4]
  hspi1.Init.Direction = SPI_DIRECTION_2LINES;
 8000a5e:	2300      	movs	r3, #0
 8000a60:	6083      	str	r3, [r0, #8]
  hspi1.Init.DataSize = SPI_DATASIZE_16BIT;
 8000a62:	22f0      	movs	r2, #240	@ 0xf0
 8000a64:	0112      	lsls	r2, r2, #4
 8000a66:	60c2      	str	r2, [r0, #12]
  hspi1.Init.CLKPolarity = SPI_POLARITY_LOW;
 8000a68:	6103      	str	r3, [r0, #16]
  hspi1.Init.CLKPhase = SPI_PHASE_2EDGE;
 8000a6a:	2201      	movs	r2, #1
 8000a6c:	6142      	str	r2, [r0, #20]
  hspi1.Init.NSS = SPI_NSS_SOFT;
 8000a6e:	2280      	movs	r2, #128	@ 0x80
 8000a70:	0092      	lsls	r2, r2, #2
 8000a72:	6182      	str	r2, [r0, #24]
  hspi1.Init.BaudRatePrescaler = SPI_BAUDRATEPRESCALER_8;
 8000a74:	3af1      	subs	r2, #241	@ 0xf1
 8000a76:	3aff      	subs	r2, #255	@ 0xff
 8000a78:	61c2      	str	r2, [r0, #28]
  hspi1.Init.FirstBit = SPI_FIRSTBIT_MSB;
 8000a7a:	6203      	str	r3, [r0, #32]
  hspi1.Init.TIMode = SPI_TIMODE_DISABLE;
 8000a7c:	6243      	str	r3, [r0, #36]	@ 0x24
  hspi1.Init.CRCCalculation = SPI_CRCCALCULATION_DISABLE;
 8000a7e:	6283      	str	r3, [r0, #40]	@ 0x28
  hspi1.Init.CRCPolynomial = 7;
 8000a80:	3a09      	subs	r2, #9
 8000a82:	62c2      	str	r2, [r0, #44]	@ 0x2c
  hspi1.Init.CRCLength = SPI_CRC_LENGTH_DATASIZE;
 8000a84:	6303      	str	r3, [r0, #48]	@ 0x30
  hspi1.Init.NSSPMode = SPI_NSS_PULSE_DISABLE;
 8000a86:	6343      	str	r3, [r0, #52]	@ 0x34
  if (HAL_SPI_Init(&hspi1) != HAL_OK)
 8000a88:	f001 f900 	bl	8001c8c <HAL_SPI_Init>
 8000a8c:	2800      	cmp	r0, #0
 8000a8e:	d100      	bne.n	8000a92 <MX_SPI1_Init+0x42>
  }
  /* USER CODE BEGIN SPI1_Init 2 */

  /* USER CODE END SPI1_Init 2 */

}
 8000a90:	bd10      	pop	{r4, pc}
    Error_Handler();
 8000a92:	f7ff ff4f 	bl	8000934 <Error_Handler>
}
 8000a96:	e7fb      	b.n	8000a90 <MX_SPI1_Init+0x40>
 8000a98:	20000118 	.word	0x20000118
 8000a9c:	40013000 	.word	0x40013000

08000aa0 <HAL_SPI_MspInit>:

void HAL_SPI_MspInit(SPI_HandleTypeDef* spiHandle)
{
 8000aa0:	b510      	push	{r4, lr}
 8000aa2:	b088      	sub	sp, #32
 8000aa4:	0004      	movs	r4, r0

  GPIO_InitTypeDef GPIO_InitStruct = {0};
 8000aa6:	2214      	movs	r2, #20
 8000aa8:	2100      	movs	r1, #0
 8000aaa:	a803      	add	r0, sp, #12
 8000aac:	f002 f898 	bl	8002be0 <memset>
  if(spiHandle->Instance==SPI1)
 8000ab0:	6822      	ldr	r2, [r4, #0]
 8000ab2:	4b13      	ldr	r3, [pc, #76]	@ (8000b00 <HAL_SPI_MspInit+0x60>)
 8000ab4:	429a      	cmp	r2, r3
 8000ab6:	d001      	beq.n	8000abc <HAL_SPI_MspInit+0x1c>

  /* USER CODE BEGIN SPI1_MspInit 1 */

  /* USER CODE END SPI1_MspInit 1 */
  }
}
 8000ab8:	b008      	add	sp, #32
 8000aba:	bd10      	pop	{r4, pc}
    __HAL_RCC_SPI1_CLK_ENABLE();
 8000abc:	4b11      	ldr	r3, [pc, #68]	@ (8000b04 <HAL_SPI_MspInit+0x64>)
 8000abe:	699a      	ldr	r2, [r3, #24]
 8000ac0:	2180      	movs	r1, #128	@ 0x80
 8000ac2:	0149      	lsls	r1, r1, #5
 8000ac4:	430a      	orrs	r2, r1
 8000ac6:	619a      	str	r2, [r3, #24]
 8000ac8:	699a      	ldr	r2, [r3, #24]
 8000aca:	400a      	ands	r2, r1
 8000acc:	9201      	str	r2, [sp, #4]
 8000ace:	9a01      	ldr	r2, [sp, #4]
    __HAL_RCC_GPIOB_CLK_ENABLE();
 8000ad0:	695a      	ldr	r2, [r3, #20]
 8000ad2:	2180      	movs	r1, #128	@ 0x80
 8000ad4:	02c9      	lsls	r1, r1, #11
 8000ad6:	430a      	orrs	r2, r1
 8000ad8:	615a      	str	r2, [r3, #20]
 8000ada:	695b      	ldr	r3, [r3, #20]
 8000adc:	400b      	ands	r3, r1
 8000ade:	9302      	str	r3, [sp, #8]
 8000ae0:	9b02      	ldr	r3, [sp, #8]
    GPIO_InitStruct.Pin = GPIO_PIN_13|GPIO_PIN_14|GPIO_PIN_15;
 8000ae2:	a903      	add	r1, sp, #12
 8000ae4:	23e0      	movs	r3, #224	@ 0xe0
 8000ae6:	021b      	lsls	r3, r3, #8
 8000ae8:	9303      	str	r3, [sp, #12]
    GPIO_InitStruct.Mode = GPIO_MODE_AF_PP;
 8000aea:	2302      	movs	r3, #2
 8000aec:	604b      	str	r3, [r1, #4]
    GPIO_InitStruct.Pull = GPIO_PULLUP;
 8000aee:	3b01      	subs	r3, #1
 8000af0:	608b      	str	r3, [r1, #8]
    GPIO_InitStruct.Speed = GPIO_SPEED_FREQ_HIGH;
 8000af2:	3302      	adds	r3, #2
 8000af4:	60cb      	str	r3, [r1, #12]
    HAL_GPIO_Init(GPIOB, &GPIO_InitStruct);
 8000af6:	4804      	ldr	r0, [pc, #16]	@ (8000b08 <HAL_SPI_MspInit+0x68>)
 8000af8:	f000 fa22 	bl	8000f40 <HAL_GPIO_Init>
}
 8000afc:	e7dc      	b.n	8000ab8 <HAL_SPI_MspInit+0x18>
 8000afe:	46c0      	nop			@ (mov r8, r8)
 8000b00:	40013000 	.word	0x40013000
 8000b04:	40021000 	.word	0x40021000
 8000b08:	48000400 	.word	0x48000400

08000b0c <HAL_InitTick>:
  *       implementation  in user file.
  * @param TickPriority Tick interrupt priority.
  * @retval HAL status
  */
__weak HAL_StatusTypeDef HAL_InitTick(uint32_t TickPriority)
{
 8000b0c:	b510      	push	{r4, lr}
 8000b0e:	0004      	movs	r4, r0
  /*Configure the SysTick to have interrupt in 1ms time basis*/
  if (HAL_SYSTICK_Config(SystemCoreClock / (1000U / uwTickFreq)) > 0U)
 8000b10:	4b0f      	ldr	r3, [pc, #60]	@ (8000b50 <HAL_InitTick+0x44>)
 8000b12:	7819      	ldrb	r1, [r3, #0]
 8000b14:	20fa      	movs	r0, #250	@ 0xfa
 8000b16:	0080      	lsls	r0, r0, #2
 8000b18:	f7ff fadc 	bl	80000d4 <__udivsi3>
 8000b1c:	0001      	movs	r1, r0
 8000b1e:	4b0d      	ldr	r3, [pc, #52]	@ (8000b54 <HAL_InitTick+0x48>)
 8000b20:	6818      	ldr	r0, [r3, #0]
 8000b22:	f7ff fad7 	bl	80000d4 <__udivsi3>
 8000b26:	f000 fa07 	bl	8000f38 <HAL_SYSTICK_Config>
 8000b2a:	2800      	cmp	r0, #0
 8000b2c:	d10d      	bne.n	8000b4a <HAL_InitTick+0x3e>
  {
    return HAL_ERROR;
  }

  /* Configure the SysTick IRQ priority */
  if (TickPriority < (1UL << __NVIC_PRIO_BITS))
 8000b2e:	2c03      	cmp	r4, #3
 8000b30:	d901      	bls.n	8000b36 <HAL_InitTick+0x2a>
    HAL_NVIC_SetPriority(SysTick_IRQn, TickPriority, 0U);
    uwTickPrio = TickPriority;
  }
  else
  {
    return HAL_ERROR;
 8000b32:	2001      	movs	r0, #1
 8000b34:	e00a      	b.n	8000b4c <HAL_InitTick+0x40>
    HAL_NVIC_SetPriority(SysTick_IRQn, TickPriority, 0U);
 8000b36:	3001      	adds	r0, #1
 8000b38:	2200      	movs	r2, #0
 8000b3a:	0021      	movs	r1, r4
 8000b3c:	4240      	negs	r0, r0
 8000b3e:	f000 f9eb 	bl	8000f18 <HAL_NVIC_SetPriority>
    uwTickPrio = TickPriority;
 8000b42:	4b05      	ldr	r3, [pc, #20]	@ (8000b58 <HAL_InitTick+0x4c>)
 8000b44:	601c      	str	r4, [r3, #0]
  }

   /* Return function status */
  return HAL_OK;
 8000b46:	2000      	movs	r0, #0
 8000b48:	e000      	b.n	8000b4c <HAL_InitTick+0x40>
    return HAL_ERROR;
 8000b4a:	2001      	movs	r0, #1
}
 8000b4c:	bd10      	pop	{r4, pc}
 8000b4e:	46c0      	nop			@ (mov r8, r8)
 8000b50:	20000000 	.word	0x20000000
 8000b54:	20000008 	.word	0x20000008
 8000b58:	20000004 	.word	0x20000004

08000b5c <HAL_Init>:
{
 8000b5c:	b510      	push	{r4, lr}
  __HAL_FLASH_PREFETCH_BUFFER_ENABLE();
 8000b5e:	4a06      	ldr	r2, [pc, #24]	@ (8000b78 <HAL_Init+0x1c>)
 8000b60:	6813      	ldr	r3, [r2, #0]
 8000b62:	2110      	movs	r1, #16
 8000b64:	430b      	orrs	r3, r1
 8000b66:	6013      	str	r3, [r2, #0]
  HAL_InitTick(TICK_INT_PRIORITY);
 8000b68:	2003      	movs	r0, #3
 8000b6a:	f7ff ffcf 	bl	8000b0c <HAL_InitTick>
  HAL_MspInit();
 8000b6e:	f000 fb8d 	bl	800128c <HAL_MspInit>
}
 8000b72:	2000      	movs	r0, #0
 8000b74:	bd10      	pop	{r4, pc}
 8000b76:	46c0      	nop			@ (mov r8, r8)
 8000b78:	40022000 	.word	0x40022000

08000b7c <HAL_IncTick>:
  *       implementations in user file.
  * @retval None
  */
__weak void HAL_IncTick(void)
{
  uwTick += uwTickFreq;
 8000b7c:	4a03      	ldr	r2, [pc, #12]	@ (8000b8c <HAL_IncTick+0x10>)
 8000b7e:	6811      	ldr	r1, [r2, #0]
 8000b80:	4b03      	ldr	r3, [pc, #12]	@ (8000b90 <HAL_IncTick+0x14>)
 8000b82:	781b      	ldrb	r3, [r3, #0]
 8000b84:	185b      	adds	r3, r3, r1
 8000b86:	6013      	str	r3, [r2, #0]
}
 8000b88:	4770      	bx	lr
 8000b8a:	46c0      	nop			@ (mov r8, r8)
 8000b8c:	2000017c 	.word	0x2000017c
 8000b90:	20000000 	.word	0x20000000

08000b94 <HAL_GetTick>:
  *       implementations in user file.
  * @retval tick value
  */
__weak uint32_t HAL_GetTick(void)
{
  return uwTick;
 8000b94:	4b01      	ldr	r3, [pc, #4]	@ (8000b9c <HAL_GetTick+0x8>)
 8000b96:	6818      	ldr	r0, [r3, #0]
}
 8000b98:	4770      	bx	lr
 8000b9a:	46c0      	nop			@ (mov r8, r8)
 8000b9c:	2000017c 	.word	0x2000017c

08000ba0 <HAL_Delay>:
  *       implementations in user file.
  * @param Delay specifies the delay time length, in milliseconds.
  * @retval None
  */
__weak void HAL_Delay(uint32_t Delay)
{
 8000ba0:	b570      	push	{r4, r5, r6, lr}
 8000ba2:	0004      	movs	r4, r0
  uint32_t tickstart = HAL_GetTick();
 8000ba4:	f7ff fff6 	bl	8000b94 <HAL_GetTick>
 8000ba8:	0005      	movs	r5, r0
  uint32_t wait = Delay;
  
  /* Add a freq to guarantee minimum wait */
  if (wait < HAL_MAX_DELAY)
 8000baa:	1c63      	adds	r3, r4, #1
 8000bac:	d002      	beq.n	8000bb4 <HAL_Delay+0x14>
  {
    wait += (uint32_t)(uwTickFreq);
 8000bae:	4b04      	ldr	r3, [pc, #16]	@ (8000bc0 <HAL_Delay+0x20>)
 8000bb0:	781b      	ldrb	r3, [r3, #0]
 8000bb2:	18e4      	adds	r4, r4, r3
  }
  
  while((HAL_GetTick() - tickstart) < wait)
 8000bb4:	f7ff ffee 	bl	8000b94 <HAL_GetTick>
 8000bb8:	1b40      	subs	r0, r0, r5
 8000bba:	42a0      	cmp	r0, r4
 8000bbc:	d3fa      	bcc.n	8000bb4 <HAL_Delay+0x14>
  {
  }
}
 8000bbe:	bd70      	pop	{r4, r5, r6, pc}
 8000bc0:	20000000 	.word	0x20000000

08000bc4 <HAL_ADC_Init>:
  *         of structure "ADC_InitTypeDef".
  * @param  hadc ADC handle
  * @retval HAL status
  */
HAL_StatusTypeDef HAL_ADC_Init(ADC_HandleTypeDef* hadc)
{
 8000bc4:	b570      	push	{r4, r5, r6, lr}
 8000bc6:	1e04      	subs	r4, r0, #0
  HAL_StatusTypeDef tmp_hal_status = HAL_OK;
  uint32_t tmpCFGR1 = 0U;

  /* Check ADC handle */
  if(hadc == NULL)
 8000bc8:	d100      	bne.n	8000bcc <HAL_ADC_Init+0x8>
 8000bca:	e0b4      	b.n	8000d36 <HAL_ADC_Init+0x172>
  /* Refer to header of this file for more details on clock enabling procedure*/
  
  /* Actions performed only if ADC is coming from state reset:                */
  /* - Initialization of ADC MSP                                              */
  /* - ADC voltage regulator enable                                           */
  if (hadc->State == HAL_ADC_STATE_RESET)
 8000bcc:	6b83      	ldr	r3, [r0, #56]	@ 0x38
 8000bce:	2b00      	cmp	r3, #0
 8000bd0:	d100      	bne.n	8000bd4 <HAL_ADC_Init+0x10>
 8000bd2:	e080      	b.n	8000cd6 <HAL_ADC_Init+0x112>
  /* Configuration of ADC parameters if previous preliminary actions are      */ 
  /* correctly completed.                                                     */
  /* and if there is no conversion on going on regular group (ADC can be      */ 
  /* enabled anyway, in case of call of this function to update a parameter   */
  /* on the fly).                                                             */
  if (HAL_IS_BIT_CLR(hadc->State, HAL_ADC_STATE_ERROR_INTERNAL) &&
 8000bd4:	6ba3      	ldr	r3, [r4, #56]	@ 0x38
 8000bd6:	06db      	lsls	r3, r3, #27
 8000bd8:	d500      	bpl.n	8000bdc <HAL_ADC_Init+0x18>
 8000bda:	e0a6      	b.n	8000d2a <HAL_ADC_Init+0x166>
      (tmp_hal_status == HAL_OK)                                &&
      (ADC_IS_CONVERSION_ONGOING_REGULAR(hadc) == RESET)          )
 8000bdc:	6823      	ldr	r3, [r4, #0]
 8000bde:	689a      	ldr	r2, [r3, #8]
 8000be0:	2104      	movs	r1, #4
 8000be2:	0008      	movs	r0, r1
 8000be4:	4010      	ands	r0, r2
      (tmp_hal_status == HAL_OK)                                &&
 8000be6:	4211      	tst	r1, r2
 8000be8:	d000      	beq.n	8000bec <HAL_ADC_Init+0x28>
 8000bea:	e09e      	b.n	8000d2a <HAL_ADC_Init+0x166>
  {
    /* Set ADC state */
    ADC_STATE_CLR_SET(hadc->State,
 8000bec:	6ba2      	ldr	r2, [r4, #56]	@ 0x38
 8000bee:	4953      	ldr	r1, [pc, #332]	@ (8000d3c <HAL_ADC_Init+0x178>)
 8000bf0:	400a      	ands	r2, r1
 8000bf2:	3106      	adds	r1, #6
 8000bf4:	31ff      	adds	r1, #255	@ 0xff
 8000bf6:	430a      	orrs	r2, r1
 8000bf8:	63a2      	str	r2, [r4, #56]	@ 0x38
    /* Parameters update conditioned to ADC state:                            */
    /* Parameters that can be updated only when ADC is disabled:              */
    /*  - ADC clock mode                                                      */
    /*  - ADC clock prescaler                                                 */
    /*  - ADC resolution                                                      */
    if (ADC_IS_ENABLE(hadc) == RESET)
 8000bfa:	6899      	ldr	r1, [r3, #8]
 8000bfc:	2203      	movs	r2, #3
 8000bfe:	400a      	ands	r2, r1
 8000c00:	2a01      	cmp	r2, #1
 8000c02:	d06e      	beq.n	8000ce2 <HAL_ADC_Init+0x11e>
      /* parameters):                                                         */
      /*   - internal measurement paths: Vbat, temperature sensor, Vref       */
      /*     (set into HAL_ADC_ConfigChannel() )                              */
     
      /* Configuration of ADC resolution                                      */
      MODIFY_REG(hadc->Instance->CFGR1,
 8000c04:	68da      	ldr	r2, [r3, #12]
 8000c06:	2118      	movs	r1, #24
 8000c08:	438a      	bics	r2, r1
 8000c0a:	68a1      	ldr	r1, [r4, #8]
 8000c0c:	430a      	orrs	r2, r1
 8000c0e:	60da      	str	r2, [r3, #12]
                 ADC_CFGR1_RES        ,
                 hadc->Init.Resolution );
      
      /* Configuration of ADC clock mode: clock source AHB or HSI with        */
      /* selectable prescaler                                                 */
      MODIFY_REG(hadc->Instance->CFGR2    ,
 8000c10:	6822      	ldr	r2, [r4, #0]
 8000c12:	6913      	ldr	r3, [r2, #16]
 8000c14:	009b      	lsls	r3, r3, #2
 8000c16:	089b      	lsrs	r3, r3, #2
 8000c18:	6861      	ldr	r1, [r4, #4]
 8000c1a:	430b      	orrs	r3, r1
 8000c1c:	6113      	str	r3, [r2, #16]
    /*  - external trigger polarity                                           */
    /*  - data alignment                                                      */
    /*  - resolution                                                          */
    /*  - scan direction                                                      */
    /*  - DMA continuous request                                              */
    hadc->Instance->CFGR1 &= ~( ADC_CFGR1_DISCEN  |
 8000c1e:	6822      	ldr	r2, [r4, #0]
 8000c20:	68d3      	ldr	r3, [r2, #12]
 8000c22:	4947      	ldr	r1, [pc, #284]	@ (8000d40 <HAL_ADC_Init+0x17c>)
 8000c24:	400b      	ands	r3, r1
 8000c26:	60d3      	str	r3, [r2, #12]
                                ADC_CFGR1_EXTEN   |
                                ADC_CFGR1_ALIGN   |
                                ADC_CFGR1_SCANDIR |
                                ADC_CFGR1_DMACFG   );

    tmpCFGR1 |= (ADC_CFGR1_AUTOWAIT((uint32_t)hadc->Init.LowPowerAutoWait)        |
 8000c28:	7e23      	ldrb	r3, [r4, #24]
 8000c2a:	039b      	lsls	r3, r3, #14
                 ADC_CFGR1_AUTOOFF((uint32_t)hadc->Init.LowPowerAutoPowerOff)     |
 8000c2c:	7e62      	ldrb	r2, [r4, #25]
 8000c2e:	03d2      	lsls	r2, r2, #15
    tmpCFGR1 |= (ADC_CFGR1_AUTOWAIT((uint32_t)hadc->Init.LowPowerAutoWait)        |
 8000c30:	4313      	orrs	r3, r2
                 ADC_CFGR1_CONTINUOUS((uint32_t)hadc->Init.ContinuousConvMode)    |
 8000c32:	7ea1      	ldrb	r1, [r4, #26]
 8000c34:	034a      	lsls	r2, r1, #13
                 ADC_CFGR1_AUTOOFF((uint32_t)hadc->Init.LowPowerAutoPowerOff)     |
 8000c36:	4313      	orrs	r3, r2
                 ADC_CFGR1_OVERRUN(hadc->Init.Overrun)                            |
 8000c38:	6aa2      	ldr	r2, [r4, #40]	@ 0x28
 8000c3a:	2a01      	cmp	r2, #1
 8000c3c:	d058      	beq.n	8000cf0 <HAL_ADC_Init+0x12c>
 8000c3e:	2280      	movs	r2, #128	@ 0x80
 8000c40:	0152      	lsls	r2, r2, #5
                 ADC_CFGR1_CONTINUOUS((uint32_t)hadc->Init.ContinuousConvMode)    |
 8000c42:	4313      	orrs	r3, r2
                 hadc->Init.DataAlign                                             |
 8000c44:	68e2      	ldr	r2, [r4, #12]
                 ADC_CFGR1_OVERRUN(hadc->Init.Overrun)                            |
 8000c46:	4313      	orrs	r3, r2
                 ADC_SCANDIR(hadc->Init.ScanConvMode)                             |
 8000c48:	6922      	ldr	r2, [r4, #16]
 8000c4a:	2a02      	cmp	r2, #2
 8000c4c:	d052      	beq.n	8000cf4 <HAL_ADC_Init+0x130>
                 hadc->Init.DataAlign                                             |
 8000c4e:	4303      	orrs	r3, r0
                 ADC_CFGR1_DMACONTREQ((uint32_t)hadc->Init.DMAContinuousRequests)  );
 8000c50:	2224      	movs	r2, #36	@ 0x24
 8000c52:	5ca2      	ldrb	r2, [r4, r2]
 8000c54:	0052      	lsls	r2, r2, #1
                 ADC_SCANDIR(hadc->Init.ScanConvMode)                             |
 8000c56:	4313      	orrs	r3, r2
    
    /* Enable discontinuous mode only if continuous mode is disabled */
    if (hadc->Init.DiscontinuousConvMode == ENABLE)
 8000c58:	7ee2      	ldrb	r2, [r4, #27]
 8000c5a:	2a01      	cmp	r2, #1
 8000c5c:	d04c      	beq.n	8000cf8 <HAL_ADC_Init+0x134>
    /* Enable external trigger if trigger selection is different of software  */
    /* start.                                                                 */
    /* Note: This configuration keeps the hardware feature of parameter       */
    /*       ExternalTrigConvEdge "trigger edge none" equivalent to           */
    /*       software start.                                                  */
    if (hadc->Init.ExternalTrigConv != ADC_SOFTWARE_START)
 8000c5e:	69e2      	ldr	r2, [r4, #28]
 8000c60:	21c2      	movs	r1, #194	@ 0xc2
 8000c62:	31ff      	adds	r1, #255	@ 0xff
 8000c64:	428a      	cmp	r2, r1
 8000c66:	d002      	beq.n	8000c6e <HAL_ADC_Init+0xaa>
    {
      tmpCFGR1 |= ( hadc->Init.ExternalTrigConv    |
                    hadc->Init.ExternalTrigConvEdge );
 8000c68:	6a21      	ldr	r1, [r4, #32]
      tmpCFGR1 |= ( hadc->Init.ExternalTrigConv    |
 8000c6a:	430a      	orrs	r2, r1
 8000c6c:	4313      	orrs	r3, r2
    }
    
    /* Update ADC configuration register with previous settings */
    hadc->Instance->CFGR1 |= tmpCFGR1;
 8000c6e:	6821      	ldr	r1, [r4, #0]
 8000c70:	68ca      	ldr	r2, [r1, #12]
 8000c72:	431a      	orrs	r2, r3
 8000c74:	60ca      	str	r2, [r1, #12]
    /* Management of parameters "SamplingTimeCommon" and "SamplingTime"       */
    /* (obsolete): sampling time set in this function if parameter            */
    /*  "SamplingTimeCommon" has been set to a valid sampling time.           */
    /* Otherwise, sampling time is set into ADC channel initialization        */
    /* structure with parameter "SamplingTime" (obsolete).                    */
    if (IS_ADC_SAMPLE_TIME(hadc->Init.SamplingTimeCommon))
 8000c76:	6ae2      	ldr	r2, [r4, #44]	@ 0x2c
 8000c78:	2180      	movs	r1, #128	@ 0x80
 8000c7a:	0549      	lsls	r1, r1, #21
 8000c7c:	428a      	cmp	r2, r1
 8000c7e:	d00d      	beq.n	8000c9c <HAL_ADC_Init+0xd8>
 8000c80:	2a01      	cmp	r2, #1
 8000c82:	d00b      	beq.n	8000c9c <HAL_ADC_Init+0xd8>
 8000c84:	2a02      	cmp	r2, #2
 8000c86:	d009      	beq.n	8000c9c <HAL_ADC_Init+0xd8>
 8000c88:	2a03      	cmp	r2, #3
 8000c8a:	d007      	beq.n	8000c9c <HAL_ADC_Init+0xd8>
 8000c8c:	2a04      	cmp	r2, #4
 8000c8e:	d005      	beq.n	8000c9c <HAL_ADC_Init+0xd8>
 8000c90:	2a05      	cmp	r2, #5
 8000c92:	d003      	beq.n	8000c9c <HAL_ADC_Init+0xd8>
 8000c94:	2a06      	cmp	r2, #6
 8000c96:	d001      	beq.n	8000c9c <HAL_ADC_Init+0xd8>
 8000c98:	2a07      	cmp	r2, #7
 8000c9a:	d10a      	bne.n	8000cb2 <HAL_ADC_Init+0xee>
    {
      /* Channel sampling time configuration */
      /* Clear the old sample time */
      hadc->Instance->SMPR &= ~(ADC_SMPR_SMP);
 8000c9c:	6820      	ldr	r0, [r4, #0]
 8000c9e:	6941      	ldr	r1, [r0, #20]
 8000ca0:	2207      	movs	r2, #7
 8000ca2:	4391      	bics	r1, r2
 8000ca4:	6141      	str	r1, [r0, #20]
      
      /* Set the new sample time */
      hadc->Instance->SMPR |= ADC_SMPR_SET(hadc->Init.SamplingTimeCommon);
 8000ca6:	6820      	ldr	r0, [r4, #0]
 8000ca8:	6941      	ldr	r1, [r0, #20]
 8000caa:	6ae5      	ldr	r5, [r4, #44]	@ 0x2c
 8000cac:	402a      	ands	r2, r5
 8000cae:	430a      	orrs	r2, r1
 8000cb0:	6142      	str	r2, [r0, #20]
    /* Check back that ADC registers have effectively been configured to      */
    /* ensure of no potential problem of ADC core IP clocking.                */
    /* Check through register CFGR1 (excluding analog watchdog configuration: */
    /* set into separate dedicated function, and bits of ADC resolution set   */
    /* out of temporary variable 'tmpCFGR1').                                 */
    if ((hadc->Instance->CFGR1 & ~(ADC_CFGR1_AWDCH | ADC_CFGR1_AWDEN | ADC_CFGR1_AWDSGL | ADC_CFGR1_RES))
 8000cb2:	6822      	ldr	r2, [r4, #0]
 8000cb4:	68d2      	ldr	r2, [r2, #12]
 8000cb6:	4923      	ldr	r1, [pc, #140]	@ (8000d44 <HAL_ADC_Init+0x180>)
 8000cb8:	400a      	ands	r2, r1
 8000cba:	429a      	cmp	r2, r3
 8000cbc:	d02b      	beq.n	8000d16 <HAL_ADC_Init+0x152>
                        HAL_ADC_STATE_READY);
    }
    else
    {
      /* Update ADC state machine to error */
      ADC_STATE_CLR_SET(hadc->State,
 8000cbe:	6ba3      	ldr	r3, [r4, #56]	@ 0x38
 8000cc0:	2212      	movs	r2, #18
 8000cc2:	4393      	bics	r3, r2
 8000cc4:	3a02      	subs	r2, #2
 8000cc6:	4313      	orrs	r3, r2
 8000cc8:	63a3      	str	r3, [r4, #56]	@ 0x38
                        HAL_ADC_STATE_BUSY_INTERNAL,
                        HAL_ADC_STATE_ERROR_INTERNAL);
      
      /* Set ADC error code to ADC IP internal error */
      SET_BIT(hadc->ErrorCode, HAL_ADC_ERROR_INTERNAL);
 8000cca:	6be3      	ldr	r3, [r4, #60]	@ 0x3c
 8000ccc:	3a0f      	subs	r2, #15
 8000cce:	4313      	orrs	r3, r2
 8000cd0:	63e3      	str	r3, [r4, #60]	@ 0x3c
      
      tmp_hal_status = HAL_ERROR;
 8000cd2:	2001      	movs	r0, #1
 8000cd4:	e02e      	b.n	8000d34 <HAL_ADC_Init+0x170>
    ADC_CLEAR_ERRORCODE(hadc);
 8000cd6:	63c3      	str	r3, [r0, #60]	@ 0x3c
    hadc->Lock = HAL_UNLOCKED;
 8000cd8:	2234      	movs	r2, #52	@ 0x34
 8000cda:	5483      	strb	r3, [r0, r2]
    HAL_ADC_MspInit(hadc);
 8000cdc:	f7ff fb5e 	bl	800039c <HAL_ADC_MspInit>
 8000ce0:	e778      	b.n	8000bd4 <HAL_ADC_Init+0x10>
    if (ADC_IS_ENABLE(hadc) == RESET)
 8000ce2:	681a      	ldr	r2, [r3, #0]
 8000ce4:	07d2      	lsls	r2, r2, #31
 8000ce6:	d49a      	bmi.n	8000c1e <HAL_ADC_Init+0x5a>
 8000ce8:	68da      	ldr	r2, [r3, #12]
 8000cea:	0412      	lsls	r2, r2, #16
 8000cec:	d497      	bmi.n	8000c1e <HAL_ADC_Init+0x5a>
 8000cee:	e789      	b.n	8000c04 <HAL_ADC_Init+0x40>
                 ADC_CFGR1_OVERRUN(hadc->Init.Overrun)                            |
 8000cf0:	0002      	movs	r2, r0
 8000cf2:	e7a6      	b.n	8000c42 <HAL_ADC_Init+0x7e>
                 ADC_SCANDIR(hadc->Init.ScanConvMode)                             |
 8000cf4:	2004      	movs	r0, #4
 8000cf6:	e7aa      	b.n	8000c4e <HAL_ADC_Init+0x8a>
      if (hadc->Init.ContinuousConvMode == DISABLE)
 8000cf8:	2900      	cmp	r1, #0
 8000cfa:	d103      	bne.n	8000d04 <HAL_ADC_Init+0x140>
        tmpCFGR1 |= ADC_CFGR1_DISCEN;
 8000cfc:	2280      	movs	r2, #128	@ 0x80
 8000cfe:	0252      	lsls	r2, r2, #9
 8000d00:	4313      	orrs	r3, r2
 8000d02:	e7ac      	b.n	8000c5e <HAL_ADC_Init+0x9a>
        SET_BIT(hadc->State, HAL_ADC_STATE_ERROR_CONFIG);
 8000d04:	6ba2      	ldr	r2, [r4, #56]	@ 0x38
 8000d06:	2120      	movs	r1, #32
 8000d08:	430a      	orrs	r2, r1
 8000d0a:	63a2      	str	r2, [r4, #56]	@ 0x38
        SET_BIT(hadc->ErrorCode, HAL_ADC_ERROR_INTERNAL);
 8000d0c:	6be2      	ldr	r2, [r4, #60]	@ 0x3c
 8000d0e:	391f      	subs	r1, #31
 8000d10:	430a      	orrs	r2, r1
 8000d12:	63e2      	str	r2, [r4, #60]	@ 0x3c
 8000d14:	e7a3      	b.n	8000c5e <HAL_ADC_Init+0x9a>
      ADC_CLEAR_ERRORCODE(hadc);
 8000d16:	2300      	movs	r3, #0
 8000d18:	63e3      	str	r3, [r4, #60]	@ 0x3c
      ADC_STATE_CLR_SET(hadc->State,
 8000d1a:	6ba3      	ldr	r3, [r4, #56]	@ 0x38
 8000d1c:	2203      	movs	r2, #3
 8000d1e:	4393      	bics	r3, r2
 8000d20:	3a02      	subs	r2, #2
 8000d22:	4313      	orrs	r3, r2
 8000d24:	63a3      	str	r3, [r4, #56]	@ 0x38
  HAL_StatusTypeDef tmp_hal_status = HAL_OK;
 8000d26:	2000      	movs	r0, #0
 8000d28:	e004      	b.n	8000d34 <HAL_ADC_Init+0x170>
  
  }
  else
  {
    /* Update ADC state machine to error */
    SET_BIT(hadc->State, HAL_ADC_STATE_ERROR_INTERNAL);
 8000d2a:	6ba3      	ldr	r3, [r4, #56]	@ 0x38
 8000d2c:	2210      	movs	r2, #16
 8000d2e:	4313      	orrs	r3, r2
 8000d30:	63a3      	str	r3, [r4, #56]	@ 0x38
        
    tmp_hal_status = HAL_ERROR;
 8000d32:	2001      	movs	r0, #1
  }
  
  /* Return function status */
  return tmp_hal_status;
}
 8000d34:	bd70      	pop	{r4, r5, r6, pc}
    return HAL_ERROR;
 8000d36:	2001      	movs	r0, #1
 8000d38:	e7fc      	b.n	8000d34 <HAL_ADC_Init+0x170>
 8000d3a:	46c0      	nop			@ (mov r8, r8)
 8000d3c:	fffffefd 	.word	0xfffffefd
 8000d40:	fffe0219 	.word	0xfffe0219
 8000d44:	833fffe7 	.word	0x833fffe7

08000d48 <HAL_ADC_ConfigChannel>:
  * @param  hadc ADC handle
  * @param  sConfig Structure of ADC channel for regular group.
  * @retval HAL status
  */
HAL_StatusTypeDef HAL_ADC_ConfigChannel(ADC_HandleTypeDef* hadc, ADC_ChannelConfTypeDef* sConfig)
{
 8000d48:	b530      	push	{r4, r5, lr}
 8000d4a:	b083      	sub	sp, #12
 8000d4c:	0004      	movs	r4, r0
  HAL_StatusTypeDef tmp_hal_status = HAL_OK;
  __IO uint32_t wait_loop_index = 0U;
 8000d4e:	2300      	movs	r3, #0
 8000d50:	9301      	str	r3, [sp, #4]
  {
    assert_param(IS_ADC_SAMPLE_TIME(sConfig->SamplingTime));
  }
  
  /* Process locked */
  __HAL_LOCK(hadc);
 8000d52:	3334      	adds	r3, #52	@ 0x34
 8000d54:	5cc3      	ldrb	r3, [r0, r3]
 8000d56:	2b01      	cmp	r3, #1
 8000d58:	d100      	bne.n	8000d5c <HAL_ADC_ConfigChannel+0x14>
 8000d5a:	e081      	b.n	8000e60 <HAL_ADC_ConfigChannel+0x118>
 8000d5c:	2334      	movs	r3, #52	@ 0x34
 8000d5e:	2201      	movs	r2, #1
 8000d60:	54c2      	strb	r2, [r0, r3]
  /* Parameters that can be updated when ADC is disabled or enabled without   */
  /* conversion on going on regular group:                                    */
  /*  - Channel number                                                        */
  /*  - Channel sampling time                                                 */
  /*  - Management of internal measurement channels: VrefInt/TempSensor/Vbat  */
  if (ADC_IS_CONVERSION_ONGOING_REGULAR(hadc) == RESET)
 8000d62:	6802      	ldr	r2, [r0, #0]
 8000d64:	6893      	ldr	r3, [r2, #8]
 8000d66:	075b      	lsls	r3, r3, #29
 8000d68:	d46c      	bmi.n	8000e44 <HAL_ADC_ConfigChannel+0xfc>
  {
    /* Configure channel: depending on rank setting, add it or remove it from */
    /* ADC conversion sequencer.                                              */
    if (sConfig->Rank != ADC_RANK_NONE)
 8000d6a:	6848      	ldr	r0, [r1, #4]
 8000d6c:	4b3d      	ldr	r3, [pc, #244]	@ (8000e64 <HAL_ADC_ConfigChannel+0x11c>)
 8000d6e:	4298      	cmp	r0, r3
 8000d70:	d04d      	beq.n	8000e0e <HAL_ADC_ConfigChannel+0xc6>
    {
      /* Regular sequence configuration */
      /* Set the channel selection register from the selected channel */
      hadc->Instance->CHSELR |= ADC_CHSELR_CHANNEL(sConfig->Channel);
 8000d72:	6a93      	ldr	r3, [r2, #40]	@ 0x28
 8000d74:	680d      	ldr	r5, [r1, #0]
 8000d76:	2001      	movs	r0, #1
 8000d78:	40a8      	lsls	r0, r5
 8000d7a:	4303      	orrs	r3, r0
 8000d7c:	6293      	str	r3, [r2, #40]	@ 0x28
      /* Channel sampling time configuration */
      /* Management of parameters "SamplingTimeCommon" and "SamplingTime"     */
      /* (obsolete): sampling time set in this function with                  */
      /* parameter "SamplingTime" (obsolete) only if not already set into     */
      /* ADC initialization structure with parameter "SamplingTimeCommon".    */
      if (! IS_ADC_SAMPLE_TIME(hadc->Init.SamplingTimeCommon))
 8000d7e:	6ae3      	ldr	r3, [r4, #44]	@ 0x2c
 8000d80:	2b07      	cmp	r3, #7
 8000d82:	d827      	bhi.n	8000dd4 <HAL_ADC_ConfigChannel+0x8c>
 8000d84:	2b00      	cmp	r3, #0
 8000d86:	d110      	bne.n	8000daa <HAL_ADC_ConfigChannel+0x62>
      {
        /* Modify sampling time if needed (not needed in case of recurrence */
        /* for several channels programmed consecutively into the sequencer)  */
        if (sConfig->SamplingTime != ADC_GET_SAMPLINGTIME(hadc))
 8000d88:	6888      	ldr	r0, [r1, #8]
 8000d8a:	6822      	ldr	r2, [r4, #0]
 8000d8c:	6955      	ldr	r5, [r2, #20]
 8000d8e:	2307      	movs	r3, #7
 8000d90:	402b      	ands	r3, r5
 8000d92:	4298      	cmp	r0, r3
 8000d94:	d009      	beq.n	8000daa <HAL_ADC_ConfigChannel+0x62>
        {
          /* Channel sampling time configuration */
          /* Clear the old sample time */
          hadc->Instance->SMPR &= ~(ADC_SMPR_SMP);
 8000d96:	6950      	ldr	r0, [r2, #20]
 8000d98:	2307      	movs	r3, #7
 8000d9a:	4398      	bics	r0, r3
 8000d9c:	6150      	str	r0, [r2, #20]
          
          /* Set the new sample time */
          hadc->Instance->SMPR |= ADC_SMPR_SET(sConfig->SamplingTime);
 8000d9e:	6820      	ldr	r0, [r4, #0]
 8000da0:	6942      	ldr	r2, [r0, #20]
 8000da2:	688d      	ldr	r5, [r1, #8]
 8000da4:	402b      	ands	r3, r5
 8000da6:	4313      	orrs	r3, r2
 8000da8:	6143      	str	r3, [r0, #20]
      /* internal measurement paths enable: If internal channel selected,     */
      /* enable dedicated internal buffers and path.                          */
      /* Note: these internal measurement paths can be disabled using         */
      /*       HAL_ADC_DeInit() or removing the channel from sequencer with   */
      /*       channel configuration parameter "Rank".                        */
      if(ADC_IS_CHANNEL_INTERNAL(sConfig->Channel))
 8000daa:	680b      	ldr	r3, [r1, #0]
 8000dac:	001a      	movs	r2, r3
 8000dae:	3a10      	subs	r2, #16
 8000db0:	2a02      	cmp	r2, #2
 8000db2:	d851      	bhi.n	8000e58 <HAL_ADC_ConfigChannel+0x110>
      {
        /* If Channel_16 is selected, enable Temp. sensor measurement path. */
        /* If Channel_17 is selected, enable VREFINT measurement path. */
        /* If Channel_18 is selected, enable VBAT measurement path. */
        ADC->CCR |= ADC_CHANNEL_INTERNAL_PATH(sConfig->Channel);
 8000db4:	4a2c      	ldr	r2, [pc, #176]	@ (8000e68 <HAL_ADC_ConfigChannel+0x120>)
 8000db6:	6812      	ldr	r2, [r2, #0]
 8000db8:	2b10      	cmp	r3, #16
 8000dba:	d013      	beq.n	8000de4 <HAL_ADC_ConfigChannel+0x9c>
 8000dbc:	2b11      	cmp	r3, #17
 8000dbe:	d00e      	beq.n	8000dde <HAL_ADC_ConfigChannel+0x96>
 8000dc0:	2380      	movs	r3, #128	@ 0x80
 8000dc2:	045b      	lsls	r3, r3, #17
 8000dc4:	4313      	orrs	r3, r2
 8000dc6:	4a28      	ldr	r2, [pc, #160]	@ (8000e68 <HAL_ADC_ConfigChannel+0x120>)
 8000dc8:	6013      	str	r3, [r2, #0]
        
        /* If Temp. sensor is selected, wait for stabilization delay */
        if (sConfig->Channel == ADC_CHANNEL_TEMPSENSOR)
 8000dca:	680b      	ldr	r3, [r1, #0]
 8000dcc:	2b10      	cmp	r3, #16
 8000dce:	d00c      	beq.n	8000dea <HAL_ADC_ConfigChannel+0xa2>
  HAL_StatusTypeDef tmp_hal_status = HAL_OK;
 8000dd0:	2000      	movs	r0, #0
 8000dd2:	e03c      	b.n	8000e4e <HAL_ADC_ConfigChannel+0x106>
 8000dd4:	2280      	movs	r2, #128	@ 0x80
 8000dd6:	0552      	lsls	r2, r2, #21
 8000dd8:	4293      	cmp	r3, r2
 8000dda:	d0e6      	beq.n	8000daa <HAL_ADC_ConfigChannel+0x62>
 8000ddc:	e7d4      	b.n	8000d88 <HAL_ADC_ConfigChannel+0x40>
        ADC->CCR |= ADC_CHANNEL_INTERNAL_PATH(sConfig->Channel);
 8000dde:	2380      	movs	r3, #128	@ 0x80
 8000de0:	03db      	lsls	r3, r3, #15
 8000de2:	e7ef      	b.n	8000dc4 <HAL_ADC_ConfigChannel+0x7c>
 8000de4:	2380      	movs	r3, #128	@ 0x80
 8000de6:	041b      	lsls	r3, r3, #16
 8000de8:	e7ec      	b.n	8000dc4 <HAL_ADC_ConfigChannel+0x7c>
        {
          /* Delay for temperature sensor stabilization time */
          /* Compute number of CPU cycles to wait for */
          wait_loop_index = (ADC_TEMPSENSOR_DELAY_US * (SystemCoreClock / 1000000U));
 8000dea:	4b20      	ldr	r3, [pc, #128]	@ (8000e6c <HAL_ADC_ConfigChannel+0x124>)
 8000dec:	6818      	ldr	r0, [r3, #0]
 8000dee:	4920      	ldr	r1, [pc, #128]	@ (8000e70 <HAL_ADC_ConfigChannel+0x128>)
 8000df0:	f7ff f970 	bl	80000d4 <__udivsi3>
 8000df4:	0083      	lsls	r3, r0, #2
 8000df6:	181b      	adds	r3, r3, r0
 8000df8:	005b      	lsls	r3, r3, #1
 8000dfa:	9301      	str	r3, [sp, #4]
          while(wait_loop_index != 0U)
 8000dfc:	e002      	b.n	8000e04 <HAL_ADC_ConfigChannel+0xbc>
          {
            wait_loop_index--;
 8000dfe:	9b01      	ldr	r3, [sp, #4]
 8000e00:	3b01      	subs	r3, #1
 8000e02:	9301      	str	r3, [sp, #4]
          while(wait_loop_index != 0U)
 8000e04:	9b01      	ldr	r3, [sp, #4]
 8000e06:	2b00      	cmp	r3, #0
 8000e08:	d1f9      	bne.n	8000dfe <HAL_ADC_ConfigChannel+0xb6>
  HAL_StatusTypeDef tmp_hal_status = HAL_OK;
 8000e0a:	2000      	movs	r0, #0
 8000e0c:	e01f      	b.n	8000e4e <HAL_ADC_ConfigChannel+0x106>
    }
    else
    {
      /* Regular sequence configuration */
      /* Reset the channel selection register from the selected channel */
      hadc->Instance->CHSELR &= ~ADC_CHSELR_CHANNEL(sConfig->Channel);
 8000e0e:	6a93      	ldr	r3, [r2, #40]	@ 0x28
 8000e10:	680d      	ldr	r5, [r1, #0]
 8000e12:	2001      	movs	r0, #1
 8000e14:	40a8      	lsls	r0, r5
 8000e16:	4383      	bics	r3, r0
 8000e18:	6293      	str	r3, [r2, #40]	@ 0x28
      
      /* Management of internal measurement channels: VrefInt/TempSensor/Vbat */
      /* internal measurement paths disable: If internal channel selected,    */
      /* disable dedicated internal buffers and path.                         */
      if(ADC_IS_CHANNEL_INTERNAL(sConfig->Channel))
 8000e1a:	680b      	ldr	r3, [r1, #0]
 8000e1c:	001a      	movs	r2, r3
 8000e1e:	3a10      	subs	r2, #16
 8000e20:	2a02      	cmp	r2, #2
 8000e22:	d81b      	bhi.n	8000e5c <HAL_ADC_ConfigChannel+0x114>
      {
        /* If Channel_16 is selected, disable Temp. sensor measurement path. */
        /* If Channel_17 is selected, disable VREFINT measurement path. */
        /* If Channel_18 is selected, disable VBAT measurement path. */
        ADC->CCR &= ~ADC_CHANNEL_INTERNAL_PATH(sConfig->Channel);
 8000e24:	4a10      	ldr	r2, [pc, #64]	@ (8000e68 <HAL_ADC_ConfigChannel+0x120>)
 8000e26:	6812      	ldr	r2, [r2, #0]
 8000e28:	2b10      	cmp	r3, #16
 8000e2a:	d009      	beq.n	8000e40 <HAL_ADC_ConfigChannel+0xf8>
 8000e2c:	2b11      	cmp	r3, #17
 8000e2e:	d005      	beq.n	8000e3c <HAL_ADC_ConfigChannel+0xf4>
 8000e30:	4b10      	ldr	r3, [pc, #64]	@ (8000e74 <HAL_ADC_ConfigChannel+0x12c>)
 8000e32:	4013      	ands	r3, r2
 8000e34:	4a0c      	ldr	r2, [pc, #48]	@ (8000e68 <HAL_ADC_ConfigChannel+0x120>)
 8000e36:	6013      	str	r3, [r2, #0]
  HAL_StatusTypeDef tmp_hal_status = HAL_OK;
 8000e38:	2000      	movs	r0, #0
 8000e3a:	e008      	b.n	8000e4e <HAL_ADC_ConfigChannel+0x106>
        ADC->CCR &= ~ADC_CHANNEL_INTERNAL_PATH(sConfig->Channel);
 8000e3c:	4b0e      	ldr	r3, [pc, #56]	@ (8000e78 <HAL_ADC_ConfigChannel+0x130>)
 8000e3e:	e7f8      	b.n	8000e32 <HAL_ADC_ConfigChannel+0xea>
 8000e40:	4b0e      	ldr	r3, [pc, #56]	@ (8000e7c <HAL_ADC_ConfigChannel+0x134>)
 8000e42:	e7f6      	b.n	8000e32 <HAL_ADC_ConfigChannel+0xea>
  /* channel could be done on neither of the channel configuration structure  */
  /* parameters.                                                              */
  else
  {
    /* Update ADC state machine to error */
    SET_BIT(hadc->State, HAL_ADC_STATE_ERROR_CONFIG);
 8000e44:	6b83      	ldr	r3, [r0, #56]	@ 0x38
 8000e46:	2220      	movs	r2, #32
 8000e48:	4313      	orrs	r3, r2
 8000e4a:	6383      	str	r3, [r0, #56]	@ 0x38
    
    tmp_hal_status = HAL_ERROR;
 8000e4c:	2001      	movs	r0, #1
  }
  
  /* Process unlocked */
  __HAL_UNLOCK(hadc);
 8000e4e:	2334      	movs	r3, #52	@ 0x34
 8000e50:	2200      	movs	r2, #0
 8000e52:	54e2      	strb	r2, [r4, r3]
  
  /* Return function status */
  return tmp_hal_status;
}
 8000e54:	b003      	add	sp, #12
 8000e56:	bd30      	pop	{r4, r5, pc}
  HAL_StatusTypeDef tmp_hal_status = HAL_OK;
 8000e58:	2000      	movs	r0, #0
 8000e5a:	e7f8      	b.n	8000e4e <HAL_ADC_ConfigChannel+0x106>
 8000e5c:	2000      	movs	r0, #0
 8000e5e:	e7f6      	b.n	8000e4e <HAL_ADC_ConfigChannel+0x106>
  __HAL_LOCK(hadc);
 8000e60:	2002      	movs	r0, #2
 8000e62:	e7f7      	b.n	8000e54 <HAL_ADC_ConfigChannel+0x10c>
 8000e64:	00001001 	.word	0x00001001
 8000e68:	40012708 	.word	0x40012708
 8000e6c:	20000008 	.word	0x20000008
 8000e70:	000f4240 	.word	0x000f4240
 8000e74:	feffffff 	.word	0xfeffffff
 8000e78:	ffbfffff 	.word	0xffbfffff
 8000e7c:	ff7fffff 	.word	0xff7fffff

08000e80 <__NVIC_SetPriority>:
  \param [in]      IRQn  Interrupt number.
  \param [in]  priority  Priority to set.
  \note    The priority cannot be set for every processor exception.
 */
__STATIC_INLINE void __NVIC_SetPriority(IRQn_Type IRQn, uint32_t priority)
{
 8000e80:	b570      	push	{r4, r5, r6, lr}
  if ((int32_t)(IRQn) >= 0)
 8000e82:	2800      	cmp	r0, #0
 8000e84:	db11      	blt.n	8000eaa <__NVIC_SetPriority+0x2a>
  {
    NVIC->IP[_IP_IDX(IRQn)]  = ((uint32_t)(NVIC->IP[_IP_IDX(IRQn)]  & ~(0xFFUL << _BIT_SHIFT(IRQn))) |
 8000e86:	0883      	lsrs	r3, r0, #2
 8000e88:	4d13      	ldr	r5, [pc, #76]	@ (8000ed8 <__NVIC_SetPriority+0x58>)
 8000e8a:	33c0      	adds	r3, #192	@ 0xc0
 8000e8c:	009b      	lsls	r3, r3, #2
 8000e8e:	595c      	ldr	r4, [r3, r5]
 8000e90:	2203      	movs	r2, #3
 8000e92:	4010      	ands	r0, r2
 8000e94:	00c0      	lsls	r0, r0, #3
 8000e96:	32fc      	adds	r2, #252	@ 0xfc
 8000e98:	0016      	movs	r6, r2
 8000e9a:	4086      	lsls	r6, r0
 8000e9c:	43b4      	bics	r4, r6
       (((priority << (8U - __NVIC_PRIO_BITS)) & (uint32_t)0xFFUL) << _BIT_SHIFT(IRQn)));
 8000e9e:	0189      	lsls	r1, r1, #6
 8000ea0:	400a      	ands	r2, r1
 8000ea2:	4082      	lsls	r2, r0
    NVIC->IP[_IP_IDX(IRQn)]  = ((uint32_t)(NVIC->IP[_IP_IDX(IRQn)]  & ~(0xFFUL << _BIT_SHIFT(IRQn))) |
 8000ea4:	4322      	orrs	r2, r4
 8000ea6:	515a      	str	r2, [r3, r5]
  else
  {
    SCB->SHP[_SHP_IDX(IRQn)] = ((uint32_t)(SCB->SHP[_SHP_IDX(IRQn)] & ~(0xFFUL << _BIT_SHIFT(IRQn))) |
       (((priority << (8U - __NVIC_PRIO_BITS)) & (uint32_t)0xFFUL) << _BIT_SHIFT(IRQn)));
  }
}
 8000ea8:	bd70      	pop	{r4, r5, r6, pc}
    SCB->SHP[_SHP_IDX(IRQn)] = ((uint32_t)(SCB->SHP[_SHP_IDX(IRQn)] & ~(0xFFUL << _BIT_SHIFT(IRQn))) |
 8000eaa:	230f      	movs	r3, #15
 8000eac:	4003      	ands	r3, r0
 8000eae:	3b08      	subs	r3, #8
 8000eb0:	089b      	lsrs	r3, r3, #2
 8000eb2:	3306      	adds	r3, #6
 8000eb4:	009b      	lsls	r3, r3, #2
 8000eb6:	4a09      	ldr	r2, [pc, #36]	@ (8000edc <__NVIC_SetPriority+0x5c>)
 8000eb8:	4694      	mov	ip, r2
 8000eba:	4463      	add	r3, ip
 8000ebc:	685c      	ldr	r4, [r3, #4]
 8000ebe:	2203      	movs	r2, #3
 8000ec0:	4010      	ands	r0, r2
 8000ec2:	00c0      	lsls	r0, r0, #3
 8000ec4:	32fc      	adds	r2, #252	@ 0xfc
 8000ec6:	0015      	movs	r5, r2
 8000ec8:	4085      	lsls	r5, r0
 8000eca:	43ac      	bics	r4, r5
       (((priority << (8U - __NVIC_PRIO_BITS)) & (uint32_t)0xFFUL) << _BIT_SHIFT(IRQn)));
 8000ecc:	0189      	lsls	r1, r1, #6
 8000ece:	400a      	ands	r2, r1
 8000ed0:	4082      	lsls	r2, r0
    SCB->SHP[_SHP_IDX(IRQn)] = ((uint32_t)(SCB->SHP[_SHP_IDX(IRQn)] & ~(0xFFUL << _BIT_SHIFT(IRQn))) |
 8000ed2:	4322      	orrs	r2, r4
 8000ed4:	605a      	str	r2, [r3, #4]
}
 8000ed6:	e7e7      	b.n	8000ea8 <__NVIC_SetPriority+0x28>
 8000ed8:	e000e100 	.word	0xe000e100
 8000edc:	e000ed00 	.word	0xe000ed00

08000ee0 <SysTick_Config>:
           function <b>SysTick_Config</b> is not included. In this case, the file <b><i>device</i>.h</b>
           must contain a vendor-specific implementation of this function.
 */
__STATIC_INLINE uint32_t SysTick_Config(uint32_t ticks)
{
  if ((ticks - 1UL) > SysTick_LOAD_RELOAD_Msk)
 8000ee0:	3801      	subs	r0, #1
 8000ee2:	2380      	movs	r3, #128	@ 0x80
 8000ee4:	045b      	lsls	r3, r3, #17
 8000ee6:	4298      	cmp	r0, r3
 8000ee8:	d20f      	bcs.n	8000f0a <SysTick_Config+0x2a>
  {
    return (1UL);                                                   /* Reload value impossible */
  }

  SysTick->LOAD  = (uint32_t)(ticks - 1UL);                         /* set reload register */
 8000eea:	4a09      	ldr	r2, [pc, #36]	@ (8000f10 <SysTick_Config+0x30>)
 8000eec:	6050      	str	r0, [r2, #4]
    SCB->SHP[_SHP_IDX(IRQn)] = ((uint32_t)(SCB->SHP[_SHP_IDX(IRQn)] & ~(0xFFUL << _BIT_SHIFT(IRQn))) |
 8000eee:	4809      	ldr	r0, [pc, #36]	@ (8000f14 <SysTick_Config+0x34>)
 8000ef0:	6a03      	ldr	r3, [r0, #32]
 8000ef2:	021b      	lsls	r3, r3, #8
 8000ef4:	0a1b      	lsrs	r3, r3, #8
 8000ef6:	21c0      	movs	r1, #192	@ 0xc0
 8000ef8:	0609      	lsls	r1, r1, #24
 8000efa:	430b      	orrs	r3, r1
 8000efc:	6203      	str	r3, [r0, #32]
  NVIC_SetPriority (SysTick_IRQn, (1UL << __NVIC_PRIO_BITS) - 1UL); /* set Priority for Systick Interrupt */
  SysTick->VAL   = 0UL;                                             /* Load the SysTick Counter Value */
 8000efe:	2300      	movs	r3, #0
 8000f00:	6093      	str	r3, [r2, #8]
  SysTick->CTRL  = SysTick_CTRL_CLKSOURCE_Msk |
 8000f02:	3307      	adds	r3, #7
 8000f04:	6013      	str	r3, [r2, #0]
                   SysTick_CTRL_TICKINT_Msk   |
                   SysTick_CTRL_ENABLE_Msk;                         /* Enable SysTick IRQ and SysTick Timer */
  return (0UL);                                                     /* Function successful */
 8000f06:	2000      	movs	r0, #0
}
 8000f08:	4770      	bx	lr
    return (1UL);                                                   /* Reload value impossible */
 8000f0a:	2001      	movs	r0, #1
 8000f0c:	e7fc      	b.n	8000f08 <SysTick_Config+0x28>
 8000f0e:	46c0      	nop			@ (mov r8, r8)
 8000f10:	e000e010 	.word	0xe000e010
 8000f14:	e000ed00 	.word	0xe000ed00

08000f18 <HAL_NVIC_SetPriority>:
  *         with stm32f0xx devices, this parameter is a dummy value and it is ignored, because 
  *         no subpriority supported in Cortex M0 based products.   
  * @retval None
  */
void HAL_NVIC_SetPriority(IRQn_Type IRQn, uint32_t PreemptPriority, uint32_t SubPriority)
{
 8000f18:	b510      	push	{r4, lr}
  /* Check the parameters */
  assert_param(IS_NVIC_PREEMPTION_PRIORITY(PreemptPriority));
  NVIC_SetPriority(IRQn,PreemptPriority);
 8000f1a:	f7ff ffb1 	bl	8000e80 <__NVIC_SetPriority>

  /* Prevent unused argument(s) compilation warning */
  UNUSED(SubPriority);
}
 8000f1e:	bd10      	pop	{r4, pc}

08000f20 <HAL_NVIC_EnableIRQ>:
  if ((int32_t)(IRQn) >= 0)
 8000f20:	2800      	cmp	r0, #0
 8000f22:	db05      	blt.n	8000f30 <HAL_NVIC_EnableIRQ+0x10>
    NVIC->ISER[0U] = (uint32_t)(1UL << (((uint32_t)IRQn) & 0x1FUL));
 8000f24:	221f      	movs	r2, #31
 8000f26:	4002      	ands	r2, r0
 8000f28:	2301      	movs	r3, #1
 8000f2a:	4093      	lsls	r3, r2
 8000f2c:	4a01      	ldr	r2, [pc, #4]	@ (8000f34 <HAL_NVIC_EnableIRQ+0x14>)
 8000f2e:	6013      	str	r3, [r2, #0]
  /* Check the parameters */
  assert_param(IS_NVIC_DEVICE_IRQ(IRQn));
  
  /* Enable interrupt */
  NVIC_EnableIRQ(IRQn);
}
 8000f30:	4770      	bx	lr
 8000f32:	46c0      	nop			@ (mov r8, r8)
 8000f34:	e000e100 	.word	0xe000e100

08000f38 <HAL_SYSTICK_Config>:
  * @param  TicksNumb Specifies the ticks Number of ticks between two interrupts.
  * @retval status:  - 0  Function succeeded.
  *                  - 1  Function failed.
  */
uint32_t HAL_SYSTICK_Config(uint32_t TicksNumb)
{
 8000f38:	b510      	push	{r4, lr}
   return SysTick_Config(TicksNumb);
 8000f3a:	f7ff ffd1 	bl	8000ee0 <SysTick_Config>
}
 8000f3e:	bd10      	pop	{r4, pc}

08000f40 <HAL_GPIO_Init>:
  * @param  GPIO_Init pointer to a GPIO_InitTypeDef structure that contains
  *         the configuration information for the specified GPIO peripheral.
  * @retval None
  */
void HAL_GPIO_Init(GPIO_TypeDef  *GPIOx, GPIO_InitTypeDef *GPIO_Init)
{
 8000f40:	b5f0      	push	{r4, r5, r6, r7, lr}
 8000f42:	b083      	sub	sp, #12
  uint32_t position = 0x00u;
 8000f44:	2300      	movs	r3, #0
  assert_param(IS_GPIO_ALL_INSTANCE(GPIOx));
  assert_param(IS_GPIO_PIN(GPIO_Init->Pin));
  assert_param(IS_GPIO_MODE(GPIO_Init->Mode));

  /* Configure the port pins */
  while (((GPIO_Init->Pin) >> position) != 0x00u)
 8000f46:	e056      	b.n	8000ff6 <HAL_GPIO_Init+0xb6>
         ((GPIO_Init->Mode & GPIO_MODE) == MODE_AF))
      {
        /* Check the Speed parameter */
        assert_param(IS_GPIO_SPEED(GPIO_Init->Speed));
        /* Configure the IO Speed */
        temp = GPIOx->OSPEEDR;
 8000f48:	6886      	ldr	r6, [r0, #8]
        temp &= ~(GPIO_OSPEEDER_OSPEEDR0 << (position * 2u));
 8000f4a:	005f      	lsls	r7, r3, #1
 8000f4c:	2403      	movs	r4, #3
 8000f4e:	40bc      	lsls	r4, r7
 8000f50:	43a6      	bics	r6, r4
        temp |= (GPIO_Init->Speed << (position * 2u));
 8000f52:	68cc      	ldr	r4, [r1, #12]
 8000f54:	40bc      	lsls	r4, r7
 8000f56:	4334      	orrs	r4, r6
        GPIOx->OSPEEDR = temp;
 8000f58:	6084      	str	r4, [r0, #8]

        /* Configure the IO Output Type */
        temp = GPIOx->OTYPER;
 8000f5a:	6844      	ldr	r4, [r0, #4]
        temp &= ~(GPIO_OTYPER_OT_0 << position) ;
 8000f5c:	4394      	bics	r4, r2
        temp |= (((GPIO_Init->Mode & OUTPUT_TYPE) >> OUTPUT_TYPE_Pos) << position);
 8000f5e:	684e      	ldr	r6, [r1, #4]
 8000f60:	0936      	lsrs	r6, r6, #4
 8000f62:	2201      	movs	r2, #1
 8000f64:	4032      	ands	r2, r6
 8000f66:	409a      	lsls	r2, r3
 8000f68:	4322      	orrs	r2, r4
        GPIOx->OTYPER = temp;
 8000f6a:	6042      	str	r2, [r0, #4]
 8000f6c:	e053      	b.n	8001016 <HAL_GPIO_Init+0xd6>
        /* Check the Alternate function parameters */
        assert_param(IS_GPIO_AF_INSTANCE(GPIOx));
        assert_param(IS_GPIO_AF(GPIO_Init->Alternate));

        /* Configure Alternate function mapped with the current IO */
        temp = GPIOx->AFR[position >> 3u];
 8000f6e:	08de      	lsrs	r6, r3, #3
 8000f70:	3608      	adds	r6, #8
 8000f72:	00b6      	lsls	r6, r6, #2
 8000f74:	5837      	ldr	r7, [r6, r0]
        temp &= ~(0xFu << ((position & 0x07u) * 4u));
 8000f76:	3205      	adds	r2, #5
 8000f78:	401a      	ands	r2, r3
 8000f7a:	0092      	lsls	r2, r2, #2
 8000f7c:	240f      	movs	r4, #15
 8000f7e:	4094      	lsls	r4, r2
 8000f80:	43a7      	bics	r7, r4
        temp |= ((GPIO_Init->Alternate) << ((position & 0x07u) * 4u));
 8000f82:	690c      	ldr	r4, [r1, #16]
 8000f84:	4094      	lsls	r4, r2
 8000f86:	0022      	movs	r2, r4
 8000f88:	433a      	orrs	r2, r7
        GPIOx->AFR[position >> 3u] = temp;
 8000f8a:	5032      	str	r2, [r6, r0]
 8000f8c:	e056      	b.n	800103c <HAL_GPIO_Init+0xfc>
        /* Enable SYSCFG Clock */
        __HAL_RCC_SYSCFG_CLK_ENABLE();

        temp = SYSCFG->EXTICR[position >> 2u];
        temp &= ~(0x0FuL << (4u * (position & 0x03u)));
        temp |= (GPIO_GET_INDEX(GPIOx) << (4u * (position & 0x03u)));
 8000f8e:	2602      	movs	r6, #2
 8000f90:	e000      	b.n	8000f94 <HAL_GPIO_Init+0x54>
 8000f92:	2600      	movs	r6, #0
 8000f94:	40a6      	lsls	r6, r4
 8000f96:	0034      	movs	r4, r6
 8000f98:	433c      	orrs	r4, r7
        SYSCFG->EXTICR[position >> 2u] = temp;
 8000f9a:	3202      	adds	r2, #2
 8000f9c:	0092      	lsls	r2, r2, #2
 8000f9e:	4e42      	ldr	r6, [pc, #264]	@ (80010a8 <HAL_GPIO_Init+0x168>)
 8000fa0:	5194      	str	r4, [r2, r6]

        /* Clear Rising Falling edge configuration */
        temp = EXTI->RTSR;
 8000fa2:	4a42      	ldr	r2, [pc, #264]	@ (80010ac <HAL_GPIO_Init+0x16c>)
 8000fa4:	6897      	ldr	r7, [r2, #8]
        temp &= ~(iocurrent);
 8000fa6:	43ea      	mvns	r2, r5
 8000fa8:	003e      	movs	r6, r7
 8000faa:	43ae      	bics	r6, r5
        if((GPIO_Init->Mode & TRIGGER_RISING) != 0x00u)
 8000fac:	684c      	ldr	r4, [r1, #4]
 8000fae:	02e4      	lsls	r4, r4, #11
 8000fb0:	d501      	bpl.n	8000fb6 <HAL_GPIO_Init+0x76>
        {
          temp |= iocurrent;
 8000fb2:	003e      	movs	r6, r7
 8000fb4:	432e      	orrs	r6, r5
        }
        EXTI->RTSR = temp;
 8000fb6:	4c3d      	ldr	r4, [pc, #244]	@ (80010ac <HAL_GPIO_Init+0x16c>)
 8000fb8:	60a6      	str	r6, [r4, #8]

        temp = EXTI->FTSR;
 8000fba:	68e7      	ldr	r7, [r4, #12]
        temp &= ~(iocurrent);
 8000fbc:	003e      	movs	r6, r7
 8000fbe:	4016      	ands	r6, r2
        if((GPIO_Init->Mode & TRIGGER_FALLING) != 0x00u)
 8000fc0:	684c      	ldr	r4, [r1, #4]
 8000fc2:	02a4      	lsls	r4, r4, #10
 8000fc4:	d501      	bpl.n	8000fca <HAL_GPIO_Init+0x8a>
        {
          temp |= iocurrent;
 8000fc6:	003e      	movs	r6, r7
 8000fc8:	432e      	orrs	r6, r5
        }
        EXTI->FTSR = temp;
 8000fca:	4c38      	ldr	r4, [pc, #224]	@ (80010ac <HAL_GPIO_Init+0x16c>)
 8000fcc:	60e6      	str	r6, [r4, #12]

        /* Clear EXTI line configuration */
        temp = EXTI->EMR;
 8000fce:	6867      	ldr	r7, [r4, #4]
        temp &= ~(iocurrent);
 8000fd0:	003e      	movs	r6, r7
 8000fd2:	4016      	ands	r6, r2
        if((GPIO_Init->Mode & EXTI_EVT) != 0x00u)
 8000fd4:	684c      	ldr	r4, [r1, #4]
 8000fd6:	03a4      	lsls	r4, r4, #14
 8000fd8:	d501      	bpl.n	8000fde <HAL_GPIO_Init+0x9e>
        {
          temp |= iocurrent;
 8000fda:	003e      	movs	r6, r7
 8000fdc:	432e      	orrs	r6, r5
        }
        EXTI->EMR = temp;
 8000fde:	4c33      	ldr	r4, [pc, #204]	@ (80010ac <HAL_GPIO_Init+0x16c>)
 8000fe0:	6066      	str	r6, [r4, #4]

        temp = EXTI->IMR;
 8000fe2:	6826      	ldr	r6, [r4, #0]
        temp &= ~(iocurrent);
 8000fe4:	4032      	ands	r2, r6
        if((GPIO_Init->Mode & EXTI_IT) != 0x00u)
 8000fe6:	684c      	ldr	r4, [r1, #4]
 8000fe8:	03e4      	lsls	r4, r4, #15
 8000fea:	d501      	bpl.n	8000ff0 <HAL_GPIO_Init+0xb0>
        {
          temp |= iocurrent;
 8000fec:	002a      	movs	r2, r5
 8000fee:	4332      	orrs	r2, r6
        }
        EXTI->IMR = temp;
 8000ff0:	4c2e      	ldr	r4, [pc, #184]	@ (80010ac <HAL_GPIO_Init+0x16c>)
 8000ff2:	6022      	str	r2, [r4, #0]
      }
    }

    position++;
 8000ff4:	3301      	adds	r3, #1
  while (((GPIO_Init->Pin) >> position) != 0x00u)
 8000ff6:	680c      	ldr	r4, [r1, #0]
 8000ff8:	0022      	movs	r2, r4
 8000ffa:	40da      	lsrs	r2, r3
 8000ffc:	d051      	beq.n	80010a2 <HAL_GPIO_Init+0x162>
    iocurrent = (GPIO_Init->Pin) & (1uL << position);
 8000ffe:	2201      	movs	r2, #1
 8001000:	409a      	lsls	r2, r3
 8001002:	0025      	movs	r5, r4
 8001004:	4015      	ands	r5, r2
    if (iocurrent != 0x00u)
 8001006:	4214      	tst	r4, r2
 8001008:	d0f4      	beq.n	8000ff4 <HAL_GPIO_Init+0xb4>
      if(((GPIO_Init->Mode & GPIO_MODE) == MODE_OUTPUT) ||
 800100a:	684e      	ldr	r6, [r1, #4]
 800100c:	2403      	movs	r4, #3
 800100e:	4034      	ands	r4, r6
 8001010:	3c01      	subs	r4, #1
 8001012:	2c01      	cmp	r4, #1
 8001014:	d998      	bls.n	8000f48 <HAL_GPIO_Init+0x8>
      if((GPIO_Init->Mode & GPIO_MODE) != MODE_ANALOG)
 8001016:	684c      	ldr	r4, [r1, #4]
 8001018:	2203      	movs	r2, #3
 800101a:	4022      	ands	r2, r4
 800101c:	2a03      	cmp	r2, #3
 800101e:	d008      	beq.n	8001032 <HAL_GPIO_Init+0xf2>
        temp = GPIOx->PUPDR;
 8001020:	68c4      	ldr	r4, [r0, #12]
        temp &= ~(GPIO_PUPDR_PUPDR0 << (position * 2u));
 8001022:	005e      	lsls	r6, r3, #1
 8001024:	2203      	movs	r2, #3
 8001026:	40b2      	lsls	r2, r6
 8001028:	4394      	bics	r4, r2
        temp |= ((GPIO_Init->Pull) << (position * 2u));
 800102a:	688a      	ldr	r2, [r1, #8]
 800102c:	40b2      	lsls	r2, r6
 800102e:	4322      	orrs	r2, r4
        GPIOx->PUPDR = temp;
 8001030:	60c2      	str	r2, [r0, #12]
      if((GPIO_Init->Mode & GPIO_MODE) == MODE_AF)
 8001032:	684c      	ldr	r4, [r1, #4]
 8001034:	2203      	movs	r2, #3
 8001036:	4022      	ands	r2, r4
 8001038:	2a02      	cmp	r2, #2
 800103a:	d098      	beq.n	8000f6e <HAL_GPIO_Init+0x2e>
      temp = GPIOx->MODER;
 800103c:	6804      	ldr	r4, [r0, #0]
      temp &= ~(GPIO_MODER_MODER0 << (position * 2u));
 800103e:	005e      	lsls	r6, r3, #1
 8001040:	2203      	movs	r2, #3
 8001042:	0017      	movs	r7, r2
 8001044:	40b7      	lsls	r7, r6
 8001046:	43bc      	bics	r4, r7
      temp |= ((GPIO_Init->Mode & GPIO_MODE) << (position * 2u));
 8001048:	684f      	ldr	r7, [r1, #4]
 800104a:	403a      	ands	r2, r7
 800104c:	40b2      	lsls	r2, r6
 800104e:	4322      	orrs	r2, r4
      GPIOx->MODER = temp;
 8001050:	6002      	str	r2, [r0, #0]
      if((GPIO_Init->Mode & EXTI_MODE) != 0x00u)
 8001052:	684c      	ldr	r4, [r1, #4]
 8001054:	22c0      	movs	r2, #192	@ 0xc0
 8001056:	0292      	lsls	r2, r2, #10
 8001058:	4214      	tst	r4, r2
 800105a:	d0cb      	beq.n	8000ff4 <HAL_GPIO_Init+0xb4>
        __HAL_RCC_SYSCFG_CLK_ENABLE();
 800105c:	4c14      	ldr	r4, [pc, #80]	@ (80010b0 <HAL_GPIO_Init+0x170>)
 800105e:	69a6      	ldr	r6, [r4, #24]
 8001060:	2201      	movs	r2, #1
 8001062:	4316      	orrs	r6, r2
 8001064:	61a6      	str	r6, [r4, #24]
 8001066:	69a4      	ldr	r4, [r4, #24]
 8001068:	4022      	ands	r2, r4
 800106a:	9201      	str	r2, [sp, #4]
 800106c:	9a01      	ldr	r2, [sp, #4]
        temp = SYSCFG->EXTICR[position >> 2u];
 800106e:	089a      	lsrs	r2, r3, #2
 8001070:	1c94      	adds	r4, r2, #2
 8001072:	00a4      	lsls	r4, r4, #2
 8001074:	4e0c      	ldr	r6, [pc, #48]	@ (80010a8 <HAL_GPIO_Init+0x168>)
 8001076:	59a7      	ldr	r7, [r4, r6]
        temp &= ~(0x0FuL << (4u * (position & 0x03u)));
 8001078:	2403      	movs	r4, #3
 800107a:	401c      	ands	r4, r3
 800107c:	00a4      	lsls	r4, r4, #2
 800107e:	260f      	movs	r6, #15
 8001080:	40a6      	lsls	r6, r4
 8001082:	43b7      	bics	r7, r6
        temp |= (GPIO_GET_INDEX(GPIOx) << (4u * (position & 0x03u)));
 8001084:	2690      	movs	r6, #144	@ 0x90
 8001086:	05f6      	lsls	r6, r6, #23
 8001088:	42b0      	cmp	r0, r6
 800108a:	d082      	beq.n	8000f92 <HAL_GPIO_Init+0x52>
 800108c:	4e09      	ldr	r6, [pc, #36]	@ (80010b4 <HAL_GPIO_Init+0x174>)
 800108e:	42b0      	cmp	r0, r6
 8001090:	d005      	beq.n	800109e <HAL_GPIO_Init+0x15e>
 8001092:	4e09      	ldr	r6, [pc, #36]	@ (80010b8 <HAL_GPIO_Init+0x178>)
 8001094:	42b0      	cmp	r0, r6
 8001096:	d100      	bne.n	800109a <HAL_GPIO_Init+0x15a>
 8001098:	e779      	b.n	8000f8e <HAL_GPIO_Init+0x4e>
 800109a:	2605      	movs	r6, #5
 800109c:	e77a      	b.n	8000f94 <HAL_GPIO_Init+0x54>
 800109e:	2601      	movs	r6, #1
 80010a0:	e778      	b.n	8000f94 <HAL_GPIO_Init+0x54>
  } 
}
 80010a2:	b003      	add	sp, #12
 80010a4:	bdf0      	pop	{r4, r5, r6, r7, pc}
 80010a6:	46c0      	nop			@ (mov r8, r8)
 80010a8:	40010000 	.word	0x40010000
 80010ac:	40010400 	.word	0x40010400
 80010b0:	40021000 	.word	0x40021000
 80010b4:	48000400 	.word	0x48000400
 80010b8:	48000800 	.word	0x48000800

080010bc <HAL_GPIO_ReadPin>:
  GPIO_PinState bitstatus;

  /* Check the parameters */
  assert_param(IS_GPIO_PIN(GPIO_Pin));

  if ((GPIOx->IDR & GPIO_Pin) != (uint32_t)GPIO_PIN_RESET)
 80010bc:	6903      	ldr	r3, [r0, #16]
 80010be:	420b      	tst	r3, r1
 80010c0:	d001      	beq.n	80010c6 <HAL_GPIO_ReadPin+0xa>
  {
    bitstatus = GPIO_PIN_SET;
 80010c2:	2001      	movs	r0, #1
  else
  {
    bitstatus = GPIO_PIN_RESET;
  }
  return bitstatus;
  }
 80010c4:	4770      	bx	lr
    bitstatus = GPIO_PIN_RESET;
 80010c6:	2000      	movs	r0, #0
 80010c8:	e7fc      	b.n	80010c4 <HAL_GPIO_ReadPin+0x8>

080010ca <HAL_GPIO_WritePin>:
{
  /* Check the parameters */
  assert_param(IS_GPIO_PIN(GPIO_Pin));
  assert_param(IS_GPIO_PIN_ACTION(PinState));

  if (PinState != GPIO_PIN_RESET)
 80010ca:	2a00      	cmp	r2, #0
 80010cc:	d001      	beq.n	80010d2 <HAL_GPIO_WritePin+0x8>
  {
    GPIOx->BSRR = (uint32_t)GPIO_Pin;
 80010ce:	6181      	str	r1, [r0, #24]
  }
  else
  {
    GPIOx->BRR = (uint32_t)GPIO_Pin;
  }
}
 80010d0:	4770      	bx	lr
    GPIOx->BRR = (uint32_t)GPIO_Pin;
 80010d2:	6281      	str	r1, [r0, #40]	@ 0x28
}
 80010d4:	e7fc      	b.n	80010d0 <HAL_GPIO_WritePin+0x6>

080010d6 <HAL_GPIO_TogglePin>:

  /* Check the parameters */
  assert_param(IS_GPIO_PIN(GPIO_Pin));

  /* get current Output Data Register value */
  odr = GPIOx->ODR;
 80010d6:	6942      	ldr	r2, [r0, #20]

  /* Set selected pins that were at low level, and reset ones that were high */
  GPIOx->BSRR = ((odr & GPIO_Pin) << GPIO_NUMBER) | (~odr & GPIO_Pin);
 80010d8:	0013      	movs	r3, r2
 80010da:	400b      	ands	r3, r1
 80010dc:	041b      	lsls	r3, r3, #16
 80010de:	4391      	bics	r1, r2
 80010e0:	430b      	orrs	r3, r1
 80010e2:	6183      	str	r3, [r0, #24]
}
 80010e4:	4770      	bx	lr
	...

080010e8 <HAL_GPIO_EXTI_IRQHandler>:
  * @brief  Handle EXTI interrupt request.
  * @param  GPIO_Pin Specifies the port pin connected to corresponding EXTI line.
  * @retval None
  */
void HAL_GPIO_EXTI_IRQHandler(uint16_t GPIO_Pin)
{
 80010e8:	b510      	push	{r4, lr}
  /* EXTI line interrupt detected */
  if(__HAL_GPIO_EXTI_GET_IT(GPIO_Pin) != 0x00u)
 80010ea:	4b05      	ldr	r3, [pc, #20]	@ (8001100 <HAL_GPIO_EXTI_IRQHandler+0x18>)
 80010ec:	695b      	ldr	r3, [r3, #20]
 80010ee:	4218      	tst	r0, r3
 80010f0:	d100      	bne.n	80010f4 <HAL_GPIO_EXTI_IRQHandler+0xc>
  { 
    __HAL_GPIO_EXTI_CLEAR_IT(GPIO_Pin);
    HAL_GPIO_EXTI_Callback(GPIO_Pin);
  }
}
 80010f2:	bd10      	pop	{r4, pc}
    __HAL_GPIO_EXTI_CLEAR_IT(GPIO_Pin);
 80010f4:	4b02      	ldr	r3, [pc, #8]	@ (8001100 <HAL_GPIO_EXTI_IRQHandler+0x18>)
 80010f6:	6158      	str	r0, [r3, #20]
    HAL_GPIO_EXTI_Callback(GPIO_Pin);
 80010f8:	f7ff fbfc 	bl	80008f4 <HAL_GPIO_EXTI_Callback>
}
 80010fc:	e7f9      	b.n	80010f2 <HAL_GPIO_EXTI_IRQHandler+0xa>
 80010fe:	46c0      	nop			@ (mov r8, r8)
 8001100:	40010400 	.word	0x40010400

08001104 <HAL_I2C_Init>:
  * @param  hi2c Pointer to a I2C_HandleTypeDef structure that contains
  *                the configuration information for the specified I2C.
  * @retval HAL status
  */
HAL_StatusTypeDef HAL_I2C_Init(I2C_HandleTypeDef *hi2c)
{
 8001104:	b510      	push	{r4, lr}
 8001106:	1e04      	subs	r4, r0, #0
  /* Check the I2C handle allocation */
  if (hi2c == NULL)
 8001108:	d060      	beq.n	80011cc <HAL_I2C_Init+0xc8>
  assert_param(IS_I2C_OWN_ADDRESS2(hi2c->Init.OwnAddress2));
  assert_param(IS_I2C_OWN_ADDRESS2_MASK(hi2c->Init.OwnAddress2Masks));
  assert_param(IS_I2C_GENERAL_CALL(hi2c->Init.GeneralCallMode));
  assert_param(IS_I2C_NO_STRETCH(hi2c->Init.NoStretchMode));

  if (hi2c->State == HAL_I2C_STATE_RESET)
 800110a:	2341      	movs	r3, #65	@ 0x41
 800110c:	5cc3      	ldrb	r3, [r0, r3]
 800110e:	2b00      	cmp	r3, #0
 8001110:	d048      	beq.n	80011a4 <HAL_I2C_Init+0xa0>
    /* Init the low level hardware : GPIO, CLOCK, CORTEX...etc */
    HAL_I2C_MspInit(hi2c);
#endif /* USE_HAL_I2C_REGISTER_CALLBACKS */
  }

  hi2c->State = HAL_I2C_STATE_BUSY;
 8001112:	2341      	movs	r3, #65	@ 0x41
 8001114:	2224      	movs	r2, #36	@ 0x24
 8001116:	54e2      	strb	r2, [r4, r3]

  /* Disable the selected I2C peripheral */
  __HAL_I2C_DISABLE(hi2c);
 8001118:	6822      	ldr	r2, [r4, #0]
 800111a:	6813      	ldr	r3, [r2, #0]
 800111c:	2101      	movs	r1, #1
 800111e:	438b      	bics	r3, r1
 8001120:	6013      	str	r3, [r2, #0]

  /*---------------------------- I2Cx TIMINGR Configuration ------------------*/
  /* Configure I2Cx: Frequency range */
  hi2c->Instance->TIMINGR = hi2c->Init.Timing & TIMING_CLEAR_MASK;
 8001122:	6863      	ldr	r3, [r4, #4]
 8001124:	6822      	ldr	r2, [r4, #0]
 8001126:	492a      	ldr	r1, [pc, #168]	@ (80011d0 <HAL_I2C_Init+0xcc>)
 8001128:	400b      	ands	r3, r1
 800112a:	6113      	str	r3, [r2, #16]

  /*---------------------------- I2Cx OAR1 Configuration ---------------------*/
  /* Disable Own Address1 before set the Own Address1 configuration */
  hi2c->Instance->OAR1 &= ~I2C_OAR1_OA1EN;
 800112c:	6822      	ldr	r2, [r4, #0]
 800112e:	6893      	ldr	r3, [r2, #8]
 8001130:	4928      	ldr	r1, [pc, #160]	@ (80011d4 <HAL_I2C_Init+0xd0>)
 8001132:	400b      	ands	r3, r1
 8001134:	6093      	str	r3, [r2, #8]

  /* Configure I2Cx: Own Address1 and ack own address1 mode */
  if (hi2c->Init.AddressingMode == I2C_ADDRESSINGMODE_7BIT)
 8001136:	68e3      	ldr	r3, [r4, #12]
 8001138:	2b01      	cmp	r3, #1
 800113a:	d039      	beq.n	80011b0 <HAL_I2C_Init+0xac>
  {
    hi2c->Instance->OAR1 = (I2C_OAR1_OA1EN | hi2c->Init.OwnAddress1);
  }
  else /* I2C_ADDRESSINGMODE_10BIT */
  {
    hi2c->Instance->OAR1 = (I2C_OAR1_OA1EN | I2C_OAR1_OA1MODE | hi2c->Init.OwnAddress1);
 800113c:	68a1      	ldr	r1, [r4, #8]
 800113e:	6822      	ldr	r2, [r4, #0]
 8001140:	2384      	movs	r3, #132	@ 0x84
 8001142:	021b      	lsls	r3, r3, #8
 8001144:	430b      	orrs	r3, r1
 8001146:	6093      	str	r3, [r2, #8]
  }

  /*---------------------------- I2Cx CR2 Configuration ----------------------*/
  /* Configure I2Cx: Addressing Master mode */
  if (hi2c->Init.AddressingMode == I2C_ADDRESSINGMODE_10BIT)
 8001148:	68e3      	ldr	r3, [r4, #12]
 800114a:	2b02      	cmp	r3, #2
 800114c:	d037      	beq.n	80011be <HAL_I2C_Init+0xba>
    SET_BIT(hi2c->Instance->CR2, I2C_CR2_ADD10);
  }
  else
  {
    /* Clear the I2C ADD10 bit */
    CLEAR_BIT(hi2c->Instance->CR2, I2C_CR2_ADD10);
 800114e:	6822      	ldr	r2, [r4, #0]
 8001150:	6853      	ldr	r3, [r2, #4]
 8001152:	4921      	ldr	r1, [pc, #132]	@ (80011d8 <HAL_I2C_Init+0xd4>)
 8001154:	400b      	ands	r3, r1
 8001156:	6053      	str	r3, [r2, #4]
  }
  /* Enable the AUTOEND by default, and enable NACK (should be disable only during Slave process */
  hi2c->Instance->CR2 |= (I2C_CR2_AUTOEND | I2C_CR2_NACK);
 8001158:	6822      	ldr	r2, [r4, #0]
 800115a:	6851      	ldr	r1, [r2, #4]
 800115c:	4b1f      	ldr	r3, [pc, #124]	@ (80011dc <HAL_I2C_Init+0xd8>)
 800115e:	430b      	orrs	r3, r1
 8001160:	6053      	str	r3, [r2, #4]

  /*---------------------------- I2Cx OAR2 Configuration ---------------------*/
  /* Disable Own Address2 before set the Own Address2 configuration */
  hi2c->Instance->OAR2 &= ~I2C_DUALADDRESS_ENABLE;
 8001162:	6822      	ldr	r2, [r4, #0]
 8001164:	68d3      	ldr	r3, [r2, #12]
 8001166:	491b      	ldr	r1, [pc, #108]	@ (80011d4 <HAL_I2C_Init+0xd0>)
 8001168:	400b      	ands	r3, r1
 800116a:	60d3      	str	r3, [r2, #12]

  /* Configure I2Cx: Dual mode and Own Address2 */
  hi2c->Instance->OAR2 = (hi2c->Init.DualAddressMode | hi2c->Init.OwnAddress2 | \
 800116c:	6923      	ldr	r3, [r4, #16]
 800116e:	6962      	ldr	r2, [r4, #20]
 8001170:	4313      	orrs	r3, r2
                          (hi2c->Init.OwnAddress2Masks << 8));
 8001172:	69a2      	ldr	r2, [r4, #24]
 8001174:	0212      	lsls	r2, r2, #8
  hi2c->Instance->OAR2 = (hi2c->Init.DualAddressMode | hi2c->Init.OwnAddress2 | \
 8001176:	6821      	ldr	r1, [r4, #0]
 8001178:	4313      	orrs	r3, r2
 800117a:	60cb      	str	r3, [r1, #12]

  /*---------------------------- I2Cx CR1 Configuration ----------------------*/
  /* Configure I2Cx: Generalcall and NoStretch mode */
  hi2c->Instance->CR1 = (hi2c->Init.GeneralCallMode | hi2c->Init.NoStretchMode);
 800117c:	69e3      	ldr	r3, [r4, #28]
 800117e:	6a21      	ldr	r1, [r4, #32]
 8001180:	6822      	ldr	r2, [r4, #0]
 8001182:	430b      	orrs	r3, r1
 8001184:	6013      	str	r3, [r2, #0]

  /* Enable the selected I2C peripheral */
  __HAL_I2C_ENABLE(hi2c);
 8001186:	6822      	ldr	r2, [r4, #0]
 8001188:	6813      	ldr	r3, [r2, #0]
 800118a:	2101      	movs	r1, #1
 800118c:	430b      	orrs	r3, r1
 800118e:	6013      	str	r3, [r2, #0]

  hi2c->ErrorCode = HAL_I2C_ERROR_NONE;
 8001190:	2300      	movs	r3, #0
 8001192:	6463      	str	r3, [r4, #68]	@ 0x44
  hi2c->State = HAL_I2C_STATE_READY;
 8001194:	2241      	movs	r2, #65	@ 0x41
 8001196:	311f      	adds	r1, #31
 8001198:	54a1      	strb	r1, [r4, r2]
  hi2c->PreviousState = I2C_STATE_NONE;
 800119a:	6323      	str	r3, [r4, #48]	@ 0x30
  hi2c->Mode = HAL_I2C_MODE_NONE;
 800119c:	3201      	adds	r2, #1
 800119e:	54a3      	strb	r3, [r4, r2]

  return HAL_OK;
 80011a0:	2000      	movs	r0, #0
}
 80011a2:	bd10      	pop	{r4, pc}
    hi2c->Lock = HAL_UNLOCKED;
 80011a4:	3340      	adds	r3, #64	@ 0x40
 80011a6:	2200      	movs	r2, #0
 80011a8:	54c2      	strb	r2, [r0, r3]
    HAL_I2C_MspInit(hi2c);
 80011aa:	f7ff fb6d 	bl	8000888 <HAL_I2C_MspInit>
 80011ae:	e7b0      	b.n	8001112 <HAL_I2C_Init+0xe>
    hi2c->Instance->OAR1 = (I2C_OAR1_OA1EN | hi2c->Init.OwnAddress1);
 80011b0:	68a1      	ldr	r1, [r4, #8]
 80011b2:	6822      	ldr	r2, [r4, #0]
 80011b4:	2380      	movs	r3, #128	@ 0x80
 80011b6:	021b      	lsls	r3, r3, #8
 80011b8:	430b      	orrs	r3, r1
 80011ba:	6093      	str	r3, [r2, #8]
 80011bc:	e7c4      	b.n	8001148 <HAL_I2C_Init+0x44>
    SET_BIT(hi2c->Instance->CR2, I2C_CR2_ADD10);
 80011be:	6822      	ldr	r2, [r4, #0]
 80011c0:	6851      	ldr	r1, [r2, #4]
 80011c2:	2380      	movs	r3, #128	@ 0x80
 80011c4:	011b      	lsls	r3, r3, #4
 80011c6:	430b      	orrs	r3, r1
 80011c8:	6053      	str	r3, [r2, #4]
 80011ca:	e7c5      	b.n	8001158 <HAL_I2C_Init+0x54>
    return HAL_ERROR;
 80011cc:	2001      	movs	r0, #1
 80011ce:	e7e8      	b.n	80011a2 <HAL_I2C_Init+0x9e>
 80011d0:	f0ffffff 	.word	0xf0ffffff
 80011d4:	ffff7fff 	.word	0xffff7fff
 80011d8:	fffff7ff 	.word	0xfffff7ff
 80011dc:	02008000 	.word	0x02008000

080011e0 <HAL_I2CEx_ConfigAnalogFilter>:
  *                the configuration information for the specified I2Cx peripheral.
  * @param  AnalogFilter New state of the Analog filter.
  * @retval HAL status
  */
HAL_StatusTypeDef HAL_I2CEx_ConfigAnalogFilter(I2C_HandleTypeDef *hi2c, uint32_t AnalogFilter)
{
 80011e0:	b5f0      	push	{r4, r5, r6, r7, lr}
  /* Check the parameters */
  assert_param(IS_I2C_ALL_INSTANCE(hi2c->Instance));
  assert_param(IS_I2C_ANALOG_FILTER(AnalogFilter));

  if (hi2c->State == HAL_I2C_STATE_READY)
 80011e2:	2341      	movs	r3, #65	@ 0x41
 80011e4:	5cc3      	ldrb	r3, [r0, r3]
 80011e6:	2b20      	cmp	r3, #32
 80011e8:	d120      	bne.n	800122c <HAL_I2CEx_ConfigAnalogFilter+0x4c>
  {
    /* Process Locked */
    __HAL_LOCK(hi2c);
 80011ea:	3320      	adds	r3, #32
 80011ec:	5cc3      	ldrb	r3, [r0, r3]
 80011ee:	2b01      	cmp	r3, #1
 80011f0:	d01e      	beq.n	8001230 <HAL_I2CEx_ConfigAnalogFilter+0x50>
 80011f2:	2440      	movs	r4, #64	@ 0x40
 80011f4:	2201      	movs	r2, #1
 80011f6:	5502      	strb	r2, [r0, r4]

    hi2c->State = HAL_I2C_STATE_BUSY;
 80011f8:	2541      	movs	r5, #65	@ 0x41
 80011fa:	2324      	movs	r3, #36	@ 0x24
 80011fc:	5543      	strb	r3, [r0, r5]

    /* Disable the selected I2C peripheral */
    __HAL_I2C_DISABLE(hi2c);
 80011fe:	6806      	ldr	r6, [r0, #0]
 8001200:	6833      	ldr	r3, [r6, #0]
 8001202:	4393      	bics	r3, r2
 8001204:	6033      	str	r3, [r6, #0]

    /* Reset I2Cx ANOFF bit */
    hi2c->Instance->CR1 &= ~(I2C_CR1_ANFOFF);
 8001206:	6806      	ldr	r6, [r0, #0]
 8001208:	6833      	ldr	r3, [r6, #0]
 800120a:	4f0a      	ldr	r7, [pc, #40]	@ (8001234 <HAL_I2CEx_ConfigAnalogFilter+0x54>)
 800120c:	403b      	ands	r3, r7
 800120e:	6033      	str	r3, [r6, #0]

    /* Set analog filter bit*/
    hi2c->Instance->CR1 |= AnalogFilter;
 8001210:	6806      	ldr	r6, [r0, #0]
 8001212:	6833      	ldr	r3, [r6, #0]
 8001214:	430b      	orrs	r3, r1
 8001216:	6033      	str	r3, [r6, #0]

    __HAL_I2C_ENABLE(hi2c);
 8001218:	6801      	ldr	r1, [r0, #0]
 800121a:	680b      	ldr	r3, [r1, #0]
 800121c:	4313      	orrs	r3, r2
 800121e:	600b      	str	r3, [r1, #0]

    hi2c->State = HAL_I2C_STATE_READY;
 8001220:	2320      	movs	r3, #32
 8001222:	5543      	strb	r3, [r0, r5]

    /* Process Unlocked */
    __HAL_UNLOCK(hi2c);
 8001224:	2300      	movs	r3, #0
 8001226:	5503      	strb	r3, [r0, r4]

    return HAL_OK;
 8001228:	2000      	movs	r0, #0
  }
  else
  {
    return HAL_BUSY;
  }
}
 800122a:	bdf0      	pop	{r4, r5, r6, r7, pc}
    return HAL_BUSY;
 800122c:	2002      	movs	r0, #2
 800122e:	e7fc      	b.n	800122a <HAL_I2CEx_ConfigAnalogFilter+0x4a>
    __HAL_LOCK(hi2c);
 8001230:	2002      	movs	r0, #2
 8001232:	e7fa      	b.n	800122a <HAL_I2CEx_ConfigAnalogFilter+0x4a>
 8001234:	ffffefff 	.word	0xffffefff

08001238 <HAL_I2CEx_ConfigDigitalFilter>:
  *                the configuration information for the specified I2Cx peripheral.
  * @param  DigitalFilter Coefficient of digital noise filter between Min_Data=0x00 and Max_Data=0x0F.
  * @retval HAL status
  */
HAL_StatusTypeDef HAL_I2CEx_ConfigDigitalFilter(I2C_HandleTypeDef *hi2c, uint32_t DigitalFilter)
{
 8001238:	b5f0      	push	{r4, r5, r6, r7, lr}

  /* Check the parameters */
  assert_param(IS_I2C_ALL_INSTANCE(hi2c->Instance));
  assert_param(IS_I2C_DIGITAL_FILTER(DigitalFilter));

  if (hi2c->State == HAL_I2C_STATE_READY)
 800123a:	2341      	movs	r3, #65	@ 0x41
 800123c:	5cc3      	ldrb	r3, [r0, r3]
 800123e:	2b20      	cmp	r3, #32
 8001240:	d11e      	bne.n	8001280 <HAL_I2CEx_ConfigDigitalFilter+0x48>
  {
    /* Process Locked */
    __HAL_LOCK(hi2c);
 8001242:	3320      	adds	r3, #32
 8001244:	5cc3      	ldrb	r3, [r0, r3]
 8001246:	2b01      	cmp	r3, #1
 8001248:	d01c      	beq.n	8001284 <HAL_I2CEx_ConfigDigitalFilter+0x4c>
 800124a:	2440      	movs	r4, #64	@ 0x40
 800124c:	2201      	movs	r2, #1
 800124e:	5502      	strb	r2, [r0, r4]

    hi2c->State = HAL_I2C_STATE_BUSY;
 8001250:	2541      	movs	r5, #65	@ 0x41
 8001252:	2324      	movs	r3, #36	@ 0x24
 8001254:	5543      	strb	r3, [r0, r5]

    /* Disable the selected I2C peripheral */
    __HAL_I2C_DISABLE(hi2c);
 8001256:	6806      	ldr	r6, [r0, #0]
 8001258:	6833      	ldr	r3, [r6, #0]
 800125a:	4393      	bics	r3, r2
 800125c:	6033      	str	r3, [r6, #0]

    /* Get the old register value */
    tmpreg = hi2c->Instance->CR1;
 800125e:	6806      	ldr	r6, [r0, #0]
 8001260:	6833      	ldr	r3, [r6, #0]

    /* Reset I2Cx DNF bits [11:8] */
    tmpreg &= ~(I2C_CR1_DNF);
 8001262:	4f09      	ldr	r7, [pc, #36]	@ (8001288 <HAL_I2CEx_ConfigDigitalFilter+0x50>)
 8001264:	403b      	ands	r3, r7

    /* Set I2Cx DNF coefficient */
    tmpreg |= DigitalFilter << 8U;
 8001266:	0209      	lsls	r1, r1, #8
 8001268:	4319      	orrs	r1, r3

    /* Store the new register value */
    hi2c->Instance->CR1 = tmpreg;
 800126a:	6031      	str	r1, [r6, #0]

    __HAL_I2C_ENABLE(hi2c);
 800126c:	6801      	ldr	r1, [r0, #0]
 800126e:	680b      	ldr	r3, [r1, #0]
 8001270:	4313      	orrs	r3, r2
 8001272:	600b      	str	r3, [r1, #0]

    hi2c->State = HAL_I2C_STATE_READY;
 8001274:	2320      	movs	r3, #32
 8001276:	5543      	strb	r3, [r0, r5]

    /* Process Unlocked */
    __HAL_UNLOCK(hi2c);
 8001278:	2300      	movs	r3, #0
 800127a:	5503      	strb	r3, [r0, r4]

    return HAL_OK;
 800127c:	2000      	movs	r0, #0
  }
  else
  {
    return HAL_BUSY;
  }
}
 800127e:	bdf0      	pop	{r4, r5, r6, r7, pc}
    return HAL_BUSY;
 8001280:	2002      	movs	r0, #2
 8001282:	e7fc      	b.n	800127e <HAL_I2CEx_ConfigDigitalFilter+0x46>
    __HAL_LOCK(hi2c);
 8001284:	2002      	movs	r0, #2
 8001286:	e7fa      	b.n	800127e <HAL_I2CEx_ConfigDigitalFilter+0x46>
 8001288:	fffff0ff 	.word	0xfffff0ff

0800128c <HAL_MspInit>:
/* USER CODE END 0 */
/**
  * Initializes the Global MSP.
  */
void HAL_MspInit(void)
{
 800128c:	b082      	sub	sp, #8

  /* USER CODE BEGIN MspInit 0 */

  /* USER CODE END MspInit 0 */

  __HAL_RCC_SYSCFG_CLK_ENABLE();
 800128e:	4b0a      	ldr	r3, [pc, #40]	@ (80012b8 <HAL_MspInit+0x2c>)
 8001290:	6999      	ldr	r1, [r3, #24]
 8001292:	2201      	movs	r2, #1
 8001294:	4311      	orrs	r1, r2
 8001296:	6199      	str	r1, [r3, #24]
 8001298:	6999      	ldr	r1, [r3, #24]
 800129a:	400a      	ands	r2, r1
 800129c:	9200      	str	r2, [sp, #0]
 800129e:	9a00      	ldr	r2, [sp, #0]
  __HAL_RCC_PWR_CLK_ENABLE();
 80012a0:	69da      	ldr	r2, [r3, #28]
 80012a2:	2180      	movs	r1, #128	@ 0x80
 80012a4:	0549      	lsls	r1, r1, #21
 80012a6:	430a      	orrs	r2, r1
 80012a8:	61da      	str	r2, [r3, #28]
 80012aa:	69db      	ldr	r3, [r3, #28]
 80012ac:	400b      	ands	r3, r1
 80012ae:	9301      	str	r3, [sp, #4]
 80012b0:	9b01      	ldr	r3, [sp, #4]
  /* System interrupt init*/

  /* USER CODE BEGIN MspInit 1 */

  /* USER CODE END MspInit 1 */
}
 80012b2:	b002      	add	sp, #8
 80012b4:	4770      	bx	lr
 80012b6:	46c0      	nop			@ (mov r8, r8)
 80012b8:	40021000 	.word	0x40021000

080012bc <HAL_RCC_OscConfig>:
  *         supported by this macro. User should request a transition to HSE Off
  *         first and then HSE On or HSE Bypass.
  * @retval HAL status
  */
HAL_StatusTypeDef HAL_RCC_OscConfig(RCC_OscInitTypeDef  *RCC_OscInitStruct)
{
 80012bc:	b570      	push	{r4, r5, r6, lr}
 80012be:	b082      	sub	sp, #8
 80012c0:	1e04      	subs	r4, r0, #0
  uint32_t tickstart;
  uint32_t pll_config;
  uint32_t pll_config2;

  /* Check Null pointer */
  if(RCC_OscInitStruct == NULL)
 80012c2:	d100      	bne.n	80012c6 <HAL_RCC_OscConfig+0xa>
 80012c4:	e22e      	b.n	8001724 <HAL_RCC_OscConfig+0x468>

  /* Check the parameters */
  assert_param(IS_RCC_OSCILLATORTYPE(RCC_OscInitStruct->OscillatorType));

  /*------------------------------- HSE Configuration ------------------------*/ 
  if(((RCC_OscInitStruct->OscillatorType) & RCC_OSCILLATORTYPE_HSE) == RCC_OSCILLATORTYPE_HSE)
 80012c6:	6803      	ldr	r3, [r0, #0]
 80012c8:	07db      	lsls	r3, r3, #31
 80012ca:	d526      	bpl.n	800131a <HAL_RCC_OscConfig+0x5e>
  {
    /* Check the parameters */
    assert_param(IS_RCC_HSE(RCC_OscInitStruct->HSEState));

    /* When the HSE is used as system clock or clock source for PLL in these cases it is not allowed to be disabled */
    if((__HAL_RCC_GET_SYSCLK_SOURCE() == RCC_SYSCLKSOURCE_STATUS_HSE) 
 80012cc:	4bae      	ldr	r3, [pc, #696]	@ (8001588 <HAL_RCC_OscConfig+0x2cc>)
 80012ce:	685a      	ldr	r2, [r3, #4]
 80012d0:	230c      	movs	r3, #12
 80012d2:	4013      	ands	r3, r2
 80012d4:	2b04      	cmp	r3, #4
 80012d6:	d018      	beq.n	800130a <HAL_RCC_OscConfig+0x4e>
       || ((__HAL_RCC_GET_SYSCLK_SOURCE() == RCC_SYSCLKSOURCE_STATUS_PLLCLK) && (__HAL_RCC_GET_PLL_OSCSOURCE() == RCC_PLLSOURCE_HSE)))
 80012d8:	4bab      	ldr	r3, [pc, #684]	@ (8001588 <HAL_RCC_OscConfig+0x2cc>)
 80012da:	685a      	ldr	r2, [r3, #4]
 80012dc:	230c      	movs	r3, #12
 80012de:	4013      	ands	r3, r2
 80012e0:	2b08      	cmp	r3, #8
 80012e2:	d00e      	beq.n	8001302 <HAL_RCC_OscConfig+0x46>
      }
    }
    else
    {
      /* Set the new HSE configuration ---------------------------------------*/
      __HAL_RCC_HSE_CONFIG(RCC_OscInitStruct->HSEState);
 80012e4:	6863      	ldr	r3, [r4, #4]
 80012e6:	2b01      	cmp	r3, #1
 80012e8:	d03c      	beq.n	8001364 <HAL_RCC_OscConfig+0xa8>
 80012ea:	2b00      	cmp	r3, #0
 80012ec:	d151      	bne.n	8001392 <HAL_RCC_OscConfig+0xd6>
 80012ee:	4ba6      	ldr	r3, [pc, #664]	@ (8001588 <HAL_RCC_OscConfig+0x2cc>)
 80012f0:	681a      	ldr	r2, [r3, #0]
 80012f2:	49a6      	ldr	r1, [pc, #664]	@ (800158c <HAL_RCC_OscConfig+0x2d0>)
 80012f4:	400a      	ands	r2, r1
 80012f6:	601a      	str	r2, [r3, #0]
 80012f8:	681a      	ldr	r2, [r3, #0]
 80012fa:	49a5      	ldr	r1, [pc, #660]	@ (8001590 <HAL_RCC_OscConfig+0x2d4>)
 80012fc:	400a      	ands	r2, r1
 80012fe:	601a      	str	r2, [r3, #0]
 8001300:	e036      	b.n	8001370 <HAL_RCC_OscConfig+0xb4>
       || ((__HAL_RCC_GET_SYSCLK_SOURCE() == RCC_SYSCLKSOURCE_STATUS_PLLCLK) && (__HAL_RCC_GET_PLL_OSCSOURCE() == RCC_PLLSOURCE_HSE)))
 8001302:	4ba1      	ldr	r3, [pc, #644]	@ (8001588 <HAL_RCC_OscConfig+0x2cc>)
 8001304:	685b      	ldr	r3, [r3, #4]
 8001306:	03db      	lsls	r3, r3, #15
 8001308:	d5ec      	bpl.n	80012e4 <HAL_RCC_OscConfig+0x28>
      if((__HAL_RCC_GET_FLAG(RCC_FLAG_HSERDY) != RESET) && (RCC_OscInitStruct->HSEState == RCC_HSE_OFF))
 800130a:	4b9f      	ldr	r3, [pc, #636]	@ (8001588 <HAL_RCC_OscConfig+0x2cc>)
 800130c:	681b      	ldr	r3, [r3, #0]
 800130e:	039b      	lsls	r3, r3, #14
 8001310:	d503      	bpl.n	800131a <HAL_RCC_OscConfig+0x5e>
 8001312:	6863      	ldr	r3, [r4, #4]
 8001314:	2b00      	cmp	r3, #0
 8001316:	d100      	bne.n	800131a <HAL_RCC_OscConfig+0x5e>
 8001318:	e207      	b.n	800172a <HAL_RCC_OscConfig+0x46e>
        }
      }
    }
  }
  /*----------------------------- HSI Configuration --------------------------*/ 
  if(((RCC_OscInitStruct->OscillatorType) & RCC_OSCILLATORTYPE_HSI) == RCC_OSCILLATORTYPE_HSI)
 800131a:	6823      	ldr	r3, [r4, #0]
 800131c:	079b      	lsls	r3, r3, #30
 800131e:	d572      	bpl.n	8001406 <HAL_RCC_OscConfig+0x14a>
    /* Check the parameters */
    assert_param(IS_RCC_HSI(RCC_OscInitStruct->HSIState));
    assert_param(IS_RCC_CALIBRATION_VALUE(RCC_OscInitStruct->HSICalibrationValue));
    
    /* Check if HSI is used as system clock or as PLL source when PLL is selected as system clock */ 
    if((__HAL_RCC_GET_SYSCLK_SOURCE() == RCC_SYSCLKSOURCE_STATUS_HSI) 
 8001320:	4b99      	ldr	r3, [pc, #612]	@ (8001588 <HAL_RCC_OscConfig+0x2cc>)
 8001322:	685b      	ldr	r3, [r3, #4]
 8001324:	220c      	movs	r2, #12
 8001326:	421a      	tst	r2, r3
 8001328:	d05d      	beq.n	80013e6 <HAL_RCC_OscConfig+0x12a>
       || ((__HAL_RCC_GET_SYSCLK_SOURCE() == RCC_SYSCLKSOURCE_STATUS_PLLCLK) && (__HAL_RCC_GET_PLL_OSCSOURCE() == RCC_PLLSOURCE_HSI)))
 800132a:	4b97      	ldr	r3, [pc, #604]	@ (8001588 <HAL_RCC_OscConfig+0x2cc>)
 800132c:	685a      	ldr	r2, [r3, #4]
 800132e:	230c      	movs	r3, #12
 8001330:	4013      	ands	r3, r2
 8001332:	2b08      	cmp	r3, #8
 8001334:	d053      	beq.n	80013de <HAL_RCC_OscConfig+0x122>
      }
    }
    else
    {
      /* Check the HSI State */
      if(RCC_OscInitStruct->HSIState != RCC_HSI_OFF)
 8001336:	68e3      	ldr	r3, [r4, #12]
 8001338:	2b00      	cmp	r3, #0
 800133a:	d100      	bne.n	800133e <HAL_RCC_OscConfig+0x82>
 800133c:	e085      	b.n	800144a <HAL_RCC_OscConfig+0x18e>
      {
       /* Enable the Internal High Speed oscillator (HSI). */
        __HAL_RCC_HSI_ENABLE();
 800133e:	4a92      	ldr	r2, [pc, #584]	@ (8001588 <HAL_RCC_OscConfig+0x2cc>)
 8001340:	6813      	ldr	r3, [r2, #0]
 8001342:	2101      	movs	r1, #1
 8001344:	430b      	orrs	r3, r1
 8001346:	6013      	str	r3, [r2, #0]
        
        /* Get Start Tick */
        tickstart = HAL_GetTick();
 8001348:	f7ff fc24 	bl	8000b94 <HAL_GetTick>
 800134c:	0005      	movs	r5, r0
        
        /* Wait till HSI is ready */
        while(__HAL_RCC_GET_FLAG(RCC_FLAG_HSIRDY) == RESET)
 800134e:	4b8e      	ldr	r3, [pc, #568]	@ (8001588 <HAL_RCC_OscConfig+0x2cc>)
 8001350:	681b      	ldr	r3, [r3, #0]
 8001352:	079b      	lsls	r3, r3, #30
 8001354:	d470      	bmi.n	8001438 <HAL_RCC_OscConfig+0x17c>
        {
          if((HAL_GetTick() - tickstart ) > HSI_TIMEOUT_VALUE)
 8001356:	f7ff fc1d 	bl	8000b94 <HAL_GetTick>
 800135a:	1b40      	subs	r0, r0, r5
 800135c:	2802      	cmp	r0, #2
 800135e:	d9f6      	bls.n	800134e <HAL_RCC_OscConfig+0x92>
          {
            return HAL_TIMEOUT;
 8001360:	2003      	movs	r0, #3
 8001362:	e1e0      	b.n	8001726 <HAL_RCC_OscConfig+0x46a>
      __HAL_RCC_HSE_CONFIG(RCC_OscInitStruct->HSEState);
 8001364:	4a88      	ldr	r2, [pc, #544]	@ (8001588 <HAL_RCC_OscConfig+0x2cc>)
 8001366:	6811      	ldr	r1, [r2, #0]
 8001368:	2380      	movs	r3, #128	@ 0x80
 800136a:	025b      	lsls	r3, r3, #9
 800136c:	430b      	orrs	r3, r1
 800136e:	6013      	str	r3, [r2, #0]
      if(RCC_OscInitStruct->HSEState != RCC_HSE_OFF)
 8001370:	6863      	ldr	r3, [r4, #4]
 8001372:	2b00      	cmp	r3, #0
 8001374:	d025      	beq.n	80013c2 <HAL_RCC_OscConfig+0x106>
        tickstart = HAL_GetTick();
 8001376:	f7ff fc0d 	bl	8000b94 <HAL_GetTick>
 800137a:	0005      	movs	r5, r0
        while(__HAL_RCC_GET_FLAG(RCC_FLAG_HSERDY) == RESET)
 800137c:	4b82      	ldr	r3, [pc, #520]	@ (8001588 <HAL_RCC_OscConfig+0x2cc>)
 800137e:	681b      	ldr	r3, [r3, #0]
 8001380:	039b      	lsls	r3, r3, #14
 8001382:	d4ca      	bmi.n	800131a <HAL_RCC_OscConfig+0x5e>
          if((HAL_GetTick() - tickstart ) > HSE_TIMEOUT_VALUE)
 8001384:	f7ff fc06 	bl	8000b94 <HAL_GetTick>
 8001388:	1b40      	subs	r0, r0, r5
 800138a:	2864      	cmp	r0, #100	@ 0x64
 800138c:	d9f6      	bls.n	800137c <HAL_RCC_OscConfig+0xc0>
            return HAL_TIMEOUT;
 800138e:	2003      	movs	r0, #3
 8001390:	e1c9      	b.n	8001726 <HAL_RCC_OscConfig+0x46a>
      __HAL_RCC_HSE_CONFIG(RCC_OscInitStruct->HSEState);
 8001392:	2b05      	cmp	r3, #5
 8001394:	d009      	beq.n	80013aa <HAL_RCC_OscConfig+0xee>
 8001396:	4b7c      	ldr	r3, [pc, #496]	@ (8001588 <HAL_RCC_OscConfig+0x2cc>)
 8001398:	681a      	ldr	r2, [r3, #0]
 800139a:	497c      	ldr	r1, [pc, #496]	@ (800158c <HAL_RCC_OscConfig+0x2d0>)
 800139c:	400a      	ands	r2, r1
 800139e:	601a      	str	r2, [r3, #0]
 80013a0:	681a      	ldr	r2, [r3, #0]
 80013a2:	497b      	ldr	r1, [pc, #492]	@ (8001590 <HAL_RCC_OscConfig+0x2d4>)
 80013a4:	400a      	ands	r2, r1
 80013a6:	601a      	str	r2, [r3, #0]
 80013a8:	e7e2      	b.n	8001370 <HAL_RCC_OscConfig+0xb4>
 80013aa:	4b77      	ldr	r3, [pc, #476]	@ (8001588 <HAL_RCC_OscConfig+0x2cc>)
 80013ac:	6819      	ldr	r1, [r3, #0]
 80013ae:	2280      	movs	r2, #128	@ 0x80
 80013b0:	02d2      	lsls	r2, r2, #11
 80013b2:	430a      	orrs	r2, r1
 80013b4:	601a      	str	r2, [r3, #0]
 80013b6:	6819      	ldr	r1, [r3, #0]
 80013b8:	2280      	movs	r2, #128	@ 0x80
 80013ba:	0252      	lsls	r2, r2, #9
 80013bc:	430a      	orrs	r2, r1
 80013be:	601a      	str	r2, [r3, #0]
 80013c0:	e7d6      	b.n	8001370 <HAL_RCC_OscConfig+0xb4>
        tickstart = HAL_GetTick();
 80013c2:	f7ff fbe7 	bl	8000b94 <HAL_GetTick>
 80013c6:	0005      	movs	r5, r0
        while(__HAL_RCC_GET_FLAG(RCC_FLAG_HSERDY) != RESET)
 80013c8:	4b6f      	ldr	r3, [pc, #444]	@ (8001588 <HAL_RCC_OscConfig+0x2cc>)
 80013ca:	681b      	ldr	r3, [r3, #0]
 80013cc:	039b      	lsls	r3, r3, #14
 80013ce:	d5a4      	bpl.n	800131a <HAL_RCC_OscConfig+0x5e>
           if((HAL_GetTick() - tickstart ) > HSE_TIMEOUT_VALUE)
 80013d0:	f7ff fbe0 	bl	8000b94 <HAL_GetTick>
 80013d4:	1b40      	subs	r0, r0, r5
 80013d6:	2864      	cmp	r0, #100	@ 0x64
 80013d8:	d9f6      	bls.n	80013c8 <HAL_RCC_OscConfig+0x10c>
            return HAL_TIMEOUT;
 80013da:	2003      	movs	r0, #3
 80013dc:	e1a3      	b.n	8001726 <HAL_RCC_OscConfig+0x46a>
       || ((__HAL_RCC_GET_SYSCLK_SOURCE() == RCC_SYSCLKSOURCE_STATUS_PLLCLK) && (__HAL_RCC_GET_PLL_OSCSOURCE() == RCC_PLLSOURCE_HSI)))
 80013de:	4b6a      	ldr	r3, [pc, #424]	@ (8001588 <HAL_RCC_OscConfig+0x2cc>)
 80013e0:	685b      	ldr	r3, [r3, #4]
 80013e2:	03db      	lsls	r3, r3, #15
 80013e4:	d4a7      	bmi.n	8001336 <HAL_RCC_OscConfig+0x7a>
      if((__HAL_RCC_GET_FLAG(RCC_FLAG_HSIRDY) != RESET) && (RCC_OscInitStruct->HSIState != RCC_HSI_ON))
 80013e6:	4b68      	ldr	r3, [pc, #416]	@ (8001588 <HAL_RCC_OscConfig+0x2cc>)
 80013e8:	681b      	ldr	r3, [r3, #0]
 80013ea:	079b      	lsls	r3, r3, #30
 80013ec:	d503      	bpl.n	80013f6 <HAL_RCC_OscConfig+0x13a>
 80013ee:	68e3      	ldr	r3, [r4, #12]
 80013f0:	2b01      	cmp	r3, #1
 80013f2:	d000      	beq.n	80013f6 <HAL_RCC_OscConfig+0x13a>
 80013f4:	e19b      	b.n	800172e <HAL_RCC_OscConfig+0x472>
        __HAL_RCC_HSI_CALIBRATIONVALUE_ADJUST(RCC_OscInitStruct->HSICalibrationValue);
 80013f6:	4964      	ldr	r1, [pc, #400]	@ (8001588 <HAL_RCC_OscConfig+0x2cc>)
 80013f8:	680b      	ldr	r3, [r1, #0]
 80013fa:	22f8      	movs	r2, #248	@ 0xf8
 80013fc:	4393      	bics	r3, r2
 80013fe:	6922      	ldr	r2, [r4, #16]
 8001400:	00d2      	lsls	r2, r2, #3
 8001402:	4313      	orrs	r3, r2
 8001404:	600b      	str	r3, [r1, #0]
        }
      }
    }
  }
  /*------------------------------ LSI Configuration -------------------------*/ 
  if(((RCC_OscInitStruct->OscillatorType) & RCC_OSCILLATORTYPE_LSI) == RCC_OSCILLATORTYPE_LSI)
 8001406:	6823      	ldr	r3, [r4, #0]
 8001408:	071b      	lsls	r3, r3, #28
 800140a:	d544      	bpl.n	8001496 <HAL_RCC_OscConfig+0x1da>
  {
    /* Check the parameters */
    assert_param(IS_RCC_LSI(RCC_OscInitStruct->LSIState));
    
    /* Check the LSI State */
    if(RCC_OscInitStruct->LSIState != RCC_LSI_OFF)
 800140c:	69e3      	ldr	r3, [r4, #28]
 800140e:	2b00      	cmp	r3, #0
 8001410:	d02e      	beq.n	8001470 <HAL_RCC_OscConfig+0x1b4>
    {
      /* Enable the Internal Low Speed oscillator (LSI). */
      __HAL_RCC_LSI_ENABLE();
 8001412:	4a5d      	ldr	r2, [pc, #372]	@ (8001588 <HAL_RCC_OscConfig+0x2cc>)
 8001414:	6a53      	ldr	r3, [r2, #36]	@ 0x24
 8001416:	2101      	movs	r1, #1
 8001418:	430b      	orrs	r3, r1
 800141a:	6253      	str	r3, [r2, #36]	@ 0x24
      
      /* Get Start Tick */
      tickstart = HAL_GetTick();
 800141c:	f7ff fbba 	bl	8000b94 <HAL_GetTick>
 8001420:	0005      	movs	r5, r0
      
      /* Wait till LSI is ready */  
      while(__HAL_RCC_GET_FLAG(RCC_FLAG_LSIRDY) == RESET)
 8001422:	4b59      	ldr	r3, [pc, #356]	@ (8001588 <HAL_RCC_OscConfig+0x2cc>)
 8001424:	6a5b      	ldr	r3, [r3, #36]	@ 0x24
 8001426:	079b      	lsls	r3, r3, #30
 8001428:	d435      	bmi.n	8001496 <HAL_RCC_OscConfig+0x1da>
      {
        if((HAL_GetTick() - tickstart ) > LSI_TIMEOUT_VALUE)
 800142a:	f7ff fbb3 	bl	8000b94 <HAL_GetTick>
 800142e:	1b40      	subs	r0, r0, r5
 8001430:	2802      	cmp	r0, #2
 8001432:	d9f6      	bls.n	8001422 <HAL_RCC_OscConfig+0x166>
        {
          return HAL_TIMEOUT;
 8001434:	2003      	movs	r0, #3
 8001436:	e176      	b.n	8001726 <HAL_RCC_OscConfig+0x46a>
        __HAL_RCC_HSI_CALIBRATIONVALUE_ADJUST(RCC_OscInitStruct->HSICalibrationValue);
 8001438:	4953      	ldr	r1, [pc, #332]	@ (8001588 <HAL_RCC_OscConfig+0x2cc>)
 800143a:	680b      	ldr	r3, [r1, #0]
 800143c:	22f8      	movs	r2, #248	@ 0xf8
 800143e:	4393      	bics	r3, r2
 8001440:	6922      	ldr	r2, [r4, #16]
 8001442:	00d2      	lsls	r2, r2, #3
 8001444:	4313      	orrs	r3, r2
 8001446:	600b      	str	r3, [r1, #0]
 8001448:	e7dd      	b.n	8001406 <HAL_RCC_OscConfig+0x14a>
        __HAL_RCC_HSI_DISABLE();
 800144a:	4a4f      	ldr	r2, [pc, #316]	@ (8001588 <HAL_RCC_OscConfig+0x2cc>)
 800144c:	6813      	ldr	r3, [r2, #0]
 800144e:	2101      	movs	r1, #1
 8001450:	438b      	bics	r3, r1
 8001452:	6013      	str	r3, [r2, #0]
        tickstart = HAL_GetTick();
 8001454:	f7ff fb9e 	bl	8000b94 <HAL_GetTick>
 8001458:	0005      	movs	r5, r0
        while(__HAL_RCC_GET_FLAG(RCC_FLAG_HSIRDY) != RESET)
 800145a:	4b4b      	ldr	r3, [pc, #300]	@ (8001588 <HAL_RCC_OscConfig+0x2cc>)
 800145c:	681b      	ldr	r3, [r3, #0]
 800145e:	079b      	lsls	r3, r3, #30
 8001460:	d5d1      	bpl.n	8001406 <HAL_RCC_OscConfig+0x14a>
          if((HAL_GetTick() - tickstart ) > HSI_TIMEOUT_VALUE)
 8001462:	f7ff fb97 	bl	8000b94 <HAL_GetTick>
 8001466:	1b40      	subs	r0, r0, r5
 8001468:	2802      	cmp	r0, #2
 800146a:	d9f6      	bls.n	800145a <HAL_RCC_OscConfig+0x19e>
            return HAL_TIMEOUT;
 800146c:	2003      	movs	r0, #3
 800146e:	e15a      	b.n	8001726 <HAL_RCC_OscConfig+0x46a>
      }
    }
    else
    {
      /* Disable the Internal Low Speed oscillator (LSI). */
      __HAL_RCC_LSI_DISABLE();
 8001470:	4a45      	ldr	r2, [pc, #276]	@ (8001588 <HAL_RCC_OscConfig+0x2cc>)
 8001472:	6a53      	ldr	r3, [r2, #36]	@ 0x24
 8001474:	2101      	movs	r1, #1
 8001476:	438b      	bics	r3, r1
 8001478:	6253      	str	r3, [r2, #36]	@ 0x24
      
      /* Get Start Tick */
      tickstart = HAL_GetTick();
 800147a:	f7ff fb8b 	bl	8000b94 <HAL_GetTick>
 800147e:	0005      	movs	r5, r0
      
      /* Wait till LSI is disabled */  
      while(__HAL_RCC_GET_FLAG(RCC_FLAG_LSIRDY) != RESET)
 8001480:	4b41      	ldr	r3, [pc, #260]	@ (8001588 <HAL_RCC_OscConfig+0x2cc>)
 8001482:	6a5b      	ldr	r3, [r3, #36]	@ 0x24
 8001484:	079b      	lsls	r3, r3, #30
 8001486:	d506      	bpl.n	8001496 <HAL_RCC_OscConfig+0x1da>
      {
        if((HAL_GetTick() - tickstart ) > LSI_TIMEOUT_VALUE)
 8001488:	f7ff fb84 	bl	8000b94 <HAL_GetTick>
 800148c:	1b40      	subs	r0, r0, r5
 800148e:	2802      	cmp	r0, #2
 8001490:	d9f6      	bls.n	8001480 <HAL_RCC_OscConfig+0x1c4>
        {
          return HAL_TIMEOUT;
 8001492:	2003      	movs	r0, #3
 8001494:	e147      	b.n	8001726 <HAL_RCC_OscConfig+0x46a>
        }
      }
    }
  }
  /*------------------------------ LSE Configuration -------------------------*/ 
  if(((RCC_OscInitStruct->OscillatorType) & RCC_OSCILLATORTYPE_LSE) == RCC_OSCILLATORTYPE_LSE)
 8001496:	6823      	ldr	r3, [r4, #0]
 8001498:	075b      	lsls	r3, r3, #29
 800149a:	d400      	bmi.n	800149e <HAL_RCC_OscConfig+0x1e2>
 800149c:	e080      	b.n	80015a0 <HAL_RCC_OscConfig+0x2e4>
    /* Check the parameters */
    assert_param(IS_RCC_LSE(RCC_OscInitStruct->LSEState));

    /* Update LSE configuration in Backup Domain control register    */
    /* Requires to enable write access to Backup Domain of necessary */
    if(__HAL_RCC_PWR_IS_CLK_DISABLED())
 800149e:	4b3a      	ldr	r3, [pc, #232]	@ (8001588 <HAL_RCC_OscConfig+0x2cc>)
 80014a0:	69db      	ldr	r3, [r3, #28]
 80014a2:	00db      	lsls	r3, r3, #3
 80014a4:	d41d      	bmi.n	80014e2 <HAL_RCC_OscConfig+0x226>
    {
      __HAL_RCC_PWR_CLK_ENABLE();
 80014a6:	4b38      	ldr	r3, [pc, #224]	@ (8001588 <HAL_RCC_OscConfig+0x2cc>)
 80014a8:	69da      	ldr	r2, [r3, #28]
 80014aa:	2180      	movs	r1, #128	@ 0x80
 80014ac:	0549      	lsls	r1, r1, #21
 80014ae:	430a      	orrs	r2, r1
 80014b0:	61da      	str	r2, [r3, #28]
 80014b2:	69db      	ldr	r3, [r3, #28]
 80014b4:	400b      	ands	r3, r1
 80014b6:	9301      	str	r3, [sp, #4]
 80014b8:	9b01      	ldr	r3, [sp, #4]
      pwrclkchanged = SET;
 80014ba:	2501      	movs	r5, #1
    }
    
    if(HAL_IS_BIT_CLR(PWR->CR, PWR_CR_DBP))
 80014bc:	4b35      	ldr	r3, [pc, #212]	@ (8001594 <HAL_RCC_OscConfig+0x2d8>)
 80014be:	681b      	ldr	r3, [r3, #0]
 80014c0:	05db      	lsls	r3, r3, #23
 80014c2:	d510      	bpl.n	80014e6 <HAL_RCC_OscConfig+0x22a>
        }
      }
    }

    /* Set the new LSE configuration -----------------------------------------*/
    __HAL_RCC_LSE_CONFIG(RCC_OscInitStruct->LSEState);
 80014c4:	68a3      	ldr	r3, [r4, #8]
 80014c6:	2b01      	cmp	r3, #1
 80014c8:	d021      	beq.n	800150e <HAL_RCC_OscConfig+0x252>
 80014ca:	2b00      	cmp	r3, #0
 80014cc:	d136      	bne.n	800153c <HAL_RCC_OscConfig+0x280>
 80014ce:	4b2e      	ldr	r3, [pc, #184]	@ (8001588 <HAL_RCC_OscConfig+0x2cc>)
 80014d0:	6a1a      	ldr	r2, [r3, #32]
 80014d2:	2101      	movs	r1, #1
 80014d4:	438a      	bics	r2, r1
 80014d6:	621a      	str	r2, [r3, #32]
 80014d8:	6a1a      	ldr	r2, [r3, #32]
 80014da:	3103      	adds	r1, #3
 80014dc:	438a      	bics	r2, r1
 80014de:	621a      	str	r2, [r3, #32]
 80014e0:	e01a      	b.n	8001518 <HAL_RCC_OscConfig+0x25c>
    FlagStatus       pwrclkchanged = RESET;
 80014e2:	2500      	movs	r5, #0
 80014e4:	e7ea      	b.n	80014bc <HAL_RCC_OscConfig+0x200>
      SET_BIT(PWR->CR, PWR_CR_DBP);
 80014e6:	4a2b      	ldr	r2, [pc, #172]	@ (8001594 <HAL_RCC_OscConfig+0x2d8>)
 80014e8:	6811      	ldr	r1, [r2, #0]
 80014ea:	2380      	movs	r3, #128	@ 0x80
 80014ec:	005b      	lsls	r3, r3, #1
 80014ee:	430b      	orrs	r3, r1
 80014f0:	6013      	str	r3, [r2, #0]
      tickstart = HAL_GetTick();
 80014f2:	f7ff fb4f 	bl	8000b94 <HAL_GetTick>
 80014f6:	0006      	movs	r6, r0
      while(HAL_IS_BIT_CLR(PWR->CR, PWR_CR_DBP))
 80014f8:	4b26      	ldr	r3, [pc, #152]	@ (8001594 <HAL_RCC_OscConfig+0x2d8>)
 80014fa:	681b      	ldr	r3, [r3, #0]
 80014fc:	05db      	lsls	r3, r3, #23
 80014fe:	d4e1      	bmi.n	80014c4 <HAL_RCC_OscConfig+0x208>
        if((HAL_GetTick() - tickstart) > RCC_DBP_TIMEOUT_VALUE)
 8001500:	f7ff fb48 	bl	8000b94 <HAL_GetTick>
 8001504:	1b80      	subs	r0, r0, r6
 8001506:	2864      	cmp	r0, #100	@ 0x64
 8001508:	d9f6      	bls.n	80014f8 <HAL_RCC_OscConfig+0x23c>
          return HAL_TIMEOUT;
 800150a:	2003      	movs	r0, #3
 800150c:	e10b      	b.n	8001726 <HAL_RCC_OscConfig+0x46a>
    __HAL_RCC_LSE_CONFIG(RCC_OscInitStruct->LSEState);
 800150e:	4a1e      	ldr	r2, [pc, #120]	@ (8001588 <HAL_RCC_OscConfig+0x2cc>)
 8001510:	6a13      	ldr	r3, [r2, #32]
 8001512:	2101      	movs	r1, #1
 8001514:	430b      	orrs	r3, r1
 8001516:	6213      	str	r3, [r2, #32]
    /* Check the LSE State */
    if(RCC_OscInitStruct->LSEState != RCC_LSE_OFF)
 8001518:	68a3      	ldr	r3, [r4, #8]
 800151a:	2b00      	cmp	r3, #0
 800151c:	d024      	beq.n	8001568 <HAL_RCC_OscConfig+0x2ac>
    {
      /* Get Start Tick */
      tickstart = HAL_GetTick();
 800151e:	f7ff fb39 	bl	8000b94 <HAL_GetTick>
 8001522:	0006      	movs	r6, r0
      
      /* Wait till LSE is ready */  
      while(__HAL_RCC_GET_FLAG(RCC_FLAG_LSERDY) == RESET)
 8001524:	4b18      	ldr	r3, [pc, #96]	@ (8001588 <HAL_RCC_OscConfig+0x2cc>)
 8001526:	6a1b      	ldr	r3, [r3, #32]
 8001528:	079b      	lsls	r3, r3, #30
 800152a:	d437      	bmi.n	800159c <HAL_RCC_OscConfig+0x2e0>
      {
        if((HAL_GetTick() - tickstart ) > RCC_LSE_TIMEOUT_VALUE)
 800152c:	f7ff fb32 	bl	8000b94 <HAL_GetTick>
 8001530:	1b80      	subs	r0, r0, r6
 8001532:	4b19      	ldr	r3, [pc, #100]	@ (8001598 <HAL_RCC_OscConfig+0x2dc>)
 8001534:	4298      	cmp	r0, r3
 8001536:	d9f5      	bls.n	8001524 <HAL_RCC_OscConfig+0x268>
        {
          return HAL_TIMEOUT;
 8001538:	2003      	movs	r0, #3
 800153a:	e0f4      	b.n	8001726 <HAL_RCC_OscConfig+0x46a>
    __HAL_RCC_LSE_CONFIG(RCC_OscInitStruct->LSEState);
 800153c:	2b05      	cmp	r3, #5
 800153e:	d009      	beq.n	8001554 <HAL_RCC_OscConfig+0x298>
 8001540:	4b11      	ldr	r3, [pc, #68]	@ (8001588 <HAL_RCC_OscConfig+0x2cc>)
 8001542:	6a1a      	ldr	r2, [r3, #32]
 8001544:	2101      	movs	r1, #1
 8001546:	438a      	bics	r2, r1
 8001548:	621a      	str	r2, [r3, #32]
 800154a:	6a1a      	ldr	r2, [r3, #32]
 800154c:	3103      	adds	r1, #3
 800154e:	438a      	bics	r2, r1
 8001550:	621a      	str	r2, [r3, #32]
 8001552:	e7e1      	b.n	8001518 <HAL_RCC_OscConfig+0x25c>
 8001554:	4b0c      	ldr	r3, [pc, #48]	@ (8001588 <HAL_RCC_OscConfig+0x2cc>)
 8001556:	6a1a      	ldr	r2, [r3, #32]
 8001558:	2104      	movs	r1, #4
 800155a:	430a      	orrs	r2, r1
 800155c:	621a      	str	r2, [r3, #32]
 800155e:	6a1a      	ldr	r2, [r3, #32]
 8001560:	3903      	subs	r1, #3
 8001562:	430a      	orrs	r2, r1
 8001564:	621a      	str	r2, [r3, #32]
 8001566:	e7d7      	b.n	8001518 <HAL_RCC_OscConfig+0x25c>
      }
    }
    else
    {
      /* Get Start Tick */
      tickstart = HAL_GetTick();
 8001568:	f7ff fb14 	bl	8000b94 <HAL_GetTick>
 800156c:	0006      	movs	r6, r0
      
      /* Wait till LSE is disabled */  
      while(__HAL_RCC_GET_FLAG(RCC_FLAG_LSERDY) != RESET)
 800156e:	4b06      	ldr	r3, [pc, #24]	@ (8001588 <HAL_RCC_OscConfig+0x2cc>)
 8001570:	6a1b      	ldr	r3, [r3, #32]
 8001572:	079b      	lsls	r3, r3, #30
 8001574:	d512      	bpl.n	800159c <HAL_RCC_OscConfig+0x2e0>
      {
        if((HAL_GetTick() - tickstart ) > RCC_LSE_TIMEOUT_VALUE)
 8001576:	f7ff fb0d 	bl	8000b94 <HAL_GetTick>
 800157a:	1b80      	subs	r0, r0, r6
 800157c:	4b06      	ldr	r3, [pc, #24]	@ (8001598 <HAL_RCC_OscConfig+0x2dc>)
 800157e:	4298      	cmp	r0, r3
 8001580:	d9f5      	bls.n	800156e <HAL_RCC_OscConfig+0x2b2>
        {
          return HAL_TIMEOUT;
 8001582:	2003      	movs	r0, #3
 8001584:	e0cf      	b.n	8001726 <HAL_RCC_OscConfig+0x46a>
 8001586:	46c0      	nop			@ (mov r8, r8)
 8001588:	40021000 	.word	0x40021000
 800158c:	fffeffff 	.word	0xfffeffff
 8001590:	fffbffff 	.word	0xfffbffff
 8001594:	40007000 	.word	0x40007000
 8001598:	00001388 	.word	0x00001388
        }
      }
    }

    /* Require to disable power clock if necessary */
    if(pwrclkchanged == SET)
 800159c:	2d01      	cmp	r5, #1
 800159e:	d033      	beq.n	8001608 <HAL_RCC_OscConfig+0x34c>
      __HAL_RCC_PWR_CLK_DISABLE();
    }
  }

  /*----------------------------- HSI14 Configuration --------------------------*/
  if(((RCC_OscInitStruct->OscillatorType) & RCC_OSCILLATORTYPE_HSI14) == RCC_OSCILLATORTYPE_HSI14)
 80015a0:	6823      	ldr	r3, [r4, #0]
 80015a2:	06db      	lsls	r3, r3, #27
 80015a4:	d510      	bpl.n	80015c8 <HAL_RCC_OscConfig+0x30c>
    /* Check the parameters */
    assert_param(IS_RCC_HSI14(RCC_OscInitStruct->HSI14State));
    assert_param(IS_RCC_CALIBRATION_VALUE(RCC_OscInitStruct->HSI14CalibrationValue));

    /* Check the HSI14 State */
    if(RCC_OscInitStruct->HSI14State == RCC_HSI14_ON)
 80015a6:	6963      	ldr	r3, [r4, #20]
 80015a8:	2b01      	cmp	r3, #1
 80015aa:	d033      	beq.n	8001614 <HAL_RCC_OscConfig+0x358>
      } 

      /* Adjusts the Internal High Speed oscillator 14Mhz (HSI14) calibration value. */
      __HAL_RCC_HSI14_CALIBRATIONVALUE_ADJUST(RCC_OscInitStruct->HSI14CalibrationValue);
    }
    else if(RCC_OscInitStruct->HSI14State == RCC_HSI14_ADC_CONTROL)
 80015ac:	3305      	adds	r3, #5
 80015ae:	d151      	bne.n	8001654 <HAL_RCC_OscConfig+0x398>
    {
      /* Enable ADC control of the Internal High Speed oscillator HSI14 */
      __HAL_RCC_HSI14ADC_ENABLE();
 80015b0:	4a65      	ldr	r2, [pc, #404]	@ (8001748 <HAL_RCC_OscConfig+0x48c>)
 80015b2:	6b53      	ldr	r3, [r2, #52]	@ 0x34
 80015b4:	2104      	movs	r1, #4
 80015b6:	438b      	bics	r3, r1
 80015b8:	6353      	str	r3, [r2, #52]	@ 0x34

      /* Adjusts the Internal High Speed oscillator 14Mhz (HSI14) calibration value. */
      __HAL_RCC_HSI14_CALIBRATIONVALUE_ADJUST(RCC_OscInitStruct->HSI14CalibrationValue);
 80015ba:	6b53      	ldr	r3, [r2, #52]	@ 0x34
 80015bc:	31f4      	adds	r1, #244	@ 0xf4
 80015be:	438b      	bics	r3, r1
 80015c0:	69a1      	ldr	r1, [r4, #24]
 80015c2:	00c9      	lsls	r1, r1, #3
 80015c4:	430b      	orrs	r3, r1
 80015c6:	6353      	str	r3, [r2, #52]	@ 0x34
#endif /* RCC_HSI48_SUPPORT */
       
  /*-------------------------------- PLL Configuration -----------------------*/
  /* Check the parameters */
  assert_param(IS_RCC_PLL(RCC_OscInitStruct->PLL.PLLState));
  if ((RCC_OscInitStruct->PLL.PLLState) != RCC_PLL_NONE)
 80015c8:	6a23      	ldr	r3, [r4, #32]
 80015ca:	2b00      	cmp	r3, #0
 80015cc:	d100      	bne.n	80015d0 <HAL_RCC_OscConfig+0x314>
 80015ce:	e0b0      	b.n	8001732 <HAL_RCC_OscConfig+0x476>
  {
    /* Check if the PLL is used as system clock or not */
    if(__HAL_RCC_GET_SYSCLK_SOURCE() != RCC_SYSCLKSOURCE_STATUS_PLLCLK)
 80015d0:	4a5d      	ldr	r2, [pc, #372]	@ (8001748 <HAL_RCC_OscConfig+0x48c>)
 80015d2:	6851      	ldr	r1, [r2, #4]
 80015d4:	220c      	movs	r2, #12
 80015d6:	400a      	ands	r2, r1
 80015d8:	2a08      	cmp	r2, #8
 80015da:	d100      	bne.n	80015de <HAL_RCC_OscConfig+0x322>
 80015dc:	e08a      	b.n	80016f4 <HAL_RCC_OscConfig+0x438>
    { 
      if((RCC_OscInitStruct->PLL.PLLState) == RCC_PLL_ON)
 80015de:	2b02      	cmp	r3, #2
 80015e0:	d04f      	beq.n	8001682 <HAL_RCC_OscConfig+0x3c6>
        }
      }
      else
      {
        /* Disable the main PLL. */
        __HAL_RCC_PLL_DISABLE();
 80015e2:	4a59      	ldr	r2, [pc, #356]	@ (8001748 <HAL_RCC_OscConfig+0x48c>)
 80015e4:	6813      	ldr	r3, [r2, #0]
 80015e6:	4959      	ldr	r1, [pc, #356]	@ (800174c <HAL_RCC_OscConfig+0x490>)
 80015e8:	400b      	ands	r3, r1
 80015ea:	6013      	str	r3, [r2, #0]
 
        /* Get Start Tick */
        tickstart = HAL_GetTick();
 80015ec:	f7ff fad2 	bl	8000b94 <HAL_GetTick>
 80015f0:	0004      	movs	r4, r0
        
        /* Wait till PLL is disabled */  
        while(__HAL_RCC_GET_FLAG(RCC_FLAG_PLLRDY)  != RESET)
 80015f2:	4b55      	ldr	r3, [pc, #340]	@ (8001748 <HAL_RCC_OscConfig+0x48c>)
 80015f4:	681b      	ldr	r3, [r3, #0]
 80015f6:	019b      	lsls	r3, r3, #6
 80015f8:	d57a      	bpl.n	80016f0 <HAL_RCC_OscConfig+0x434>
        {
          if((HAL_GetTick() - tickstart ) > PLL_TIMEOUT_VALUE)
 80015fa:	f7ff facb 	bl	8000b94 <HAL_GetTick>
 80015fe:	1b00      	subs	r0, r0, r4
 8001600:	2802      	cmp	r0, #2
 8001602:	d9f6      	bls.n	80015f2 <HAL_RCC_OscConfig+0x336>
          {
            return HAL_TIMEOUT;
 8001604:	2003      	movs	r0, #3
 8001606:	e08e      	b.n	8001726 <HAL_RCC_OscConfig+0x46a>
      __HAL_RCC_PWR_CLK_DISABLE();
 8001608:	4a4f      	ldr	r2, [pc, #316]	@ (8001748 <HAL_RCC_OscConfig+0x48c>)
 800160a:	69d3      	ldr	r3, [r2, #28]
 800160c:	4950      	ldr	r1, [pc, #320]	@ (8001750 <HAL_RCC_OscConfig+0x494>)
 800160e:	400b      	ands	r3, r1
 8001610:	61d3      	str	r3, [r2, #28]
 8001612:	e7c5      	b.n	80015a0 <HAL_RCC_OscConfig+0x2e4>
      __HAL_RCC_HSI14ADC_DISABLE();
 8001614:	4b4c      	ldr	r3, [pc, #304]	@ (8001748 <HAL_RCC_OscConfig+0x48c>)
 8001616:	6b5a      	ldr	r2, [r3, #52]	@ 0x34
 8001618:	2104      	movs	r1, #4
 800161a:	430a      	orrs	r2, r1
 800161c:	635a      	str	r2, [r3, #52]	@ 0x34
      __HAL_RCC_HSI14_ENABLE();
 800161e:	6b5a      	ldr	r2, [r3, #52]	@ 0x34
 8001620:	3903      	subs	r1, #3
 8001622:	430a      	orrs	r2, r1
 8001624:	635a      	str	r2, [r3, #52]	@ 0x34
      tickstart = HAL_GetTick();
 8001626:	f7ff fab5 	bl	8000b94 <HAL_GetTick>
 800162a:	0005      	movs	r5, r0
      while(__HAL_RCC_GET_FLAG(RCC_FLAG_HSI14RDY) == RESET)
 800162c:	4b46      	ldr	r3, [pc, #280]	@ (8001748 <HAL_RCC_OscConfig+0x48c>)
 800162e:	6b5b      	ldr	r3, [r3, #52]	@ 0x34
 8001630:	079b      	lsls	r3, r3, #30
 8001632:	d406      	bmi.n	8001642 <HAL_RCC_OscConfig+0x386>
        if((HAL_GetTick() - tickstart) > HSI14_TIMEOUT_VALUE)
 8001634:	f7ff faae 	bl	8000b94 <HAL_GetTick>
 8001638:	1b40      	subs	r0, r0, r5
 800163a:	2802      	cmp	r0, #2
 800163c:	d9f6      	bls.n	800162c <HAL_RCC_OscConfig+0x370>
          return HAL_TIMEOUT;
 800163e:	2003      	movs	r0, #3
 8001640:	e071      	b.n	8001726 <HAL_RCC_OscConfig+0x46a>
      __HAL_RCC_HSI14_CALIBRATIONVALUE_ADJUST(RCC_OscInitStruct->HSI14CalibrationValue);
 8001642:	4941      	ldr	r1, [pc, #260]	@ (8001748 <HAL_RCC_OscConfig+0x48c>)
 8001644:	6b4b      	ldr	r3, [r1, #52]	@ 0x34
 8001646:	22f8      	movs	r2, #248	@ 0xf8
 8001648:	4393      	bics	r3, r2
 800164a:	69a2      	ldr	r2, [r4, #24]
 800164c:	00d2      	lsls	r2, r2, #3
 800164e:	4313      	orrs	r3, r2
 8001650:	634b      	str	r3, [r1, #52]	@ 0x34
 8001652:	e7b9      	b.n	80015c8 <HAL_RCC_OscConfig+0x30c>
      __HAL_RCC_HSI14ADC_DISABLE();
 8001654:	4b3c      	ldr	r3, [pc, #240]	@ (8001748 <HAL_RCC_OscConfig+0x48c>)
 8001656:	6b5a      	ldr	r2, [r3, #52]	@ 0x34
 8001658:	2104      	movs	r1, #4
 800165a:	430a      	orrs	r2, r1
 800165c:	635a      	str	r2, [r3, #52]	@ 0x34
      __HAL_RCC_HSI14_DISABLE();
 800165e:	6b5a      	ldr	r2, [r3, #52]	@ 0x34
 8001660:	3903      	subs	r1, #3
 8001662:	438a      	bics	r2, r1
 8001664:	635a      	str	r2, [r3, #52]	@ 0x34
      tickstart = HAL_GetTick();
 8001666:	f7ff fa95 	bl	8000b94 <HAL_GetTick>
 800166a:	0005      	movs	r5, r0
      while(__HAL_RCC_GET_FLAG(RCC_FLAG_HSI14RDY) != RESET)
 800166c:	4b36      	ldr	r3, [pc, #216]	@ (8001748 <HAL_RCC_OscConfig+0x48c>)
 800166e:	6b5b      	ldr	r3, [r3, #52]	@ 0x34
 8001670:	079b      	lsls	r3, r3, #30
 8001672:	d5a9      	bpl.n	80015c8 <HAL_RCC_OscConfig+0x30c>
        if((HAL_GetTick() - tickstart) > HSI14_TIMEOUT_VALUE)
 8001674:	f7ff fa8e 	bl	8000b94 <HAL_GetTick>
 8001678:	1b40      	subs	r0, r0, r5
 800167a:	2802      	cmp	r0, #2
 800167c:	d9f6      	bls.n	800166c <HAL_RCC_OscConfig+0x3b0>
          return HAL_TIMEOUT;
 800167e:	2003      	movs	r0, #3
 8001680:	e051      	b.n	8001726 <HAL_RCC_OscConfig+0x46a>
        __HAL_RCC_PLL_DISABLE();
 8001682:	4a31      	ldr	r2, [pc, #196]	@ (8001748 <HAL_RCC_OscConfig+0x48c>)
 8001684:	6813      	ldr	r3, [r2, #0]
 8001686:	4931      	ldr	r1, [pc, #196]	@ (800174c <HAL_RCC_OscConfig+0x490>)
 8001688:	400b      	ands	r3, r1
 800168a:	6013      	str	r3, [r2, #0]
        tickstart = HAL_GetTick();
 800168c:	f7ff fa82 	bl	8000b94 <HAL_GetTick>
 8001690:	0005      	movs	r5, r0
        while(__HAL_RCC_GET_FLAG(RCC_FLAG_PLLRDY)  != RESET)
 8001692:	4b2d      	ldr	r3, [pc, #180]	@ (8001748 <HAL_RCC_OscConfig+0x48c>)
 8001694:	681b      	ldr	r3, [r3, #0]
 8001696:	019b      	lsls	r3, r3, #6
 8001698:	d506      	bpl.n	80016a8 <HAL_RCC_OscConfig+0x3ec>
          if((HAL_GetTick() - tickstart ) > PLL_TIMEOUT_VALUE)
 800169a:	f7ff fa7b 	bl	8000b94 <HAL_GetTick>
 800169e:	1b40      	subs	r0, r0, r5
 80016a0:	2802      	cmp	r0, #2
 80016a2:	d9f6      	bls.n	8001692 <HAL_RCC_OscConfig+0x3d6>
            return HAL_TIMEOUT;
 80016a4:	2003      	movs	r0, #3
 80016a6:	e03e      	b.n	8001726 <HAL_RCC_OscConfig+0x46a>
        __HAL_RCC_PLL_CONFIG(RCC_OscInitStruct->PLL.PLLSource,
 80016a8:	4b27      	ldr	r3, [pc, #156]	@ (8001748 <HAL_RCC_OscConfig+0x48c>)
 80016aa:	6ada      	ldr	r2, [r3, #44]	@ 0x2c
 80016ac:	210f      	movs	r1, #15
 80016ae:	438a      	bics	r2, r1
 80016b0:	6ae1      	ldr	r1, [r4, #44]	@ 0x2c
 80016b2:	430a      	orrs	r2, r1
 80016b4:	62da      	str	r2, [r3, #44]	@ 0x2c
 80016b6:	685a      	ldr	r2, [r3, #4]
 80016b8:	4926      	ldr	r1, [pc, #152]	@ (8001754 <HAL_RCC_OscConfig+0x498>)
 80016ba:	400a      	ands	r2, r1
 80016bc:	6aa1      	ldr	r1, [r4, #40]	@ 0x28
 80016be:	6a60      	ldr	r0, [r4, #36]	@ 0x24
 80016c0:	4301      	orrs	r1, r0
 80016c2:	430a      	orrs	r2, r1
 80016c4:	605a      	str	r2, [r3, #4]
        __HAL_RCC_PLL_ENABLE();
 80016c6:	6819      	ldr	r1, [r3, #0]
 80016c8:	2280      	movs	r2, #128	@ 0x80
 80016ca:	0452      	lsls	r2, r2, #17
 80016cc:	430a      	orrs	r2, r1
 80016ce:	601a      	str	r2, [r3, #0]
        tickstart = HAL_GetTick();
 80016d0:	f7ff fa60 	bl	8000b94 <HAL_GetTick>
 80016d4:	0004      	movs	r4, r0
        while(__HAL_RCC_GET_FLAG(RCC_FLAG_PLLRDY)  == RESET)
 80016d6:	4b1c      	ldr	r3, [pc, #112]	@ (8001748 <HAL_RCC_OscConfig+0x48c>)
 80016d8:	681b      	ldr	r3, [r3, #0]
 80016da:	019b      	lsls	r3, r3, #6
 80016dc:	d406      	bmi.n	80016ec <HAL_RCC_OscConfig+0x430>
          if((HAL_GetTick() - tickstart ) > PLL_TIMEOUT_VALUE)
 80016de:	f7ff fa59 	bl	8000b94 <HAL_GetTick>
 80016e2:	1b00      	subs	r0, r0, r4
 80016e4:	2802      	cmp	r0, #2
 80016e6:	d9f6      	bls.n	80016d6 <HAL_RCC_OscConfig+0x41a>
            return HAL_TIMEOUT;
 80016e8:	2003      	movs	r0, #3
 80016ea:	e01c      	b.n	8001726 <HAL_RCC_OscConfig+0x46a>
        }
      }
    }
  }

  return HAL_OK;
 80016ec:	2000      	movs	r0, #0
 80016ee:	e01a      	b.n	8001726 <HAL_RCC_OscConfig+0x46a>
 80016f0:	2000      	movs	r0, #0
 80016f2:	e018      	b.n	8001726 <HAL_RCC_OscConfig+0x46a>
      if((RCC_OscInitStruct->PLL.PLLState) == RCC_PLL_OFF)
 80016f4:	2b01      	cmp	r3, #1
 80016f6:	d01e      	beq.n	8001736 <HAL_RCC_OscConfig+0x47a>
        pll_config  = RCC->CFGR;
 80016f8:	4b13      	ldr	r3, [pc, #76]	@ (8001748 <HAL_RCC_OscConfig+0x48c>)
 80016fa:	685a      	ldr	r2, [r3, #4]
        pll_config2 = RCC->CFGR2;
 80016fc:	6ad8      	ldr	r0, [r3, #44]	@ 0x2c
        if((READ_BIT(pll_config,  RCC_CFGR_PLLSRC)  != RCC_OscInitStruct->PLL.PLLSource) ||
 80016fe:	2380      	movs	r3, #128	@ 0x80
 8001700:	025b      	lsls	r3, r3, #9
 8001702:	4013      	ands	r3, r2
 8001704:	6a61      	ldr	r1, [r4, #36]	@ 0x24
 8001706:	428b      	cmp	r3, r1
 8001708:	d117      	bne.n	800173a <HAL_RCC_OscConfig+0x47e>
           (READ_BIT(pll_config2, RCC_CFGR2_PREDIV) != RCC_OscInitStruct->PLL.PREDIV)    ||
 800170a:	230f      	movs	r3, #15
 800170c:	4003      	ands	r3, r0
 800170e:	6ae1      	ldr	r1, [r4, #44]	@ 0x2c
        if((READ_BIT(pll_config,  RCC_CFGR_PLLSRC)  != RCC_OscInitStruct->PLL.PLLSource) ||
 8001710:	428b      	cmp	r3, r1
 8001712:	d114      	bne.n	800173e <HAL_RCC_OscConfig+0x482>
           (READ_BIT(pll_config,  RCC_CFGR_PLLMUL)  != RCC_OscInitStruct->PLL.PLLMUL))
 8001714:	23f0      	movs	r3, #240	@ 0xf0
 8001716:	039b      	lsls	r3, r3, #14
 8001718:	401a      	ands	r2, r3
 800171a:	6aa3      	ldr	r3, [r4, #40]	@ 0x28
           (READ_BIT(pll_config2, RCC_CFGR2_PREDIV) != RCC_OscInitStruct->PLL.PREDIV)    ||
 800171c:	429a      	cmp	r2, r3
 800171e:	d110      	bne.n	8001742 <HAL_RCC_OscConfig+0x486>
  return HAL_OK;
 8001720:	2000      	movs	r0, #0
 8001722:	e000      	b.n	8001726 <HAL_RCC_OscConfig+0x46a>
    return HAL_ERROR;
 8001724:	2001      	movs	r0, #1
}
 8001726:	b002      	add	sp, #8
 8001728:	bd70      	pop	{r4, r5, r6, pc}
        return HAL_ERROR;
 800172a:	2001      	movs	r0, #1
 800172c:	e7fb      	b.n	8001726 <HAL_RCC_OscConfig+0x46a>
        return HAL_ERROR;
 800172e:	2001      	movs	r0, #1
 8001730:	e7f9      	b.n	8001726 <HAL_RCC_OscConfig+0x46a>
  return HAL_OK;
 8001732:	2000      	movs	r0, #0
 8001734:	e7f7      	b.n	8001726 <HAL_RCC_OscConfig+0x46a>
        return HAL_ERROR;
 8001736:	2001      	movs	r0, #1
 8001738:	e7f5      	b.n	8001726 <HAL_RCC_OscConfig+0x46a>
          return HAL_ERROR;
 800173a:	2001      	movs	r0, #1
 800173c:	e7f3      	b.n	8001726 <HAL_RCC_OscConfig+0x46a>
 800173e:	2001      	movs	r0, #1
 8001740:	e7f1      	b.n	8001726 <HAL_RCC_OscConfig+0x46a>
 8001742:	2001      	movs	r0, #1
 8001744:	e7ef      	b.n	8001726 <HAL_RCC_OscConfig+0x46a>
 8001746:	46c0      	nop			@ (mov r8, r8)
 8001748:	40021000 	.word	0x40021000
 800174c:	feffffff 	.word	0xfeffffff
 8001750:	efffffff 	.word	0xefffffff
 8001754:	ffc2ffff 	.word	0xffc2ffff

08001758 <HAL_RCC_GetSysClockFreq>:
  *         right SYSCLK value. Otherwise, any configuration based on this function will be incorrect.
  *         
  * @retval SYSCLK frequency
  */
uint32_t HAL_RCC_GetSysClockFreq(void)
{
 8001758:	b510      	push	{r4, lr}
                                                   9U,10U, 11U, 12U, 13U, 14U, 15U, 16U};

  uint32_t tmpreg = 0U, prediv = 0U, pllclk = 0U, pllmul = 0U;
  uint32_t sysclockfreq = 0U;
  
  tmpreg = RCC->CFGR;
 800175a:	4b12      	ldr	r3, [pc, #72]	@ (80017a4 <HAL_RCC_GetSysClockFreq+0x4c>)
 800175c:	685a      	ldr	r2, [r3, #4]
  
  /* Get SYSCLK source -------------------------------------------------------*/
  switch (tmpreg & RCC_CFGR_SWS)
 800175e:	230c      	movs	r3, #12
 8001760:	4013      	ands	r3, r2
 8001762:	2b04      	cmp	r3, #4
 8001764:	d01a      	beq.n	800179c <HAL_RCC_GetSysClockFreq+0x44>
 8001766:	2b08      	cmp	r3, #8
 8001768:	d11a      	bne.n	80017a0 <HAL_RCC_GetSysClockFreq+0x48>
      sysclockfreq = HSE_VALUE;
      break;
    }
    case RCC_SYSCLKSOURCE_STATUS_PLLCLK:  /* PLL used as system clock */
    {
      pllmul = aPLLMULFactorTable[(uint32_t)(tmpreg & RCC_CFGR_PLLMUL) >> RCC_CFGR_PLLMUL_BITNUMBER];
 800176a:	0c91      	lsrs	r1, r2, #18
 800176c:	3307      	adds	r3, #7
 800176e:	4019      	ands	r1, r3
 8001770:	480d      	ldr	r0, [pc, #52]	@ (80017a8 <HAL_RCC_GetSysClockFreq+0x50>)
 8001772:	5c44      	ldrb	r4, [r0, r1]
      prediv = aPredivFactorTable[(uint32_t)(RCC->CFGR2 & RCC_CFGR2_PREDIV) >> RCC_CFGR2_PREDIV_BITNUMBER];
 8001774:	490b      	ldr	r1, [pc, #44]	@ (80017a4 <HAL_RCC_GetSysClockFreq+0x4c>)
 8001776:	6ac9      	ldr	r1, [r1, #44]	@ 0x2c
 8001778:	400b      	ands	r3, r1
 800177a:	490c      	ldr	r1, [pc, #48]	@ (80017ac <HAL_RCC_GetSysClockFreq+0x54>)
 800177c:	5cc9      	ldrb	r1, [r1, r3]
      if ((tmpreg & RCC_CFGR_PLLSRC) == RCC_PLLSOURCE_HSE)
 800177e:	03d2      	lsls	r2, r2, #15
 8001780:	d504      	bpl.n	800178c <HAL_RCC_GetSysClockFreq+0x34>
      {
        /* HSE used as PLL clock source : PLLCLK = HSE/PREDIV * PLLMUL */
        pllclk = (uint32_t)((uint64_t) HSE_VALUE / (uint64_t) (prediv)) * ((uint64_t) pllmul);
 8001782:	480b      	ldr	r0, [pc, #44]	@ (80017b0 <HAL_RCC_GetSysClockFreq+0x58>)
 8001784:	f7fe fca6 	bl	80000d4 <__udivsi3>
 8001788:	4360      	muls	r0, r4
 800178a:	e008      	b.n	800179e <HAL_RCC_GetSysClockFreq+0x46>
#if  (defined(STM32F042x6) || defined(STM32F048xx) || defined(STM32F070x6) || defined(STM32F071xB) || defined(STM32F072xB) || defined(STM32F078xx) || defined(STM32F070xB) || defined(STM32F091xC) || defined(STM32F098xx) || defined(STM32F030xC))
        /* HSI used as PLL clock source : PLLCLK = HSI/PREDIV * PLLMUL */
        pllclk = (uint32_t)((uint64_t) HSI_VALUE / (uint64_t) (prediv)) * ((uint64_t) pllmul);
#else
        /* HSI used as PLL clock source : PLLCLK = HSI/2 * PLLMUL */
        pllclk = (uint32_t)((uint64_t) (HSI_VALUE >> 1U) * ((uint64_t) pllmul));
 800178c:	0162      	lsls	r2, r4, #5
 800178e:	1b12      	subs	r2, r2, r4
 8001790:	0193      	lsls	r3, r2, #6
 8001792:	1a9b      	subs	r3, r3, r2
 8001794:	00db      	lsls	r3, r3, #3
 8001796:	191b      	adds	r3, r3, r4
 8001798:	0218      	lsls	r0, r3, #8
 800179a:	e000      	b.n	800179e <HAL_RCC_GetSysClockFreq+0x46>
  switch (tmpreg & RCC_CFGR_SWS)
 800179c:	4804      	ldr	r0, [pc, #16]	@ (80017b0 <HAL_RCC_GetSysClockFreq+0x58>)
      sysclockfreq = HSI_VALUE;
      break;
    }
  }
  return sysclockfreq;
}
 800179e:	bd10      	pop	{r4, pc}
      sysclockfreq = HSI_VALUE;
 80017a0:	4804      	ldr	r0, [pc, #16]	@ (80017b4 <HAL_RCC_GetSysClockFreq+0x5c>)
  return sysclockfreq;
 80017a2:	e7fc      	b.n	800179e <HAL_RCC_GetSysClockFreq+0x46>
 80017a4:	40021000 	.word	0x40021000
 80017a8:	080039dc 	.word	0x080039dc
 80017ac:	080039cc 	.word	0x080039cc
 80017b0:	016e3600 	.word	0x016e3600
 80017b4:	007a1200 	.word	0x007a1200

080017b8 <HAL_RCC_ClockConfig>:
{
 80017b8:	b570      	push	{r4, r5, r6, lr}
 80017ba:	0004      	movs	r4, r0
 80017bc:	000d      	movs	r5, r1
  if(RCC_ClkInitStruct == NULL)
 80017be:	2800      	cmp	r0, #0
 80017c0:	d100      	bne.n	80017c4 <HAL_RCC_ClockConfig+0xc>
 80017c2:	e07e      	b.n	80018c2 <HAL_RCC_ClockConfig+0x10a>
  if(FLatency > __HAL_FLASH_GET_LATENCY())
 80017c4:	4b43      	ldr	r3, [pc, #268]	@ (80018d4 <HAL_RCC_ClockConfig+0x11c>)
 80017c6:	681a      	ldr	r2, [r3, #0]
 80017c8:	2301      	movs	r3, #1
 80017ca:	4013      	ands	r3, r2
 80017cc:	428b      	cmp	r3, r1
 80017ce:	d20a      	bcs.n	80017e6 <HAL_RCC_ClockConfig+0x2e>
    __HAL_FLASH_SET_LATENCY(FLatency);
 80017d0:	4940      	ldr	r1, [pc, #256]	@ (80018d4 <HAL_RCC_ClockConfig+0x11c>)
 80017d2:	680b      	ldr	r3, [r1, #0]
 80017d4:	2201      	movs	r2, #1
 80017d6:	4393      	bics	r3, r2
 80017d8:	432b      	orrs	r3, r5
 80017da:	600b      	str	r3, [r1, #0]
    if(__HAL_FLASH_GET_LATENCY() != FLatency)
 80017dc:	680b      	ldr	r3, [r1, #0]
 80017de:	401a      	ands	r2, r3
 80017e0:	42aa      	cmp	r2, r5
 80017e2:	d000      	beq.n	80017e6 <HAL_RCC_ClockConfig+0x2e>
 80017e4:	e06f      	b.n	80018c6 <HAL_RCC_ClockConfig+0x10e>
  if(((RCC_ClkInitStruct->ClockType) & RCC_CLOCKTYPE_HCLK) == RCC_CLOCKTYPE_HCLK)
 80017e6:	6823      	ldr	r3, [r4, #0]
 80017e8:	079a      	lsls	r2, r3, #30
 80017ea:	d50e      	bpl.n	800180a <HAL_RCC_ClockConfig+0x52>
    if(((RCC_ClkInitStruct->ClockType) & RCC_CLOCKTYPE_PCLK1) == RCC_CLOCKTYPE_PCLK1)
 80017ec:	075b      	lsls	r3, r3, #29
 80017ee:	d505      	bpl.n	80017fc <HAL_RCC_ClockConfig+0x44>
      MODIFY_REG(RCC->CFGR, RCC_CFGR_PPRE, RCC_HCLK_DIV16);
 80017f0:	4a39      	ldr	r2, [pc, #228]	@ (80018d8 <HAL_RCC_ClockConfig+0x120>)
 80017f2:	6851      	ldr	r1, [r2, #4]
 80017f4:	23e0      	movs	r3, #224	@ 0xe0
 80017f6:	00db      	lsls	r3, r3, #3
 80017f8:	430b      	orrs	r3, r1
 80017fa:	6053      	str	r3, [r2, #4]
    MODIFY_REG(RCC->CFGR, RCC_CFGR_HPRE, RCC_ClkInitStruct->AHBCLKDivider);
 80017fc:	4a36      	ldr	r2, [pc, #216]	@ (80018d8 <HAL_RCC_ClockConfig+0x120>)
 80017fe:	6853      	ldr	r3, [r2, #4]
 8001800:	21f0      	movs	r1, #240	@ 0xf0
 8001802:	438b      	bics	r3, r1
 8001804:	68a1      	ldr	r1, [r4, #8]
 8001806:	430b      	orrs	r3, r1
 8001808:	6053      	str	r3, [r2, #4]
  if(((RCC_ClkInitStruct->ClockType) & RCC_CLOCKTYPE_SYSCLK) == RCC_CLOCKTYPE_SYSCLK)
 800180a:	6823      	ldr	r3, [r4, #0]
 800180c:	07db      	lsls	r3, r3, #31
 800180e:	d52d      	bpl.n	800186c <HAL_RCC_ClockConfig+0xb4>
    if(RCC_ClkInitStruct->SYSCLKSource == RCC_SYSCLKSOURCE_HSE)
 8001810:	6863      	ldr	r3, [r4, #4]
 8001812:	2b01      	cmp	r3, #1
 8001814:	d01e      	beq.n	8001854 <HAL_RCC_ClockConfig+0x9c>
    else if(RCC_ClkInitStruct->SYSCLKSource == RCC_SYSCLKSOURCE_PLLCLK)
 8001816:	2b02      	cmp	r3, #2
 8001818:	d022      	beq.n	8001860 <HAL_RCC_ClockConfig+0xa8>
      if(__HAL_RCC_GET_FLAG(RCC_FLAG_HSIRDY) == RESET)
 800181a:	4a2f      	ldr	r2, [pc, #188]	@ (80018d8 <HAL_RCC_ClockConfig+0x120>)
 800181c:	6812      	ldr	r2, [r2, #0]
 800181e:	0792      	lsls	r2, r2, #30
 8001820:	d553      	bpl.n	80018ca <HAL_RCC_ClockConfig+0x112>
    __HAL_RCC_SYSCLK_CONFIG(RCC_ClkInitStruct->SYSCLKSource);
 8001822:	492d      	ldr	r1, [pc, #180]	@ (80018d8 <HAL_RCC_ClockConfig+0x120>)
 8001824:	684a      	ldr	r2, [r1, #4]
 8001826:	2003      	movs	r0, #3
 8001828:	4382      	bics	r2, r0
 800182a:	4313      	orrs	r3, r2
 800182c:	604b      	str	r3, [r1, #4]
    tickstart = HAL_GetTick();
 800182e:	f7ff f9b1 	bl	8000b94 <HAL_GetTick>
 8001832:	0006      	movs	r6, r0
    while (__HAL_RCC_GET_SYSCLK_SOURCE() != (RCC_ClkInitStruct->SYSCLKSource << RCC_CFGR_SWS_Pos))
 8001834:	4b28      	ldr	r3, [pc, #160]	@ (80018d8 <HAL_RCC_ClockConfig+0x120>)
 8001836:	685b      	ldr	r3, [r3, #4]
 8001838:	220c      	movs	r2, #12
 800183a:	401a      	ands	r2, r3
 800183c:	6863      	ldr	r3, [r4, #4]
 800183e:	009b      	lsls	r3, r3, #2
 8001840:	429a      	cmp	r2, r3
 8001842:	d013      	beq.n	800186c <HAL_RCC_ClockConfig+0xb4>
      if((HAL_GetTick() - tickstart ) > CLOCKSWITCH_TIMEOUT_VALUE)
 8001844:	f7ff f9a6 	bl	8000b94 <HAL_GetTick>
 8001848:	1b80      	subs	r0, r0, r6
 800184a:	4b24      	ldr	r3, [pc, #144]	@ (80018dc <HAL_RCC_ClockConfig+0x124>)
 800184c:	4298      	cmp	r0, r3
 800184e:	d9f1      	bls.n	8001834 <HAL_RCC_ClockConfig+0x7c>
        return HAL_TIMEOUT;
 8001850:	2003      	movs	r0, #3
 8001852:	e035      	b.n	80018c0 <HAL_RCC_ClockConfig+0x108>
      if(__HAL_RCC_GET_FLAG(RCC_FLAG_HSERDY) == RESET)
 8001854:	4a20      	ldr	r2, [pc, #128]	@ (80018d8 <HAL_RCC_ClockConfig+0x120>)
 8001856:	6812      	ldr	r2, [r2, #0]
 8001858:	0392      	lsls	r2, r2, #14
 800185a:	d4e2      	bmi.n	8001822 <HAL_RCC_ClockConfig+0x6a>
        return HAL_ERROR;
 800185c:	2001      	movs	r0, #1
 800185e:	e02f      	b.n	80018c0 <HAL_RCC_ClockConfig+0x108>
      if(__HAL_RCC_GET_FLAG(RCC_FLAG_PLLRDY) == RESET)
 8001860:	4a1d      	ldr	r2, [pc, #116]	@ (80018d8 <HAL_RCC_ClockConfig+0x120>)
 8001862:	6812      	ldr	r2, [r2, #0]
 8001864:	0192      	lsls	r2, r2, #6
 8001866:	d4dc      	bmi.n	8001822 <HAL_RCC_ClockConfig+0x6a>
        return HAL_ERROR;
 8001868:	2001      	movs	r0, #1
 800186a:	e029      	b.n	80018c0 <HAL_RCC_ClockConfig+0x108>
  if(FLatency < __HAL_FLASH_GET_LATENCY())
 800186c:	4b19      	ldr	r3, [pc, #100]	@ (80018d4 <HAL_RCC_ClockConfig+0x11c>)
 800186e:	681a      	ldr	r2, [r3, #0]
 8001870:	2301      	movs	r3, #1
 8001872:	4013      	ands	r3, r2
 8001874:	42ab      	cmp	r3, r5
 8001876:	d909      	bls.n	800188c <HAL_RCC_ClockConfig+0xd4>
    __HAL_FLASH_SET_LATENCY(FLatency);
 8001878:	4916      	ldr	r1, [pc, #88]	@ (80018d4 <HAL_RCC_ClockConfig+0x11c>)
 800187a:	680b      	ldr	r3, [r1, #0]
 800187c:	2201      	movs	r2, #1
 800187e:	4393      	bics	r3, r2
 8001880:	432b      	orrs	r3, r5
 8001882:	600b      	str	r3, [r1, #0]
    if(__HAL_FLASH_GET_LATENCY() != FLatency)
 8001884:	680b      	ldr	r3, [r1, #0]
 8001886:	401a      	ands	r2, r3
 8001888:	42aa      	cmp	r2, r5
 800188a:	d120      	bne.n	80018ce <HAL_RCC_ClockConfig+0x116>
  if(((RCC_ClkInitStruct->ClockType) & RCC_CLOCKTYPE_PCLK1) == RCC_CLOCKTYPE_PCLK1)
 800188c:	6823      	ldr	r3, [r4, #0]
 800188e:	075b      	lsls	r3, r3, #29
 8001890:	d506      	bpl.n	80018a0 <HAL_RCC_ClockConfig+0xe8>
    MODIFY_REG(RCC->CFGR, RCC_CFGR_PPRE, RCC_ClkInitStruct->APB1CLKDivider);
 8001892:	4a11      	ldr	r2, [pc, #68]	@ (80018d8 <HAL_RCC_ClockConfig+0x120>)
 8001894:	6853      	ldr	r3, [r2, #4]
 8001896:	4912      	ldr	r1, [pc, #72]	@ (80018e0 <HAL_RCC_ClockConfig+0x128>)
 8001898:	400b      	ands	r3, r1
 800189a:	68e1      	ldr	r1, [r4, #12]
 800189c:	430b      	orrs	r3, r1
 800189e:	6053      	str	r3, [r2, #4]
  SystemCoreClock = HAL_RCC_GetSysClockFreq() >> AHBPrescTable[(RCC->CFGR & RCC_CFGR_HPRE)>> RCC_CFGR_HPRE_BITNUMBER];
 80018a0:	f7ff ff5a 	bl	8001758 <HAL_RCC_GetSysClockFreq>
 80018a4:	4b0c      	ldr	r3, [pc, #48]	@ (80018d8 <HAL_RCC_ClockConfig+0x120>)
 80018a6:	685a      	ldr	r2, [r3, #4]
 80018a8:	0912      	lsrs	r2, r2, #4
 80018aa:	230f      	movs	r3, #15
 80018ac:	4013      	ands	r3, r2
 80018ae:	4a0d      	ldr	r2, [pc, #52]	@ (80018e4 <HAL_RCC_ClockConfig+0x12c>)
 80018b0:	5cd3      	ldrb	r3, [r2, r3]
 80018b2:	40d8      	lsrs	r0, r3
 80018b4:	4b0c      	ldr	r3, [pc, #48]	@ (80018e8 <HAL_RCC_ClockConfig+0x130>)
 80018b6:	6018      	str	r0, [r3, #0]
  HAL_InitTick (TICK_INT_PRIORITY);
 80018b8:	2003      	movs	r0, #3
 80018ba:	f7ff f927 	bl	8000b0c <HAL_InitTick>
  return HAL_OK;
 80018be:	2000      	movs	r0, #0
}
 80018c0:	bd70      	pop	{r4, r5, r6, pc}
    return HAL_ERROR;
 80018c2:	2001      	movs	r0, #1
 80018c4:	e7fc      	b.n	80018c0 <HAL_RCC_ClockConfig+0x108>
      return HAL_ERROR;
 80018c6:	2001      	movs	r0, #1
 80018c8:	e7fa      	b.n	80018c0 <HAL_RCC_ClockConfig+0x108>
        return HAL_ERROR;
 80018ca:	2001      	movs	r0, #1
 80018cc:	e7f8      	b.n	80018c0 <HAL_RCC_ClockConfig+0x108>
      return HAL_ERROR;
 80018ce:	2001      	movs	r0, #1
 80018d0:	e7f6      	b.n	80018c0 <HAL_RCC_ClockConfig+0x108>
 80018d2:	46c0      	nop			@ (mov r8, r8)
 80018d4:	40022000 	.word	0x40022000
 80018d8:	40021000 	.word	0x40021000
 80018dc:	00001388 	.word	0x00001388
 80018e0:	fffff8ff 	.word	0xfffff8ff
 80018e4:	080039f4 	.word	0x080039f4
 80018e8:	20000008 	.word	0x20000008

080018ec <HAL_RCC_GetHCLKFreq>:
  *         and updated within this function
  * @retval HCLK frequency
  */
uint32_t HAL_RCC_GetHCLKFreq(void)
{
  return SystemCoreClock;
 80018ec:	4b01      	ldr	r3, [pc, #4]	@ (80018f4 <HAL_RCC_GetHCLKFreq+0x8>)
 80018ee:	6818      	ldr	r0, [r3, #0]
}
 80018f0:	4770      	bx	lr
 80018f2:	46c0      	nop			@ (mov r8, r8)
 80018f4:	20000008 	.word	0x20000008

080018f8 <HAL_RCC_GetPCLK1Freq>:
  * @note   Each time PCLK1 changes, this function must be called to update the
  *         right PCLK1 value. Otherwise, any configuration based on this function will be incorrect.
  * @retval PCLK1 frequency
  */
uint32_t HAL_RCC_GetPCLK1Freq(void)
{
 80018f8:	b510      	push	{r4, lr}
  /* Get HCLK source and Compute PCLK1 frequency ---------------------------*/
  return (HAL_RCC_GetHCLKFreq() >> APBPrescTable[(RCC->CFGR & RCC_CFGR_PPRE) >> RCC_CFGR_PPRE_BITNUMBER]);
 80018fa:	f7ff fff7 	bl	80018ec <HAL_RCC_GetHCLKFreq>
 80018fe:	4b04      	ldr	r3, [pc, #16]	@ (8001910 <HAL_RCC_GetPCLK1Freq+0x18>)
 8001900:	685a      	ldr	r2, [r3, #4]
 8001902:	0a12      	lsrs	r2, r2, #8
 8001904:	2307      	movs	r3, #7
 8001906:	4013      	ands	r3, r2
 8001908:	4a02      	ldr	r2, [pc, #8]	@ (8001914 <HAL_RCC_GetPCLK1Freq+0x1c>)
 800190a:	5cd3      	ldrb	r3, [r2, r3]
 800190c:	40d8      	lsrs	r0, r3
}    
 800190e:	bd10      	pop	{r4, pc}
 8001910:	40021000 	.word	0x40021000
 8001914:	080039ec 	.word	0x080039ec

08001918 <HAL_RCCEx_PeriphCLKConfig>:
  *         the backup registers) and RCC_BDCR register are set to their reset values.
  *
  * @retval HAL status
  */
HAL_StatusTypeDef HAL_RCCEx_PeriphCLKConfig(RCC_PeriphCLKInitTypeDef  *PeriphClkInit)
{
 8001918:	b570      	push	{r4, r5, r6, lr}
 800191a:	b082      	sub	sp, #8
 800191c:	0004      	movs	r4, r0

  /* Check the parameters */
  assert_param(IS_RCC_PERIPHCLOCK(PeriphClkInit->PeriphClockSelection));
  
  /*---------------------------- RTC configuration -------------------------------*/
  if(((PeriphClkInit->PeriphClockSelection) & RCC_PERIPHCLK_RTC) == (RCC_PERIPHCLK_RTC))
 800191e:	6803      	ldr	r3, [r0, #0]
 8001920:	03db      	lsls	r3, r3, #15
 8001922:	d539      	bpl.n	8001998 <HAL_RCCEx_PeriphCLKConfig+0x80>
    FlagStatus       pwrclkchanged = RESET;

    /* As soon as function is called to change RTC clock source, activation of the 
       power domain is done. */
    /* Requires to enable write access to Backup Domain of necessary */
    if(__HAL_RCC_PWR_IS_CLK_DISABLED())
 8001924:	4b3e      	ldr	r3, [pc, #248]	@ (8001a20 <HAL_RCCEx_PeriphCLKConfig+0x108>)
 8001926:	69db      	ldr	r3, [r3, #28]
 8001928:	00db      	lsls	r3, r3, #3
 800192a:	d44c      	bmi.n	80019c6 <HAL_RCCEx_PeriphCLKConfig+0xae>
    {
    __HAL_RCC_PWR_CLK_ENABLE();
 800192c:	4b3c      	ldr	r3, [pc, #240]	@ (8001a20 <HAL_RCCEx_PeriphCLKConfig+0x108>)
 800192e:	69da      	ldr	r2, [r3, #28]
 8001930:	2180      	movs	r1, #128	@ 0x80
 8001932:	0549      	lsls	r1, r1, #21
 8001934:	430a      	orrs	r2, r1
 8001936:	61da      	str	r2, [r3, #28]
 8001938:	69db      	ldr	r3, [r3, #28]
 800193a:	400b      	ands	r3, r1
 800193c:	9301      	str	r3, [sp, #4]
 800193e:	9b01      	ldr	r3, [sp, #4]
      pwrclkchanged = SET;
 8001940:	2501      	movs	r5, #1
    }
    
    if(HAL_IS_BIT_CLR(PWR->CR, PWR_CR_DBP))
 8001942:	4b38      	ldr	r3, [pc, #224]	@ (8001a24 <HAL_RCCEx_PeriphCLKConfig+0x10c>)
 8001944:	681b      	ldr	r3, [r3, #0]
 8001946:	05db      	lsls	r3, r3, #23
 8001948:	d53f      	bpl.n	80019ca <HAL_RCCEx_PeriphCLKConfig+0xb2>
        }
      }
    }
    
    /* Reset the Backup domain only if the RTC Clock source selection is modified from reset value */ 
    temp_reg = (RCC->BDCR & RCC_BDCR_RTCSEL);
 800194a:	4b35      	ldr	r3, [pc, #212]	@ (8001a20 <HAL_RCCEx_PeriphCLKConfig+0x108>)
 800194c:	6a1a      	ldr	r2, [r3, #32]
 800194e:	23c0      	movs	r3, #192	@ 0xc0
 8001950:	009b      	lsls	r3, r3, #2
 8001952:	0011      	movs	r1, r2
 8001954:	4019      	ands	r1, r3
    if((temp_reg != 0x00000000U) && (temp_reg != (PeriphClkInit->RTCClockSelection & RCC_BDCR_RTCSEL)))
 8001956:	421a      	tst	r2, r3
 8001958:	d015      	beq.n	8001986 <HAL_RCCEx_PeriphCLKConfig+0x6e>
 800195a:	6863      	ldr	r3, [r4, #4]
 800195c:	22c0      	movs	r2, #192	@ 0xc0
 800195e:	0092      	lsls	r2, r2, #2
 8001960:	4013      	ands	r3, r2
 8001962:	428b      	cmp	r3, r1
 8001964:	d00f      	beq.n	8001986 <HAL_RCCEx_PeriphCLKConfig+0x6e>
    {
      /* Store the content of BDCR register before the reset of Backup Domain */
      temp_reg = (RCC->BDCR & ~(RCC_BDCR_RTCSEL));
 8001966:	4b2e      	ldr	r3, [pc, #184]	@ (8001a20 <HAL_RCCEx_PeriphCLKConfig+0x108>)
 8001968:	6a1a      	ldr	r2, [r3, #32]
 800196a:	492f      	ldr	r1, [pc, #188]	@ (8001a28 <HAL_RCCEx_PeriphCLKConfig+0x110>)
 800196c:	4011      	ands	r1, r2
      /* RTC Clock selection can be changed only if the Backup Domain is reset */
      __HAL_RCC_BACKUPRESET_FORCE();
 800196e:	6a1e      	ldr	r6, [r3, #32]
 8001970:	2080      	movs	r0, #128	@ 0x80
 8001972:	0240      	lsls	r0, r0, #9
 8001974:	4330      	orrs	r0, r6
 8001976:	6218      	str	r0, [r3, #32]
      __HAL_RCC_BACKUPRESET_RELEASE();
 8001978:	6a18      	ldr	r0, [r3, #32]
 800197a:	4e2c      	ldr	r6, [pc, #176]	@ (8001a2c <HAL_RCCEx_PeriphCLKConfig+0x114>)
 800197c:	4030      	ands	r0, r6
 800197e:	6218      	str	r0, [r3, #32]
      /* Restore the Content of BDCR register */
      RCC->BDCR = temp_reg;
 8001980:	6219      	str	r1, [r3, #32]
      
      /* Wait for LSERDY if LSE was enabled */
      if (HAL_IS_BIT_SET(temp_reg, RCC_BDCR_LSEON))
 8001982:	07d2      	lsls	r2, r2, #31
 8001984:	d435      	bmi.n	80019f2 <HAL_RCCEx_PeriphCLKConfig+0xda>
            return HAL_TIMEOUT;
          }
        }
      }
    }
    __HAL_RCC_RTC_CONFIG(PeriphClkInit->RTCClockSelection);
 8001986:	4a26      	ldr	r2, [pc, #152]	@ (8001a20 <HAL_RCCEx_PeriphCLKConfig+0x108>)
 8001988:	6a13      	ldr	r3, [r2, #32]
 800198a:	4927      	ldr	r1, [pc, #156]	@ (8001a28 <HAL_RCCEx_PeriphCLKConfig+0x110>)
 800198c:	400b      	ands	r3, r1
 800198e:	6861      	ldr	r1, [r4, #4]
 8001990:	430b      	orrs	r3, r1
 8001992:	6213      	str	r3, [r2, #32]

    /* Require to disable power clock if necessary */
    if(pwrclkchanged == SET)
 8001994:	2d01      	cmp	r5, #1
 8001996:	d03b      	beq.n	8001a10 <HAL_RCCEx_PeriphCLKConfig+0xf8>
      __HAL_RCC_PWR_CLK_DISABLE();
    }
  }

  /*------------------------------- USART1 Configuration ------------------------*/ 
  if(((PeriphClkInit->PeriphClockSelection) & RCC_PERIPHCLK_USART1) == RCC_PERIPHCLK_USART1)
 8001998:	6823      	ldr	r3, [r4, #0]
 800199a:	07db      	lsls	r3, r3, #31
 800199c:	d506      	bpl.n	80019ac <HAL_RCCEx_PeriphCLKConfig+0x94>
  {
    /* Check the parameters */
    assert_param(IS_RCC_USART1CLKSOURCE(PeriphClkInit->Usart1ClockSelection));
    
    /* Configure the USART1 clock source */
    __HAL_RCC_USART1_CONFIG(PeriphClkInit->Usart1ClockSelection);
 800199e:	4a20      	ldr	r2, [pc, #128]	@ (8001a20 <HAL_RCCEx_PeriphCLKConfig+0x108>)
 80019a0:	6b13      	ldr	r3, [r2, #48]	@ 0x30
 80019a2:	2103      	movs	r1, #3
 80019a4:	438b      	bics	r3, r1
 80019a6:	68a1      	ldr	r1, [r4, #8]
 80019a8:	430b      	orrs	r3, r1
 80019aa:	6313      	str	r3, [r2, #48]	@ 0x30
    __HAL_RCC_USART3_CONFIG(PeriphClkInit->Usart3ClockSelection);
  }
#endif /* STM32F091xC || STM32F098xx */  

  /*------------------------------ I2C1 Configuration ------------------------*/ 
  if(((PeriphClkInit->PeriphClockSelection) & RCC_PERIPHCLK_I2C1) == RCC_PERIPHCLK_I2C1)
 80019ac:	6823      	ldr	r3, [r4, #0]
 80019ae:	069b      	lsls	r3, r3, #26
 80019b0:	d533      	bpl.n	8001a1a <HAL_RCCEx_PeriphCLKConfig+0x102>
  {
    /* Check the parameters */
    assert_param(IS_RCC_I2C1CLKSOURCE(PeriphClkInit->I2c1ClockSelection));
    
    /* Configure the I2C1 clock source */
    __HAL_RCC_I2C1_CONFIG(PeriphClkInit->I2c1ClockSelection);
 80019b2:	4a1b      	ldr	r2, [pc, #108]	@ (8001a20 <HAL_RCCEx_PeriphCLKConfig+0x108>)
 80019b4:	6b13      	ldr	r3, [r2, #48]	@ 0x30
 80019b6:	2110      	movs	r1, #16
 80019b8:	438b      	bics	r3, r1
 80019ba:	68e1      	ldr	r1, [r4, #12]
 80019bc:	430b      	orrs	r3, r1
 80019be:	6313      	str	r3, [r2, #48]	@ 0x30
#endif /* STM32F042x6 || STM32F048xx ||                */
       /* STM32F051x8 || STM32F058xx ||                */
       /* STM32F071xB || STM32F072xB || STM32F078xx || */
       /* STM32F091xC || STM32F098xx */
  
  return HAL_OK;
 80019c0:	2000      	movs	r0, #0
}
 80019c2:	b002      	add	sp, #8
 80019c4:	bd70      	pop	{r4, r5, r6, pc}
    FlagStatus       pwrclkchanged = RESET;
 80019c6:	2500      	movs	r5, #0
 80019c8:	e7bb      	b.n	8001942 <HAL_RCCEx_PeriphCLKConfig+0x2a>
      SET_BIT(PWR->CR, PWR_CR_DBP);
 80019ca:	4a16      	ldr	r2, [pc, #88]	@ (8001a24 <HAL_RCCEx_PeriphCLKConfig+0x10c>)
 80019cc:	6811      	ldr	r1, [r2, #0]
 80019ce:	2380      	movs	r3, #128	@ 0x80
 80019d0:	005b      	lsls	r3, r3, #1
 80019d2:	430b      	orrs	r3, r1
 80019d4:	6013      	str	r3, [r2, #0]
      tickstart = HAL_GetTick();
 80019d6:	f7ff f8dd 	bl	8000b94 <HAL_GetTick>
 80019da:	0006      	movs	r6, r0
      while(HAL_IS_BIT_CLR(PWR->CR, PWR_CR_DBP))
 80019dc:	4b11      	ldr	r3, [pc, #68]	@ (8001a24 <HAL_RCCEx_PeriphCLKConfig+0x10c>)
 80019de:	681b      	ldr	r3, [r3, #0]
 80019e0:	05db      	lsls	r3, r3, #23
 80019e2:	d4b2      	bmi.n	800194a <HAL_RCCEx_PeriphCLKConfig+0x32>
        if((HAL_GetTick() - tickstart) > RCC_DBP_TIMEOUT_VALUE)
 80019e4:	f7ff f8d6 	bl	8000b94 <HAL_GetTick>
 80019e8:	1b80      	subs	r0, r0, r6
 80019ea:	2864      	cmp	r0, #100	@ 0x64
 80019ec:	d9f6      	bls.n	80019dc <HAL_RCCEx_PeriphCLKConfig+0xc4>
          return HAL_TIMEOUT;
 80019ee:	2003      	movs	r0, #3
 80019f0:	e7e7      	b.n	80019c2 <HAL_RCCEx_PeriphCLKConfig+0xaa>
        tickstart = HAL_GetTick();
 80019f2:	f7ff f8cf 	bl	8000b94 <HAL_GetTick>
 80019f6:	0006      	movs	r6, r0
        while(__HAL_RCC_GET_FLAG(RCC_FLAG_LSERDY) == RESET)
 80019f8:	4b09      	ldr	r3, [pc, #36]	@ (8001a20 <HAL_RCCEx_PeriphCLKConfig+0x108>)
 80019fa:	6a1b      	ldr	r3, [r3, #32]
 80019fc:	079b      	lsls	r3, r3, #30
 80019fe:	d4c2      	bmi.n	8001986 <HAL_RCCEx_PeriphCLKConfig+0x6e>
          if((HAL_GetTick() - tickstart) > RCC_LSE_TIMEOUT_VALUE)
 8001a00:	f7ff f8c8 	bl	8000b94 <HAL_GetTick>
 8001a04:	1b80      	subs	r0, r0, r6
 8001a06:	4b0a      	ldr	r3, [pc, #40]	@ (8001a30 <HAL_RCCEx_PeriphCLKConfig+0x118>)
 8001a08:	4298      	cmp	r0, r3
 8001a0a:	d9f5      	bls.n	80019f8 <HAL_RCCEx_PeriphCLKConfig+0xe0>
            return HAL_TIMEOUT;
 8001a0c:	2003      	movs	r0, #3
 8001a0e:	e7d8      	b.n	80019c2 <HAL_RCCEx_PeriphCLKConfig+0xaa>
      __HAL_RCC_PWR_CLK_DISABLE();
 8001a10:	69d3      	ldr	r3, [r2, #28]
 8001a12:	4908      	ldr	r1, [pc, #32]	@ (8001a34 <HAL_RCCEx_PeriphCLKConfig+0x11c>)
 8001a14:	400b      	ands	r3, r1
 8001a16:	61d3      	str	r3, [r2, #28]
 8001a18:	e7be      	b.n	8001998 <HAL_RCCEx_PeriphCLKConfig+0x80>
  return HAL_OK;
 8001a1a:	2000      	movs	r0, #0
 8001a1c:	e7d1      	b.n	80019c2 <HAL_RCCEx_PeriphCLKConfig+0xaa>
 8001a1e:	46c0      	nop			@ (mov r8, r8)
 8001a20:	40021000 	.word	0x40021000
 8001a24:	40007000 	.word	0x40007000
 8001a28:	fffffcff 	.word	0xfffffcff
 8001a2c:	fffeffff 	.word	0xfffeffff
 8001a30:	00001388 	.word	0x00001388
 8001a34:	efffffff 	.word	0xefffffff

08001a38 <SPI_WaitFlagStateUntilTimeout>:
  * @param  Tickstart tick start value
  * @retval HAL status
  */
static HAL_StatusTypeDef SPI_WaitFlagStateUntilTimeout(SPI_HandleTypeDef *hspi, uint32_t Flag, FlagStatus State,
                                                       uint32_t Timeout, uint32_t Tickstart)
{
 8001a38:	b5f0      	push	{r4, r5, r6, r7, lr}
 8001a3a:	46d6      	mov	lr, sl
 8001a3c:	464f      	mov	r7, r9
 8001a3e:	4646      	mov	r6, r8
 8001a40:	b5c0      	push	{r6, r7, lr}
 8001a42:	b082      	sub	sp, #8
 8001a44:	0006      	movs	r6, r0
 8001a46:	000d      	movs	r5, r1
 8001a48:	4690      	mov	r8, r2
 8001a4a:	001f      	movs	r7, r3
  __IO uint32_t count;
  uint32_t tmp_timeout;
  uint32_t tmp_tickstart;

  /* Adjust Timeout value  in case of end of transfer */
  tmp_timeout   = Timeout - (HAL_GetTick() - Tickstart);
 8001a4c:	f7ff f8a2 	bl	8000b94 <HAL_GetTick>
 8001a50:	9b0a      	ldr	r3, [sp, #40]	@ 0x28
 8001a52:	1a18      	subs	r0, r3, r0
 8001a54:	4681      	mov	r9, r0
 8001a56:	44b9      	add	r9, r7
  tmp_tickstart = HAL_GetTick();
 8001a58:	f7ff f89c 	bl	8000b94 <HAL_GetTick>
 8001a5c:	4682      	mov	sl, r0

  /* Calculate Timeout based on a software loop to avoid blocking issue if Systick is disabled */
  count = tmp_timeout * ((SystemCoreClock * 32U) >> 20U);
 8001a5e:	4b2c      	ldr	r3, [pc, #176]	@ (8001b10 <SPI_WaitFlagStateUntilTimeout+0xd8>)
 8001a60:	681b      	ldr	r3, [r3, #0]
 8001a62:	015b      	lsls	r3, r3, #5
 8001a64:	0d1b      	lsrs	r3, r3, #20
 8001a66:	464a      	mov	r2, r9
 8001a68:	4353      	muls	r3, r2
 8001a6a:	9301      	str	r3, [sp, #4]

  while ((__HAL_SPI_GET_FLAG(hspi, Flag) ? SET : RESET) != State)
 8001a6c:	6833      	ldr	r3, [r6, #0]
 8001a6e:	689c      	ldr	r4, [r3, #8]
 8001a70:	402c      	ands	r4, r5
 8001a72:	1b64      	subs	r4, r4, r5
 8001a74:	4263      	negs	r3, r4
 8001a76:	415c      	adcs	r4, r3
 8001a78:	4544      	cmp	r4, r8
 8001a7a:	d042      	beq.n	8001b02 <SPI_WaitFlagStateUntilTimeout+0xca>
  {
    if (Timeout != HAL_MAX_DELAY)
 8001a7c:	1c7b      	adds	r3, r7, #1
 8001a7e:	d0f5      	beq.n	8001a6c <SPI_WaitFlagStateUntilTimeout+0x34>
    {
      if (((HAL_GetTick() - tmp_tickstart) >= tmp_timeout) || (tmp_timeout == 0U))
 8001a80:	f7ff f888 	bl	8000b94 <HAL_GetTick>
 8001a84:	4653      	mov	r3, sl
 8001a86:	1ac0      	subs	r0, r0, r3
 8001a88:	4548      	cmp	r0, r9
 8001a8a:	d208      	bcs.n	8001a9e <SPI_WaitFlagStateUntilTimeout+0x66>
        __HAL_UNLOCK(hspi);

        return HAL_TIMEOUT;
      }
      /* If Systick is disabled or not incremented, deactivate timeout to go in disable loop procedure */
      if (count == 0U)
 8001a8c:	9a01      	ldr	r2, [sp, #4]
 8001a8e:	2a00      	cmp	r2, #0
 8001a90:	d000      	beq.n	8001a94 <SPI_WaitFlagStateUntilTimeout+0x5c>
 8001a92:	464a      	mov	r2, r9
      {
        tmp_timeout = 0U;
      }
      count--;
 8001a94:	9b01      	ldr	r3, [sp, #4]
 8001a96:	3b01      	subs	r3, #1
 8001a98:	9301      	str	r3, [sp, #4]
 8001a9a:	4691      	mov	r9, r2
 8001a9c:	e7e6      	b.n	8001a6c <SPI_WaitFlagStateUntilTimeout+0x34>
        __HAL_SPI_DISABLE_IT(hspi, (SPI_IT_TXE | SPI_IT_RXNE | SPI_IT_ERR));
 8001a9e:	6832      	ldr	r2, [r6, #0]
 8001aa0:	6853      	ldr	r3, [r2, #4]
 8001aa2:	21e0      	movs	r1, #224	@ 0xe0
 8001aa4:	438b      	bics	r3, r1
 8001aa6:	6053      	str	r3, [r2, #4]
        if ((hspi->Init.Mode == SPI_MODE_MASTER) && ((hspi->Init.Direction == SPI_DIRECTION_1LINE)
 8001aa8:	6872      	ldr	r2, [r6, #4]
 8001aaa:	2382      	movs	r3, #130	@ 0x82
 8001aac:	005b      	lsls	r3, r3, #1
 8001aae:	429a      	cmp	r2, r3
 8001ab0:	d00c      	beq.n	8001acc <SPI_WaitFlagStateUntilTimeout+0x94>
        if (hspi->Init.CRCCalculation == SPI_CRCCALCULATION_ENABLE)
 8001ab2:	6ab2      	ldr	r2, [r6, #40]	@ 0x28
 8001ab4:	2380      	movs	r3, #128	@ 0x80
 8001ab6:	019b      	lsls	r3, r3, #6
 8001ab8:	429a      	cmp	r2, r3
 8001aba:	d016      	beq.n	8001aea <SPI_WaitFlagStateUntilTimeout+0xb2>
        hspi->State = HAL_SPI_STATE_READY;
 8001abc:	235d      	movs	r3, #93	@ 0x5d
 8001abe:	2201      	movs	r2, #1
 8001ac0:	54f2      	strb	r2, [r6, r3]
        __HAL_UNLOCK(hspi);
 8001ac2:	3b01      	subs	r3, #1
 8001ac4:	2200      	movs	r2, #0
 8001ac6:	54f2      	strb	r2, [r6, r3]
        return HAL_TIMEOUT;
 8001ac8:	2003      	movs	r0, #3
 8001aca:	e01b      	b.n	8001b04 <SPI_WaitFlagStateUntilTimeout+0xcc>
        if ((hspi->Init.Mode == SPI_MODE_MASTER) && ((hspi->Init.Direction == SPI_DIRECTION_1LINE)
 8001acc:	68b3      	ldr	r3, [r6, #8]
 8001ace:	2280      	movs	r2, #128	@ 0x80
 8001ad0:	0212      	lsls	r2, r2, #8
 8001ad2:	4293      	cmp	r3, r2
 8001ad4:	d003      	beq.n	8001ade <SPI_WaitFlagStateUntilTimeout+0xa6>
                                                     || (hspi->Init.Direction == SPI_DIRECTION_2LINES_RXONLY)))
 8001ad6:	2280      	movs	r2, #128	@ 0x80
 8001ad8:	00d2      	lsls	r2, r2, #3
 8001ada:	4293      	cmp	r3, r2
 8001adc:	d1e9      	bne.n	8001ab2 <SPI_WaitFlagStateUntilTimeout+0x7a>
          __HAL_SPI_DISABLE(hspi);
 8001ade:	6832      	ldr	r2, [r6, #0]
 8001ae0:	6813      	ldr	r3, [r2, #0]
 8001ae2:	2140      	movs	r1, #64	@ 0x40
 8001ae4:	438b      	bics	r3, r1
 8001ae6:	6013      	str	r3, [r2, #0]
 8001ae8:	e7e3      	b.n	8001ab2 <SPI_WaitFlagStateUntilTimeout+0x7a>
          SPI_RESET_CRC(hspi);
 8001aea:	6832      	ldr	r2, [r6, #0]
 8001aec:	6813      	ldr	r3, [r2, #0]
 8001aee:	4909      	ldr	r1, [pc, #36]	@ (8001b14 <SPI_WaitFlagStateUntilTimeout+0xdc>)
 8001af0:	400b      	ands	r3, r1
 8001af2:	6013      	str	r3, [r2, #0]
 8001af4:	6832      	ldr	r2, [r6, #0]
 8001af6:	6811      	ldr	r1, [r2, #0]
 8001af8:	2380      	movs	r3, #128	@ 0x80
 8001afa:	019b      	lsls	r3, r3, #6
 8001afc:	430b      	orrs	r3, r1
 8001afe:	6013      	str	r3, [r2, #0]
 8001b00:	e7dc      	b.n	8001abc <SPI_WaitFlagStateUntilTimeout+0x84>
    }
  }

  return HAL_OK;
 8001b02:	2000      	movs	r0, #0
}
 8001b04:	b002      	add	sp, #8
 8001b06:	bce0      	pop	{r5, r6, r7}
 8001b08:	46ba      	mov	sl, r7
 8001b0a:	46b1      	mov	r9, r6
 8001b0c:	46a8      	mov	r8, r5
 8001b0e:	bdf0      	pop	{r4, r5, r6, r7, pc}
 8001b10:	20000008 	.word	0x20000008
 8001b14:	ffffdfff 	.word	0xffffdfff

08001b18 <SPI_WaitFifoStateUntilTimeout>:
  * @param  Tickstart tick start value
  * @retval HAL status
  */
static HAL_StatusTypeDef SPI_WaitFifoStateUntilTimeout(SPI_HandleTypeDef *hspi, uint32_t Fifo, uint32_t State,
                                                       uint32_t Timeout, uint32_t Tickstart)
{
 8001b18:	b5f0      	push	{r4, r5, r6, r7, lr}
 8001b1a:	46de      	mov	lr, fp
 8001b1c:	4657      	mov	r7, sl
 8001b1e:	464e      	mov	r6, r9
 8001b20:	4645      	mov	r5, r8
 8001b22:	b5e0      	push	{r5, r6, r7, lr}
 8001b24:	b083      	sub	sp, #12
 8001b26:	0007      	movs	r7, r0
 8001b28:	000d      	movs	r5, r1
 8001b2a:	0016      	movs	r6, r2
 8001b2c:	4698      	mov	r8, r3
  __IO uint32_t count;
  uint32_t tmp_timeout;
  uint32_t tmp_tickstart;
  __IO uint8_t  *ptmpreg8;
  __IO uint8_t  tmpreg8 = 0;
 8001b2e:	466b      	mov	r3, sp
 8001b30:	2200      	movs	r2, #0
 8001b32:	70da      	strb	r2, [r3, #3]

  /* Adjust Timeout value  in case of end of transfer */
  tmp_timeout = Timeout - (HAL_GetTick() - Tickstart);
 8001b34:	f7ff f82e 	bl	8000b94 <HAL_GetTick>
 8001b38:	9b0c      	ldr	r3, [sp, #48]	@ 0x30
 8001b3a:	1a18      	subs	r0, r3, r0
 8001b3c:	4440      	add	r0, r8
 8001b3e:	4681      	mov	r9, r0
  tmp_tickstart = HAL_GetTick();
 8001b40:	f7ff f828 	bl	8000b94 <HAL_GetTick>
 8001b44:	4682      	mov	sl, r0

  /* Initialize the 8bit temporary pointer */
  ptmpreg8 = (__IO uint8_t *)&hspi->Instance->DR;
 8001b46:	683b      	ldr	r3, [r7, #0]
 8001b48:	469b      	mov	fp, r3

  /* Calculate Timeout based on a software loop to avoid blocking issue if Systick is disabled */
  count = tmp_timeout * ((SystemCoreClock * 35U) >> 20U);
 8001b4a:	4b34      	ldr	r3, [pc, #208]	@ (8001c1c <SPI_WaitFifoStateUntilTimeout+0x104>)
 8001b4c:	681b      	ldr	r3, [r3, #0]
 8001b4e:	009a      	lsls	r2, r3, #2
 8001b50:	18d2      	adds	r2, r2, r3
 8001b52:	00d3      	lsls	r3, r2, #3
 8001b54:	1a9b      	subs	r3, r3, r2
 8001b56:	0d1b      	lsrs	r3, r3, #20
 8001b58:	464a      	mov	r2, r9
 8001b5a:	4353      	muls	r3, r2
 8001b5c:	9301      	str	r3, [sp, #4]

  while ((hspi->Instance->SR & Fifo) != State)
 8001b5e:	e002      	b.n	8001b66 <SPI_WaitFifoStateUntilTimeout+0x4e>
      tmpreg8 = *ptmpreg8;
      /* To avoid GCC warning */
      UNUSED(tmpreg8);
    }

    if (Timeout != HAL_MAX_DELAY)
 8001b60:	4643      	mov	r3, r8
 8001b62:	3301      	adds	r3, #1
 8001b64:	d111      	bne.n	8001b8a <SPI_WaitFifoStateUntilTimeout+0x72>
  while ((hspi->Instance->SR & Fifo) != State)
 8001b66:	683b      	ldr	r3, [r7, #0]
 8001b68:	689c      	ldr	r4, [r3, #8]
 8001b6a:	402c      	ands	r4, r5
 8001b6c:	42b4      	cmp	r4, r6
 8001b6e:	d04d      	beq.n	8001c0c <SPI_WaitFifoStateUntilTimeout+0xf4>
    if ((Fifo == SPI_SR_FRLVL) && (State == SPI_FRLVL_EMPTY))
 8001b70:	23c0      	movs	r3, #192	@ 0xc0
 8001b72:	00db      	lsls	r3, r3, #3
 8001b74:	429d      	cmp	r5, r3
 8001b76:	d1f3      	bne.n	8001b60 <SPI_WaitFifoStateUntilTimeout+0x48>
 8001b78:	2e00      	cmp	r6, #0
 8001b7a:	d1f1      	bne.n	8001b60 <SPI_WaitFifoStateUntilTimeout+0x48>
      tmpreg8 = *ptmpreg8;
 8001b7c:	465b      	mov	r3, fp
 8001b7e:	7b1b      	ldrb	r3, [r3, #12]
 8001b80:	b2db      	uxtb	r3, r3
 8001b82:	466a      	mov	r2, sp
 8001b84:	70d3      	strb	r3, [r2, #3]
      UNUSED(tmpreg8);
 8001b86:	78d3      	ldrb	r3, [r2, #3]
 8001b88:	e7ea      	b.n	8001b60 <SPI_WaitFifoStateUntilTimeout+0x48>
    {
      if (((HAL_GetTick() - tmp_tickstart) >= tmp_timeout) || (tmp_timeout == 0U))
 8001b8a:	f7ff f803 	bl	8000b94 <HAL_GetTick>
 8001b8e:	4653      	mov	r3, sl
 8001b90:	1ac0      	subs	r0, r0, r3
 8001b92:	4548      	cmp	r0, r9
 8001b94:	d208      	bcs.n	8001ba8 <SPI_WaitFifoStateUntilTimeout+0x90>
        __HAL_UNLOCK(hspi);

        return HAL_TIMEOUT;
      }
      /* If Systick is disabled or not incremented, deactivate timeout to go in disable loop procedure */
      if (count == 0U)
 8001b96:	9a01      	ldr	r2, [sp, #4]
 8001b98:	2a00      	cmp	r2, #0
 8001b9a:	d000      	beq.n	8001b9e <SPI_WaitFifoStateUntilTimeout+0x86>
 8001b9c:	464a      	mov	r2, r9
      {
        tmp_timeout = 0U;
      }
      count--;
 8001b9e:	9b01      	ldr	r3, [sp, #4]
 8001ba0:	3b01      	subs	r3, #1
 8001ba2:	9301      	str	r3, [sp, #4]
 8001ba4:	4691      	mov	r9, r2
 8001ba6:	e7de      	b.n	8001b66 <SPI_WaitFifoStateUntilTimeout+0x4e>
        __HAL_SPI_DISABLE_IT(hspi, (SPI_IT_TXE | SPI_IT_RXNE | SPI_IT_ERR));
 8001ba8:	683a      	ldr	r2, [r7, #0]
 8001baa:	6853      	ldr	r3, [r2, #4]
 8001bac:	21e0      	movs	r1, #224	@ 0xe0
 8001bae:	438b      	bics	r3, r1
 8001bb0:	6053      	str	r3, [r2, #4]
        if ((hspi->Init.Mode == SPI_MODE_MASTER) && ((hspi->Init.Direction == SPI_DIRECTION_1LINE)
 8001bb2:	687a      	ldr	r2, [r7, #4]
 8001bb4:	2382      	movs	r3, #130	@ 0x82
 8001bb6:	005b      	lsls	r3, r3, #1
 8001bb8:	429a      	cmp	r2, r3
 8001bba:	d00c      	beq.n	8001bd6 <SPI_WaitFifoStateUntilTimeout+0xbe>
        if (hspi->Init.CRCCalculation == SPI_CRCCALCULATION_ENABLE)
 8001bbc:	6aba      	ldr	r2, [r7, #40]	@ 0x28
 8001bbe:	2380      	movs	r3, #128	@ 0x80
 8001bc0:	019b      	lsls	r3, r3, #6
 8001bc2:	429a      	cmp	r2, r3
 8001bc4:	d016      	beq.n	8001bf4 <SPI_WaitFifoStateUntilTimeout+0xdc>
        hspi->State = HAL_SPI_STATE_READY;
 8001bc6:	235d      	movs	r3, #93	@ 0x5d
 8001bc8:	2201      	movs	r2, #1
 8001bca:	54fa      	strb	r2, [r7, r3]
        __HAL_UNLOCK(hspi);
 8001bcc:	3b01      	subs	r3, #1
 8001bce:	2200      	movs	r2, #0
 8001bd0:	54fa      	strb	r2, [r7, r3]
        return HAL_TIMEOUT;
 8001bd2:	2003      	movs	r0, #3
 8001bd4:	e01b      	b.n	8001c0e <SPI_WaitFifoStateUntilTimeout+0xf6>
        if ((hspi->Init.Mode == SPI_MODE_MASTER) && ((hspi->Init.Direction == SPI_DIRECTION_1LINE)
 8001bd6:	68bb      	ldr	r3, [r7, #8]
 8001bd8:	2280      	movs	r2, #128	@ 0x80
 8001bda:	0212      	lsls	r2, r2, #8
 8001bdc:	4293      	cmp	r3, r2
 8001bde:	d003      	beq.n	8001be8 <SPI_WaitFifoStateUntilTimeout+0xd0>
                                                     || (hspi->Init.Direction == SPI_DIRECTION_2LINES_RXONLY)))
 8001be0:	2280      	movs	r2, #128	@ 0x80
 8001be2:	00d2      	lsls	r2, r2, #3
 8001be4:	4293      	cmp	r3, r2
 8001be6:	d1e9      	bne.n	8001bbc <SPI_WaitFifoStateUntilTimeout+0xa4>
          __HAL_SPI_DISABLE(hspi);
 8001be8:	683a      	ldr	r2, [r7, #0]
 8001bea:	6813      	ldr	r3, [r2, #0]
 8001bec:	2140      	movs	r1, #64	@ 0x40
 8001bee:	438b      	bics	r3, r1
 8001bf0:	6013      	str	r3, [r2, #0]
 8001bf2:	e7e3      	b.n	8001bbc <SPI_WaitFifoStateUntilTimeout+0xa4>
          SPI_RESET_CRC(hspi);
 8001bf4:	683a      	ldr	r2, [r7, #0]
 8001bf6:	6813      	ldr	r3, [r2, #0]
 8001bf8:	4909      	ldr	r1, [pc, #36]	@ (8001c20 <SPI_WaitFifoStateUntilTimeout+0x108>)
 8001bfa:	400b      	ands	r3, r1
 8001bfc:	6013      	str	r3, [r2, #0]
 8001bfe:	683a      	ldr	r2, [r7, #0]
 8001c00:	6811      	ldr	r1, [r2, #0]
 8001c02:	2380      	movs	r3, #128	@ 0x80
 8001c04:	019b      	lsls	r3, r3, #6
 8001c06:	430b      	orrs	r3, r1
 8001c08:	6013      	str	r3, [r2, #0]
 8001c0a:	e7dc      	b.n	8001bc6 <SPI_WaitFifoStateUntilTimeout+0xae>
    }
  }

  return HAL_OK;
 8001c0c:	2000      	movs	r0, #0
}
 8001c0e:	b003      	add	sp, #12
 8001c10:	bcf0      	pop	{r4, r5, r6, r7}
 8001c12:	46bb      	mov	fp, r7
 8001c14:	46b2      	mov	sl, r6
 8001c16:	46a9      	mov	r9, r5
 8001c18:	46a0      	mov	r8, r4
 8001c1a:	bdf0      	pop	{r4, r5, r6, r7, pc}
 8001c1c:	20000008 	.word	0x20000008
 8001c20:	ffffdfff 	.word	0xffffdfff

08001c24 <SPI_EndRxTxTransaction>:
  * @param  Timeout Timeout duration
  * @param  Tickstart tick start value
  * @retval HAL status
  */
static HAL_StatusTypeDef SPI_EndRxTxTransaction(SPI_HandleTypeDef *hspi, uint32_t Timeout, uint32_t Tickstart)
{
 8001c24:	b570      	push	{r4, r5, r6, lr}
 8001c26:	b082      	sub	sp, #8
 8001c28:	0004      	movs	r4, r0
 8001c2a:	000d      	movs	r5, r1
 8001c2c:	0016      	movs	r6, r2
  /* Control if the TX fifo is empty */
  if (SPI_WaitFifoStateUntilTimeout(hspi, SPI_FLAG_FTLVL, SPI_FTLVL_EMPTY, Timeout, Tickstart) != HAL_OK)
 8001c2e:	21c0      	movs	r1, #192	@ 0xc0
 8001c30:	9200      	str	r2, [sp, #0]
 8001c32:	002b      	movs	r3, r5
 8001c34:	2200      	movs	r2, #0
 8001c36:	0149      	lsls	r1, r1, #5
 8001c38:	f7ff ff6e 	bl	8001b18 <SPI_WaitFifoStateUntilTimeout>
 8001c3c:	2800      	cmp	r0, #0
 8001c3e:	d118      	bne.n	8001c72 <SPI_EndRxTxTransaction+0x4e>
    SET_BIT(hspi->ErrorCode, HAL_SPI_ERROR_FLAG);
    return HAL_TIMEOUT;
  }

  /* Control the BSY flag */
  if (SPI_WaitFlagStateUntilTimeout(hspi, SPI_FLAG_BSY, RESET, Timeout, Tickstart) != HAL_OK)
 8001c40:	9600      	str	r6, [sp, #0]
 8001c42:	002b      	movs	r3, r5
 8001c44:	2200      	movs	r2, #0
 8001c46:	2180      	movs	r1, #128	@ 0x80
 8001c48:	0020      	movs	r0, r4
 8001c4a:	f7ff fef5 	bl	8001a38 <SPI_WaitFlagStateUntilTimeout>
 8001c4e:	2800      	cmp	r0, #0
 8001c50:	d116      	bne.n	8001c80 <SPI_EndRxTxTransaction+0x5c>
    SET_BIT(hspi->ErrorCode, HAL_SPI_ERROR_FLAG);
    return HAL_TIMEOUT;
  }

  /* Control if the RX fifo is empty */
  if (SPI_WaitFifoStateUntilTimeout(hspi, SPI_FLAG_FRLVL, SPI_FRLVL_EMPTY, Timeout, Tickstart) != HAL_OK)
 8001c52:	21c0      	movs	r1, #192	@ 0xc0
 8001c54:	9600      	str	r6, [sp, #0]
 8001c56:	002b      	movs	r3, r5
 8001c58:	2200      	movs	r2, #0
 8001c5a:	00c9      	lsls	r1, r1, #3
 8001c5c:	0020      	movs	r0, r4
 8001c5e:	f7ff ff5b 	bl	8001b18 <SPI_WaitFifoStateUntilTimeout>
 8001c62:	2800      	cmp	r0, #0
 8001c64:	d00a      	beq.n	8001c7c <SPI_EndRxTxTransaction+0x58>
  {
    SET_BIT(hspi->ErrorCode, HAL_SPI_ERROR_FLAG);
 8001c66:	6e23      	ldr	r3, [r4, #96]	@ 0x60
 8001c68:	2220      	movs	r2, #32
 8001c6a:	4313      	orrs	r3, r2
 8001c6c:	6623      	str	r3, [r4, #96]	@ 0x60
    return HAL_TIMEOUT;
 8001c6e:	2003      	movs	r0, #3
 8001c70:	e004      	b.n	8001c7c <SPI_EndRxTxTransaction+0x58>
    SET_BIT(hspi->ErrorCode, HAL_SPI_ERROR_FLAG);
 8001c72:	6e23      	ldr	r3, [r4, #96]	@ 0x60
 8001c74:	2220      	movs	r2, #32
 8001c76:	4313      	orrs	r3, r2
 8001c78:	6623      	str	r3, [r4, #96]	@ 0x60
    return HAL_TIMEOUT;
 8001c7a:	2003      	movs	r0, #3
  }

  return HAL_OK;
}
 8001c7c:	b002      	add	sp, #8
 8001c7e:	bd70      	pop	{r4, r5, r6, pc}
    SET_BIT(hspi->ErrorCode, HAL_SPI_ERROR_FLAG);
 8001c80:	6e23      	ldr	r3, [r4, #96]	@ 0x60
 8001c82:	2220      	movs	r2, #32
 8001c84:	4313      	orrs	r3, r2
 8001c86:	6623      	str	r3, [r4, #96]	@ 0x60
    return HAL_TIMEOUT;
 8001c88:	2003      	movs	r0, #3
 8001c8a:	e7f7      	b.n	8001c7c <SPI_EndRxTxTransaction+0x58>

08001c8c <HAL_SPI_Init>:
{
 8001c8c:	b570      	push	{r4, r5, r6, lr}
 8001c8e:	1e04      	subs	r4, r0, #0
  if (hspi == NULL)
 8001c90:	d100      	bne.n	8001c94 <HAL_SPI_Init+0x8>
 8001c92:	e078      	b.n	8001d86 <HAL_SPI_Init+0xfa>
  if (hspi->Init.TIMode == SPI_TIMODE_DISABLE)
 8001c94:	6a43      	ldr	r3, [r0, #36]	@ 0x24
 8001c96:	2b00      	cmp	r3, #0
 8001c98:	d107      	bne.n	8001caa <HAL_SPI_Init+0x1e>
    if (hspi->Init.Mode == SPI_MODE_MASTER)
 8001c9a:	6842      	ldr	r2, [r0, #4]
 8001c9c:	3305      	adds	r3, #5
 8001c9e:	33ff      	adds	r3, #255	@ 0xff
 8001ca0:	429a      	cmp	r2, r3
 8001ca2:	d005      	beq.n	8001cb0 <HAL_SPI_Init+0x24>
      hspi->Init.BaudRatePrescaler = SPI_BAUDRATEPRESCALER_2;
 8001ca4:	2300      	movs	r3, #0
 8001ca6:	61c3      	str	r3, [r0, #28]
 8001ca8:	e002      	b.n	8001cb0 <HAL_SPI_Init+0x24>
    hspi->Init.CLKPolarity = SPI_POLARITY_LOW;
 8001caa:	2300      	movs	r3, #0
 8001cac:	6103      	str	r3, [r0, #16]
    hspi->Init.CLKPhase    = SPI_PHASE_1EDGE;
 8001cae:	6143      	str	r3, [r0, #20]
  hspi->Init.CRCCalculation = SPI_CRCCALCULATION_DISABLE;
 8001cb0:	2300      	movs	r3, #0
 8001cb2:	62a3      	str	r3, [r4, #40]	@ 0x28
  if (hspi->State == HAL_SPI_STATE_RESET)
 8001cb4:	335d      	adds	r3, #93	@ 0x5d
 8001cb6:	5ce3      	ldrb	r3, [r4, r3]
 8001cb8:	2b00      	cmp	r3, #0
 8001cba:	d05a      	beq.n	8001d72 <HAL_SPI_Init+0xe6>
  hspi->State = HAL_SPI_STATE_BUSY;
 8001cbc:	235d      	movs	r3, #93	@ 0x5d
 8001cbe:	2202      	movs	r2, #2
 8001cc0:	54e2      	strb	r2, [r4, r3]
  __HAL_SPI_DISABLE(hspi);
 8001cc2:	6822      	ldr	r2, [r4, #0]
 8001cc4:	6813      	ldr	r3, [r2, #0]
 8001cc6:	2140      	movs	r1, #64	@ 0x40
 8001cc8:	438b      	bics	r3, r1
 8001cca:	6013      	str	r3, [r2, #0]
  if (hspi->Init.DataSize > SPI_DATASIZE_8BIT)
 8001ccc:	68e3      	ldr	r3, [r4, #12]
 8001cce:	22e0      	movs	r2, #224	@ 0xe0
 8001cd0:	00d2      	lsls	r2, r2, #3
 8001cd2:	4293      	cmp	r3, r2
 8001cd4:	d954      	bls.n	8001d80 <HAL_SPI_Init+0xf4>
    frxth = SPI_RXFIFO_THRESHOLD_HF;
 8001cd6:	2200      	movs	r2, #0
  if ((hspi->Init.DataSize != SPI_DATASIZE_16BIT) && (hspi->Init.DataSize != SPI_DATASIZE_8BIT))
 8001cd8:	21f0      	movs	r1, #240	@ 0xf0
 8001cda:	0109      	lsls	r1, r1, #4
 8001cdc:	428b      	cmp	r3, r1
 8001cde:	d005      	beq.n	8001cec <HAL_SPI_Init+0x60>
 8001ce0:	21e0      	movs	r1, #224	@ 0xe0
 8001ce2:	00c9      	lsls	r1, r1, #3
 8001ce4:	428b      	cmp	r3, r1
 8001ce6:	d001      	beq.n	8001cec <HAL_SPI_Init+0x60>
    hspi->Init.CRCCalculation = SPI_CRCCALCULATION_DISABLE;
 8001ce8:	2300      	movs	r3, #0
 8001cea:	62a3      	str	r3, [r4, #40]	@ 0x28
  WRITE_REG(hspi->Instance->CR1, ((hspi->Init.Mode & (SPI_CR1_MSTR | SPI_CR1_SSI)) |
 8001cec:	6863      	ldr	r3, [r4, #4]
 8001cee:	2182      	movs	r1, #130	@ 0x82
 8001cf0:	0049      	lsls	r1, r1, #1
 8001cf2:	400b      	ands	r3, r1
 8001cf4:	68a1      	ldr	r1, [r4, #8]
 8001cf6:	2084      	movs	r0, #132	@ 0x84
 8001cf8:	0200      	lsls	r0, r0, #8
 8001cfa:	4001      	ands	r1, r0
 8001cfc:	430b      	orrs	r3, r1
 8001cfe:	6920      	ldr	r0, [r4, #16]
 8001d00:	2102      	movs	r1, #2
 8001d02:	4001      	ands	r1, r0
 8001d04:	430b      	orrs	r3, r1
 8001d06:	6960      	ldr	r0, [r4, #20]
 8001d08:	2101      	movs	r1, #1
 8001d0a:	4008      	ands	r0, r1
 8001d0c:	4303      	orrs	r3, r0
 8001d0e:	69a0      	ldr	r0, [r4, #24]
 8001d10:	2580      	movs	r5, #128	@ 0x80
 8001d12:	00ad      	lsls	r5, r5, #2
 8001d14:	4028      	ands	r0, r5
 8001d16:	4303      	orrs	r3, r0
 8001d18:	69e5      	ldr	r5, [r4, #28]
 8001d1a:	2038      	movs	r0, #56	@ 0x38
 8001d1c:	4028      	ands	r0, r5
 8001d1e:	4303      	orrs	r3, r0
 8001d20:	6a25      	ldr	r5, [r4, #32]
 8001d22:	2080      	movs	r0, #128	@ 0x80
 8001d24:	4028      	ands	r0, r5
 8001d26:	4303      	orrs	r3, r0
 8001d28:	6aa0      	ldr	r0, [r4, #40]	@ 0x28
 8001d2a:	2580      	movs	r5, #128	@ 0x80
 8001d2c:	01ad      	lsls	r5, r5, #6
 8001d2e:	4028      	ands	r0, r5
 8001d30:	6825      	ldr	r5, [r4, #0]
 8001d32:	4303      	orrs	r3, r0
 8001d34:	602b      	str	r3, [r5, #0]
  WRITE_REG(hspi->Instance->CR2, (((hspi->Init.NSS >> 16U) & SPI_CR2_SSOE) |
 8001d36:	8b60      	ldrh	r0, [r4, #26]
 8001d38:	2304      	movs	r3, #4
 8001d3a:	4003      	ands	r3, r0
 8001d3c:	6a65      	ldr	r5, [r4, #36]	@ 0x24
 8001d3e:	2010      	movs	r0, #16
 8001d40:	4028      	ands	r0, r5
 8001d42:	4303      	orrs	r3, r0
 8001d44:	6b65      	ldr	r5, [r4, #52]	@ 0x34
 8001d46:	2008      	movs	r0, #8
 8001d48:	4028      	ands	r0, r5
 8001d4a:	4303      	orrs	r3, r0
 8001d4c:	68e0      	ldr	r0, [r4, #12]
 8001d4e:	25f0      	movs	r5, #240	@ 0xf0
 8001d50:	012d      	lsls	r5, r5, #4
 8001d52:	4028      	ands	r0, r5
 8001d54:	4303      	orrs	r3, r0
 8001d56:	6820      	ldr	r0, [r4, #0]
 8001d58:	4313      	orrs	r3, r2
 8001d5a:	6043      	str	r3, [r0, #4]
  CLEAR_BIT(hspi->Instance->I2SCFGR, SPI_I2SCFGR_I2SMOD);
 8001d5c:	6822      	ldr	r2, [r4, #0]
 8001d5e:	69d3      	ldr	r3, [r2, #28]
 8001d60:	480a      	ldr	r0, [pc, #40]	@ (8001d8c <HAL_SPI_Init+0x100>)
 8001d62:	4003      	ands	r3, r0
 8001d64:	61d3      	str	r3, [r2, #28]
  hspi->ErrorCode = HAL_SPI_ERROR_NONE;
 8001d66:	2300      	movs	r3, #0
 8001d68:	6623      	str	r3, [r4, #96]	@ 0x60
  hspi->State     = HAL_SPI_STATE_READY;
 8001d6a:	335d      	adds	r3, #93	@ 0x5d
 8001d6c:	54e1      	strb	r1, [r4, r3]
  return HAL_OK;
 8001d6e:	2000      	movs	r0, #0
}
 8001d70:	bd70      	pop	{r4, r5, r6, pc}
    hspi->Lock = HAL_UNLOCKED;
 8001d72:	335c      	adds	r3, #92	@ 0x5c
 8001d74:	2200      	movs	r2, #0
 8001d76:	54e2      	strb	r2, [r4, r3]
    HAL_SPI_MspInit(hspi);
 8001d78:	0020      	movs	r0, r4
 8001d7a:	f7fe fe91 	bl	8000aa0 <HAL_SPI_MspInit>
 8001d7e:	e79d      	b.n	8001cbc <HAL_SPI_Init+0x30>
    frxth = SPI_RXFIFO_THRESHOLD_QF;
 8001d80:	2280      	movs	r2, #128	@ 0x80
 8001d82:	0152      	lsls	r2, r2, #5
 8001d84:	e7a8      	b.n	8001cd8 <HAL_SPI_Init+0x4c>
    return HAL_ERROR;
 8001d86:	2001      	movs	r0, #1
 8001d88:	e7f2      	b.n	8001d70 <HAL_SPI_Init+0xe4>
 8001d8a:	46c0      	nop			@ (mov r8, r8)
 8001d8c:	fffff7ff 	.word	0xfffff7ff

08001d90 <HAL_SPI_TransmitReceive>:
{
 8001d90:	b5f0      	push	{r4, r5, r6, r7, lr}
 8001d92:	b083      	sub	sp, #12
 8001d94:	0004      	movs	r4, r0
 8001d96:	9100      	str	r1, [sp, #0]
 8001d98:	9201      	str	r2, [sp, #4]
 8001d9a:	001e      	movs	r6, r3
 8001d9c:	9d08      	ldr	r5, [sp, #32]
  __HAL_LOCK(hspi);
 8001d9e:	235c      	movs	r3, #92	@ 0x5c
 8001da0:	5cc3      	ldrb	r3, [r0, r3]
 8001da2:	2b01      	cmp	r3, #1
 8001da4:	d100      	bne.n	8001da8 <HAL_SPI_TransmitReceive+0x18>
 8001da6:	e116      	b.n	8001fd6 <HAL_SPI_TransmitReceive+0x246>
 8001da8:	235c      	movs	r3, #92	@ 0x5c
 8001daa:	2201      	movs	r2, #1
 8001dac:	54c2      	strb	r2, [r0, r3]
  tickstart = HAL_GetTick();
 8001dae:	f7fe fef1 	bl	8000b94 <HAL_GetTick>
 8001db2:	0007      	movs	r7, r0
  tmp_state           = hspi->State;
 8001db4:	235d      	movs	r3, #93	@ 0x5d
 8001db6:	5ce3      	ldrb	r3, [r4, r3]
 8001db8:	b2d9      	uxtb	r1, r3
  tmp_mode            = hspi->Init.Mode;
 8001dba:	6862      	ldr	r2, [r4, #4]
  if (!((tmp_state == HAL_SPI_STATE_READY) || \
 8001dbc:	2b01      	cmp	r3, #1
 8001dbe:	d00b      	beq.n	8001dd8 <HAL_SPI_TransmitReceive+0x48>
 8001dc0:	2382      	movs	r3, #130	@ 0x82
 8001dc2:	005b      	lsls	r3, r3, #1
 8001dc4:	429a      	cmp	r2, r3
 8001dc6:	d000      	beq.n	8001dca <HAL_SPI_TransmitReceive+0x3a>
 8001dc8:	e0f3      	b.n	8001fb2 <HAL_SPI_TransmitReceive+0x222>
        ((tmp_mode == SPI_MODE_MASTER) && (hspi->Init.Direction == SPI_DIRECTION_2LINES) && (tmp_state == HAL_SPI_STATE_BUSY_RX))))
 8001dca:	68a3      	ldr	r3, [r4, #8]
 8001dcc:	2b00      	cmp	r3, #0
 8001dce:	d000      	beq.n	8001dd2 <HAL_SPI_TransmitReceive+0x42>
 8001dd0:	e0f5      	b.n	8001fbe <HAL_SPI_TransmitReceive+0x22e>
 8001dd2:	2904      	cmp	r1, #4
 8001dd4:	d000      	beq.n	8001dd8 <HAL_SPI_TransmitReceive+0x48>
 8001dd6:	e0f4      	b.n	8001fc2 <HAL_SPI_TransmitReceive+0x232>
  if ((pTxData == NULL) || (pRxData == NULL) || (Size == 0U))
 8001dd8:	9b00      	ldr	r3, [sp, #0]
 8001dda:	2b00      	cmp	r3, #0
 8001ddc:	d100      	bne.n	8001de0 <HAL_SPI_TransmitReceive+0x50>
 8001dde:	e0f2      	b.n	8001fc6 <HAL_SPI_TransmitReceive+0x236>
 8001de0:	9b01      	ldr	r3, [sp, #4]
 8001de2:	2b00      	cmp	r3, #0
 8001de4:	d100      	bne.n	8001de8 <HAL_SPI_TransmitReceive+0x58>
 8001de6:	e0f0      	b.n	8001fca <HAL_SPI_TransmitReceive+0x23a>
 8001de8:	2e00      	cmp	r6, #0
 8001dea:	d100      	bne.n	8001dee <HAL_SPI_TransmitReceive+0x5e>
 8001dec:	e0ef      	b.n	8001fce <HAL_SPI_TransmitReceive+0x23e>
  if (hspi->State != HAL_SPI_STATE_BUSY_RX)
 8001dee:	235d      	movs	r3, #93	@ 0x5d
 8001df0:	5ce3      	ldrb	r3, [r4, r3]
 8001df2:	2b04      	cmp	r3, #4
 8001df4:	d002      	beq.n	8001dfc <HAL_SPI_TransmitReceive+0x6c>
    hspi->State = HAL_SPI_STATE_BUSY_TX_RX;
 8001df6:	235d      	movs	r3, #93	@ 0x5d
 8001df8:	2205      	movs	r2, #5
 8001dfa:	54e2      	strb	r2, [r4, r3]
  hspi->ErrorCode   = HAL_SPI_ERROR_NONE;
 8001dfc:	2300      	movs	r3, #0
 8001dfe:	6623      	str	r3, [r4, #96]	@ 0x60
  hspi->pRxBuffPtr  = (uint8_t *)pRxData;
 8001e00:	9a01      	ldr	r2, [sp, #4]
 8001e02:	6422      	str	r2, [r4, #64]	@ 0x40
  hspi->RxXferCount = Size;
 8001e04:	2246      	movs	r2, #70	@ 0x46
 8001e06:	52a6      	strh	r6, [r4, r2]
  hspi->RxXferSize  = Size;
 8001e08:	3a02      	subs	r2, #2
 8001e0a:	52a6      	strh	r6, [r4, r2]
  hspi->pTxBuffPtr  = (uint8_t *)pTxData;
 8001e0c:	9a00      	ldr	r2, [sp, #0]
 8001e0e:	63a2      	str	r2, [r4, #56]	@ 0x38
  hspi->TxXferCount = Size;
 8001e10:	87e6      	strh	r6, [r4, #62]	@ 0x3e
  hspi->TxXferSize  = Size;
 8001e12:	87a6      	strh	r6, [r4, #60]	@ 0x3c
  hspi->RxISR       = NULL;
 8001e14:	64e3      	str	r3, [r4, #76]	@ 0x4c
  hspi->TxISR       = NULL;
 8001e16:	6523      	str	r3, [r4, #80]	@ 0x50
  if (hspi->Init.DataSize > SPI_DATASIZE_8BIT)
 8001e18:	68e2      	ldr	r2, [r4, #12]
 8001e1a:	23e0      	movs	r3, #224	@ 0xe0
 8001e1c:	00db      	lsls	r3, r3, #3
 8001e1e:	429a      	cmp	r2, r3
 8001e20:	d923      	bls.n	8001e6a <HAL_SPI_TransmitReceive+0xda>
    CLEAR_BIT(hspi->Instance->CR2, SPI_RXFIFO_THRESHOLD);
 8001e22:	6822      	ldr	r2, [r4, #0]
 8001e24:	6853      	ldr	r3, [r2, #4]
 8001e26:	496d      	ldr	r1, [pc, #436]	@ (8001fdc <HAL_SPI_TransmitReceive+0x24c>)
 8001e28:	400b      	ands	r3, r1
 8001e2a:	6053      	str	r3, [r2, #4]
  if ((hspi->Instance->CR1 & SPI_CR1_SPE) != SPI_CR1_SPE)
 8001e2c:	6823      	ldr	r3, [r4, #0]
 8001e2e:	681a      	ldr	r2, [r3, #0]
 8001e30:	0652      	lsls	r2, r2, #25
 8001e32:	d403      	bmi.n	8001e3c <HAL_SPI_TransmitReceive+0xac>
    __HAL_SPI_ENABLE(hspi);
 8001e34:	681a      	ldr	r2, [r3, #0]
 8001e36:	2140      	movs	r1, #64	@ 0x40
 8001e38:	430a      	orrs	r2, r1
 8001e3a:	601a      	str	r2, [r3, #0]
  if (hspi->Init.DataSize > SPI_DATASIZE_8BIT)
 8001e3c:	68e2      	ldr	r2, [r4, #12]
 8001e3e:	23e0      	movs	r3, #224	@ 0xe0
 8001e40:	00db      	lsls	r3, r3, #3
 8001e42:	429a      	cmp	r2, r3
 8001e44:	d954      	bls.n	8001ef0 <HAL_SPI_TransmitReceive+0x160>
    if ((hspi->Init.Mode == SPI_MODE_SLAVE) || (initial_TxXferCount == 0x01U))
 8001e46:	6863      	ldr	r3, [r4, #4]
 8001e48:	2b00      	cmp	r3, #0
 8001e4a:	d001      	beq.n	8001e50 <HAL_SPI_TransmitReceive+0xc0>
 8001e4c:	2e01      	cmp	r6, #1
 8001e4e:	d10a      	bne.n	8001e66 <HAL_SPI_TransmitReceive+0xd6>
      hspi->Instance->DR = *((uint16_t *)hspi->pTxBuffPtr);
 8001e50:	6ba2      	ldr	r2, [r4, #56]	@ 0x38
 8001e52:	6823      	ldr	r3, [r4, #0]
 8001e54:	8812      	ldrh	r2, [r2, #0]
 8001e56:	60da      	str	r2, [r3, #12]
      hspi->pTxBuffPtr += sizeof(uint16_t);
 8001e58:	6ba3      	ldr	r3, [r4, #56]	@ 0x38
 8001e5a:	3302      	adds	r3, #2
 8001e5c:	63a3      	str	r3, [r4, #56]	@ 0x38
      hspi->TxXferCount--;
 8001e5e:	8fe3      	ldrh	r3, [r4, #62]	@ 0x3e
 8001e60:	3b01      	subs	r3, #1
 8001e62:	b29b      	uxth	r3, r3
 8001e64:	87e3      	strh	r3, [r4, #62]	@ 0x3e
        txallowed = 1U;
 8001e66:	2601      	movs	r6, #1
 8001e68:	e02c      	b.n	8001ec4 <HAL_SPI_TransmitReceive+0x134>
    SET_BIT(hspi->Instance->CR2, SPI_RXFIFO_THRESHOLD);
 8001e6a:	6822      	ldr	r2, [r4, #0]
 8001e6c:	6851      	ldr	r1, [r2, #4]
 8001e6e:	2380      	movs	r3, #128	@ 0x80
 8001e70:	015b      	lsls	r3, r3, #5
 8001e72:	430b      	orrs	r3, r1
 8001e74:	6053      	str	r3, [r2, #4]
 8001e76:	e7d9      	b.n	8001e2c <HAL_SPI_TransmitReceive+0x9c>
        hspi->Instance->DR = *((uint16_t *)hspi->pTxBuffPtr);
 8001e78:	6ba3      	ldr	r3, [r4, #56]	@ 0x38
 8001e7a:	881b      	ldrh	r3, [r3, #0]
 8001e7c:	60d3      	str	r3, [r2, #12]
        hspi->pTxBuffPtr += sizeof(uint16_t);
 8001e7e:	6ba3      	ldr	r3, [r4, #56]	@ 0x38
 8001e80:	3302      	adds	r3, #2
 8001e82:	63a3      	str	r3, [r4, #56]	@ 0x38
        hspi->TxXferCount--;
 8001e84:	8fe3      	ldrh	r3, [r4, #62]	@ 0x3e
 8001e86:	3b01      	subs	r3, #1
 8001e88:	b29b      	uxth	r3, r3
 8001e8a:	87e3      	strh	r3, [r4, #62]	@ 0x3e
        txallowed = 0U;
 8001e8c:	2600      	movs	r6, #0
      if ((__HAL_SPI_GET_FLAG(hspi, SPI_FLAG_RXNE)) && (hspi->RxXferCount > 0U))
 8001e8e:	6822      	ldr	r2, [r4, #0]
 8001e90:	6893      	ldr	r3, [r2, #8]
 8001e92:	07db      	lsls	r3, r3, #31
 8001e94:	d50f      	bpl.n	8001eb6 <HAL_SPI_TransmitReceive+0x126>
 8001e96:	2346      	movs	r3, #70	@ 0x46
 8001e98:	5ae3      	ldrh	r3, [r4, r3]
 8001e9a:	2b00      	cmp	r3, #0
 8001e9c:	d00b      	beq.n	8001eb6 <HAL_SPI_TransmitReceive+0x126>
        *((uint16_t *)hspi->pRxBuffPtr) = (uint16_t)hspi->Instance->DR;
 8001e9e:	68d2      	ldr	r2, [r2, #12]
 8001ea0:	6c23      	ldr	r3, [r4, #64]	@ 0x40
 8001ea2:	801a      	strh	r2, [r3, #0]
        hspi->pRxBuffPtr += sizeof(uint16_t);
 8001ea4:	6c23      	ldr	r3, [r4, #64]	@ 0x40
 8001ea6:	3302      	adds	r3, #2
 8001ea8:	6423      	str	r3, [r4, #64]	@ 0x40
        hspi->RxXferCount--;
 8001eaa:	2246      	movs	r2, #70	@ 0x46
 8001eac:	5aa3      	ldrh	r3, [r4, r2]
 8001eae:	3b01      	subs	r3, #1
 8001eb0:	b29b      	uxth	r3, r3
 8001eb2:	52a3      	strh	r3, [r4, r2]
        txallowed = 1U;
 8001eb4:	2601      	movs	r6, #1
      if (((HAL_GetTick() - tickstart) >=  Timeout) && (Timeout != HAL_MAX_DELAY))
 8001eb6:	f7fe fe6d 	bl	8000b94 <HAL_GetTick>
 8001eba:	1bc0      	subs	r0, r0, r7
 8001ebc:	42a8      	cmp	r0, r5
 8001ebe:	d301      	bcc.n	8001ec4 <HAL_SPI_TransmitReceive+0x134>
 8001ec0:	1c6b      	adds	r3, r5, #1
 8001ec2:	d110      	bne.n	8001ee6 <HAL_SPI_TransmitReceive+0x156>
    while ((hspi->TxXferCount > 0U) || (hspi->RxXferCount > 0U))
 8001ec4:	8fe3      	ldrh	r3, [r4, #62]	@ 0x3e
 8001ec6:	2b00      	cmp	r3, #0
 8001ec8:	d103      	bne.n	8001ed2 <HAL_SPI_TransmitReceive+0x142>
 8001eca:	3346      	adds	r3, #70	@ 0x46
 8001ecc:	5ae3      	ldrh	r3, [r4, r3]
 8001ece:	2b00      	cmp	r3, #0
 8001ed0:	d05e      	beq.n	8001f90 <HAL_SPI_TransmitReceive+0x200>
      if ((__HAL_SPI_GET_FLAG(hspi, SPI_FLAG_TXE)) && (hspi->TxXferCount > 0U) && (txallowed == 1U))
 8001ed2:	6822      	ldr	r2, [r4, #0]
 8001ed4:	6893      	ldr	r3, [r2, #8]
 8001ed6:	079b      	lsls	r3, r3, #30
 8001ed8:	d5d9      	bpl.n	8001e8e <HAL_SPI_TransmitReceive+0xfe>
 8001eda:	8fe3      	ldrh	r3, [r4, #62]	@ 0x3e
 8001edc:	2b00      	cmp	r3, #0
 8001ede:	d0d6      	beq.n	8001e8e <HAL_SPI_TransmitReceive+0xfe>
 8001ee0:	2e01      	cmp	r6, #1
 8001ee2:	d1d4      	bne.n	8001e8e <HAL_SPI_TransmitReceive+0xfe>
 8001ee4:	e7c8      	b.n	8001e78 <HAL_SPI_TransmitReceive+0xe8>
        hspi->State = HAL_SPI_STATE_READY;
 8001ee6:	235d      	movs	r3, #93	@ 0x5d
 8001ee8:	2201      	movs	r2, #1
 8001eea:	54e2      	strb	r2, [r4, r3]
        errorcode = HAL_TIMEOUT;
 8001eec:	2003      	movs	r0, #3
        goto error;
 8001eee:	e061      	b.n	8001fb4 <HAL_SPI_TransmitReceive+0x224>
    if ((hspi->Init.Mode == SPI_MODE_SLAVE) || (initial_TxXferCount == 0x01U))
 8001ef0:	6863      	ldr	r3, [r4, #4]
 8001ef2:	2b00      	cmp	r3, #0
 8001ef4:	d001      	beq.n	8001efa <HAL_SPI_TransmitReceive+0x16a>
 8001ef6:	2e01      	cmp	r6, #1
 8001ef8:	d10a      	bne.n	8001f10 <HAL_SPI_TransmitReceive+0x180>
      *((__IO uint8_t *)&hspi->Instance->DR) = (*hspi->pTxBuffPtr);
 8001efa:	6ba2      	ldr	r2, [r4, #56]	@ 0x38
 8001efc:	6823      	ldr	r3, [r4, #0]
 8001efe:	7812      	ldrb	r2, [r2, #0]
 8001f00:	731a      	strb	r2, [r3, #12]
      hspi->pTxBuffPtr += sizeof(uint8_t);
 8001f02:	6ba3      	ldr	r3, [r4, #56]	@ 0x38
 8001f04:	3301      	adds	r3, #1
 8001f06:	63a3      	str	r3, [r4, #56]	@ 0x38
      hspi->TxXferCount--;
 8001f08:	8fe3      	ldrh	r3, [r4, #62]	@ 0x3e
 8001f0a:	3b01      	subs	r3, #1
 8001f0c:	b29b      	uxth	r3, r3
 8001f0e:	87e3      	strh	r3, [r4, #62]	@ 0x3e
        txallowed = 1U;
 8001f10:	2601      	movs	r6, #1
 8001f12:	e01c      	b.n	8001f4e <HAL_SPI_TransmitReceive+0x1be>
      if ((__HAL_SPI_GET_FLAG(hspi, SPI_FLAG_RXNE)) && (hspi->RxXferCount > 0U))
 8001f14:	6822      	ldr	r2, [r4, #0]
 8001f16:	6893      	ldr	r3, [r2, #8]
 8001f18:	07db      	lsls	r3, r3, #31
 8001f1a:	d50f      	bpl.n	8001f3c <HAL_SPI_TransmitReceive+0x1ac>
 8001f1c:	2346      	movs	r3, #70	@ 0x46
 8001f1e:	5ae3      	ldrh	r3, [r4, r3]
 8001f20:	2b00      	cmp	r3, #0
 8001f22:	d00b      	beq.n	8001f3c <HAL_SPI_TransmitReceive+0x1ac>
        (*(uint8_t *)hspi->pRxBuffPtr) = *(__IO uint8_t *)&hspi->Instance->DR;
 8001f24:	6c23      	ldr	r3, [r4, #64]	@ 0x40
 8001f26:	7b12      	ldrb	r2, [r2, #12]
 8001f28:	701a      	strb	r2, [r3, #0]
        hspi->pRxBuffPtr++;
 8001f2a:	6c23      	ldr	r3, [r4, #64]	@ 0x40
 8001f2c:	3301      	adds	r3, #1
 8001f2e:	6423      	str	r3, [r4, #64]	@ 0x40
        hspi->RxXferCount--;
 8001f30:	2246      	movs	r2, #70	@ 0x46
 8001f32:	5aa3      	ldrh	r3, [r4, r2]
 8001f34:	3b01      	subs	r3, #1
 8001f36:	b29b      	uxth	r3, r3
 8001f38:	52a3      	strh	r3, [r4, r2]
        txallowed = 1U;
 8001f3a:	2601      	movs	r6, #1
      if ((((HAL_GetTick() - tickstart) >=  Timeout) && ((Timeout != HAL_MAX_DELAY))) || (Timeout == 0U))
 8001f3c:	f7fe fe2a 	bl	8000b94 <HAL_GetTick>
 8001f40:	1bc0      	subs	r0, r0, r7
 8001f42:	42a8      	cmp	r0, r5
 8001f44:	d301      	bcc.n	8001f4a <HAL_SPI_TransmitReceive+0x1ba>
 8001f46:	1c6b      	adds	r3, r5, #1
 8001f48:	d11d      	bne.n	8001f86 <HAL_SPI_TransmitReceive+0x1f6>
 8001f4a:	2d00      	cmp	r5, #0
 8001f4c:	d01b      	beq.n	8001f86 <HAL_SPI_TransmitReceive+0x1f6>
    while ((hspi->TxXferCount > 0U) || (hspi->RxXferCount > 0U))
 8001f4e:	8fe3      	ldrh	r3, [r4, #62]	@ 0x3e
 8001f50:	2b00      	cmp	r3, #0
 8001f52:	d103      	bne.n	8001f5c <HAL_SPI_TransmitReceive+0x1cc>
 8001f54:	3346      	adds	r3, #70	@ 0x46
 8001f56:	5ae3      	ldrh	r3, [r4, r3]
 8001f58:	2b00      	cmp	r3, #0
 8001f5a:	d019      	beq.n	8001f90 <HAL_SPI_TransmitReceive+0x200>
      if ((__HAL_SPI_GET_FLAG(hspi, SPI_FLAG_TXE)) && (hspi->TxXferCount > 0U) && (txallowed == 1U))
 8001f5c:	6822      	ldr	r2, [r4, #0]
 8001f5e:	6893      	ldr	r3, [r2, #8]
 8001f60:	079b      	lsls	r3, r3, #30
 8001f62:	d5d7      	bpl.n	8001f14 <HAL_SPI_TransmitReceive+0x184>
 8001f64:	8fe3      	ldrh	r3, [r4, #62]	@ 0x3e
 8001f66:	2b00      	cmp	r3, #0
 8001f68:	d0d4      	beq.n	8001f14 <HAL_SPI_TransmitReceive+0x184>
 8001f6a:	2e01      	cmp	r6, #1
 8001f6c:	d1d2      	bne.n	8001f14 <HAL_SPI_TransmitReceive+0x184>
        *(__IO uint8_t *)&hspi->Instance->DR = (*hspi->pTxBuffPtr);
 8001f6e:	6ba3      	ldr	r3, [r4, #56]	@ 0x38
 8001f70:	781b      	ldrb	r3, [r3, #0]
 8001f72:	7313      	strb	r3, [r2, #12]
        hspi->pTxBuffPtr++;
 8001f74:	6ba3      	ldr	r3, [r4, #56]	@ 0x38
 8001f76:	3301      	adds	r3, #1
 8001f78:	63a3      	str	r3, [r4, #56]	@ 0x38
        hspi->TxXferCount--;
 8001f7a:	8fe3      	ldrh	r3, [r4, #62]	@ 0x3e
 8001f7c:	3b01      	subs	r3, #1
 8001f7e:	b29b      	uxth	r3, r3
 8001f80:	87e3      	strh	r3, [r4, #62]	@ 0x3e
        txallowed = 0U;
 8001f82:	2600      	movs	r6, #0
 8001f84:	e7c6      	b.n	8001f14 <HAL_SPI_TransmitReceive+0x184>
        hspi->State = HAL_SPI_STATE_READY;
 8001f86:	235d      	movs	r3, #93	@ 0x5d
 8001f88:	2201      	movs	r2, #1
 8001f8a:	54e2      	strb	r2, [r4, r3]
        errorcode = HAL_TIMEOUT;
 8001f8c:	2003      	movs	r0, #3
        goto error;
 8001f8e:	e011      	b.n	8001fb4 <HAL_SPI_TransmitReceive+0x224>
  if (SPI_EndRxTxTransaction(hspi, Timeout, tickstart) != HAL_OK)
 8001f90:	003a      	movs	r2, r7
 8001f92:	0029      	movs	r1, r5
 8001f94:	0020      	movs	r0, r4
 8001f96:	f7ff fe45 	bl	8001c24 <SPI_EndRxTxTransaction>
 8001f9a:	2800      	cmp	r0, #0
 8001f9c:	d002      	beq.n	8001fa4 <HAL_SPI_TransmitReceive+0x214>
    hspi->ErrorCode = HAL_SPI_ERROR_FLAG;
 8001f9e:	2320      	movs	r3, #32
 8001fa0:	6623      	str	r3, [r4, #96]	@ 0x60
    errorcode = HAL_ERROR;
 8001fa2:	2001      	movs	r0, #1
  if (hspi->ErrorCode != HAL_SPI_ERROR_NONE)
 8001fa4:	6e23      	ldr	r3, [r4, #96]	@ 0x60
 8001fa6:	2b00      	cmp	r3, #0
 8001fa8:	d113      	bne.n	8001fd2 <HAL_SPI_TransmitReceive+0x242>
    hspi->State = HAL_SPI_STATE_READY;
 8001faa:	335d      	adds	r3, #93	@ 0x5d
 8001fac:	2201      	movs	r2, #1
 8001fae:	54e2      	strb	r2, [r4, r3]
 8001fb0:	e000      	b.n	8001fb4 <HAL_SPI_TransmitReceive+0x224>
    errorcode = HAL_BUSY;
 8001fb2:	2002      	movs	r0, #2
  __HAL_UNLOCK(hspi);
 8001fb4:	235c      	movs	r3, #92	@ 0x5c
 8001fb6:	2200      	movs	r2, #0
 8001fb8:	54e2      	strb	r2, [r4, r3]
}
 8001fba:	b003      	add	sp, #12
 8001fbc:	bdf0      	pop	{r4, r5, r6, r7, pc}
    errorcode = HAL_BUSY;
 8001fbe:	2002      	movs	r0, #2
 8001fc0:	e7f8      	b.n	8001fb4 <HAL_SPI_TransmitReceive+0x224>
 8001fc2:	2002      	movs	r0, #2
 8001fc4:	e7f6      	b.n	8001fb4 <HAL_SPI_TransmitReceive+0x224>
    errorcode = HAL_ERROR;
 8001fc6:	2001      	movs	r0, #1
 8001fc8:	e7f4      	b.n	8001fb4 <HAL_SPI_TransmitReceive+0x224>
 8001fca:	2001      	movs	r0, #1
 8001fcc:	e7f2      	b.n	8001fb4 <HAL_SPI_TransmitReceive+0x224>
 8001fce:	2001      	movs	r0, #1
 8001fd0:	e7f0      	b.n	8001fb4 <HAL_SPI_TransmitReceive+0x224>
    errorcode = HAL_ERROR;
 8001fd2:	2001      	movs	r0, #1
 8001fd4:	e7ee      	b.n	8001fb4 <HAL_SPI_TransmitReceive+0x224>
  __HAL_LOCK(hspi);
 8001fd6:	2002      	movs	r0, #2
 8001fd8:	e7ef      	b.n	8001fba <HAL_SPI_TransmitReceive+0x22a>
 8001fda:	46c0      	nop			@ (mov r8, r8)
 8001fdc:	ffffefff 	.word	0xffffefff

08001fe0 <UART_EndRxTransfer>:
  * @brief  End ongoing Rx transfer on UART peripheral (following error detection or Reception completion).
  * @param  huart UART handle.
  * @retval None
  */
static void UART_EndRxTransfer(UART_HandleTypeDef *huart)
{
 8001fe0:	b510      	push	{r4, lr}
 */
__STATIC_FORCEINLINE uint32_t __get_PRIMASK(void)
{
  uint32_t result;

  __ASM volatile ("MRS %0, primask" : "=r" (result) :: "memory");
 8001fe2:	f3ef 8c10 	mrs	ip, PRIMASK
  \details Assigns the given value to the Priority Mask Register.
  \param [in]    priMask  Priority Mask
 */
__STATIC_FORCEINLINE void __set_PRIMASK(uint32_t priMask)
{
  __ASM volatile ("MSR primask, %0" : : "r" (priMask) : "memory");
 8001fe6:	2201      	movs	r2, #1
 8001fe8:	f382 8810 	msr	PRIMASK, r2
  /* Disable RXNE, PE and ERR (Frame error, noise error, overrun error) interrupts */
  ATOMIC_CLEAR_BIT(huart->Instance->CR1, (USART_CR1_RXNEIE | USART_CR1_PEIE));
 8001fec:	6801      	ldr	r1, [r0, #0]
 8001fee:	680b      	ldr	r3, [r1, #0]
 8001ff0:	4c12      	ldr	r4, [pc, #72]	@ (800203c <UART_EndRxTransfer+0x5c>)
 8001ff2:	4023      	ands	r3, r4
 8001ff4:	600b      	str	r3, [r1, #0]
 8001ff6:	f38c 8810 	msr	PRIMASK, ip
  __ASM volatile ("MRS %0, primask" : "=r" (result) :: "memory");
 8001ffa:	f3ef 8c10 	mrs	ip, PRIMASK
  __ASM volatile ("MSR primask, %0" : : "r" (priMask) : "memory");
 8001ffe:	f382 8810 	msr	PRIMASK, r2
  ATOMIC_CLEAR_BIT(huart->Instance->CR3, USART_CR3_EIE);
 8002002:	6801      	ldr	r1, [r0, #0]
 8002004:	688b      	ldr	r3, [r1, #8]
 8002006:	4393      	bics	r3, r2
 8002008:	608b      	str	r3, [r1, #8]
 800200a:	f38c 8810 	msr	PRIMASK, ip

  /* In case of reception waiting for IDLE event, disable also the IDLE IE interrupt source */
  if (huart->ReceptionType == HAL_UART_RECEPTION_TOIDLE)
 800200e:	6e03      	ldr	r3, [r0, #96]	@ 0x60
 8002010:	2b01      	cmp	r3, #1
 8002012:	d006      	beq.n	8002022 <UART_EndRxTransfer+0x42>
  {
    ATOMIC_CLEAR_BIT(huart->Instance->CR1, USART_CR1_IDLEIE);
  }

  /* At end of Rx process, restore huart->RxState to Ready */
  huart->RxState = HAL_UART_STATE_READY;
 8002014:	2380      	movs	r3, #128	@ 0x80
 8002016:	2220      	movs	r2, #32
 8002018:	50c2      	str	r2, [r0, r3]
  huart->ReceptionType = HAL_UART_RECEPTION_STANDARD;
 800201a:	2300      	movs	r3, #0
 800201c:	6603      	str	r3, [r0, #96]	@ 0x60

  /* Reset RxIsr function pointer */
  huart->RxISR = NULL;
 800201e:	6683      	str	r3, [r0, #104]	@ 0x68
}
 8002020:	bd10      	pop	{r4, pc}
  __ASM volatile ("MRS %0, primask" : "=r" (result) :: "memory");
 8002022:	f3ef 8110 	mrs	r1, PRIMASK
  __ASM volatile ("MSR primask, %0" : : "r" (priMask) : "memory");
 8002026:	f383 8810 	msr	PRIMASK, r3
    ATOMIC_CLEAR_BIT(huart->Instance->CR1, USART_CR1_IDLEIE);
 800202a:	6802      	ldr	r2, [r0, #0]
 800202c:	6813      	ldr	r3, [r2, #0]
 800202e:	3432      	adds	r4, #50	@ 0x32
 8002030:	34ff      	adds	r4, #255	@ 0xff
 8002032:	43a3      	bics	r3, r4
 8002034:	6013      	str	r3, [r2, #0]
 8002036:	f381 8810 	msr	PRIMASK, r1
}
 800203a:	e7eb      	b.n	8002014 <UART_EndRxTransfer+0x34>
 800203c:	fffffedf 	.word	0xfffffedf

08002040 <UART_SetConfig>:
{
 8002040:	b510      	push	{r4, lr}
 8002042:	0004      	movs	r4, r0
  tmpreg = (uint32_t)huart->Init.WordLength | huart->Init.Parity | huart->Init.Mode | huart->Init.OverSampling ;
 8002044:	6883      	ldr	r3, [r0, #8]
 8002046:	6902      	ldr	r2, [r0, #16]
 8002048:	4313      	orrs	r3, r2
 800204a:	6942      	ldr	r2, [r0, #20]
 800204c:	4313      	orrs	r3, r2
 800204e:	69c2      	ldr	r2, [r0, #28]
 8002050:	4313      	orrs	r3, r2
  MODIFY_REG(huart->Instance->CR1, USART_CR1_FIELDS, tmpreg);
 8002052:	6801      	ldr	r1, [r0, #0]
 8002054:	680a      	ldr	r2, [r1, #0]
 8002056:	4848      	ldr	r0, [pc, #288]	@ (8002178 <UART_SetConfig+0x138>)
 8002058:	4002      	ands	r2, r0
 800205a:	4313      	orrs	r3, r2
 800205c:	600b      	str	r3, [r1, #0]
  MODIFY_REG(huart->Instance->CR2, USART_CR2_STOP, huart->Init.StopBits);
 800205e:	6822      	ldr	r2, [r4, #0]
 8002060:	6853      	ldr	r3, [r2, #4]
 8002062:	4946      	ldr	r1, [pc, #280]	@ (800217c <UART_SetConfig+0x13c>)
 8002064:	400b      	ands	r3, r1
 8002066:	68e1      	ldr	r1, [r4, #12]
 8002068:	430b      	orrs	r3, r1
 800206a:	6053      	str	r3, [r2, #4]
  tmpreg = (uint32_t)huart->Init.HwFlowCtl;
 800206c:	69a3      	ldr	r3, [r4, #24]
  tmpreg |= huart->Init.OneBitSampling;
 800206e:	6a22      	ldr	r2, [r4, #32]
 8002070:	431a      	orrs	r2, r3
  MODIFY_REG(huart->Instance->CR3, USART_CR3_FIELDS, tmpreg);
 8002072:	6821      	ldr	r1, [r4, #0]
 8002074:	688b      	ldr	r3, [r1, #8]
 8002076:	4842      	ldr	r0, [pc, #264]	@ (8002180 <UART_SetConfig+0x140>)
 8002078:	4003      	ands	r3, r0
 800207a:	4313      	orrs	r3, r2
 800207c:	608b      	str	r3, [r1, #8]
  UART_GETCLOCKSOURCE(huart, clocksource);
 800207e:	4b41      	ldr	r3, [pc, #260]	@ (8002184 <UART_SetConfig+0x144>)
 8002080:	6b1a      	ldr	r2, [r3, #48]	@ 0x30
 8002082:	2303      	movs	r3, #3
 8002084:	4013      	ands	r3, r2
 8002086:	2b02      	cmp	r3, #2
 8002088:	d00a      	beq.n	80020a0 <UART_SetConfig+0x60>
 800208a:	d805      	bhi.n	8002098 <UART_SetConfig+0x58>
 800208c:	2b00      	cmp	r3, #0
 800208e:	d016      	beq.n	80020be <UART_SetConfig+0x7e>
 8002090:	2b01      	cmp	r3, #1
 8002092:	d116      	bne.n	80020c2 <UART_SetConfig+0x82>
 8002094:	3303      	adds	r3, #3
 8002096:	e004      	b.n	80020a2 <UART_SetConfig+0x62>
 8002098:	2b03      	cmp	r3, #3
 800209a:	d114      	bne.n	80020c6 <UART_SetConfig+0x86>
 800209c:	3b01      	subs	r3, #1
 800209e:	e000      	b.n	80020a2 <UART_SetConfig+0x62>
 80020a0:	2308      	movs	r3, #8
  if (huart->Init.OverSampling == UART_OVERSAMPLING_8)
 80020a2:	69e0      	ldr	r0, [r4, #28]
 80020a4:	2280      	movs	r2, #128	@ 0x80
 80020a6:	0212      	lsls	r2, r2, #8
 80020a8:	4290      	cmp	r0, r2
 80020aa:	d00e      	beq.n	80020ca <UART_SetConfig+0x8a>
    switch (clocksource)
 80020ac:	2b04      	cmp	r3, #4
 80020ae:	d058      	beq.n	8002162 <UART_SetConfig+0x122>
 80020b0:	d839      	bhi.n	8002126 <UART_SetConfig+0xe6>
 80020b2:	2b00      	cmp	r3, #0
 80020b4:	d03e      	beq.n	8002134 <UART_SetConfig+0xf4>
 80020b6:	2b02      	cmp	r3, #2
 80020b8:	d133      	bne.n	8002122 <UART_SetConfig+0xe2>
 80020ba:	4833      	ldr	r0, [pc, #204]	@ (8002188 <UART_SetConfig+0x148>)
 80020bc:	e03e      	b.n	800213c <UART_SetConfig+0xfc>
  UART_GETCLOCKSOURCE(huart, clocksource);
 80020be:	2300      	movs	r3, #0
 80020c0:	e7ef      	b.n	80020a2 <UART_SetConfig+0x62>
 80020c2:	2310      	movs	r3, #16
 80020c4:	e7ed      	b.n	80020a2 <UART_SetConfig+0x62>
 80020c6:	2310      	movs	r3, #16
 80020c8:	e7eb      	b.n	80020a2 <UART_SetConfig+0x62>
    switch (clocksource)
 80020ca:	2b04      	cmp	r3, #4
 80020cc:	d026      	beq.n	800211c <UART_SetConfig+0xdc>
 80020ce:	d807      	bhi.n	80020e0 <UART_SetConfig+0xa0>
 80020d0:	2b00      	cmp	r3, #0
 80020d2:	d009      	beq.n	80020e8 <UART_SetConfig+0xa8>
 80020d4:	2b02      	cmp	r3, #2
 80020d6:	d101      	bne.n	80020dc <UART_SetConfig+0x9c>
        pclk = (uint32_t) HSI_VALUE;
 80020d8:	482b      	ldr	r0, [pc, #172]	@ (8002188 <UART_SetConfig+0x148>)
 80020da:	e009      	b.n	80020f0 <UART_SetConfig+0xb0>
    switch (clocksource)
 80020dc:	2001      	movs	r0, #1
 80020de:	e03c      	b.n	800215a <UART_SetConfig+0x11a>
 80020e0:	2b08      	cmp	r3, #8
 80020e2:	d005      	beq.n	80020f0 <UART_SetConfig+0xb0>
 80020e4:	2001      	movs	r0, #1
 80020e6:	e038      	b.n	800215a <UART_SetConfig+0x11a>
        pclk = HAL_RCC_GetPCLK1Freq();
 80020e8:	f7ff fc06 	bl	80018f8 <HAL_RCC_GetPCLK1Freq>
    if (pclk != 0U)
 80020ec:	2800      	cmp	r0, #0
 80020ee:	d03b      	beq.n	8002168 <UART_SetConfig+0x128>
      usartdiv = (uint32_t)(UART_DIV_SAMPLING8(pclk, huart->Init.BaudRate));
 80020f0:	0040      	lsls	r0, r0, #1
 80020f2:	6861      	ldr	r1, [r4, #4]
 80020f4:	084b      	lsrs	r3, r1, #1
 80020f6:	18c0      	adds	r0, r0, r3
 80020f8:	f7fd ffec 	bl	80000d4 <__udivsi3>
      if ((usartdiv >= UART_BRR_MIN) && (usartdiv <= UART_BRR_MAX))
 80020fc:	0002      	movs	r2, r0
 80020fe:	3a10      	subs	r2, #16
 8002100:	4b22      	ldr	r3, [pc, #136]	@ (800218c <UART_SetConfig+0x14c>)
 8002102:	429a      	cmp	r2, r3
 8002104:	d832      	bhi.n	800216c <UART_SetConfig+0x12c>
        brrtemp = (uint16_t)(usartdiv & 0xFFF0U);
 8002106:	b282      	uxth	r2, r0
 8002108:	230f      	movs	r3, #15
 800210a:	439a      	bics	r2, r3
        brrtemp |= (uint16_t)((usartdiv & (uint16_t)0x000FU) >> 1U);
 800210c:	0840      	lsrs	r0, r0, #1
 800210e:	3b08      	subs	r3, #8
 8002110:	4003      	ands	r3, r0
 8002112:	4313      	orrs	r3, r2
        huart->Instance->BRR = brrtemp;
 8002114:	6822      	ldr	r2, [r4, #0]
 8002116:	60d3      	str	r3, [r2, #12]
 8002118:	2000      	movs	r0, #0
 800211a:	e01e      	b.n	800215a <UART_SetConfig+0x11a>
        pclk = HAL_RCC_GetSysClockFreq();
 800211c:	f7ff fb1c 	bl	8001758 <HAL_RCC_GetSysClockFreq>
        break;
 8002120:	e7e4      	b.n	80020ec <UART_SetConfig+0xac>
    switch (clocksource)
 8002122:	2001      	movs	r0, #1
 8002124:	e019      	b.n	800215a <UART_SetConfig+0x11a>
 8002126:	2b08      	cmp	r3, #8
 8002128:	d102      	bne.n	8002130 <UART_SetConfig+0xf0>
        pclk = (uint32_t) LSE_VALUE;
 800212a:	2080      	movs	r0, #128	@ 0x80
 800212c:	0200      	lsls	r0, r0, #8
 800212e:	e005      	b.n	800213c <UART_SetConfig+0xfc>
    switch (clocksource)
 8002130:	2001      	movs	r0, #1
 8002132:	e012      	b.n	800215a <UART_SetConfig+0x11a>
        pclk = HAL_RCC_GetPCLK1Freq();
 8002134:	f7ff fbe0 	bl	80018f8 <HAL_RCC_GetPCLK1Freq>
    if (pclk != 0U)
 8002138:	2800      	cmp	r0, #0
 800213a:	d019      	beq.n	8002170 <UART_SetConfig+0x130>
      usartdiv = (uint32_t)(UART_DIV_SAMPLING16(pclk, huart->Init.BaudRate));
 800213c:	6861      	ldr	r1, [r4, #4]
 800213e:	084b      	lsrs	r3, r1, #1
 8002140:	1818      	adds	r0, r3, r0
 8002142:	f7fd ffc7 	bl	80000d4 <__udivsi3>
      if ((usartdiv >= UART_BRR_MIN) && (usartdiv <= UART_BRR_MAX))
 8002146:	0002      	movs	r2, r0
 8002148:	3a10      	subs	r2, #16
 800214a:	4b10      	ldr	r3, [pc, #64]	@ (800218c <UART_SetConfig+0x14c>)
 800214c:	429a      	cmp	r2, r3
 800214e:	d811      	bhi.n	8002174 <UART_SetConfig+0x134>
        huart->Instance->BRR = (uint16_t)usartdiv;
 8002150:	6823      	ldr	r3, [r4, #0]
 8002152:	0400      	lsls	r0, r0, #16
 8002154:	0c00      	lsrs	r0, r0, #16
 8002156:	60d8      	str	r0, [r3, #12]
 8002158:	2000      	movs	r0, #0
  huart->RxISR = NULL;
 800215a:	2300      	movs	r3, #0
 800215c:	66a3      	str	r3, [r4, #104]	@ 0x68
  huart->TxISR = NULL;
 800215e:	66e3      	str	r3, [r4, #108]	@ 0x6c
}
 8002160:	bd10      	pop	{r4, pc}
        pclk = HAL_RCC_GetSysClockFreq();
 8002162:	f7ff faf9 	bl	8001758 <HAL_RCC_GetSysClockFreq>
        break;
 8002166:	e7e7      	b.n	8002138 <UART_SetConfig+0xf8>
 8002168:	2000      	movs	r0, #0
 800216a:	e7f6      	b.n	800215a <UART_SetConfig+0x11a>
        ret = HAL_ERROR;
 800216c:	2001      	movs	r0, #1
 800216e:	e7f4      	b.n	800215a <UART_SetConfig+0x11a>
 8002170:	2000      	movs	r0, #0
 8002172:	e7f2      	b.n	800215a <UART_SetConfig+0x11a>
        ret = HAL_ERROR;
 8002174:	2001      	movs	r0, #1
 8002176:	e7f0      	b.n	800215a <UART_SetConfig+0x11a>
 8002178:	ffff69f3 	.word	0xffff69f3
 800217c:	ffffcfff 	.word	0xffffcfff
 8002180:	fffff4ff 	.word	0xfffff4ff
 8002184:	40021000 	.word	0x40021000
 8002188:	007a1200 	.word	0x007a1200
 800218c:	0000ffef 	.word	0x0000ffef

08002190 <UART_AdvFeatureConfig>:
  if (HAL_IS_BIT_SET(huart->AdvancedInit.AdvFeatureInit, UART_ADVFEATURE_SWAP_INIT))
 8002190:	6a43      	ldr	r3, [r0, #36]	@ 0x24
 8002192:	071b      	lsls	r3, r3, #28
 8002194:	d506      	bpl.n	80021a4 <UART_AdvFeatureConfig+0x14>
    MODIFY_REG(huart->Instance->CR2, USART_CR2_SWAP, huart->AdvancedInit.Swap);
 8002196:	6802      	ldr	r2, [r0, #0]
 8002198:	6853      	ldr	r3, [r2, #4]
 800219a:	492c      	ldr	r1, [pc, #176]	@ (800224c <UART_AdvFeatureConfig+0xbc>)
 800219c:	400b      	ands	r3, r1
 800219e:	6b41      	ldr	r1, [r0, #52]	@ 0x34
 80021a0:	430b      	orrs	r3, r1
 80021a2:	6053      	str	r3, [r2, #4]
  if (HAL_IS_BIT_SET(huart->AdvancedInit.AdvFeatureInit, UART_ADVFEATURE_TXINVERT_INIT))
 80021a4:	6a43      	ldr	r3, [r0, #36]	@ 0x24
 80021a6:	07db      	lsls	r3, r3, #31
 80021a8:	d506      	bpl.n	80021b8 <UART_AdvFeatureConfig+0x28>
    MODIFY_REG(huart->Instance->CR2, USART_CR2_TXINV, huart->AdvancedInit.TxPinLevelInvert);
 80021aa:	6802      	ldr	r2, [r0, #0]
 80021ac:	6853      	ldr	r3, [r2, #4]
 80021ae:	4928      	ldr	r1, [pc, #160]	@ (8002250 <UART_AdvFeatureConfig+0xc0>)
 80021b0:	400b      	ands	r3, r1
 80021b2:	6a81      	ldr	r1, [r0, #40]	@ 0x28
 80021b4:	430b      	orrs	r3, r1
 80021b6:	6053      	str	r3, [r2, #4]
  if (HAL_IS_BIT_SET(huart->AdvancedInit.AdvFeatureInit, UART_ADVFEATURE_RXINVERT_INIT))
 80021b8:	6a43      	ldr	r3, [r0, #36]	@ 0x24
 80021ba:	079b      	lsls	r3, r3, #30
 80021bc:	d506      	bpl.n	80021cc <UART_AdvFeatureConfig+0x3c>
    MODIFY_REG(huart->Instance->CR2, USART_CR2_RXINV, huart->AdvancedInit.RxPinLevelInvert);
 80021be:	6802      	ldr	r2, [r0, #0]
 80021c0:	6853      	ldr	r3, [r2, #4]
 80021c2:	4924      	ldr	r1, [pc, #144]	@ (8002254 <UART_AdvFeatureConfig+0xc4>)
 80021c4:	400b      	ands	r3, r1
 80021c6:	6ac1      	ldr	r1, [r0, #44]	@ 0x2c
 80021c8:	430b      	orrs	r3, r1
 80021ca:	6053      	str	r3, [r2, #4]
  if (HAL_IS_BIT_SET(huart->AdvancedInit.AdvFeatureInit, UART_ADVFEATURE_DATAINVERT_INIT))
 80021cc:	6a43      	ldr	r3, [r0, #36]	@ 0x24
 80021ce:	075b      	lsls	r3, r3, #29
 80021d0:	d506      	bpl.n	80021e0 <UART_AdvFeatureConfig+0x50>
    MODIFY_REG(huart->Instance->CR2, USART_CR2_DATAINV, huart->AdvancedInit.DataInvert);
 80021d2:	6802      	ldr	r2, [r0, #0]
 80021d4:	6853      	ldr	r3, [r2, #4]
 80021d6:	4920      	ldr	r1, [pc, #128]	@ (8002258 <UART_AdvFeatureConfig+0xc8>)
 80021d8:	400b      	ands	r3, r1
 80021da:	6b01      	ldr	r1, [r0, #48]	@ 0x30
 80021dc:	430b      	orrs	r3, r1
 80021de:	6053      	str	r3, [r2, #4]
  if (HAL_IS_BIT_SET(huart->AdvancedInit.AdvFeatureInit, UART_ADVFEATURE_RXOVERRUNDISABLE_INIT))
 80021e0:	6a43      	ldr	r3, [r0, #36]	@ 0x24
 80021e2:	06db      	lsls	r3, r3, #27
 80021e4:	d506      	bpl.n	80021f4 <UART_AdvFeatureConfig+0x64>
    MODIFY_REG(huart->Instance->CR3, USART_CR3_OVRDIS, huart->AdvancedInit.OverrunDisable);
 80021e6:	6802      	ldr	r2, [r0, #0]
 80021e8:	6893      	ldr	r3, [r2, #8]
 80021ea:	491c      	ldr	r1, [pc, #112]	@ (800225c <UART_AdvFeatureConfig+0xcc>)
 80021ec:	400b      	ands	r3, r1
 80021ee:	6b81      	ldr	r1, [r0, #56]	@ 0x38
 80021f0:	430b      	orrs	r3, r1
 80021f2:	6093      	str	r3, [r2, #8]
  if (HAL_IS_BIT_SET(huart->AdvancedInit.AdvFeatureInit, UART_ADVFEATURE_DMADISABLEONERROR_INIT))
 80021f4:	6a43      	ldr	r3, [r0, #36]	@ 0x24
 80021f6:	069b      	lsls	r3, r3, #26
 80021f8:	d506      	bpl.n	8002208 <UART_AdvFeatureConfig+0x78>
    MODIFY_REG(huart->Instance->CR3, USART_CR3_DDRE, huart->AdvancedInit.DMADisableonRxError);
 80021fa:	6802      	ldr	r2, [r0, #0]
 80021fc:	6893      	ldr	r3, [r2, #8]
 80021fe:	4918      	ldr	r1, [pc, #96]	@ (8002260 <UART_AdvFeatureConfig+0xd0>)
 8002200:	400b      	ands	r3, r1
 8002202:	6bc1      	ldr	r1, [r0, #60]	@ 0x3c
 8002204:	430b      	orrs	r3, r1
 8002206:	6093      	str	r3, [r2, #8]
  if (HAL_IS_BIT_SET(huart->AdvancedInit.AdvFeatureInit, UART_ADVFEATURE_AUTOBAUDRATE_INIT))
 8002208:	6a43      	ldr	r3, [r0, #36]	@ 0x24
 800220a:	065b      	lsls	r3, r3, #25
 800220c:	d50b      	bpl.n	8002226 <UART_AdvFeatureConfig+0x96>
    MODIFY_REG(huart->Instance->CR2, USART_CR2_ABREN, huart->AdvancedInit.AutoBaudRateEnable);
 800220e:	6802      	ldr	r2, [r0, #0]
 8002210:	6853      	ldr	r3, [r2, #4]
 8002212:	4914      	ldr	r1, [pc, #80]	@ (8002264 <UART_AdvFeatureConfig+0xd4>)
 8002214:	400b      	ands	r3, r1
 8002216:	6c01      	ldr	r1, [r0, #64]	@ 0x40
 8002218:	430b      	orrs	r3, r1
 800221a:	6053      	str	r3, [r2, #4]
    if (huart->AdvancedInit.AutoBaudRateEnable == UART_ADVFEATURE_AUTOBAUDRATE_ENABLE)
 800221c:	6c02      	ldr	r2, [r0, #64]	@ 0x40
 800221e:	2380      	movs	r3, #128	@ 0x80
 8002220:	035b      	lsls	r3, r3, #13
 8002222:	429a      	cmp	r2, r3
 8002224:	d00a      	beq.n	800223c <UART_AdvFeatureConfig+0xac>
  if (HAL_IS_BIT_SET(huart->AdvancedInit.AdvFeatureInit, UART_ADVFEATURE_MSBFIRST_INIT))
 8002226:	6a43      	ldr	r3, [r0, #36]	@ 0x24
 8002228:	061b      	lsls	r3, r3, #24
 800222a:	d506      	bpl.n	800223a <UART_AdvFeatureConfig+0xaa>
    MODIFY_REG(huart->Instance->CR2, USART_CR2_MSBFIRST, huart->AdvancedInit.MSBFirst);
 800222c:	6802      	ldr	r2, [r0, #0]
 800222e:	6853      	ldr	r3, [r2, #4]
 8002230:	490d      	ldr	r1, [pc, #52]	@ (8002268 <UART_AdvFeatureConfig+0xd8>)
 8002232:	400b      	ands	r3, r1
 8002234:	6c81      	ldr	r1, [r0, #72]	@ 0x48
 8002236:	430b      	orrs	r3, r1
 8002238:	6053      	str	r3, [r2, #4]
}
 800223a:	4770      	bx	lr
      MODIFY_REG(huart->Instance->CR2, USART_CR2_ABRMODE, huart->AdvancedInit.AutoBaudRateMode);
 800223c:	6802      	ldr	r2, [r0, #0]
 800223e:	6853      	ldr	r3, [r2, #4]
 8002240:	490a      	ldr	r1, [pc, #40]	@ (800226c <UART_AdvFeatureConfig+0xdc>)
 8002242:	400b      	ands	r3, r1
 8002244:	6c41      	ldr	r1, [r0, #68]	@ 0x44
 8002246:	430b      	orrs	r3, r1
 8002248:	6053      	str	r3, [r2, #4]
 800224a:	e7ec      	b.n	8002226 <UART_AdvFeatureConfig+0x96>
 800224c:	ffff7fff 	.word	0xffff7fff
 8002250:	fffdffff 	.word	0xfffdffff
 8002254:	fffeffff 	.word	0xfffeffff
 8002258:	fffbffff 	.word	0xfffbffff
 800225c:	ffffefff 	.word	0xffffefff
 8002260:	ffffdfff 	.word	0xffffdfff
 8002264:	ffefffff 	.word	0xffefffff
 8002268:	fff7ffff 	.word	0xfff7ffff
 800226c:	ff9fffff 	.word	0xff9fffff

08002270 <UART_WaitOnFlagUntilTimeout>:
{
 8002270:	b5f8      	push	{r3, r4, r5, r6, r7, lr}
 8002272:	46ce      	mov	lr, r9
 8002274:	4647      	mov	r7, r8
 8002276:	b580      	push	{r7, lr}
 8002278:	0006      	movs	r6, r0
 800227a:	000d      	movs	r5, r1
 800227c:	0017      	movs	r7, r2
 800227e:	4699      	mov	r9, r3
 8002280:	9b08      	ldr	r3, [sp, #32]
 8002282:	4698      	mov	r8, r3
  while ((__HAL_UART_GET_FLAG(huart, Flag) ? SET : RESET) == Status)
 8002284:	6833      	ldr	r3, [r6, #0]
 8002286:	69dc      	ldr	r4, [r3, #28]
 8002288:	402c      	ands	r4, r5
 800228a:	1b64      	subs	r4, r4, r5
 800228c:	4263      	negs	r3, r4
 800228e:	415c      	adcs	r4, r3
 8002290:	42bc      	cmp	r4, r7
 8002292:	d133      	bne.n	80022fc <UART_WaitOnFlagUntilTimeout+0x8c>
    if (Timeout != HAL_MAX_DELAY)
 8002294:	4643      	mov	r3, r8
 8002296:	3301      	adds	r3, #1
 8002298:	d0f4      	beq.n	8002284 <UART_WaitOnFlagUntilTimeout+0x14>
      if (((HAL_GetTick() - Tickstart) > Timeout) || (Timeout == 0U))
 800229a:	f7fe fc7b 	bl	8000b94 <HAL_GetTick>
 800229e:	464b      	mov	r3, r9
 80022a0:	1ac0      	subs	r0, r0, r3
 80022a2:	4540      	cmp	r0, r8
 80022a4:	d82f      	bhi.n	8002306 <UART_WaitOnFlagUntilTimeout+0x96>
 80022a6:	4643      	mov	r3, r8
 80022a8:	2b00      	cmp	r3, #0
 80022aa:	d02e      	beq.n	800230a <UART_WaitOnFlagUntilTimeout+0x9a>
      if ((READ_BIT(huart->Instance->CR1, USART_CR1_RE) != 0U) && (Flag != UART_FLAG_TXE) && (Flag != UART_FLAG_TC))
 80022ac:	6832      	ldr	r2, [r6, #0]
 80022ae:	6813      	ldr	r3, [r2, #0]
 80022b0:	075b      	lsls	r3, r3, #29
 80022b2:	d5e7      	bpl.n	8002284 <UART_WaitOnFlagUntilTimeout+0x14>
 80022b4:	2d80      	cmp	r5, #128	@ 0x80
 80022b6:	d0e5      	beq.n	8002284 <UART_WaitOnFlagUntilTimeout+0x14>
 80022b8:	2d40      	cmp	r5, #64	@ 0x40
 80022ba:	d0e3      	beq.n	8002284 <UART_WaitOnFlagUntilTimeout+0x14>
        if (__HAL_UART_GET_FLAG(huart, UART_FLAG_ORE) == SET)
 80022bc:	69d3      	ldr	r3, [r2, #28]
 80022be:	071b      	lsls	r3, r3, #28
 80022c0:	d410      	bmi.n	80022e4 <UART_WaitOnFlagUntilTimeout+0x74>
        if (__HAL_UART_GET_FLAG(huart, UART_FLAG_RTOF) == SET)
 80022c2:	69d3      	ldr	r3, [r2, #28]
 80022c4:	051b      	lsls	r3, r3, #20
 80022c6:	d5dd      	bpl.n	8002284 <UART_WaitOnFlagUntilTimeout+0x14>
          __HAL_UART_CLEAR_FLAG(huart, UART_CLEAR_RTOF);
 80022c8:	2380      	movs	r3, #128	@ 0x80
 80022ca:	011b      	lsls	r3, r3, #4
 80022cc:	6213      	str	r3, [r2, #32]
          UART_EndRxTransfer(huart);
 80022ce:	0030      	movs	r0, r6
 80022d0:	f7ff fe86 	bl	8001fe0 <UART_EndRxTransfer>
          huart->ErrorCode = HAL_UART_ERROR_RTO;
 80022d4:	2384      	movs	r3, #132	@ 0x84
 80022d6:	2220      	movs	r2, #32
 80022d8:	50f2      	str	r2, [r6, r3]
          __HAL_UNLOCK(huart);
 80022da:	3b0c      	subs	r3, #12
 80022dc:	2200      	movs	r2, #0
 80022de:	54f2      	strb	r2, [r6, r3]
          return HAL_TIMEOUT;
 80022e0:	2003      	movs	r0, #3
 80022e2:	e00c      	b.n	80022fe <UART_WaitOnFlagUntilTimeout+0x8e>
          __HAL_UART_CLEAR_FLAG(huart, UART_CLEAR_OREF);
 80022e4:	2408      	movs	r4, #8
 80022e6:	6214      	str	r4, [r2, #32]
          UART_EndRxTransfer(huart);
 80022e8:	0030      	movs	r0, r6
 80022ea:	f7ff fe79 	bl	8001fe0 <UART_EndRxTransfer>
          huart->ErrorCode = HAL_UART_ERROR_ORE;
 80022ee:	2384      	movs	r3, #132	@ 0x84
 80022f0:	50f4      	str	r4, [r6, r3]
          __HAL_UNLOCK(huart);
 80022f2:	3b0c      	subs	r3, #12
 80022f4:	2200      	movs	r2, #0
 80022f6:	54f2      	strb	r2, [r6, r3]
          return HAL_ERROR;
 80022f8:	2001      	movs	r0, #1
 80022fa:	e000      	b.n	80022fe <UART_WaitOnFlagUntilTimeout+0x8e>
  return HAL_OK;
 80022fc:	2000      	movs	r0, #0
}
 80022fe:	bcc0      	pop	{r6, r7}
 8002300:	46b9      	mov	r9, r7
 8002302:	46b0      	mov	r8, r6
 8002304:	bdf8      	pop	{r3, r4, r5, r6, r7, pc}
        return HAL_TIMEOUT;
 8002306:	2003      	movs	r0, #3
 8002308:	e7f9      	b.n	80022fe <UART_WaitOnFlagUntilTimeout+0x8e>
 800230a:	2003      	movs	r0, #3
 800230c:	e7f7      	b.n	80022fe <UART_WaitOnFlagUntilTimeout+0x8e>

0800230e <HAL_UART_Transmit>:
{
 800230e:	b5f0      	push	{r4, r5, r6, r7, lr}
 8002310:	46c6      	mov	lr, r8
 8002312:	b500      	push	{lr}
 8002314:	b082      	sub	sp, #8
 8002316:	0004      	movs	r4, r0
 8002318:	000d      	movs	r5, r1
 800231a:	4690      	mov	r8, r2
 800231c:	001e      	movs	r6, r3
  if (huart->gState == HAL_UART_STATE_READY)
 800231e:	6fc3      	ldr	r3, [r0, #124]	@ 0x7c
 8002320:	2b20      	cmp	r3, #32
 8002322:	d161      	bne.n	80023e8 <HAL_UART_Transmit+0xda>
    if ((pData == NULL) || (Size == 0U))
 8002324:	2900      	cmp	r1, #0
 8002326:	d064      	beq.n	80023f2 <HAL_UART_Transmit+0xe4>
 8002328:	2a00      	cmp	r2, #0
 800232a:	d064      	beq.n	80023f6 <HAL_UART_Transmit+0xe8>
    if ((huart->Init.WordLength == UART_WORDLENGTH_9B) && (huart->Init.Parity == UART_PARITY_NONE))
 800232c:	6882      	ldr	r2, [r0, #8]
 800232e:	2380      	movs	r3, #128	@ 0x80
 8002330:	015b      	lsls	r3, r3, #5
 8002332:	429a      	cmp	r2, r3
 8002334:	d104      	bne.n	8002340 <HAL_UART_Transmit+0x32>
 8002336:	6903      	ldr	r3, [r0, #16]
 8002338:	2b00      	cmp	r3, #0
 800233a:	d101      	bne.n	8002340 <HAL_UART_Transmit+0x32>
      if ((((uint32_t)pData) & 1U) != 0U)
 800233c:	07cb      	lsls	r3, r1, #31
 800233e:	d45c      	bmi.n	80023fa <HAL_UART_Transmit+0xec>
    huart->ErrorCode = HAL_UART_ERROR_NONE;
 8002340:	2384      	movs	r3, #132	@ 0x84
 8002342:	2200      	movs	r2, #0
 8002344:	50e2      	str	r2, [r4, r3]
    huart->gState = HAL_UART_STATE_BUSY_TX;
 8002346:	3b63      	subs	r3, #99	@ 0x63
 8002348:	67e3      	str	r3, [r4, #124]	@ 0x7c
    tickstart = HAL_GetTick();
 800234a:	f7fe fc23 	bl	8000b94 <HAL_GetTick>
 800234e:	0007      	movs	r7, r0
    huart->TxXferSize  = Size;
 8002350:	2350      	movs	r3, #80	@ 0x50
 8002352:	4642      	mov	r2, r8
 8002354:	52e2      	strh	r2, [r4, r3]
    huart->TxXferCount = Size;
 8002356:	3302      	adds	r3, #2
 8002358:	52e2      	strh	r2, [r4, r3]
    if ((huart->Init.WordLength == UART_WORDLENGTH_9B) && (huart->Init.Parity == UART_PARITY_NONE))
 800235a:	68a2      	ldr	r2, [r4, #8]
 800235c:	2380      	movs	r3, #128	@ 0x80
 800235e:	015b      	lsls	r3, r3, #5
 8002360:	429a      	cmp	r2, r3
 8002362:	d002      	beq.n	800236a <HAL_UART_Transmit+0x5c>
      pdata16bits = NULL;
 8002364:	2300      	movs	r3, #0
 8002366:	4698      	mov	r8, r3
 8002368:	e017      	b.n	800239a <HAL_UART_Transmit+0x8c>
    if ((huart->Init.WordLength == UART_WORDLENGTH_9B) && (huart->Init.Parity == UART_PARITY_NONE))
 800236a:	6923      	ldr	r3, [r4, #16]
 800236c:	2b00      	cmp	r3, #0
 800236e:	d028      	beq.n	80023c2 <HAL_UART_Transmit+0xb4>
      pdata16bits = NULL;
 8002370:	2300      	movs	r3, #0
 8002372:	4698      	mov	r8, r3
 8002374:	e011      	b.n	800239a <HAL_UART_Transmit+0x8c>
        huart->gState = HAL_UART_STATE_READY;
 8002376:	2320      	movs	r3, #32
 8002378:	67e3      	str	r3, [r4, #124]	@ 0x7c
        return HAL_TIMEOUT;
 800237a:	2003      	movs	r0, #3
 800237c:	e035      	b.n	80023ea <HAL_UART_Transmit+0xdc>
        huart->Instance->TDR = (uint16_t)(*pdata16bits & 0x01FFU);
 800237e:	4643      	mov	r3, r8
 8002380:	881b      	ldrh	r3, [r3, #0]
 8002382:	6822      	ldr	r2, [r4, #0]
 8002384:	05db      	lsls	r3, r3, #23
 8002386:	0ddb      	lsrs	r3, r3, #23
 8002388:	8513      	strh	r3, [r2, #40]	@ 0x28
        pdata16bits++;
 800238a:	2302      	movs	r3, #2
 800238c:	469c      	mov	ip, r3
 800238e:	44e0      	add	r8, ip
      huart->TxXferCount--;
 8002390:	2352      	movs	r3, #82	@ 0x52
 8002392:	5ae2      	ldrh	r2, [r4, r3]
 8002394:	3a01      	subs	r2, #1
 8002396:	b292      	uxth	r2, r2
 8002398:	52e2      	strh	r2, [r4, r3]
    while (huart->TxXferCount > 0U)
 800239a:	2352      	movs	r3, #82	@ 0x52
 800239c:	5ae3      	ldrh	r3, [r4, r3]
 800239e:	2b00      	cmp	r3, #0
 80023a0:	d012      	beq.n	80023c8 <HAL_UART_Transmit+0xba>
      if (UART_WaitOnFlagUntilTimeout(huart, UART_FLAG_TXE, RESET, tickstart, Timeout) != HAL_OK)
 80023a2:	9600      	str	r6, [sp, #0]
 80023a4:	003b      	movs	r3, r7
 80023a6:	2200      	movs	r2, #0
 80023a8:	2180      	movs	r1, #128	@ 0x80
 80023aa:	0020      	movs	r0, r4
 80023ac:	f7ff ff60 	bl	8002270 <UART_WaitOnFlagUntilTimeout>
 80023b0:	2800      	cmp	r0, #0
 80023b2:	d1e0      	bne.n	8002376 <HAL_UART_Transmit+0x68>
      if (pdata8bits == NULL)
 80023b4:	2d00      	cmp	r5, #0
 80023b6:	d0e2      	beq.n	800237e <HAL_UART_Transmit+0x70>
        huart->Instance->TDR = (uint8_t)(*pdata8bits & 0xFFU);
 80023b8:	782a      	ldrb	r2, [r5, #0]
 80023ba:	6823      	ldr	r3, [r4, #0]
 80023bc:	851a      	strh	r2, [r3, #40]	@ 0x28
        pdata8bits++;
 80023be:	3501      	adds	r5, #1
 80023c0:	e7e6      	b.n	8002390 <HAL_UART_Transmit+0x82>
      pdata16bits = (const uint16_t *) pData;
 80023c2:	46a8      	mov	r8, r5
      pdata8bits  = NULL;
 80023c4:	2500      	movs	r5, #0
 80023c6:	e7e8      	b.n	800239a <HAL_UART_Transmit+0x8c>
    if (UART_WaitOnFlagUntilTimeout(huart, UART_FLAG_TC, RESET, tickstart, Timeout) != HAL_OK)
 80023c8:	9600      	str	r6, [sp, #0]
 80023ca:	003b      	movs	r3, r7
 80023cc:	2200      	movs	r2, #0
 80023ce:	2140      	movs	r1, #64	@ 0x40
 80023d0:	0020      	movs	r0, r4
 80023d2:	f7ff ff4d 	bl	8002270 <UART_WaitOnFlagUntilTimeout>
 80023d6:	2800      	cmp	r0, #0
 80023d8:	d102      	bne.n	80023e0 <HAL_UART_Transmit+0xd2>
    huart->gState = HAL_UART_STATE_READY;
 80023da:	2320      	movs	r3, #32
 80023dc:	67e3      	str	r3, [r4, #124]	@ 0x7c
    return HAL_OK;
 80023de:	e004      	b.n	80023ea <HAL_UART_Transmit+0xdc>
      huart->gState = HAL_UART_STATE_READY;
 80023e0:	2320      	movs	r3, #32
 80023e2:	67e3      	str	r3, [r4, #124]	@ 0x7c
      return HAL_TIMEOUT;
 80023e4:	2003      	movs	r0, #3
 80023e6:	e000      	b.n	80023ea <HAL_UART_Transmit+0xdc>
    return HAL_BUSY;
 80023e8:	2002      	movs	r0, #2
}
 80023ea:	b002      	add	sp, #8
 80023ec:	bc80      	pop	{r7}
 80023ee:	46b8      	mov	r8, r7
 80023f0:	bdf0      	pop	{r4, r5, r6, r7, pc}
      return  HAL_ERROR;
 80023f2:	2001      	movs	r0, #1
 80023f4:	e7f9      	b.n	80023ea <HAL_UART_Transmit+0xdc>
 80023f6:	2001      	movs	r0, #1
 80023f8:	e7f7      	b.n	80023ea <HAL_UART_Transmit+0xdc>
        return  HAL_ERROR;
 80023fa:	2001      	movs	r0, #1
 80023fc:	e7f5      	b.n	80023ea <HAL_UART_Transmit+0xdc>
	...

08002400 <UART_CheckIdleState>:
{
 8002400:	b530      	push	{r4, r5, lr}
 8002402:	b083      	sub	sp, #12
 8002404:	0004      	movs	r4, r0
  huart->ErrorCode = HAL_UART_ERROR_NONE;
 8002406:	2384      	movs	r3, #132	@ 0x84
 8002408:	2200      	movs	r2, #0
 800240a:	50c2      	str	r2, [r0, r3]
  tickstart = HAL_GetTick();
 800240c:	f7fe fbc2 	bl	8000b94 <HAL_GetTick>
 8002410:	0005      	movs	r5, r0
  if ((huart->Instance->CR1 & USART_CR1_TE) == USART_CR1_TE)
 8002412:	6823      	ldr	r3, [r4, #0]
 8002414:	681b      	ldr	r3, [r3, #0]
 8002416:	071b      	lsls	r3, r3, #28
 8002418:	d40f      	bmi.n	800243a <UART_CheckIdleState+0x3a>
  if ((huart->Instance->CR1 & USART_CR1_RE) == USART_CR1_RE)
 800241a:	6823      	ldr	r3, [r4, #0]
 800241c:	681b      	ldr	r3, [r3, #0]
 800241e:	075b      	lsls	r3, r3, #29
 8002420:	d429      	bmi.n	8002476 <UART_CheckIdleState+0x76>
  huart->gState = HAL_UART_STATE_READY;
 8002422:	2320      	movs	r3, #32
 8002424:	67e3      	str	r3, [r4, #124]	@ 0x7c
  huart->RxState = HAL_UART_STATE_READY;
 8002426:	2280      	movs	r2, #128	@ 0x80
 8002428:	50a3      	str	r3, [r4, r2]
  huart->ReceptionType = HAL_UART_RECEPTION_STANDARD;
 800242a:	2300      	movs	r3, #0
 800242c:	6623      	str	r3, [r4, #96]	@ 0x60
  huart->RxEventType = HAL_UART_RXEVENT_TC;
 800242e:	6663      	str	r3, [r4, #100]	@ 0x64
  __HAL_UNLOCK(huart);
 8002430:	3a08      	subs	r2, #8
 8002432:	54a3      	strb	r3, [r4, r2]
  return HAL_OK;
 8002434:	2000      	movs	r0, #0
}
 8002436:	b003      	add	sp, #12
 8002438:	bd30      	pop	{r4, r5, pc}
    if (UART_WaitOnFlagUntilTimeout(huart, USART_ISR_TEACK, RESET, tickstart, HAL_UART_TIMEOUT_VALUE) != HAL_OK)
 800243a:	2180      	movs	r1, #128	@ 0x80
 800243c:	4b22      	ldr	r3, [pc, #136]	@ (80024c8 <UART_CheckIdleState+0xc8>)
 800243e:	9300      	str	r3, [sp, #0]
 8002440:	0003      	movs	r3, r0
 8002442:	2200      	movs	r2, #0
 8002444:	0389      	lsls	r1, r1, #14
 8002446:	0020      	movs	r0, r4
 8002448:	f7ff ff12 	bl	8002270 <UART_WaitOnFlagUntilTimeout>
 800244c:	2800      	cmp	r0, #0
 800244e:	d0e4      	beq.n	800241a <UART_CheckIdleState+0x1a>
  __ASM volatile ("MRS %0, primask" : "=r" (result) :: "memory");
 8002450:	f3ef 8110 	mrs	r1, PRIMASK
  __ASM volatile ("MSR primask, %0" : : "r" (priMask) : "memory");
 8002454:	2301      	movs	r3, #1
 8002456:	f383 8810 	msr	PRIMASK, r3
      ATOMIC_CLEAR_BIT(huart->Instance->CR1, (USART_CR1_TXEIE));
 800245a:	6822      	ldr	r2, [r4, #0]
 800245c:	6813      	ldr	r3, [r2, #0]
 800245e:	2080      	movs	r0, #128	@ 0x80
 8002460:	4383      	bics	r3, r0
 8002462:	6013      	str	r3, [r2, #0]
 8002464:	f381 8810 	msr	PRIMASK, r1
      huart->gState = HAL_UART_STATE_READY;
 8002468:	2320      	movs	r3, #32
 800246a:	67e3      	str	r3, [r4, #124]	@ 0x7c
      __HAL_UNLOCK(huart);
 800246c:	3358      	adds	r3, #88	@ 0x58
 800246e:	2200      	movs	r2, #0
 8002470:	54e2      	strb	r2, [r4, r3]
      return HAL_TIMEOUT;
 8002472:	387d      	subs	r0, #125	@ 0x7d
 8002474:	e7df      	b.n	8002436 <UART_CheckIdleState+0x36>
    if (UART_WaitOnFlagUntilTimeout(huart, USART_ISR_REACK, RESET, tickstart, HAL_UART_TIMEOUT_VALUE) != HAL_OK)
 8002476:	2180      	movs	r1, #128	@ 0x80
 8002478:	4b13      	ldr	r3, [pc, #76]	@ (80024c8 <UART_CheckIdleState+0xc8>)
 800247a:	9300      	str	r3, [sp, #0]
 800247c:	002b      	movs	r3, r5
 800247e:	2200      	movs	r2, #0
 8002480:	03c9      	lsls	r1, r1, #15
 8002482:	0020      	movs	r0, r4
 8002484:	f7ff fef4 	bl	8002270 <UART_WaitOnFlagUntilTimeout>
 8002488:	2800      	cmp	r0, #0
 800248a:	d0ca      	beq.n	8002422 <UART_CheckIdleState+0x22>
  __ASM volatile ("MRS %0, primask" : "=r" (result) :: "memory");
 800248c:	f3ef 8010 	mrs	r0, PRIMASK
  __ASM volatile ("MSR primask, %0" : : "r" (priMask) : "memory");
 8002490:	2201      	movs	r2, #1
 8002492:	f382 8810 	msr	PRIMASK, r2
      ATOMIC_CLEAR_BIT(huart->Instance->CR1, (USART_CR1_RXNEIE | USART_CR1_PEIE));
 8002496:	6821      	ldr	r1, [r4, #0]
 8002498:	680b      	ldr	r3, [r1, #0]
 800249a:	4d0c      	ldr	r5, [pc, #48]	@ (80024cc <UART_CheckIdleState+0xcc>)
 800249c:	402b      	ands	r3, r5
 800249e:	600b      	str	r3, [r1, #0]
 80024a0:	f380 8810 	msr	PRIMASK, r0
  __ASM volatile ("MRS %0, primask" : "=r" (result) :: "memory");
 80024a4:	f3ef 8010 	mrs	r0, PRIMASK
  __ASM volatile ("MSR primask, %0" : : "r" (priMask) : "memory");
 80024a8:	f382 8810 	msr	PRIMASK, r2
      ATOMIC_CLEAR_BIT(huart->Instance->CR3, USART_CR3_EIE);
 80024ac:	6821      	ldr	r1, [r4, #0]
 80024ae:	688b      	ldr	r3, [r1, #8]
 80024b0:	4393      	bics	r3, r2
 80024b2:	608b      	str	r3, [r1, #8]
 80024b4:	f380 8810 	msr	PRIMASK, r0
      huart->RxState = HAL_UART_STATE_READY;
 80024b8:	2380      	movs	r3, #128	@ 0x80
 80024ba:	321f      	adds	r2, #31
 80024bc:	50e2      	str	r2, [r4, r3]
      __HAL_UNLOCK(huart);
 80024be:	3b08      	subs	r3, #8
 80024c0:	2200      	movs	r2, #0
 80024c2:	54e2      	strb	r2, [r4, r3]
      return HAL_TIMEOUT;
 80024c4:	2003      	movs	r0, #3
 80024c6:	e7b6      	b.n	8002436 <UART_CheckIdleState+0x36>
 80024c8:	01ffffff 	.word	0x01ffffff
 80024cc:	fffffedf 	.word	0xfffffedf

080024d0 <HAL_UART_Init>:
{
 80024d0:	b510      	push	{r4, lr}
 80024d2:	1e04      	subs	r4, r0, #0
  if (huart == NULL)
 80024d4:	d02e      	beq.n	8002534 <HAL_UART_Init+0x64>
  if (huart->gState == HAL_UART_STATE_RESET)
 80024d6:	6fc3      	ldr	r3, [r0, #124]	@ 0x7c
 80024d8:	2b00      	cmp	r3, #0
 80024da:	d021      	beq.n	8002520 <HAL_UART_Init+0x50>
  huart->gState = HAL_UART_STATE_BUSY;
 80024dc:	2324      	movs	r3, #36	@ 0x24
 80024de:	67e3      	str	r3, [r4, #124]	@ 0x7c
  __HAL_UART_DISABLE(huart);
 80024e0:	6822      	ldr	r2, [r4, #0]
 80024e2:	6813      	ldr	r3, [r2, #0]
 80024e4:	2101      	movs	r1, #1
 80024e6:	438b      	bics	r3, r1
 80024e8:	6013      	str	r3, [r2, #0]
  if (huart->AdvancedInit.AdvFeatureInit != UART_ADVFEATURE_NO_INIT)
 80024ea:	6a63      	ldr	r3, [r4, #36]	@ 0x24
 80024ec:	2b00      	cmp	r3, #0
 80024ee:	d11d      	bne.n	800252c <HAL_UART_Init+0x5c>
  if (UART_SetConfig(huart) == HAL_ERROR)
 80024f0:	0020      	movs	r0, r4
 80024f2:	f7ff fda5 	bl	8002040 <UART_SetConfig>
 80024f6:	2801      	cmp	r0, #1
 80024f8:	d011      	beq.n	800251e <HAL_UART_Init+0x4e>
  CLEAR_BIT(huart->Instance->CR2, (USART_CR2_LINEN | USART_CR2_CLKEN));
 80024fa:	6822      	ldr	r2, [r4, #0]
 80024fc:	6853      	ldr	r3, [r2, #4]
 80024fe:	490e      	ldr	r1, [pc, #56]	@ (8002538 <HAL_UART_Init+0x68>)
 8002500:	400b      	ands	r3, r1
 8002502:	6053      	str	r3, [r2, #4]
  CLEAR_BIT(huart->Instance->CR3, (USART_CR3_SCEN | USART_CR3_HDSEL | USART_CR3_IREN));
 8002504:	6822      	ldr	r2, [r4, #0]
 8002506:	6893      	ldr	r3, [r2, #8]
 8002508:	212a      	movs	r1, #42	@ 0x2a
 800250a:	438b      	bics	r3, r1
 800250c:	6093      	str	r3, [r2, #8]
  __HAL_UART_ENABLE(huart);
 800250e:	6822      	ldr	r2, [r4, #0]
 8002510:	6813      	ldr	r3, [r2, #0]
 8002512:	3929      	subs	r1, #41	@ 0x29
 8002514:	430b      	orrs	r3, r1
 8002516:	6013      	str	r3, [r2, #0]
  return (UART_CheckIdleState(huart));
 8002518:	0020      	movs	r0, r4
 800251a:	f7ff ff71 	bl	8002400 <UART_CheckIdleState>
}
 800251e:	bd10      	pop	{r4, pc}
    huart->Lock = HAL_UNLOCKED;
 8002520:	3378      	adds	r3, #120	@ 0x78
 8002522:	2200      	movs	r2, #0
 8002524:	54c2      	strb	r2, [r0, r3]
    HAL_UART_MspInit(huart);
 8002526:	f000 f879 	bl	800261c <HAL_UART_MspInit>
 800252a:	e7d7      	b.n	80024dc <HAL_UART_Init+0xc>
    UART_AdvFeatureConfig(huart);
 800252c:	0020      	movs	r0, r4
 800252e:	f7ff fe2f 	bl	8002190 <UART_AdvFeatureConfig>
 8002532:	e7dd      	b.n	80024f0 <HAL_UART_Init+0x20>
    return HAL_ERROR;
 8002534:	2001      	movs	r0, #1
 8002536:	e7f2      	b.n	800251e <HAL_UART_Init+0x4e>
 8002538:	ffffb7ff 	.word	0xffffb7ff

0800253c <NMI_Handler>:
{
  /* USER CODE BEGIN NonMaskableInt_IRQn 0 */

  /* USER CODE END NonMaskableInt_IRQn 0 */
  /* USER CODE BEGIN NonMaskableInt_IRQn 1 */
   while (1)
 800253c:	e7fe      	b.n	800253c <NMI_Handler>

0800253e <HardFault_Handler>:
void HardFault_Handler(void)
{
  /* USER CODE BEGIN HardFault_IRQn 0 */

  /* USER CODE END HardFault_IRQn 0 */
  while (1)
 800253e:	e7fe      	b.n	800253e <HardFault_Handler>

08002540 <SVC_Handler>:

  /* USER CODE END SVC_IRQn 0 */
  /* USER CODE BEGIN SVC_IRQn 1 */

  /* USER CODE END SVC_IRQn 1 */
}
 8002540:	4770      	bx	lr

08002542 <PendSV_Handler>:

  /* USER CODE END PendSV_IRQn 0 */
  /* USER CODE BEGIN PendSV_IRQn 1 */

  /* USER CODE END PendSV_IRQn 1 */
}
 8002542:	4770      	bx	lr

08002544 <SysTick_Handler>:

/**
  * @brief This function handles System tick timer.
  */
void SysTick_Handler(void)
{
 8002544:	b510      	push	{r4, lr}
  /* USER CODE BEGIN SysTick_IRQn 0 */

  /* USER CODE END SysTick_IRQn 0 */
  HAL_IncTick();
 8002546:	f7fe fb19 	bl	8000b7c <HAL_IncTick>
  /* USER CODE BEGIN SysTick_IRQn 1 */

  /* USER CODE END SysTick_IRQn 1 */
}
 800254a:	bd10      	pop	{r4, pc}

0800254c <EXTI2_3_IRQHandler>:

/**
  * @brief This function handles EXTI line 2 and 3 interrupts.
  */
void EXTI2_3_IRQHandler(void)
{
 800254c:	b510      	push	{r4, lr}
  /* USER CODE BEGIN EXTI2_3_IRQn 0 */

  /* USER CODE END EXTI2_3_IRQn 0 */
  HAL_GPIO_EXTI_IRQHandler(BUTTON_Pin);
 800254e:	2004      	movs	r0, #4
 8002550:	f7fe fdca 	bl	80010e8 <HAL_GPIO_EXTI_IRQHandler>
  /* USER CODE BEGIN EXTI2_3_IRQn 1 */

  /* USER CODE END EXTI2_3_IRQn 1 */
}
 8002554:	bd10      	pop	{r4, pc}

08002556 <_read>:
  _kill(status, -1);
  while (1) {}    /* Make sure we hang here */
}

__attribute__((weak)) int _read(int file, char *ptr, int len)
{
 8002556:	b570      	push	{r4, r5, r6, lr}
 8002558:	000c      	movs	r4, r1
 800255a:	0016      	movs	r6, r2
  (void)file;
  int DataIdx;

  for (DataIdx = 0; DataIdx < len; DataIdx++)
 800255c:	2500      	movs	r5, #0
 800255e:	e004      	b.n	800256a <_read+0x14>
  {
    *ptr++ = __io_getchar();
 8002560:	e000      	b.n	8002564 <_read+0xe>
 8002562:	bf00      	nop
 8002564:	7020      	strb	r0, [r4, #0]
  for (DataIdx = 0; DataIdx < len; DataIdx++)
 8002566:	3501      	adds	r5, #1
    *ptr++ = __io_getchar();
 8002568:	3401      	adds	r4, #1
  for (DataIdx = 0; DataIdx < len; DataIdx++)
 800256a:	42b5      	cmp	r5, r6
 800256c:	dbf8      	blt.n	8002560 <_read+0xa>
  }

  return len;
}
 800256e:	0030      	movs	r0, r6
 8002570:	bd70      	pop	{r4, r5, r6, pc}

08002572 <_close>:
}

int _close(int file)
{
  (void)file;
  return -1;
 8002572:	2001      	movs	r0, #1
}
 8002574:	4240      	negs	r0, r0
 8002576:	4770      	bx	lr

08002578 <_fstat>:


int _fstat(int file, struct stat *st)
{
  (void)file;
  st->st_mode = S_IFCHR;
 8002578:	2380      	movs	r3, #128	@ 0x80
 800257a:	019b      	lsls	r3, r3, #6
 800257c:	604b      	str	r3, [r1, #4]
  return 0;
}
 800257e:	2000      	movs	r0, #0
 8002580:	4770      	bx	lr

08002582 <_isatty>:

int _isatty(int file)
{
  (void)file;
  return 1;
}
 8002582:	2001      	movs	r0, #1
 8002584:	4770      	bx	lr

08002586 <_lseek>:
{
  (void)file;
  (void)ptr;
  (void)dir;
  return 0;
}
 8002586:	2000      	movs	r0, #0
 8002588:	4770      	bx	lr
	...

0800258c <_sbrk>:
 *
 * @param incr Memory size
 * @return Pointer to allocated memory
 */
void *_sbrk(ptrdiff_t incr)
{
 800258c:	b510      	push	{r4, lr}
 800258e:	0003      	movs	r3, r0
  extern uint8_t _end; /* Symbol defined in the linker script */
  extern uint8_t _estack; /* Symbol defined in the linker script */
  extern uint32_t _Min_Stack_Size; /* Symbol defined in the linker script */
  const uint32_t stack_limit = (uint32_t)&_estack - (uint32_t)&_Min_Stack_Size;
 8002590:	4a0c      	ldr	r2, [pc, #48]	@ (80025c4 <_sbrk+0x38>)
 8002592:	490d      	ldr	r1, [pc, #52]	@ (80025c8 <_sbrk+0x3c>)
 8002594:	1a52      	subs	r2, r2, r1
  const uint8_t *max_heap = (uint8_t *)stack_limit;
  uint8_t *prev_heap_end;

  /* Initialize heap end at first call */
  if (NULL == __sbrk_heap_end)
 8002596:	490d      	ldr	r1, [pc, #52]	@ (80025cc <_sbrk+0x40>)
 8002598:	6809      	ldr	r1, [r1, #0]
 800259a:	2900      	cmp	r1, #0
 800259c:	d007      	beq.n	80025ae <_sbrk+0x22>
  {
    __sbrk_heap_end = &_end;
  }

  /* Protect heap from growing into the reserved MSP stack */
  if (__sbrk_heap_end + incr > max_heap)
 800259e:	490b      	ldr	r1, [pc, #44]	@ (80025cc <_sbrk+0x40>)
 80025a0:	6808      	ldr	r0, [r1, #0]
 80025a2:	18c3      	adds	r3, r0, r3
 80025a4:	4293      	cmp	r3, r2
 80025a6:	d806      	bhi.n	80025b6 <_sbrk+0x2a>
    errno = ENOMEM;
    return (void *)-1;
  }

  prev_heap_end = __sbrk_heap_end;
  __sbrk_heap_end += incr;
 80025a8:	4a08      	ldr	r2, [pc, #32]	@ (80025cc <_sbrk+0x40>)
 80025aa:	6013      	str	r3, [r2, #0]

  return (void *)prev_heap_end;
}
 80025ac:	bd10      	pop	{r4, pc}
    __sbrk_heap_end = &_end;
 80025ae:	4907      	ldr	r1, [pc, #28]	@ (80025cc <_sbrk+0x40>)
 80025b0:	4807      	ldr	r0, [pc, #28]	@ (80025d0 <_sbrk+0x44>)
 80025b2:	6008      	str	r0, [r1, #0]
 80025b4:	e7f3      	b.n	800259e <_sbrk+0x12>
    errno = ENOMEM;
 80025b6:	f000 fb69 	bl	8002c8c <__errno>
 80025ba:	230c      	movs	r3, #12
 80025bc:	6003      	str	r3, [r0, #0]
    return (void *)-1;
 80025be:	2001      	movs	r0, #1
 80025c0:	4240      	negs	r0, r0
 80025c2:	e7f3      	b.n	80025ac <_sbrk+0x20>
 80025c4:	20001000 	.word	0x20001000
 80025c8:	00000400 	.word	0x00000400
 80025cc:	20000180 	.word	0x20000180
 80025d0:	20000360 	.word	0x20000360

080025d4 <SystemInit>:
                         before branch to main program. This call is made inside
                         the "startup_stm32f0xx.s" file.
                         User can setups the default system clock (System clock source, PLL Multiplier
                         and Divider factors, AHB/APBx prescalers and Flash settings).
   */
}
 80025d4:	4770      	bx	lr
	...

080025d8 <MX_USART1_UART_Init>:
UART_HandleTypeDef huart1;

/* USART1 init function */

void MX_USART1_UART_Init(void)
{
 80025d8:	b510      	push	{r4, lr}
  /* USER CODE END USART1_Init 0 */

  /* USER CODE BEGIN USART1_Init 1 */

  /* USER CODE END USART1_Init 1 */
  huart1.Instance = USART1;
 80025da:	480d      	ldr	r0, [pc, #52]	@ (8002610 <MX_USART1_UART_Init+0x38>)
 80025dc:	4b0d      	ldr	r3, [pc, #52]	@ (8002614 <MX_USART1_UART_Init+0x3c>)
 80025de:	6003      	str	r3, [r0, #0]
  huart1.Init.BaudRate = 115200;
 80025e0:	23e1      	movs	r3, #225	@ 0xe1
 80025e2:	025b      	lsls	r3, r3, #9
 80025e4:	6043      	str	r3, [r0, #4]
  huart1.Init.WordLength = UART_WORDLENGTH_8B;
 80025e6:	2300      	movs	r3, #0
 80025e8:	6083      	str	r3, [r0, #8]
  huart1.Init.StopBits = UART_STOPBITS_1;
 80025ea:	60c3      	str	r3, [r0, #12]
  huart1.Init.Parity = UART_PARITY_NONE;
 80025ec:	6103      	str	r3, [r0, #16]
  huart1.Init.Mode = UART_MODE_TX_RX;
 80025ee:	220c      	movs	r2, #12
 80025f0:	6142      	str	r2, [r0, #20]
  huart1.Init.HwFlowCtl = UART_HWCONTROL_NONE;
 80025f2:	6183      	str	r3, [r0, #24]
  huart1.Init.OverSampling = UART_OVERSAMPLING_16;
 80025f4:	61c3      	str	r3, [r0, #28]
  huart1.Init.OneBitSampling = UART_ONE_BIT_SAMPLE_DISABLE;
 80025f6:	6203      	str	r3, [r0, #32]
  huart1.AdvancedInit.AdvFeatureInit = UART_ADVFEATURE_NO_INIT;
 80025f8:	6243      	str	r3, [r0, #36]	@ 0x24
  if (HAL_UART_Init(&huart1) != HAL_OK)
 80025fa:	f7ff ff69 	bl	80024d0 <HAL_UART_Init>
 80025fe:	2800      	cmp	r0, #0
 8002600:	d103      	bne.n	800260a <MX_USART1_UART_Init+0x32>
  {
    Error_Handler();
  }
  /* USER CODE BEGIN USART1_Init 2 */
  USART_IS_OK=1;
 8002602:	4b05      	ldr	r3, [pc, #20]	@ (8002618 <MX_USART1_UART_Init+0x40>)
 8002604:	2201      	movs	r2, #1
 8002606:	601a      	str	r2, [r3, #0]
  /* USER CODE END USART1_Init 2 */

}
 8002608:	bd10      	pop	{r4, pc}
    Error_Handler();
 800260a:	f7fe f993 	bl	8000934 <Error_Handler>
 800260e:	e7f8      	b.n	8002602 <MX_USART1_UART_Init+0x2a>
 8002610:	20000184 	.word	0x20000184
 8002614:	40013800 	.word	0x40013800
 8002618:	2000020c 	.word	0x2000020c

0800261c <HAL_UART_MspInit>:

void HAL_UART_MspInit(UART_HandleTypeDef* uartHandle)
{
 800261c:	b570      	push	{r4, r5, r6, lr}
 800261e:	b088      	sub	sp, #32
 8002620:	0004      	movs	r4, r0

  GPIO_InitTypeDef GPIO_InitStruct = {0};
 8002622:	2214      	movs	r2, #20
 8002624:	2100      	movs	r1, #0
 8002626:	a803      	add	r0, sp, #12
 8002628:	f000 fada 	bl	8002be0 <memset>
  if(uartHandle->Instance==USART1)
 800262c:	6822      	ldr	r2, [r4, #0]
 800262e:	4b1e      	ldr	r3, [pc, #120]	@ (80026a8 <HAL_UART_MspInit+0x8c>)
 8002630:	429a      	cmp	r2, r3
 8002632:	d001      	beq.n	8002638 <HAL_UART_MspInit+0x1c>

  /* USER CODE BEGIN USART1_MspInit 1 */

  /* USER CODE END USART1_MspInit 1 */
  }
}
 8002634:	b008      	add	sp, #32
 8002636:	bd70      	pop	{r4, r5, r6, pc}
    __HAL_RCC_USART1_CLK_ENABLE();
 8002638:	4b1c      	ldr	r3, [pc, #112]	@ (80026ac <HAL_UART_MspInit+0x90>)
 800263a:	699a      	ldr	r2, [r3, #24]
 800263c:	2180      	movs	r1, #128	@ 0x80
 800263e:	01c9      	lsls	r1, r1, #7
 8002640:	430a      	orrs	r2, r1
 8002642:	619a      	str	r2, [r3, #24]
 8002644:	699a      	ldr	r2, [r3, #24]
 8002646:	400a      	ands	r2, r1
 8002648:	9200      	str	r2, [sp, #0]
 800264a:	9a00      	ldr	r2, [sp, #0]
    __HAL_RCC_GPIOA_CLK_ENABLE();
 800264c:	695a      	ldr	r2, [r3, #20]
 800264e:	2180      	movs	r1, #128	@ 0x80
 8002650:	0289      	lsls	r1, r1, #10
 8002652:	430a      	orrs	r2, r1
 8002654:	615a      	str	r2, [r3, #20]
 8002656:	695a      	ldr	r2, [r3, #20]
 8002658:	400a      	ands	r2, r1
 800265a:	9201      	str	r2, [sp, #4]
 800265c:	9a01      	ldr	r2, [sp, #4]
    __HAL_RCC_GPIOB_CLK_ENABLE();
 800265e:	695a      	ldr	r2, [r3, #20]
 8002660:	2180      	movs	r1, #128	@ 0x80
 8002662:	02c9      	lsls	r1, r1, #11
 8002664:	430a      	orrs	r2, r1
 8002666:	615a      	str	r2, [r3, #20]
 8002668:	695b      	ldr	r3, [r3, #20]
 800266a:	400b      	ands	r3, r1
 800266c:	9302      	str	r3, [sp, #8]
 800266e:	9b02      	ldr	r3, [sp, #8]
    GPIO_InitStruct.Pin = GPIO_PIN_15;
 8002670:	ac03      	add	r4, sp, #12
 8002672:	2380      	movs	r3, #128	@ 0x80
 8002674:	021b      	lsls	r3, r3, #8
 8002676:	9303      	str	r3, [sp, #12]
    GPIO_InitStruct.Mode = GPIO_MODE_AF_PP;
 8002678:	2602      	movs	r6, #2
 800267a:	9604      	str	r6, [sp, #16]
    GPIO_InitStruct.Speed = GPIO_SPEED_FREQ_HIGH;
 800267c:	2503      	movs	r5, #3
 800267e:	9506      	str	r5, [sp, #24]
    GPIO_InitStruct.Alternate = GPIO_AF1_USART1;
 8002680:	2301      	movs	r3, #1
 8002682:	9307      	str	r3, [sp, #28]
    HAL_GPIO_Init(GPIOA, &GPIO_InitStruct);
 8002684:	2090      	movs	r0, #144	@ 0x90
 8002686:	0021      	movs	r1, r4
 8002688:	05c0      	lsls	r0, r0, #23
 800268a:	f7fe fc59 	bl	8000f40 <HAL_GPIO_Init>
    GPIO_InitStruct.Pin = GPIO_PIN_6;
 800268e:	2340      	movs	r3, #64	@ 0x40
 8002690:	9303      	str	r3, [sp, #12]
    GPIO_InitStruct.Mode = GPIO_MODE_AF_PP;
 8002692:	9604      	str	r6, [sp, #16]
    GPIO_InitStruct.Pull = GPIO_NOPULL;
 8002694:	2300      	movs	r3, #0
 8002696:	9305      	str	r3, [sp, #20]
    GPIO_InitStruct.Speed = GPIO_SPEED_FREQ_HIGH;
 8002698:	9506      	str	r5, [sp, #24]
    GPIO_InitStruct.Alternate = GPIO_AF0_USART1;
 800269a:	9307      	str	r3, [sp, #28]
    HAL_GPIO_Init(GPIOB, &GPIO_InitStruct);
 800269c:	0021      	movs	r1, r4
 800269e:	4804      	ldr	r0, [pc, #16]	@ (80026b0 <HAL_UART_MspInit+0x94>)
 80026a0:	f7fe fc4e 	bl	8000f40 <HAL_GPIO_Init>
}
 80026a4:	e7c6      	b.n	8002634 <HAL_UART_MspInit+0x18>
 80026a6:	46c0      	nop			@ (mov r8, r8)
 80026a8:	40013800 	.word	0x40013800
 80026ac:	40021000 	.word	0x40021000
 80026b0:	48000400 	.word	0x48000400

080026b4 <_write>:

/* USER CODE BEGIN 1 */
//标准库需要的支持函数

int _write(int fd, char *pBuffer, int size)
{
 80026b4:	b510      	push	{r4, lr}
 80026b6:	0014      	movs	r4, r2
  if(USART_IS_OK==0) return 1;
 80026b8:	4b06      	ldr	r3, [pc, #24]	@ (80026d4 <_write+0x20>)
 80026ba:	681b      	ldr	r3, [r3, #0]
 80026bc:	2b00      	cmp	r3, #0
 80026be:	d101      	bne.n	80026c4 <_write+0x10>
 80026c0:	2001      	movs	r0, #1
  HAL_UART_Transmit(&huart1, (uint8_t *)pBuffer, size, 0xFFFF);
  return size;
}
 80026c2:	bd10      	pop	{r4, pc}
  HAL_UART_Transmit(&huart1, (uint8_t *)pBuffer, size, 0xFFFF);
 80026c4:	b292      	uxth	r2, r2
 80026c6:	4804      	ldr	r0, [pc, #16]	@ (80026d8 <_write+0x24>)
 80026c8:	4b04      	ldr	r3, [pc, #16]	@ (80026dc <_write+0x28>)
 80026ca:	f7ff fe20 	bl	800230e <HAL_UART_Transmit>
  return size;
 80026ce:	0020      	movs	r0, r4
 80026d0:	e7f7      	b.n	80026c2 <_write+0xe>
 80026d2:	46c0      	nop			@ (mov r8, r8)
 80026d4:	2000020c 	.word	0x2000020c
 80026d8:	20000184 	.word	0x20000184
 80026dc:	0000ffff 	.word	0x0000ffff

080026e0 <getCurrentMicros>:
__STATIC_INLINE uint32_t GXT_SYSTICK_IsActiveCounterFlag(void)
{
  return ((SysTick->CTRL & SysTick_CTRL_COUNTFLAG_Msk) == (SysTick_CTRL_COUNTFLAG_Msk));
}
static uint32_t getCurrentMicros(void)
{
 80026e0:	b530      	push	{r4, r5, lr}
 80026e2:	b083      	sub	sp, #12
  return ((SysTick->CTRL & SysTick_CTRL_COUNTFLAG_Msk) == (SysTick_CTRL_COUNTFLAG_Msk));
 80026e4:	4c11      	ldr	r4, [pc, #68]	@ (800272c <getCurrentMicros+0x4c>)
 80026e6:	6823      	ldr	r3, [r4, #0]
  /* Ensure COUNTFLAG is reset by reading SysTick control and status register */
  GXT_SYSTICK_IsActiveCounterFlag();
  uint32_t m = HAL_GetTick();
 80026e8:	f7fe fa54 	bl	8000b94 <HAL_GetTick>
  const uint32_t tms = SysTick->LOAD + 1;
 80026ec:	6865      	ldr	r5, [r4, #4]
 80026ee:	3501      	adds	r5, #1
  __IO uint32_t u = tms - SysTick->VAL;
 80026f0:	68a3      	ldr	r3, [r4, #8]
 80026f2:	1aeb      	subs	r3, r5, r3
 80026f4:	9301      	str	r3, [sp, #4]
  return ((SysTick->CTRL & SysTick_CTRL_COUNTFLAG_Msk) == (SysTick_CTRL_COUNTFLAG_Msk));
 80026f6:	6823      	ldr	r3, [r4, #0]
  if (GXT_SYSTICK_IsActiveCounterFlag()) {
 80026f8:	03db      	lsls	r3, r3, #15
 80026fa:	d410      	bmi.n	800271e <getCurrentMicros+0x3e>
    m = HAL_GetTick();
    u = tms - SysTick->VAL;
  }
  return (m * 1000 + (u * 1000) / tms);
 80026fc:	0144      	lsls	r4, r0, #5
 80026fe:	1a24      	subs	r4, r4, r0
 8002700:	00a4      	lsls	r4, r4, #2
 8002702:	1824      	adds	r4, r4, r0
 8002704:	00e4      	lsls	r4, r4, #3
 8002706:	9b01      	ldr	r3, [sp, #4]
 8002708:	0158      	lsls	r0, r3, #5
 800270a:	1ac0      	subs	r0, r0, r3
 800270c:	0080      	lsls	r0, r0, #2
 800270e:	18c0      	adds	r0, r0, r3
 8002710:	00c0      	lsls	r0, r0, #3
 8002712:	0029      	movs	r1, r5
 8002714:	f7fd fcde 	bl	80000d4 <__udivsi3>
 8002718:	1820      	adds	r0, r4, r0
}
 800271a:	b003      	add	sp, #12
 800271c:	bd30      	pop	{r4, r5, pc}
    m = HAL_GetTick();
 800271e:	f7fe fa39 	bl	8000b94 <HAL_GetTick>
    u = tms - SysTick->VAL;
 8002722:	68a3      	ldr	r3, [r4, #8]
 8002724:	1aeb      	subs	r3, r5, r3
 8002726:	9301      	str	r3, [sp, #4]
 8002728:	e7e8      	b.n	80026fc <getCurrentMicros+0x1c>
 800272a:	46c0      	nop			@ (mov r8, r8)
 800272c:	e000e010 	.word	0xe000e010

08002730 <micros>:
//获取系统时间，单位us
uint32_t micros(void)
{
 8002730:	b510      	push	{r4, lr}
  return getCurrentMicros();
 8002732:	f7ff ffd5 	bl	80026e0 <getCurrentMicros>
}
 8002736:	bd10      	pop	{r4, pc}

08002738 <delay_us>:

// @brief: Busy wait delay for given amount of microseconds (us)
void delay_us(uint32_t us)
{
 8002738:	b570      	push	{r4, r5, r6, lr}
 800273a:	0005      	movs	r5, r0
    uint32_t start = micros();
 800273c:	f7ff fff8 	bl	8002730 <micros>
 8002740:	0004      	movs	r4, r0
    while (micros() - start < (uint32_t) us) {
 8002742:	e000      	b.n	8002746 <delay_us+0xe>
        __ASM("nop");
 8002744:	46c0      	nop			@ (mov r8, r8)
    while (micros() - start < (uint32_t) us) {
 8002746:	f7ff fff3 	bl	8002730 <micros>
 800274a:	1b00      	subs	r0, r0, r4
 800274c:	42a8      	cmp	r0, r5
 800274e:	d3f9      	bcc.n	8002744 <delay_us+0xc>
    }
 8002750:	bd70      	pop	{r4, r5, r6, pc}
	...

08002754 <Reset_Handler>:

  .section .text.Reset_Handler
  .weak Reset_Handler
  .type Reset_Handler, %function
Reset_Handler:
  ldr   r0, =_estack
 8002754:	480d      	ldr	r0, [pc, #52]	@ (800278c <LoopForever+0x2>)
  mov   sp, r0          /* set stack pointer */
 8002756:	4685      	mov	sp, r0
  
/* Call the clock system initialization function.*/
  bl  SystemInit
 8002758:	f7ff ff3c 	bl	80025d4 <SystemInit>

/* Copy the data segment initializers from flash to SRAM */
  ldr r0, =_sdata
 800275c:	480c      	ldr	r0, [pc, #48]	@ (8002790 <LoopForever+0x6>)
  ldr r1, =_edata
 800275e:	490d      	ldr	r1, [pc, #52]	@ (8002794 <LoopForever+0xa>)
  ldr r2, =_sidata
 8002760:	4a0d      	ldr	r2, [pc, #52]	@ (8002798 <LoopForever+0xe>)
  movs r3, #0
 8002762:	2300      	movs	r3, #0
  b LoopCopyDataInit
 8002764:	e002      	b.n	800276c <LoopCopyDataInit>

08002766 <CopyDataInit>:

CopyDataInit:
  ldr r4, [r2, r3]
 8002766:	58d4      	ldr	r4, [r2, r3]
  str r4, [r0, r3]
 8002768:	50c4      	str	r4, [r0, r3]
  adds r3, r3, #4
 800276a:	3304      	adds	r3, #4

0800276c <LoopCopyDataInit>:

LoopCopyDataInit:
  adds r4, r0, r3
 800276c:	18c4      	adds	r4, r0, r3
  cmp r4, r1
 800276e:	428c      	cmp	r4, r1
  bcc CopyDataInit
 8002770:	d3f9      	bcc.n	8002766 <CopyDataInit>
  
/* Zero fill the bss segment. */
  ldr r2, =_sbss
 8002772:	4a0a      	ldr	r2, [pc, #40]	@ (800279c <LoopForever+0x12>)
  ldr r4, =_ebss
 8002774:	4c0a      	ldr	r4, [pc, #40]	@ (80027a0 <LoopForever+0x16>)
  movs r3, #0
 8002776:	2300      	movs	r3, #0
  b LoopFillZerobss
 8002778:	e001      	b.n	800277e <LoopFillZerobss>

0800277a <FillZerobss>:

FillZerobss:
  str  r3, [r2]
 800277a:	6013      	str	r3, [r2, #0]
  adds r2, r2, #4
 800277c:	3204      	adds	r2, #4

0800277e <LoopFillZerobss>:

LoopFillZerobss:
  cmp r2, r4
 800277e:	42a2      	cmp	r2, r4
  bcc FillZerobss
 8002780:	d3fb      	bcc.n	800277a <FillZerobss>

/* Call static constructors */
  bl __libc_init_array
 8002782:	f000 fa89 	bl	8002c98 <__libc_init_array>
/* Call the application's entry point.*/
  bl main
 8002786:	f7fe f91f 	bl	80009c8 <main>

0800278a <LoopForever>:

LoopForever:
    b LoopForever
 800278a:	e7fe      	b.n	800278a <LoopForever>
  ldr   r0, =_estack
 800278c:	20001000 	.word	0x20001000
  ldr r0, =_sdata
 8002790:	20000000 	.word	0x20000000
  ldr r1, =_edata
 8002794:	20000068 	.word	0x20000068
  ldr r2, =_sidata
 8002798:	08003a40 	.word	0x08003a40
  ldr r2, =_sbss
 800279c:	20000068 	.word	0x20000068
  ldr r4, =_ebss
 80027a0:	2000035c 	.word	0x2000035c

080027a4 <ADC1_IRQHandler>:
 * @retval : None
*/
    .section .text.Default_Handler,"ax",%progbits
Default_Handler:
Infinite_Loop:
  b Infinite_Loop
 80027a4:	e7fe      	b.n	80027a4 <ADC1_IRQHandler>
	...

080027a8 <std>:
 80027a8:	2300      	movs	r3, #0
 80027aa:	b510      	push	{r4, lr}
 80027ac:	0004      	movs	r4, r0
 80027ae:	6003      	str	r3, [r0, #0]
 80027b0:	6043      	str	r3, [r0, #4]
 80027b2:	6083      	str	r3, [r0, #8]
 80027b4:	8181      	strh	r1, [r0, #12]
 80027b6:	6643      	str	r3, [r0, #100]	@ 0x64
 80027b8:	81c2      	strh	r2, [r0, #14]
 80027ba:	6103      	str	r3, [r0, #16]
 80027bc:	6143      	str	r3, [r0, #20]
 80027be:	6183      	str	r3, [r0, #24]
 80027c0:	0019      	movs	r1, r3
 80027c2:	2208      	movs	r2, #8
 80027c4:	305c      	adds	r0, #92	@ 0x5c
 80027c6:	f000 fa0b 	bl	8002be0 <memset>
 80027ca:	4b0b      	ldr	r3, [pc, #44]	@ (80027f8 <std+0x50>)
 80027cc:	6224      	str	r4, [r4, #32]
 80027ce:	6263      	str	r3, [r4, #36]	@ 0x24
 80027d0:	4b0a      	ldr	r3, [pc, #40]	@ (80027fc <std+0x54>)
 80027d2:	62a3      	str	r3, [r4, #40]	@ 0x28
 80027d4:	4b0a      	ldr	r3, [pc, #40]	@ (8002800 <std+0x58>)
 80027d6:	62e3      	str	r3, [r4, #44]	@ 0x2c
 80027d8:	4b0a      	ldr	r3, [pc, #40]	@ (8002804 <std+0x5c>)
 80027da:	6323      	str	r3, [r4, #48]	@ 0x30
 80027dc:	4b0a      	ldr	r3, [pc, #40]	@ (8002808 <std+0x60>)
 80027de:	429c      	cmp	r4, r3
 80027e0:	d005      	beq.n	80027ee <std+0x46>
 80027e2:	4b0a      	ldr	r3, [pc, #40]	@ (800280c <std+0x64>)
 80027e4:	429c      	cmp	r4, r3
 80027e6:	d002      	beq.n	80027ee <std+0x46>
 80027e8:	4b09      	ldr	r3, [pc, #36]	@ (8002810 <std+0x68>)
 80027ea:	429c      	cmp	r4, r3
 80027ec:	d103      	bne.n	80027f6 <std+0x4e>
 80027ee:	0020      	movs	r0, r4
 80027f0:	3058      	adds	r0, #88	@ 0x58
 80027f2:	f000 fa75 	bl	8002ce0 <__retarget_lock_init_recursive>
 80027f6:	bd10      	pop	{r4, pc}
 80027f8:	08002a11 	.word	0x08002a11
 80027fc:	08002a39 	.word	0x08002a39
 8002800:	08002a71 	.word	0x08002a71
 8002804:	08002a9d 	.word	0x08002a9d
 8002808:	20000210 	.word	0x20000210
 800280c:	20000278 	.word	0x20000278
 8002810:	200002e0 	.word	0x200002e0

08002814 <stdio_exit_handler>:
 8002814:	b510      	push	{r4, lr}
 8002816:	4a03      	ldr	r2, [pc, #12]	@ (8002824 <stdio_exit_handler+0x10>)
 8002818:	4903      	ldr	r1, [pc, #12]	@ (8002828 <stdio_exit_handler+0x14>)
 800281a:	4804      	ldr	r0, [pc, #16]	@ (800282c <stdio_exit_handler+0x18>)
 800281c:	f000 f86c 	bl	80028f8 <_fwalk_sglue>
 8002820:	bd10      	pop	{r4, pc}
 8002822:	46c0      	nop			@ (mov r8, r8)
 8002824:	2000000c 	.word	0x2000000c
 8002828:	0800358d 	.word	0x0800358d
 800282c:	2000001c 	.word	0x2000001c

08002830 <cleanup_stdio>:
 8002830:	6841      	ldr	r1, [r0, #4]
 8002832:	4b0b      	ldr	r3, [pc, #44]	@ (8002860 <cleanup_stdio+0x30>)
 8002834:	b510      	push	{r4, lr}
 8002836:	0004      	movs	r4, r0
 8002838:	4299      	cmp	r1, r3
 800283a:	d001      	beq.n	8002840 <cleanup_stdio+0x10>
 800283c:	f000 fea6 	bl	800358c <_fflush_r>
 8002840:	68a1      	ldr	r1, [r4, #8]
 8002842:	4b08      	ldr	r3, [pc, #32]	@ (8002864 <cleanup_stdio+0x34>)
 8002844:	4299      	cmp	r1, r3
 8002846:	d002      	beq.n	800284e <cleanup_stdio+0x1e>
 8002848:	0020      	movs	r0, r4
 800284a:	f000 fe9f 	bl	800358c <_fflush_r>
 800284e:	68e1      	ldr	r1, [r4, #12]
 8002850:	4b05      	ldr	r3, [pc, #20]	@ (8002868 <cleanup_stdio+0x38>)
 8002852:	4299      	cmp	r1, r3
 8002854:	d002      	beq.n	800285c <cleanup_stdio+0x2c>
 8002856:	0020      	movs	r0, r4
 8002858:	f000 fe98 	bl	800358c <_fflush_r>
 800285c:	bd10      	pop	{r4, pc}
 800285e:	46c0      	nop			@ (mov r8, r8)
 8002860:	20000210 	.word	0x20000210
 8002864:	20000278 	.word	0x20000278
 8002868:	200002e0 	.word	0x200002e0

0800286c <global_stdio_init.part.0>:
 800286c:	b510      	push	{r4, lr}
 800286e:	4b09      	ldr	r3, [pc, #36]	@ (8002894 <global_stdio_init.part.0+0x28>)
 8002870:	4a09      	ldr	r2, [pc, #36]	@ (8002898 <global_stdio_init.part.0+0x2c>)
 8002872:	2104      	movs	r1, #4
 8002874:	601a      	str	r2, [r3, #0]
 8002876:	4809      	ldr	r0, [pc, #36]	@ (800289c <global_stdio_init.part.0+0x30>)
 8002878:	2200      	movs	r2, #0
 800287a:	f7ff ff95 	bl	80027a8 <std>
 800287e:	2201      	movs	r2, #1
 8002880:	2109      	movs	r1, #9
 8002882:	4807      	ldr	r0, [pc, #28]	@ (80028a0 <global_stdio_init.part.0+0x34>)
 8002884:	f7ff ff90 	bl	80027a8 <std>
 8002888:	2202      	movs	r2, #2
 800288a:	2112      	movs	r1, #18
 800288c:	4805      	ldr	r0, [pc, #20]	@ (80028a4 <global_stdio_init.part.0+0x38>)
 800288e:	f7ff ff8b 	bl	80027a8 <std>
 8002892:	bd10      	pop	{r4, pc}
 8002894:	20000348 	.word	0x20000348
 8002898:	08002815 	.word	0x08002815
 800289c:	20000210 	.word	0x20000210
 80028a0:	20000278 	.word	0x20000278
 80028a4:	200002e0 	.word	0x200002e0

080028a8 <__sfp_lock_acquire>:
 80028a8:	b510      	push	{r4, lr}
 80028aa:	4802      	ldr	r0, [pc, #8]	@ (80028b4 <__sfp_lock_acquire+0xc>)
 80028ac:	f000 fa19 	bl	8002ce2 <__retarget_lock_acquire_recursive>
 80028b0:	bd10      	pop	{r4, pc}
 80028b2:	46c0      	nop			@ (mov r8, r8)
 80028b4:	20000351 	.word	0x20000351

080028b8 <__sfp_lock_release>:
 80028b8:	b510      	push	{r4, lr}
 80028ba:	4802      	ldr	r0, [pc, #8]	@ (80028c4 <__sfp_lock_release+0xc>)
 80028bc:	f000 fa12 	bl	8002ce4 <__retarget_lock_release_recursive>
 80028c0:	bd10      	pop	{r4, pc}
 80028c2:	46c0      	nop			@ (mov r8, r8)
 80028c4:	20000351 	.word	0x20000351

080028c8 <__sinit>:
 80028c8:	b510      	push	{r4, lr}
 80028ca:	0004      	movs	r4, r0
 80028cc:	f7ff ffec 	bl	80028a8 <__sfp_lock_acquire>
 80028d0:	6a23      	ldr	r3, [r4, #32]
 80028d2:	2b00      	cmp	r3, #0
 80028d4:	d002      	beq.n	80028dc <__sinit+0x14>
 80028d6:	f7ff ffef 	bl	80028b8 <__sfp_lock_release>
 80028da:	bd10      	pop	{r4, pc}
 80028dc:	4b04      	ldr	r3, [pc, #16]	@ (80028f0 <__sinit+0x28>)
 80028de:	6223      	str	r3, [r4, #32]
 80028e0:	4b04      	ldr	r3, [pc, #16]	@ (80028f4 <__sinit+0x2c>)
 80028e2:	681b      	ldr	r3, [r3, #0]
 80028e4:	2b00      	cmp	r3, #0
 80028e6:	d1f6      	bne.n	80028d6 <__sinit+0xe>
 80028e8:	f7ff ffc0 	bl	800286c <global_stdio_init.part.0>
 80028ec:	e7f3      	b.n	80028d6 <__sinit+0xe>
 80028ee:	46c0      	nop			@ (mov r8, r8)
 80028f0:	08002831 	.word	0x08002831
 80028f4:	20000348 	.word	0x20000348

080028f8 <_fwalk_sglue>:
 80028f8:	b5f7      	push	{r0, r1, r2, r4, r5, r6, r7, lr}
 80028fa:	0014      	movs	r4, r2
 80028fc:	2600      	movs	r6, #0
 80028fe:	9000      	str	r0, [sp, #0]
 8002900:	9101      	str	r1, [sp, #4]
 8002902:	68a5      	ldr	r5, [r4, #8]
 8002904:	6867      	ldr	r7, [r4, #4]
 8002906:	3f01      	subs	r7, #1
 8002908:	d504      	bpl.n	8002914 <_fwalk_sglue+0x1c>
 800290a:	6824      	ldr	r4, [r4, #0]
 800290c:	2c00      	cmp	r4, #0
 800290e:	d1f8      	bne.n	8002902 <_fwalk_sglue+0xa>
 8002910:	0030      	movs	r0, r6
 8002912:	bdfe      	pop	{r1, r2, r3, r4, r5, r6, r7, pc}
 8002914:	89ab      	ldrh	r3, [r5, #12]
 8002916:	2b01      	cmp	r3, #1
 8002918:	d908      	bls.n	800292c <_fwalk_sglue+0x34>
 800291a:	220e      	movs	r2, #14
 800291c:	5eab      	ldrsh	r3, [r5, r2]
 800291e:	3301      	adds	r3, #1
 8002920:	d004      	beq.n	800292c <_fwalk_sglue+0x34>
 8002922:	0029      	movs	r1, r5
 8002924:	9800      	ldr	r0, [sp, #0]
 8002926:	9b01      	ldr	r3, [sp, #4]
 8002928:	4798      	blx	r3
 800292a:	4306      	orrs	r6, r0
 800292c:	3568      	adds	r5, #104	@ 0x68
 800292e:	e7ea      	b.n	8002906 <_fwalk_sglue+0xe>

08002930 <iprintf>:
 8002930:	b40f      	push	{r0, r1, r2, r3}
 8002932:	b507      	push	{r0, r1, r2, lr}
 8002934:	4905      	ldr	r1, [pc, #20]	@ (800294c <iprintf+0x1c>)
 8002936:	ab04      	add	r3, sp, #16
 8002938:	6808      	ldr	r0, [r1, #0]
 800293a:	cb04      	ldmia	r3!, {r2}
 800293c:	6881      	ldr	r1, [r0, #8]
 800293e:	9301      	str	r3, [sp, #4]
 8002940:	f000 fafe 	bl	8002f40 <_vfiprintf_r>
 8002944:	b003      	add	sp, #12
 8002946:	bc08      	pop	{r3}
 8002948:	b004      	add	sp, #16
 800294a:	4718      	bx	r3
 800294c:	20000018 	.word	0x20000018

08002950 <_puts_r>:
 8002950:	6a03      	ldr	r3, [r0, #32]
 8002952:	b570      	push	{r4, r5, r6, lr}
 8002954:	0005      	movs	r5, r0
 8002956:	000e      	movs	r6, r1
 8002958:	6884      	ldr	r4, [r0, #8]
 800295a:	2b00      	cmp	r3, #0
 800295c:	d101      	bne.n	8002962 <_puts_r+0x12>
 800295e:	f7ff ffb3 	bl	80028c8 <__sinit>
 8002962:	6e63      	ldr	r3, [r4, #100]	@ 0x64
 8002964:	07db      	lsls	r3, r3, #31
 8002966:	d405      	bmi.n	8002974 <_puts_r+0x24>
 8002968:	89a3      	ldrh	r3, [r4, #12]
 800296a:	059b      	lsls	r3, r3, #22
 800296c:	d402      	bmi.n	8002974 <_puts_r+0x24>
 800296e:	6da0      	ldr	r0, [r4, #88]	@ 0x58
 8002970:	f000 f9b7 	bl	8002ce2 <__retarget_lock_acquire_recursive>
 8002974:	89a3      	ldrh	r3, [r4, #12]
 8002976:	071b      	lsls	r3, r3, #28
 8002978:	d502      	bpl.n	8002980 <_puts_r+0x30>
 800297a:	6923      	ldr	r3, [r4, #16]
 800297c:	2b00      	cmp	r3, #0
 800297e:	d11f      	bne.n	80029c0 <_puts_r+0x70>
 8002980:	0021      	movs	r1, r4
 8002982:	0028      	movs	r0, r5
 8002984:	f000 f8d2 	bl	8002b2c <__swsetup_r>
 8002988:	2800      	cmp	r0, #0
 800298a:	d019      	beq.n	80029c0 <_puts_r+0x70>
 800298c:	2501      	movs	r5, #1
 800298e:	426d      	negs	r5, r5
 8002990:	6e63      	ldr	r3, [r4, #100]	@ 0x64
 8002992:	07db      	lsls	r3, r3, #31
 8002994:	d405      	bmi.n	80029a2 <_puts_r+0x52>
 8002996:	89a3      	ldrh	r3, [r4, #12]
 8002998:	059b      	lsls	r3, r3, #22
 800299a:	d402      	bmi.n	80029a2 <_puts_r+0x52>
 800299c:	6da0      	ldr	r0, [r4, #88]	@ 0x58
 800299e:	f000 f9a1 	bl	8002ce4 <__retarget_lock_release_recursive>
 80029a2:	0028      	movs	r0, r5
 80029a4:	bd70      	pop	{r4, r5, r6, pc}
 80029a6:	3601      	adds	r6, #1
 80029a8:	60a3      	str	r3, [r4, #8]
 80029aa:	2b00      	cmp	r3, #0
 80029ac:	da04      	bge.n	80029b8 <_puts_r+0x68>
 80029ae:	69a2      	ldr	r2, [r4, #24]
 80029b0:	4293      	cmp	r3, r2
 80029b2:	db16      	blt.n	80029e2 <_puts_r+0x92>
 80029b4:	290a      	cmp	r1, #10
 80029b6:	d014      	beq.n	80029e2 <_puts_r+0x92>
 80029b8:	6823      	ldr	r3, [r4, #0]
 80029ba:	1c5a      	adds	r2, r3, #1
 80029bc:	6022      	str	r2, [r4, #0]
 80029be:	7019      	strb	r1, [r3, #0]
 80029c0:	68a3      	ldr	r3, [r4, #8]
 80029c2:	7831      	ldrb	r1, [r6, #0]
 80029c4:	3b01      	subs	r3, #1
 80029c6:	2900      	cmp	r1, #0
 80029c8:	d1ed      	bne.n	80029a6 <_puts_r+0x56>
 80029ca:	60a3      	str	r3, [r4, #8]
 80029cc:	2b00      	cmp	r3, #0
 80029ce:	da0f      	bge.n	80029f0 <_puts_r+0xa0>
 80029d0:	0022      	movs	r2, r4
 80029d2:	0028      	movs	r0, r5
 80029d4:	310a      	adds	r1, #10
 80029d6:	f000 f867 	bl	8002aa8 <__swbuf_r>
 80029da:	3001      	adds	r0, #1
 80029dc:	d0d6      	beq.n	800298c <_puts_r+0x3c>
 80029de:	250a      	movs	r5, #10
 80029e0:	e7d6      	b.n	8002990 <_puts_r+0x40>
 80029e2:	0022      	movs	r2, r4
 80029e4:	0028      	movs	r0, r5
 80029e6:	f000 f85f 	bl	8002aa8 <__swbuf_r>
 80029ea:	3001      	adds	r0, #1
 80029ec:	d1e8      	bne.n	80029c0 <_puts_r+0x70>
 80029ee:	e7cd      	b.n	800298c <_puts_r+0x3c>
 80029f0:	6823      	ldr	r3, [r4, #0]
 80029f2:	1c5a      	adds	r2, r3, #1
 80029f4:	6022      	str	r2, [r4, #0]
 80029f6:	220a      	movs	r2, #10
 80029f8:	701a      	strb	r2, [r3, #0]
 80029fa:	e7f0      	b.n	80029de <_puts_r+0x8e>

080029fc <puts>:
 80029fc:	b510      	push	{r4, lr}
 80029fe:	4b03      	ldr	r3, [pc, #12]	@ (8002a0c <puts+0x10>)
 8002a00:	0001      	movs	r1, r0
 8002a02:	6818      	ldr	r0, [r3, #0]
 8002a04:	f7ff ffa4 	bl	8002950 <_puts_r>
 8002a08:	bd10      	pop	{r4, pc}
 8002a0a:	46c0      	nop			@ (mov r8, r8)
 8002a0c:	20000018 	.word	0x20000018

08002a10 <__sread>:
 8002a10:	b570      	push	{r4, r5, r6, lr}
 8002a12:	000c      	movs	r4, r1
 8002a14:	250e      	movs	r5, #14
 8002a16:	5f49      	ldrsh	r1, [r1, r5]
 8002a18:	f000 f910 	bl	8002c3c <_read_r>
 8002a1c:	2800      	cmp	r0, #0
 8002a1e:	db03      	blt.n	8002a28 <__sread+0x18>
 8002a20:	6d63      	ldr	r3, [r4, #84]	@ 0x54
 8002a22:	181b      	adds	r3, r3, r0
 8002a24:	6563      	str	r3, [r4, #84]	@ 0x54
 8002a26:	bd70      	pop	{r4, r5, r6, pc}
 8002a28:	89a3      	ldrh	r3, [r4, #12]
 8002a2a:	4a02      	ldr	r2, [pc, #8]	@ (8002a34 <__sread+0x24>)
 8002a2c:	4013      	ands	r3, r2
 8002a2e:	81a3      	strh	r3, [r4, #12]
 8002a30:	e7f9      	b.n	8002a26 <__sread+0x16>
 8002a32:	46c0      	nop			@ (mov r8, r8)
 8002a34:	ffffefff 	.word	0xffffefff

08002a38 <__swrite>:
 8002a38:	b5f8      	push	{r3, r4, r5, r6, r7, lr}
 8002a3a:	001f      	movs	r7, r3
 8002a3c:	898b      	ldrh	r3, [r1, #12]
 8002a3e:	0005      	movs	r5, r0
 8002a40:	000c      	movs	r4, r1
 8002a42:	0016      	movs	r6, r2
 8002a44:	05db      	lsls	r3, r3, #23
 8002a46:	d505      	bpl.n	8002a54 <__swrite+0x1c>
 8002a48:	230e      	movs	r3, #14
 8002a4a:	5ec9      	ldrsh	r1, [r1, r3]
 8002a4c:	2200      	movs	r2, #0
 8002a4e:	2302      	movs	r3, #2
 8002a50:	f000 f8e0 	bl	8002c14 <_lseek_r>
 8002a54:	89a3      	ldrh	r3, [r4, #12]
 8002a56:	4a05      	ldr	r2, [pc, #20]	@ (8002a6c <__swrite+0x34>)
 8002a58:	0028      	movs	r0, r5
 8002a5a:	4013      	ands	r3, r2
 8002a5c:	81a3      	strh	r3, [r4, #12]
 8002a5e:	0032      	movs	r2, r6
 8002a60:	230e      	movs	r3, #14
 8002a62:	5ee1      	ldrsh	r1, [r4, r3]
 8002a64:	003b      	movs	r3, r7
 8002a66:	f000 f8fd 	bl	8002c64 <_write_r>
 8002a6a:	bdf8      	pop	{r3, r4, r5, r6, r7, pc}
 8002a6c:	ffffefff 	.word	0xffffefff

08002a70 <__sseek>:
 8002a70:	b570      	push	{r4, r5, r6, lr}
 8002a72:	000c      	movs	r4, r1
 8002a74:	250e      	movs	r5, #14
 8002a76:	5f49      	ldrsh	r1, [r1, r5]
 8002a78:	f000 f8cc 	bl	8002c14 <_lseek_r>
 8002a7c:	220c      	movs	r2, #12
 8002a7e:	5ea3      	ldrsh	r3, [r4, r2]
 8002a80:	1c42      	adds	r2, r0, #1
 8002a82:	d103      	bne.n	8002a8c <__sseek+0x1c>
 8002a84:	4a04      	ldr	r2, [pc, #16]	@ (8002a98 <__sseek+0x28>)
 8002a86:	4013      	ands	r3, r2
 8002a88:	81a3      	strh	r3, [r4, #12]
 8002a8a:	bd70      	pop	{r4, r5, r6, pc}
 8002a8c:	2280      	movs	r2, #128	@ 0x80
 8002a8e:	0152      	lsls	r2, r2, #5
 8002a90:	4313      	orrs	r3, r2
 8002a92:	81a3      	strh	r3, [r4, #12]
 8002a94:	6560      	str	r0, [r4, #84]	@ 0x54
 8002a96:	e7f8      	b.n	8002a8a <__sseek+0x1a>
 8002a98:	ffffefff 	.word	0xffffefff

08002a9c <__sclose>:
 8002a9c:	b510      	push	{r4, lr}
 8002a9e:	230e      	movs	r3, #14
 8002aa0:	5ec9      	ldrsh	r1, [r1, r3]
 8002aa2:	f000 f8a5 	bl	8002bf0 <_close_r>
 8002aa6:	bd10      	pop	{r4, pc}

08002aa8 <__swbuf_r>:
 8002aa8:	b5f8      	push	{r3, r4, r5, r6, r7, lr}
 8002aaa:	0006      	movs	r6, r0
 8002aac:	000d      	movs	r5, r1
 8002aae:	0014      	movs	r4, r2
 8002ab0:	2800      	cmp	r0, #0
 8002ab2:	d004      	beq.n	8002abe <__swbuf_r+0x16>
 8002ab4:	6a03      	ldr	r3, [r0, #32]
 8002ab6:	2b00      	cmp	r3, #0
 8002ab8:	d101      	bne.n	8002abe <__swbuf_r+0x16>
 8002aba:	f7ff ff05 	bl	80028c8 <__sinit>
 8002abe:	69a3      	ldr	r3, [r4, #24]
 8002ac0:	60a3      	str	r3, [r4, #8]
 8002ac2:	89a3      	ldrh	r3, [r4, #12]
 8002ac4:	071b      	lsls	r3, r3, #28
 8002ac6:	d502      	bpl.n	8002ace <__swbuf_r+0x26>
 8002ac8:	6923      	ldr	r3, [r4, #16]
 8002aca:	2b00      	cmp	r3, #0
 8002acc:	d109      	bne.n	8002ae2 <__swbuf_r+0x3a>
 8002ace:	0021      	movs	r1, r4
 8002ad0:	0030      	movs	r0, r6
 8002ad2:	f000 f82b 	bl	8002b2c <__swsetup_r>
 8002ad6:	2800      	cmp	r0, #0
 8002ad8:	d003      	beq.n	8002ae2 <__swbuf_r+0x3a>
 8002ada:	2501      	movs	r5, #1
 8002adc:	426d      	negs	r5, r5
 8002ade:	0028      	movs	r0, r5
 8002ae0:	bdf8      	pop	{r3, r4, r5, r6, r7, pc}
 8002ae2:	6923      	ldr	r3, [r4, #16]
 8002ae4:	6820      	ldr	r0, [r4, #0]
 8002ae6:	b2ef      	uxtb	r7, r5
 8002ae8:	1ac0      	subs	r0, r0, r3
 8002aea:	6963      	ldr	r3, [r4, #20]
 8002aec:	b2ed      	uxtb	r5, r5
 8002aee:	4283      	cmp	r3, r0
 8002af0:	dc05      	bgt.n	8002afe <__swbuf_r+0x56>
 8002af2:	0021      	movs	r1, r4
 8002af4:	0030      	movs	r0, r6
 8002af6:	f000 fd49 	bl	800358c <_fflush_r>
 8002afa:	2800      	cmp	r0, #0
 8002afc:	d1ed      	bne.n	8002ada <__swbuf_r+0x32>
 8002afe:	68a3      	ldr	r3, [r4, #8]
 8002b00:	3001      	adds	r0, #1
 8002b02:	3b01      	subs	r3, #1
 8002b04:	60a3      	str	r3, [r4, #8]
 8002b06:	6823      	ldr	r3, [r4, #0]
 8002b08:	1c5a      	adds	r2, r3, #1
 8002b0a:	6022      	str	r2, [r4, #0]
 8002b0c:	701f      	strb	r7, [r3, #0]
 8002b0e:	6963      	ldr	r3, [r4, #20]
 8002b10:	4283      	cmp	r3, r0
 8002b12:	d004      	beq.n	8002b1e <__swbuf_r+0x76>
 8002b14:	89a3      	ldrh	r3, [r4, #12]
 8002b16:	07db      	lsls	r3, r3, #31
 8002b18:	d5e1      	bpl.n	8002ade <__swbuf_r+0x36>
 8002b1a:	2d0a      	cmp	r5, #10
 8002b1c:	d1df      	bne.n	8002ade <__swbuf_r+0x36>
 8002b1e:	0021      	movs	r1, r4
 8002b20:	0030      	movs	r0, r6
 8002b22:	f000 fd33 	bl	800358c <_fflush_r>
 8002b26:	2800      	cmp	r0, #0
 8002b28:	d0d9      	beq.n	8002ade <__swbuf_r+0x36>
 8002b2a:	e7d6      	b.n	8002ada <__swbuf_r+0x32>

08002b2c <__swsetup_r>:
 8002b2c:	4b2b      	ldr	r3, [pc, #172]	@ (8002bdc <__swsetup_r+0xb0>)
 8002b2e:	b570      	push	{r4, r5, r6, lr}
 8002b30:	0005      	movs	r5, r0
 8002b32:	6818      	ldr	r0, [r3, #0]
 8002b34:	000c      	movs	r4, r1
 8002b36:	2800      	cmp	r0, #0
 8002b38:	d004      	beq.n	8002b44 <__swsetup_r+0x18>
 8002b3a:	6a03      	ldr	r3, [r0, #32]
 8002b3c:	2b00      	cmp	r3, #0
 8002b3e:	d101      	bne.n	8002b44 <__swsetup_r+0x18>
 8002b40:	f7ff fec2 	bl	80028c8 <__sinit>
 8002b44:	220c      	movs	r2, #12
 8002b46:	5ea3      	ldrsh	r3, [r4, r2]
 8002b48:	071a      	lsls	r2, r3, #28
 8002b4a:	d422      	bmi.n	8002b92 <__swsetup_r+0x66>
 8002b4c:	06da      	lsls	r2, r3, #27
 8002b4e:	d407      	bmi.n	8002b60 <__swsetup_r+0x34>
 8002b50:	2209      	movs	r2, #9
 8002b52:	602a      	str	r2, [r5, #0]
 8002b54:	3237      	adds	r2, #55	@ 0x37
 8002b56:	2001      	movs	r0, #1
 8002b58:	4313      	orrs	r3, r2
 8002b5a:	81a3      	strh	r3, [r4, #12]
 8002b5c:	4240      	negs	r0, r0
 8002b5e:	bd70      	pop	{r4, r5, r6, pc}
 8002b60:	075a      	lsls	r2, r3, #29
 8002b62:	d513      	bpl.n	8002b8c <__swsetup_r+0x60>
 8002b64:	6b61      	ldr	r1, [r4, #52]	@ 0x34
 8002b66:	2900      	cmp	r1, #0
 8002b68:	d008      	beq.n	8002b7c <__swsetup_r+0x50>
 8002b6a:	0023      	movs	r3, r4
 8002b6c:	3344      	adds	r3, #68	@ 0x44
 8002b6e:	4299      	cmp	r1, r3
 8002b70:	d002      	beq.n	8002b78 <__swsetup_r+0x4c>
 8002b72:	0028      	movs	r0, r5
 8002b74:	f000 f8c0 	bl	8002cf8 <_free_r>
 8002b78:	2300      	movs	r3, #0
 8002b7a:	6363      	str	r3, [r4, #52]	@ 0x34
 8002b7c:	2224      	movs	r2, #36	@ 0x24
 8002b7e:	89a3      	ldrh	r3, [r4, #12]
 8002b80:	4393      	bics	r3, r2
 8002b82:	2200      	movs	r2, #0
 8002b84:	6062      	str	r2, [r4, #4]
 8002b86:	6922      	ldr	r2, [r4, #16]
 8002b88:	b21b      	sxth	r3, r3
 8002b8a:	6022      	str	r2, [r4, #0]
 8002b8c:	2208      	movs	r2, #8
 8002b8e:	4313      	orrs	r3, r2
 8002b90:	81a3      	strh	r3, [r4, #12]
 8002b92:	6922      	ldr	r2, [r4, #16]
 8002b94:	2a00      	cmp	r2, #0
 8002b96:	d107      	bne.n	8002ba8 <__swsetup_r+0x7c>
 8002b98:	059a      	lsls	r2, r3, #22
 8002b9a:	d501      	bpl.n	8002ba0 <__swsetup_r+0x74>
 8002b9c:	061b      	lsls	r3, r3, #24
 8002b9e:	d503      	bpl.n	8002ba8 <__swsetup_r+0x7c>
 8002ba0:	0021      	movs	r1, r4
 8002ba2:	0028      	movs	r0, r5
 8002ba4:	f000 fd48 	bl	8003638 <__smakebuf_r>
 8002ba8:	230c      	movs	r3, #12
 8002baa:	5ee2      	ldrsh	r2, [r4, r3]
 8002bac:	2101      	movs	r1, #1
 8002bae:	0013      	movs	r3, r2
 8002bb0:	400b      	ands	r3, r1
 8002bb2:	420a      	tst	r2, r1
 8002bb4:	d00c      	beq.n	8002bd0 <__swsetup_r+0xa4>
 8002bb6:	2300      	movs	r3, #0
 8002bb8:	60a3      	str	r3, [r4, #8]
 8002bba:	6963      	ldr	r3, [r4, #20]
 8002bbc:	425b      	negs	r3, r3
 8002bbe:	61a3      	str	r3, [r4, #24]
 8002bc0:	2000      	movs	r0, #0
 8002bc2:	6923      	ldr	r3, [r4, #16]
 8002bc4:	4283      	cmp	r3, r0
 8002bc6:	d1ca      	bne.n	8002b5e <__swsetup_r+0x32>
 8002bc8:	0613      	lsls	r3, r2, #24
 8002bca:	d5c8      	bpl.n	8002b5e <__swsetup_r+0x32>
 8002bcc:	2340      	movs	r3, #64	@ 0x40
 8002bce:	e7c2      	b.n	8002b56 <__swsetup_r+0x2a>
 8002bd0:	0791      	lsls	r1, r2, #30
 8002bd2:	d400      	bmi.n	8002bd6 <__swsetup_r+0xaa>
 8002bd4:	6963      	ldr	r3, [r4, #20]
 8002bd6:	60a3      	str	r3, [r4, #8]
 8002bd8:	e7f2      	b.n	8002bc0 <__swsetup_r+0x94>
 8002bda:	46c0      	nop			@ (mov r8, r8)
 8002bdc:	20000018 	.word	0x20000018

08002be0 <memset>:
 8002be0:	0003      	movs	r3, r0
 8002be2:	1882      	adds	r2, r0, r2
 8002be4:	4293      	cmp	r3, r2
 8002be6:	d100      	bne.n	8002bea <memset+0xa>
 8002be8:	4770      	bx	lr
 8002bea:	7019      	strb	r1, [r3, #0]
 8002bec:	3301      	adds	r3, #1
 8002bee:	e7f9      	b.n	8002be4 <memset+0x4>

08002bf0 <_close_r>:
 8002bf0:	2300      	movs	r3, #0
 8002bf2:	b570      	push	{r4, r5, r6, lr}
 8002bf4:	4d06      	ldr	r5, [pc, #24]	@ (8002c10 <_close_r+0x20>)
 8002bf6:	0004      	movs	r4, r0
 8002bf8:	0008      	movs	r0, r1
 8002bfa:	602b      	str	r3, [r5, #0]
 8002bfc:	f7ff fcb9 	bl	8002572 <_close>
 8002c00:	1c43      	adds	r3, r0, #1
 8002c02:	d103      	bne.n	8002c0c <_close_r+0x1c>
 8002c04:	682b      	ldr	r3, [r5, #0]
 8002c06:	2b00      	cmp	r3, #0
 8002c08:	d000      	beq.n	8002c0c <_close_r+0x1c>
 8002c0a:	6023      	str	r3, [r4, #0]
 8002c0c:	bd70      	pop	{r4, r5, r6, pc}
 8002c0e:	46c0      	nop			@ (mov r8, r8)
 8002c10:	2000034c 	.word	0x2000034c

08002c14 <_lseek_r>:
 8002c14:	b570      	push	{r4, r5, r6, lr}
 8002c16:	0004      	movs	r4, r0
 8002c18:	0008      	movs	r0, r1
 8002c1a:	0011      	movs	r1, r2
 8002c1c:	001a      	movs	r2, r3
 8002c1e:	2300      	movs	r3, #0
 8002c20:	4d05      	ldr	r5, [pc, #20]	@ (8002c38 <_lseek_r+0x24>)
 8002c22:	602b      	str	r3, [r5, #0]
 8002c24:	f7ff fcaf 	bl	8002586 <_lseek>
 8002c28:	1c43      	adds	r3, r0, #1
 8002c2a:	d103      	bne.n	8002c34 <_lseek_r+0x20>
 8002c2c:	682b      	ldr	r3, [r5, #0]
 8002c2e:	2b00      	cmp	r3, #0
 8002c30:	d000      	beq.n	8002c34 <_lseek_r+0x20>
 8002c32:	6023      	str	r3, [r4, #0]
 8002c34:	bd70      	pop	{r4, r5, r6, pc}
 8002c36:	46c0      	nop			@ (mov r8, r8)
 8002c38:	2000034c 	.word	0x2000034c

08002c3c <_read_r>:
 8002c3c:	b570      	push	{r4, r5, r6, lr}
 8002c3e:	0004      	movs	r4, r0
 8002c40:	0008      	movs	r0, r1
 8002c42:	0011      	movs	r1, r2
 8002c44:	001a      	movs	r2, r3
 8002c46:	2300      	movs	r3, #0
 8002c48:	4d05      	ldr	r5, [pc, #20]	@ (8002c60 <_read_r+0x24>)
 8002c4a:	602b      	str	r3, [r5, #0]
 8002c4c:	f7ff fc83 	bl	8002556 <_read>
 8002c50:	1c43      	adds	r3, r0, #1
 8002c52:	d103      	bne.n	8002c5c <_read_r+0x20>
 8002c54:	682b      	ldr	r3, [r5, #0]
 8002c56:	2b00      	cmp	r3, #0
 8002c58:	d000      	beq.n	8002c5c <_read_r+0x20>
 8002c5a:	6023      	str	r3, [r4, #0]
 8002c5c:	bd70      	pop	{r4, r5, r6, pc}
 8002c5e:	46c0      	nop			@ (mov r8, r8)
 8002c60:	2000034c 	.word	0x2000034c

08002c64 <_write_r>:
 8002c64:	b570      	push	{r4, r5, r6, lr}
 8002c66:	0004      	movs	r4, r0
 8002c68:	0008      	movs	r0, r1
 8002c6a:	0011      	movs	r1, r2
 8002c6c:	001a      	movs	r2, r3
 8002c6e:	2300      	movs	r3, #0
 8002c70:	4d05      	ldr	r5, [pc, #20]	@ (8002c88 <_write_r+0x24>)
 8002c72:	602b      	str	r3, [r5, #0]
 8002c74:	f7ff fd1e 	bl	80026b4 <_write>
 8002c78:	1c43      	adds	r3, r0, #1
 8002c7a:	d103      	bne.n	8002c84 <_write_r+0x20>
 8002c7c:	682b      	ldr	r3, [r5, #0]
 8002c7e:	2b00      	cmp	r3, #0
 8002c80:	d000      	beq.n	8002c84 <_write_r+0x20>
 8002c82:	6023      	str	r3, [r4, #0]
 8002c84:	bd70      	pop	{r4, r5, r6, pc}
 8002c86:	46c0      	nop			@ (mov r8, r8)
 8002c88:	2000034c 	.word	0x2000034c

08002c8c <__errno>:
 8002c8c:	4b01      	ldr	r3, [pc, #4]	@ (8002c94 <__errno+0x8>)
 8002c8e:	6818      	ldr	r0, [r3, #0]
 8002c90:	4770      	bx	lr
 8002c92:	46c0      	nop			@ (mov r8, r8)
 8002c94:	20000018 	.word	0x20000018

08002c98 <__libc_init_array>:
 8002c98:	b570      	push	{r4, r5, r6, lr}
 8002c9a:	2600      	movs	r6, #0
 8002c9c:	4c0c      	ldr	r4, [pc, #48]	@ (8002cd0 <__libc_init_array+0x38>)
 8002c9e:	4d0d      	ldr	r5, [pc, #52]	@ (8002cd4 <__libc_init_array+0x3c>)
 8002ca0:	1b64      	subs	r4, r4, r5
 8002ca2:	10a4      	asrs	r4, r4, #2
 8002ca4:	42a6      	cmp	r6, r4
 8002ca6:	d109      	bne.n	8002cbc <__libc_init_array+0x24>
 8002ca8:	2600      	movs	r6, #0
 8002caa:	f000 fdf9 	bl	80038a0 <_init>
 8002cae:	4c0a      	ldr	r4, [pc, #40]	@ (8002cd8 <__libc_init_array+0x40>)
 8002cb0:	4d0a      	ldr	r5, [pc, #40]	@ (8002cdc <__libc_init_array+0x44>)
 8002cb2:	1b64      	subs	r4, r4, r5
 8002cb4:	10a4      	asrs	r4, r4, #2
 8002cb6:	42a6      	cmp	r6, r4
 8002cb8:	d105      	bne.n	8002cc6 <__libc_init_array+0x2e>
 8002cba:	bd70      	pop	{r4, r5, r6, pc}
 8002cbc:	00b3      	lsls	r3, r6, #2
 8002cbe:	58eb      	ldr	r3, [r5, r3]
 8002cc0:	4798      	blx	r3
 8002cc2:	3601      	adds	r6, #1
 8002cc4:	e7ee      	b.n	8002ca4 <__libc_init_array+0xc>
 8002cc6:	00b3      	lsls	r3, r6, #2
 8002cc8:	58eb      	ldr	r3, [r5, r3]
 8002cca:	4798      	blx	r3
 8002ccc:	3601      	adds	r6, #1
 8002cce:	e7f2      	b.n	8002cb6 <__libc_init_array+0x1e>
 8002cd0:	08003a38 	.word	0x08003a38
 8002cd4:	08003a38 	.word	0x08003a38
 8002cd8:	08003a3c 	.word	0x08003a3c
 8002cdc:	08003a38 	.word	0x08003a38

08002ce0 <__retarget_lock_init_recursive>:
 8002ce0:	4770      	bx	lr

08002ce2 <__retarget_lock_acquire_recursive>:
 8002ce2:	4770      	bx	lr

08002ce4 <__retarget_lock_release_recursive>:
 8002ce4:	4770      	bx	lr

08002ce6 <memcpy>:
 8002ce6:	2300      	movs	r3, #0
 8002ce8:	b510      	push	{r4, lr}
 8002cea:	429a      	cmp	r2, r3
 8002cec:	d100      	bne.n	8002cf0 <memcpy+0xa>
 8002cee:	bd10      	pop	{r4, pc}
 8002cf0:	5ccc      	ldrb	r4, [r1, r3]
 8002cf2:	54c4      	strb	r4, [r0, r3]
 8002cf4:	3301      	adds	r3, #1
 8002cf6:	e7f8      	b.n	8002cea <memcpy+0x4>

08002cf8 <_free_r>:
 8002cf8:	b570      	push	{r4, r5, r6, lr}
 8002cfa:	0005      	movs	r5, r0
 8002cfc:	1e0c      	subs	r4, r1, #0
 8002cfe:	d010      	beq.n	8002d22 <_free_r+0x2a>
 8002d00:	3c04      	subs	r4, #4
 8002d02:	6823      	ldr	r3, [r4, #0]
 8002d04:	2b00      	cmp	r3, #0
 8002d06:	da00      	bge.n	8002d0a <_free_r+0x12>
 8002d08:	18e4      	adds	r4, r4, r3
 8002d0a:	0028      	movs	r0, r5
 8002d0c:	f000 f8e0 	bl	8002ed0 <__malloc_lock>
 8002d10:	4a1d      	ldr	r2, [pc, #116]	@ (8002d88 <_free_r+0x90>)
 8002d12:	6813      	ldr	r3, [r2, #0]
 8002d14:	2b00      	cmp	r3, #0
 8002d16:	d105      	bne.n	8002d24 <_free_r+0x2c>
 8002d18:	6063      	str	r3, [r4, #4]
 8002d1a:	6014      	str	r4, [r2, #0]
 8002d1c:	0028      	movs	r0, r5
 8002d1e:	f000 f8df 	bl	8002ee0 <__malloc_unlock>
 8002d22:	bd70      	pop	{r4, r5, r6, pc}
 8002d24:	42a3      	cmp	r3, r4
 8002d26:	d908      	bls.n	8002d3a <_free_r+0x42>
 8002d28:	6820      	ldr	r0, [r4, #0]
 8002d2a:	1821      	adds	r1, r4, r0
 8002d2c:	428b      	cmp	r3, r1
 8002d2e:	d1f3      	bne.n	8002d18 <_free_r+0x20>
 8002d30:	6819      	ldr	r1, [r3, #0]
 8002d32:	685b      	ldr	r3, [r3, #4]
 8002d34:	1809      	adds	r1, r1, r0
 8002d36:	6021      	str	r1, [r4, #0]
 8002d38:	e7ee      	b.n	8002d18 <_free_r+0x20>
 8002d3a:	001a      	movs	r2, r3
 8002d3c:	685b      	ldr	r3, [r3, #4]
 8002d3e:	2b00      	cmp	r3, #0
 8002d40:	d001      	beq.n	8002d46 <_free_r+0x4e>
 8002d42:	42a3      	cmp	r3, r4
 8002d44:	d9f9      	bls.n	8002d3a <_free_r+0x42>
 8002d46:	6811      	ldr	r1, [r2, #0]
 8002d48:	1850      	adds	r0, r2, r1
 8002d4a:	42a0      	cmp	r0, r4
 8002d4c:	d10b      	bne.n	8002d66 <_free_r+0x6e>
 8002d4e:	6820      	ldr	r0, [r4, #0]
 8002d50:	1809      	adds	r1, r1, r0
 8002d52:	1850      	adds	r0, r2, r1
 8002d54:	6011      	str	r1, [r2, #0]
 8002d56:	4283      	cmp	r3, r0
 8002d58:	d1e0      	bne.n	8002d1c <_free_r+0x24>
 8002d5a:	6818      	ldr	r0, [r3, #0]
 8002d5c:	685b      	ldr	r3, [r3, #4]
 8002d5e:	1841      	adds	r1, r0, r1
 8002d60:	6011      	str	r1, [r2, #0]
 8002d62:	6053      	str	r3, [r2, #4]
 8002d64:	e7da      	b.n	8002d1c <_free_r+0x24>
 8002d66:	42a0      	cmp	r0, r4
 8002d68:	d902      	bls.n	8002d70 <_free_r+0x78>
 8002d6a:	230c      	movs	r3, #12
 8002d6c:	602b      	str	r3, [r5, #0]
 8002d6e:	e7d5      	b.n	8002d1c <_free_r+0x24>
 8002d70:	6820      	ldr	r0, [r4, #0]
 8002d72:	1821      	adds	r1, r4, r0
 8002d74:	428b      	cmp	r3, r1
 8002d76:	d103      	bne.n	8002d80 <_free_r+0x88>
 8002d78:	6819      	ldr	r1, [r3, #0]
 8002d7a:	685b      	ldr	r3, [r3, #4]
 8002d7c:	1809      	adds	r1, r1, r0
 8002d7e:	6021      	str	r1, [r4, #0]
 8002d80:	6063      	str	r3, [r4, #4]
 8002d82:	6054      	str	r4, [r2, #4]
 8002d84:	e7ca      	b.n	8002d1c <_free_r+0x24>
 8002d86:	46c0      	nop			@ (mov r8, r8)
 8002d88:	20000358 	.word	0x20000358

08002d8c <sbrk_aligned>:
 8002d8c:	b570      	push	{r4, r5, r6, lr}
 8002d8e:	4e0f      	ldr	r6, [pc, #60]	@ (8002dcc <sbrk_aligned+0x40>)
 8002d90:	000d      	movs	r5, r1
 8002d92:	6831      	ldr	r1, [r6, #0]
 8002d94:	0004      	movs	r4, r0
 8002d96:	2900      	cmp	r1, #0
 8002d98:	d102      	bne.n	8002da0 <sbrk_aligned+0x14>
 8002d9a:	f000 fcab 	bl	80036f4 <_sbrk_r>
 8002d9e:	6030      	str	r0, [r6, #0]
 8002da0:	0029      	movs	r1, r5
 8002da2:	0020      	movs	r0, r4
 8002da4:	f000 fca6 	bl	80036f4 <_sbrk_r>
 8002da8:	1c43      	adds	r3, r0, #1
 8002daa:	d103      	bne.n	8002db4 <sbrk_aligned+0x28>
 8002dac:	2501      	movs	r5, #1
 8002dae:	426d      	negs	r5, r5
 8002db0:	0028      	movs	r0, r5
 8002db2:	bd70      	pop	{r4, r5, r6, pc}
 8002db4:	2303      	movs	r3, #3
 8002db6:	1cc5      	adds	r5, r0, #3
 8002db8:	439d      	bics	r5, r3
 8002dba:	42a8      	cmp	r0, r5
 8002dbc:	d0f8      	beq.n	8002db0 <sbrk_aligned+0x24>
 8002dbe:	1a29      	subs	r1, r5, r0
 8002dc0:	0020      	movs	r0, r4
 8002dc2:	f000 fc97 	bl	80036f4 <_sbrk_r>
 8002dc6:	3001      	adds	r0, #1
 8002dc8:	d1f2      	bne.n	8002db0 <sbrk_aligned+0x24>
 8002dca:	e7ef      	b.n	8002dac <sbrk_aligned+0x20>
 8002dcc:	20000354 	.word	0x20000354

08002dd0 <_malloc_r>:
 8002dd0:	b5f7      	push	{r0, r1, r2, r4, r5, r6, r7, lr}
 8002dd2:	2203      	movs	r2, #3
 8002dd4:	1ccb      	adds	r3, r1, #3
 8002dd6:	4393      	bics	r3, r2
 8002dd8:	3308      	adds	r3, #8
 8002dda:	0005      	movs	r5, r0
 8002ddc:	001f      	movs	r7, r3
 8002dde:	2b0c      	cmp	r3, #12
 8002de0:	d234      	bcs.n	8002e4c <_malloc_r+0x7c>
 8002de2:	270c      	movs	r7, #12
 8002de4:	42b9      	cmp	r1, r7
 8002de6:	d833      	bhi.n	8002e50 <_malloc_r+0x80>
 8002de8:	0028      	movs	r0, r5
 8002dea:	f000 f871 	bl	8002ed0 <__malloc_lock>
 8002dee:	4e37      	ldr	r6, [pc, #220]	@ (8002ecc <_malloc_r+0xfc>)
 8002df0:	6833      	ldr	r3, [r6, #0]
 8002df2:	001c      	movs	r4, r3
 8002df4:	2c00      	cmp	r4, #0
 8002df6:	d12f      	bne.n	8002e58 <_malloc_r+0x88>
 8002df8:	0039      	movs	r1, r7
 8002dfa:	0028      	movs	r0, r5
 8002dfc:	f7ff ffc6 	bl	8002d8c <sbrk_aligned>
 8002e00:	0004      	movs	r4, r0
 8002e02:	1c43      	adds	r3, r0, #1
 8002e04:	d15f      	bne.n	8002ec6 <_malloc_r+0xf6>
 8002e06:	6834      	ldr	r4, [r6, #0]
 8002e08:	9400      	str	r4, [sp, #0]
 8002e0a:	9b00      	ldr	r3, [sp, #0]
 8002e0c:	2b00      	cmp	r3, #0
 8002e0e:	d14a      	bne.n	8002ea6 <_malloc_r+0xd6>
 8002e10:	2c00      	cmp	r4, #0
 8002e12:	d052      	beq.n	8002eba <_malloc_r+0xea>
 8002e14:	6823      	ldr	r3, [r4, #0]
 8002e16:	0028      	movs	r0, r5
 8002e18:	18e3      	adds	r3, r4, r3
 8002e1a:	9900      	ldr	r1, [sp, #0]
 8002e1c:	9301      	str	r3, [sp, #4]
 8002e1e:	f000 fc69 	bl	80036f4 <_sbrk_r>
 8002e22:	9b01      	ldr	r3, [sp, #4]
 8002e24:	4283      	cmp	r3, r0
 8002e26:	d148      	bne.n	8002eba <_malloc_r+0xea>
 8002e28:	6823      	ldr	r3, [r4, #0]
 8002e2a:	0028      	movs	r0, r5
 8002e2c:	1aff      	subs	r7, r7, r3
 8002e2e:	0039      	movs	r1, r7
 8002e30:	f7ff ffac 	bl	8002d8c <sbrk_aligned>
 8002e34:	3001      	adds	r0, #1
 8002e36:	d040      	beq.n	8002eba <_malloc_r+0xea>
 8002e38:	6823      	ldr	r3, [r4, #0]
 8002e3a:	19db      	adds	r3, r3, r7
 8002e3c:	6023      	str	r3, [r4, #0]
 8002e3e:	6833      	ldr	r3, [r6, #0]
 8002e40:	685a      	ldr	r2, [r3, #4]
 8002e42:	2a00      	cmp	r2, #0
 8002e44:	d133      	bne.n	8002eae <_malloc_r+0xde>
 8002e46:	9b00      	ldr	r3, [sp, #0]
 8002e48:	6033      	str	r3, [r6, #0]
 8002e4a:	e019      	b.n	8002e80 <_malloc_r+0xb0>
 8002e4c:	2b00      	cmp	r3, #0
 8002e4e:	dac9      	bge.n	8002de4 <_malloc_r+0x14>
 8002e50:	230c      	movs	r3, #12
 8002e52:	602b      	str	r3, [r5, #0]
 8002e54:	2000      	movs	r0, #0
 8002e56:	bdfe      	pop	{r1, r2, r3, r4, r5, r6, r7, pc}
 8002e58:	6821      	ldr	r1, [r4, #0]
 8002e5a:	1bc9      	subs	r1, r1, r7
 8002e5c:	d420      	bmi.n	8002ea0 <_malloc_r+0xd0>
 8002e5e:	290b      	cmp	r1, #11
 8002e60:	d90a      	bls.n	8002e78 <_malloc_r+0xa8>
 8002e62:	19e2      	adds	r2, r4, r7
 8002e64:	6027      	str	r7, [r4, #0]
 8002e66:	42a3      	cmp	r3, r4
 8002e68:	d104      	bne.n	8002e74 <_malloc_r+0xa4>
 8002e6a:	6032      	str	r2, [r6, #0]
 8002e6c:	6863      	ldr	r3, [r4, #4]
 8002e6e:	6011      	str	r1, [r2, #0]
 8002e70:	6053      	str	r3, [r2, #4]
 8002e72:	e005      	b.n	8002e80 <_malloc_r+0xb0>
 8002e74:	605a      	str	r2, [r3, #4]
 8002e76:	e7f9      	b.n	8002e6c <_malloc_r+0x9c>
 8002e78:	6862      	ldr	r2, [r4, #4]
 8002e7a:	42a3      	cmp	r3, r4
 8002e7c:	d10e      	bne.n	8002e9c <_malloc_r+0xcc>
 8002e7e:	6032      	str	r2, [r6, #0]
 8002e80:	0028      	movs	r0, r5
 8002e82:	f000 f82d 	bl	8002ee0 <__malloc_unlock>
 8002e86:	0020      	movs	r0, r4
 8002e88:	2207      	movs	r2, #7
 8002e8a:	300b      	adds	r0, #11
 8002e8c:	1d23      	adds	r3, r4, #4
 8002e8e:	4390      	bics	r0, r2
 8002e90:	1ac2      	subs	r2, r0, r3
 8002e92:	4298      	cmp	r0, r3
 8002e94:	d0df      	beq.n	8002e56 <_malloc_r+0x86>
 8002e96:	1a1b      	subs	r3, r3, r0
 8002e98:	50a3      	str	r3, [r4, r2]
 8002e9a:	e7dc      	b.n	8002e56 <_malloc_r+0x86>
 8002e9c:	605a      	str	r2, [r3, #4]
 8002e9e:	e7ef      	b.n	8002e80 <_malloc_r+0xb0>
 8002ea0:	0023      	movs	r3, r4
 8002ea2:	6864      	ldr	r4, [r4, #4]
 8002ea4:	e7a6      	b.n	8002df4 <_malloc_r+0x24>
 8002ea6:	9c00      	ldr	r4, [sp, #0]
 8002ea8:	6863      	ldr	r3, [r4, #4]
 8002eaa:	9300      	str	r3, [sp, #0]
 8002eac:	e7ad      	b.n	8002e0a <_malloc_r+0x3a>
 8002eae:	001a      	movs	r2, r3
 8002eb0:	685b      	ldr	r3, [r3, #4]
 8002eb2:	42a3      	cmp	r3, r4
 8002eb4:	d1fb      	bne.n	8002eae <_malloc_r+0xde>
 8002eb6:	2300      	movs	r3, #0
 8002eb8:	e7da      	b.n	8002e70 <_malloc_r+0xa0>
 8002eba:	230c      	movs	r3, #12
 8002ebc:	0028      	movs	r0, r5
 8002ebe:	602b      	str	r3, [r5, #0]
 8002ec0:	f000 f80e 	bl	8002ee0 <__malloc_unlock>
 8002ec4:	e7c6      	b.n	8002e54 <_malloc_r+0x84>
 8002ec6:	6007      	str	r7, [r0, #0]
 8002ec8:	e7da      	b.n	8002e80 <_malloc_r+0xb0>
 8002eca:	46c0      	nop			@ (mov r8, r8)
 8002ecc:	20000358 	.word	0x20000358

08002ed0 <__malloc_lock>:
 8002ed0:	b510      	push	{r4, lr}
 8002ed2:	4802      	ldr	r0, [pc, #8]	@ (8002edc <__malloc_lock+0xc>)
 8002ed4:	f7ff ff05 	bl	8002ce2 <__retarget_lock_acquire_recursive>
 8002ed8:	bd10      	pop	{r4, pc}
 8002eda:	46c0      	nop			@ (mov r8, r8)
 8002edc:	20000350 	.word	0x20000350

08002ee0 <__malloc_unlock>:
 8002ee0:	b510      	push	{r4, lr}
 8002ee2:	4802      	ldr	r0, [pc, #8]	@ (8002eec <__malloc_unlock+0xc>)
 8002ee4:	f7ff fefe 	bl	8002ce4 <__retarget_lock_release_recursive>
 8002ee8:	bd10      	pop	{r4, pc}
 8002eea:	46c0      	nop			@ (mov r8, r8)
 8002eec:	20000350 	.word	0x20000350

08002ef0 <__sfputc_r>:
 8002ef0:	6893      	ldr	r3, [r2, #8]
 8002ef2:	b510      	push	{r4, lr}
 8002ef4:	3b01      	subs	r3, #1
 8002ef6:	6093      	str	r3, [r2, #8]
 8002ef8:	2b00      	cmp	r3, #0
 8002efa:	da04      	bge.n	8002f06 <__sfputc_r+0x16>
 8002efc:	6994      	ldr	r4, [r2, #24]
 8002efe:	42a3      	cmp	r3, r4
 8002f00:	db07      	blt.n	8002f12 <__sfputc_r+0x22>
 8002f02:	290a      	cmp	r1, #10
 8002f04:	d005      	beq.n	8002f12 <__sfputc_r+0x22>
 8002f06:	6813      	ldr	r3, [r2, #0]
 8002f08:	1c58      	adds	r0, r3, #1
 8002f0a:	6010      	str	r0, [r2, #0]
 8002f0c:	7019      	strb	r1, [r3, #0]
 8002f0e:	0008      	movs	r0, r1
 8002f10:	bd10      	pop	{r4, pc}
 8002f12:	f7ff fdc9 	bl	8002aa8 <__swbuf_r>
 8002f16:	0001      	movs	r1, r0
 8002f18:	e7f9      	b.n	8002f0e <__sfputc_r+0x1e>

08002f1a <__sfputs_r>:
 8002f1a:	b5f8      	push	{r3, r4, r5, r6, r7, lr}
 8002f1c:	0006      	movs	r6, r0
 8002f1e:	000f      	movs	r7, r1
 8002f20:	0014      	movs	r4, r2
 8002f22:	18d5      	adds	r5, r2, r3
 8002f24:	42ac      	cmp	r4, r5
 8002f26:	d101      	bne.n	8002f2c <__sfputs_r+0x12>
 8002f28:	2000      	movs	r0, #0
 8002f2a:	e007      	b.n	8002f3c <__sfputs_r+0x22>
 8002f2c:	7821      	ldrb	r1, [r4, #0]
 8002f2e:	003a      	movs	r2, r7
 8002f30:	0030      	movs	r0, r6
 8002f32:	f7ff ffdd 	bl	8002ef0 <__sfputc_r>
 8002f36:	3401      	adds	r4, #1
 8002f38:	1c43      	adds	r3, r0, #1
 8002f3a:	d1f3      	bne.n	8002f24 <__sfputs_r+0xa>
 8002f3c:	bdf8      	pop	{r3, r4, r5, r6, r7, pc}
	...

08002f40 <_vfiprintf_r>:
 8002f40:	b5f0      	push	{r4, r5, r6, r7, lr}
 8002f42:	b09f      	sub	sp, #124	@ 0x7c
 8002f44:	000d      	movs	r5, r1
 8002f46:	0016      	movs	r6, r2
 8002f48:	001c      	movs	r4, r3
 8002f4a:	9002      	str	r0, [sp, #8]
 8002f4c:	2800      	cmp	r0, #0
 8002f4e:	d004      	beq.n	8002f5a <_vfiprintf_r+0x1a>
 8002f50:	6a03      	ldr	r3, [r0, #32]
 8002f52:	2b00      	cmp	r3, #0
 8002f54:	d101      	bne.n	8002f5a <_vfiprintf_r+0x1a>
 8002f56:	f7ff fcb7 	bl	80028c8 <__sinit>
 8002f5a:	6e6b      	ldr	r3, [r5, #100]	@ 0x64
 8002f5c:	07db      	lsls	r3, r3, #31
 8002f5e:	d405      	bmi.n	8002f6c <_vfiprintf_r+0x2c>
 8002f60:	89ab      	ldrh	r3, [r5, #12]
 8002f62:	059b      	lsls	r3, r3, #22
 8002f64:	d402      	bmi.n	8002f6c <_vfiprintf_r+0x2c>
 8002f66:	6da8      	ldr	r0, [r5, #88]	@ 0x58
 8002f68:	f7ff febb 	bl	8002ce2 <__retarget_lock_acquire_recursive>
 8002f6c:	89ab      	ldrh	r3, [r5, #12]
 8002f6e:	071b      	lsls	r3, r3, #28
 8002f70:	d502      	bpl.n	8002f78 <_vfiprintf_r+0x38>
 8002f72:	692b      	ldr	r3, [r5, #16]
 8002f74:	2b00      	cmp	r3, #0
 8002f76:	d113      	bne.n	8002fa0 <_vfiprintf_r+0x60>
 8002f78:	0029      	movs	r1, r5
 8002f7a:	9802      	ldr	r0, [sp, #8]
 8002f7c:	f7ff fdd6 	bl	8002b2c <__swsetup_r>
 8002f80:	2800      	cmp	r0, #0
 8002f82:	d00d      	beq.n	8002fa0 <_vfiprintf_r+0x60>
 8002f84:	6e6b      	ldr	r3, [r5, #100]	@ 0x64
 8002f86:	07db      	lsls	r3, r3, #31
 8002f88:	d503      	bpl.n	8002f92 <_vfiprintf_r+0x52>
 8002f8a:	2001      	movs	r0, #1
 8002f8c:	4240      	negs	r0, r0
 8002f8e:	b01f      	add	sp, #124	@ 0x7c
 8002f90:	bdf0      	pop	{r4, r5, r6, r7, pc}
 8002f92:	89ab      	ldrh	r3, [r5, #12]
 8002f94:	059b      	lsls	r3, r3, #22
 8002f96:	d4f8      	bmi.n	8002f8a <_vfiprintf_r+0x4a>
 8002f98:	6da8      	ldr	r0, [r5, #88]	@ 0x58
 8002f9a:	f7ff fea3 	bl	8002ce4 <__retarget_lock_release_recursive>
 8002f9e:	e7f4      	b.n	8002f8a <_vfiprintf_r+0x4a>
 8002fa0:	2300      	movs	r3, #0
 8002fa2:	2129      	movs	r1, #41	@ 0x29
 8002fa4:	aa02      	add	r2, sp, #8
 8002fa6:	1852      	adds	r2, r2, r1
 8002fa8:	930b      	str	r3, [sp, #44]	@ 0x2c
 8002faa:	3320      	adds	r3, #32
 8002fac:	7013      	strb	r3, [r2, #0]
 8002fae:	3101      	adds	r1, #1
 8002fb0:	aa02      	add	r2, sp, #8
 8002fb2:	3310      	adds	r3, #16
 8002fb4:	1852      	adds	r2, r2, r1
 8002fb6:	7013      	strb	r3, [r2, #0]
 8002fb8:	9405      	str	r4, [sp, #20]
 8002fba:	0034      	movs	r4, r6
 8002fbc:	7823      	ldrb	r3, [r4, #0]
 8002fbe:	2b00      	cmp	r3, #0
 8002fc0:	d001      	beq.n	8002fc6 <_vfiprintf_r+0x86>
 8002fc2:	2b25      	cmp	r3, #37	@ 0x25
 8002fc4:	d148      	bne.n	8003058 <_vfiprintf_r+0x118>
 8002fc6:	1ba7      	subs	r7, r4, r6
 8002fc8:	42b4      	cmp	r4, r6
 8002fca:	d00b      	beq.n	8002fe4 <_vfiprintf_r+0xa4>
 8002fcc:	003b      	movs	r3, r7
 8002fce:	0032      	movs	r2, r6
 8002fd0:	0029      	movs	r1, r5
 8002fd2:	9802      	ldr	r0, [sp, #8]
 8002fd4:	f7ff ffa1 	bl	8002f1a <__sfputs_r>
 8002fd8:	3001      	adds	r0, #1
 8002fda:	d100      	bne.n	8002fde <_vfiprintf_r+0x9e>
 8002fdc:	e0ae      	b.n	800313c <_vfiprintf_r+0x1fc>
 8002fde:	9b0b      	ldr	r3, [sp, #44]	@ 0x2c
 8002fe0:	19db      	adds	r3, r3, r7
 8002fe2:	930b      	str	r3, [sp, #44]	@ 0x2c
 8002fe4:	7823      	ldrb	r3, [r4, #0]
 8002fe6:	2b00      	cmp	r3, #0
 8002fe8:	d100      	bne.n	8002fec <_vfiprintf_r+0xac>
 8002fea:	e0a7      	b.n	800313c <_vfiprintf_r+0x1fc>
 8002fec:	2201      	movs	r2, #1
 8002fee:	2153      	movs	r1, #83	@ 0x53
 8002ff0:	2300      	movs	r3, #0
 8002ff2:	4252      	negs	r2, r2
 8002ff4:	9207      	str	r2, [sp, #28]
 8002ff6:	aa02      	add	r2, sp, #8
 8002ff8:	1852      	adds	r2, r2, r1
 8002ffa:	1c66      	adds	r6, r4, #1
 8002ffc:	9306      	str	r3, [sp, #24]
 8002ffe:	9309      	str	r3, [sp, #36]	@ 0x24
 8003000:	9308      	str	r3, [sp, #32]
 8003002:	7013      	strb	r3, [r2, #0]
 8003004:	931c      	str	r3, [sp, #112]	@ 0x70
 8003006:	4f59      	ldr	r7, [pc, #356]	@ (800316c <_vfiprintf_r+0x22c>)
 8003008:	7831      	ldrb	r1, [r6, #0]
 800300a:	2205      	movs	r2, #5
 800300c:	0038      	movs	r0, r7
 800300e:	f000 fb83 	bl	8003718 <memchr>
 8003012:	1c74      	adds	r4, r6, #1
 8003014:	9906      	ldr	r1, [sp, #24]
 8003016:	ab06      	add	r3, sp, #24
 8003018:	2800      	cmp	r0, #0
 800301a:	d11f      	bne.n	800305c <_vfiprintf_r+0x11c>
 800301c:	06ca      	lsls	r2, r1, #27
 800301e:	d504      	bpl.n	800302a <_vfiprintf_r+0xea>
 8003020:	2753      	movs	r7, #83	@ 0x53
 8003022:	2220      	movs	r2, #32
 8003024:	a802      	add	r0, sp, #8
 8003026:	19c0      	adds	r0, r0, r7
 8003028:	7002      	strb	r2, [r0, #0]
 800302a:	070a      	lsls	r2, r1, #28
 800302c:	d504      	bpl.n	8003038 <_vfiprintf_r+0xf8>
 800302e:	2753      	movs	r7, #83	@ 0x53
 8003030:	222b      	movs	r2, #43	@ 0x2b
 8003032:	a802      	add	r0, sp, #8
 8003034:	19c0      	adds	r0, r0, r7
 8003036:	7002      	strb	r2, [r0, #0]
 8003038:	7832      	ldrb	r2, [r6, #0]
 800303a:	2a2a      	cmp	r2, #42	@ 0x2a
 800303c:	d015      	beq.n	800306a <_vfiprintf_r+0x12a>
 800303e:	0034      	movs	r4, r6
 8003040:	2000      	movs	r0, #0
 8003042:	270a      	movs	r7, #10
 8003044:	68da      	ldr	r2, [r3, #12]
 8003046:	7821      	ldrb	r1, [r4, #0]
 8003048:	1c66      	adds	r6, r4, #1
 800304a:	3930      	subs	r1, #48	@ 0x30
 800304c:	2909      	cmp	r1, #9
 800304e:	d950      	bls.n	80030f2 <_vfiprintf_r+0x1b2>
 8003050:	2800      	cmp	r0, #0
 8003052:	d011      	beq.n	8003078 <_vfiprintf_r+0x138>
 8003054:	9209      	str	r2, [sp, #36]	@ 0x24
 8003056:	e00f      	b.n	8003078 <_vfiprintf_r+0x138>
 8003058:	3401      	adds	r4, #1
 800305a:	e7af      	b.n	8002fbc <_vfiprintf_r+0x7c>
 800305c:	2301      	movs	r3, #1
 800305e:	1bc0      	subs	r0, r0, r7
 8003060:	4083      	lsls	r3, r0
 8003062:	430b      	orrs	r3, r1
 8003064:	0026      	movs	r6, r4
 8003066:	9306      	str	r3, [sp, #24]
 8003068:	e7cd      	b.n	8003006 <_vfiprintf_r+0xc6>
 800306a:	9a05      	ldr	r2, [sp, #20]
 800306c:	1d10      	adds	r0, r2, #4
 800306e:	6812      	ldr	r2, [r2, #0]
 8003070:	9005      	str	r0, [sp, #20]
 8003072:	2a00      	cmp	r2, #0
 8003074:	db37      	blt.n	80030e6 <_vfiprintf_r+0x1a6>
 8003076:	60da      	str	r2, [r3, #12]
 8003078:	7822      	ldrb	r2, [r4, #0]
 800307a:	2a2e      	cmp	r2, #46	@ 0x2e
 800307c:	d10c      	bne.n	8003098 <_vfiprintf_r+0x158>
 800307e:	7862      	ldrb	r2, [r4, #1]
 8003080:	2a2a      	cmp	r2, #42	@ 0x2a
 8003082:	d13b      	bne.n	80030fc <_vfiprintf_r+0x1bc>
 8003084:	9a05      	ldr	r2, [sp, #20]
 8003086:	3402      	adds	r4, #2
 8003088:	1d11      	adds	r1, r2, #4
 800308a:	6812      	ldr	r2, [r2, #0]
 800308c:	9105      	str	r1, [sp, #20]
 800308e:	2a00      	cmp	r2, #0
 8003090:	da01      	bge.n	8003096 <_vfiprintf_r+0x156>
 8003092:	2201      	movs	r2, #1
 8003094:	4252      	negs	r2, r2
 8003096:	605a      	str	r2, [r3, #4]
 8003098:	4e35      	ldr	r6, [pc, #212]	@ (8003170 <_vfiprintf_r+0x230>)
 800309a:	2203      	movs	r2, #3
 800309c:	0030      	movs	r0, r6
 800309e:	7821      	ldrb	r1, [r4, #0]
 80030a0:	f000 fb3a 	bl	8003718 <memchr>
 80030a4:	af06      	add	r7, sp, #24
 80030a6:	2800      	cmp	r0, #0
 80030a8:	d006      	beq.n	80030b8 <_vfiprintf_r+0x178>
 80030aa:	2340      	movs	r3, #64	@ 0x40
 80030ac:	1b80      	subs	r0, r0, r6
 80030ae:	4083      	lsls	r3, r0
 80030b0:	9a06      	ldr	r2, [sp, #24]
 80030b2:	3401      	adds	r4, #1
 80030b4:	4313      	orrs	r3, r2
 80030b6:	9306      	str	r3, [sp, #24]
 80030b8:	7821      	ldrb	r1, [r4, #0]
 80030ba:	2206      	movs	r2, #6
 80030bc:	482d      	ldr	r0, [pc, #180]	@ (8003174 <_vfiprintf_r+0x234>)
 80030be:	1c66      	adds	r6, r4, #1
 80030c0:	7639      	strb	r1, [r7, #24]
 80030c2:	f000 fb29 	bl	8003718 <memchr>
 80030c6:	2800      	cmp	r0, #0
 80030c8:	d047      	beq.n	800315a <_vfiprintf_r+0x21a>
 80030ca:	4b2b      	ldr	r3, [pc, #172]	@ (8003178 <_vfiprintf_r+0x238>)
 80030cc:	2b00      	cmp	r3, #0
 80030ce:	d129      	bne.n	8003124 <_vfiprintf_r+0x1e4>
 80030d0:	2207      	movs	r2, #7
 80030d2:	9b05      	ldr	r3, [sp, #20]
 80030d4:	3307      	adds	r3, #7
 80030d6:	4393      	bics	r3, r2
 80030d8:	3308      	adds	r3, #8
 80030da:	9305      	str	r3, [sp, #20]
 80030dc:	9b0b      	ldr	r3, [sp, #44]	@ 0x2c
 80030de:	9903      	ldr	r1, [sp, #12]
 80030e0:	185b      	adds	r3, r3, r1
 80030e2:	930b      	str	r3, [sp, #44]	@ 0x2c
 80030e4:	e769      	b.n	8002fba <_vfiprintf_r+0x7a>
 80030e6:	4252      	negs	r2, r2
 80030e8:	60da      	str	r2, [r3, #12]
 80030ea:	2202      	movs	r2, #2
 80030ec:	430a      	orrs	r2, r1
 80030ee:	9206      	str	r2, [sp, #24]
 80030f0:	e7c2      	b.n	8003078 <_vfiprintf_r+0x138>
 80030f2:	437a      	muls	r2, r7
 80030f4:	0034      	movs	r4, r6
 80030f6:	2001      	movs	r0, #1
 80030f8:	1852      	adds	r2, r2, r1
 80030fa:	e7a4      	b.n	8003046 <_vfiprintf_r+0x106>
 80030fc:	2200      	movs	r2, #0
 80030fe:	200a      	movs	r0, #10
 8003100:	605a      	str	r2, [r3, #4]
 8003102:	0011      	movs	r1, r2
 8003104:	0013      	movs	r3, r2
 8003106:	3401      	adds	r4, #1
 8003108:	7822      	ldrb	r2, [r4, #0]
 800310a:	1c66      	adds	r6, r4, #1
 800310c:	3a30      	subs	r2, #48	@ 0x30
 800310e:	2a09      	cmp	r2, #9
 8003110:	d903      	bls.n	800311a <_vfiprintf_r+0x1da>
 8003112:	2b00      	cmp	r3, #0
 8003114:	d0c0      	beq.n	8003098 <_vfiprintf_r+0x158>
 8003116:	9107      	str	r1, [sp, #28]
 8003118:	e7be      	b.n	8003098 <_vfiprintf_r+0x158>
 800311a:	4341      	muls	r1, r0
 800311c:	0034      	movs	r4, r6
 800311e:	2301      	movs	r3, #1
 8003120:	1889      	adds	r1, r1, r2
 8003122:	e7f1      	b.n	8003108 <_vfiprintf_r+0x1c8>
 8003124:	aa05      	add	r2, sp, #20
 8003126:	9200      	str	r2, [sp, #0]
 8003128:	0039      	movs	r1, r7
 800312a:	002a      	movs	r2, r5
 800312c:	4b13      	ldr	r3, [pc, #76]	@ (800317c <_vfiprintf_r+0x23c>)
 800312e:	9802      	ldr	r0, [sp, #8]
 8003130:	e000      	b.n	8003134 <_vfiprintf_r+0x1f4>
 8003132:	bf00      	nop
 8003134:	9003      	str	r0, [sp, #12]
 8003136:	9b03      	ldr	r3, [sp, #12]
 8003138:	3301      	adds	r3, #1
 800313a:	d1cf      	bne.n	80030dc <_vfiprintf_r+0x19c>
 800313c:	6e6b      	ldr	r3, [r5, #100]	@ 0x64
 800313e:	07db      	lsls	r3, r3, #31
 8003140:	d405      	bmi.n	800314e <_vfiprintf_r+0x20e>
 8003142:	89ab      	ldrh	r3, [r5, #12]
 8003144:	059b      	lsls	r3, r3, #22
 8003146:	d402      	bmi.n	800314e <_vfiprintf_r+0x20e>
 8003148:	6da8      	ldr	r0, [r5, #88]	@ 0x58
 800314a:	f7ff fdcb 	bl	8002ce4 <__retarget_lock_release_recursive>
 800314e:	89ab      	ldrh	r3, [r5, #12]
 8003150:	065b      	lsls	r3, r3, #25
 8003152:	d500      	bpl.n	8003156 <_vfiprintf_r+0x216>
 8003154:	e719      	b.n	8002f8a <_vfiprintf_r+0x4a>
 8003156:	980b      	ldr	r0, [sp, #44]	@ 0x2c
 8003158:	e719      	b.n	8002f8e <_vfiprintf_r+0x4e>
 800315a:	aa05      	add	r2, sp, #20
 800315c:	9200      	str	r2, [sp, #0]
 800315e:	0039      	movs	r1, r7
 8003160:	002a      	movs	r2, r5
 8003162:	4b06      	ldr	r3, [pc, #24]	@ (800317c <_vfiprintf_r+0x23c>)
 8003164:	9802      	ldr	r0, [sp, #8]
 8003166:	f000 f87b 	bl	8003260 <_printf_i>
 800316a:	e7e3      	b.n	8003134 <_vfiprintf_r+0x1f4>
 800316c:	08003a04 	.word	0x08003a04
 8003170:	08003a0a 	.word	0x08003a0a
 8003174:	08003a0e 	.word	0x08003a0e
 8003178:	00000000 	.word	0x00000000
 800317c:	08002f1b 	.word	0x08002f1b

08003180 <_printf_common>:
 8003180:	b5f7      	push	{r0, r1, r2, r4, r5, r6, r7, lr}
 8003182:	0016      	movs	r6, r2
 8003184:	9301      	str	r3, [sp, #4]
 8003186:	688a      	ldr	r2, [r1, #8]
 8003188:	690b      	ldr	r3, [r1, #16]
 800318a:	000c      	movs	r4, r1
 800318c:	9000      	str	r0, [sp, #0]
 800318e:	4293      	cmp	r3, r2
 8003190:	da00      	bge.n	8003194 <_printf_common+0x14>
 8003192:	0013      	movs	r3, r2
 8003194:	0022      	movs	r2, r4
 8003196:	6033      	str	r3, [r6, #0]
 8003198:	3243      	adds	r2, #67	@ 0x43
 800319a:	7812      	ldrb	r2, [r2, #0]
 800319c:	2a00      	cmp	r2, #0
 800319e:	d001      	beq.n	80031a4 <_printf_common+0x24>
 80031a0:	3301      	adds	r3, #1
 80031a2:	6033      	str	r3, [r6, #0]
 80031a4:	6823      	ldr	r3, [r4, #0]
 80031a6:	069b      	lsls	r3, r3, #26
 80031a8:	d502      	bpl.n	80031b0 <_printf_common+0x30>
 80031aa:	6833      	ldr	r3, [r6, #0]
 80031ac:	3302      	adds	r3, #2
 80031ae:	6033      	str	r3, [r6, #0]
 80031b0:	6822      	ldr	r2, [r4, #0]
 80031b2:	2306      	movs	r3, #6
 80031b4:	0015      	movs	r5, r2
 80031b6:	401d      	ands	r5, r3
 80031b8:	421a      	tst	r2, r3
 80031ba:	d027      	beq.n	800320c <_printf_common+0x8c>
 80031bc:	0023      	movs	r3, r4
 80031be:	3343      	adds	r3, #67	@ 0x43
 80031c0:	781b      	ldrb	r3, [r3, #0]
 80031c2:	1e5a      	subs	r2, r3, #1
 80031c4:	4193      	sbcs	r3, r2
 80031c6:	6822      	ldr	r2, [r4, #0]
 80031c8:	0692      	lsls	r2, r2, #26
 80031ca:	d430      	bmi.n	800322e <_printf_common+0xae>
 80031cc:	0022      	movs	r2, r4
 80031ce:	9901      	ldr	r1, [sp, #4]
 80031d0:	9800      	ldr	r0, [sp, #0]
 80031d2:	9d08      	ldr	r5, [sp, #32]
 80031d4:	3243      	adds	r2, #67	@ 0x43
 80031d6:	47a8      	blx	r5
 80031d8:	3001      	adds	r0, #1
 80031da:	d025      	beq.n	8003228 <_printf_common+0xa8>
 80031dc:	2206      	movs	r2, #6
 80031de:	6823      	ldr	r3, [r4, #0]
 80031e0:	2500      	movs	r5, #0
 80031e2:	4013      	ands	r3, r2
 80031e4:	2b04      	cmp	r3, #4
 80031e6:	d105      	bne.n	80031f4 <_printf_common+0x74>
 80031e8:	6833      	ldr	r3, [r6, #0]
 80031ea:	68e5      	ldr	r5, [r4, #12]
 80031ec:	1aed      	subs	r5, r5, r3
 80031ee:	43eb      	mvns	r3, r5
 80031f0:	17db      	asrs	r3, r3, #31
 80031f2:	401d      	ands	r5, r3
 80031f4:	68a3      	ldr	r3, [r4, #8]
 80031f6:	6922      	ldr	r2, [r4, #16]
 80031f8:	4293      	cmp	r3, r2
 80031fa:	dd01      	ble.n	8003200 <_printf_common+0x80>
 80031fc:	1a9b      	subs	r3, r3, r2
 80031fe:	18ed      	adds	r5, r5, r3
 8003200:	2600      	movs	r6, #0
 8003202:	42b5      	cmp	r5, r6
 8003204:	d120      	bne.n	8003248 <_printf_common+0xc8>
 8003206:	2000      	movs	r0, #0
 8003208:	e010      	b.n	800322c <_printf_common+0xac>
 800320a:	3501      	adds	r5, #1
 800320c:	68e3      	ldr	r3, [r4, #12]
 800320e:	6832      	ldr	r2, [r6, #0]
 8003210:	1a9b      	subs	r3, r3, r2
 8003212:	42ab      	cmp	r3, r5
 8003214:	ddd2      	ble.n	80031bc <_printf_common+0x3c>
 8003216:	0022      	movs	r2, r4
 8003218:	2301      	movs	r3, #1
 800321a:	9901      	ldr	r1, [sp, #4]
 800321c:	9800      	ldr	r0, [sp, #0]
 800321e:	9f08      	ldr	r7, [sp, #32]
 8003220:	3219      	adds	r2, #25
 8003222:	47b8      	blx	r7
 8003224:	3001      	adds	r0, #1
 8003226:	d1f0      	bne.n	800320a <_printf_common+0x8a>
 8003228:	2001      	movs	r0, #1
 800322a:	4240      	negs	r0, r0
 800322c:	bdfe      	pop	{r1, r2, r3, r4, r5, r6, r7, pc}
 800322e:	2030      	movs	r0, #48	@ 0x30
 8003230:	18e1      	adds	r1, r4, r3
 8003232:	3143      	adds	r1, #67	@ 0x43
 8003234:	7008      	strb	r0, [r1, #0]
 8003236:	0021      	movs	r1, r4
 8003238:	1c5a      	adds	r2, r3, #1
 800323a:	3145      	adds	r1, #69	@ 0x45
 800323c:	7809      	ldrb	r1, [r1, #0]
 800323e:	18a2      	adds	r2, r4, r2
 8003240:	3243      	adds	r2, #67	@ 0x43
 8003242:	3302      	adds	r3, #2
 8003244:	7011      	strb	r1, [r2, #0]
 8003246:	e7c1      	b.n	80031cc <_printf_common+0x4c>
 8003248:	0022      	movs	r2, r4
 800324a:	2301      	movs	r3, #1
 800324c:	9901      	ldr	r1, [sp, #4]
 800324e:	9800      	ldr	r0, [sp, #0]
 8003250:	9f08      	ldr	r7, [sp, #32]
 8003252:	321a      	adds	r2, #26
 8003254:	47b8      	blx	r7
 8003256:	3001      	adds	r0, #1
 8003258:	d0e6      	beq.n	8003228 <_printf_common+0xa8>
 800325a:	3601      	adds	r6, #1
 800325c:	e7d1      	b.n	8003202 <_printf_common+0x82>
	...

08003260 <_printf_i>:
 8003260:	b5f0      	push	{r4, r5, r6, r7, lr}
 8003262:	b08b      	sub	sp, #44	@ 0x2c
 8003264:	9206      	str	r2, [sp, #24]
 8003266:	000a      	movs	r2, r1
 8003268:	3243      	adds	r2, #67	@ 0x43
 800326a:	9307      	str	r3, [sp, #28]
 800326c:	9005      	str	r0, [sp, #20]
 800326e:	9203      	str	r2, [sp, #12]
 8003270:	7e0a      	ldrb	r2, [r1, #24]
 8003272:	000c      	movs	r4, r1
 8003274:	9b10      	ldr	r3, [sp, #64]	@ 0x40
 8003276:	2a78      	cmp	r2, #120	@ 0x78
 8003278:	d809      	bhi.n	800328e <_printf_i+0x2e>
 800327a:	2a62      	cmp	r2, #98	@ 0x62
 800327c:	d80b      	bhi.n	8003296 <_printf_i+0x36>
 800327e:	2a00      	cmp	r2, #0
 8003280:	d100      	bne.n	8003284 <_printf_i+0x24>
 8003282:	e0ba      	b.n	80033fa <_printf_i+0x19a>
 8003284:	497a      	ldr	r1, [pc, #488]	@ (8003470 <_printf_i+0x210>)
 8003286:	9104      	str	r1, [sp, #16]
 8003288:	2a58      	cmp	r2, #88	@ 0x58
 800328a:	d100      	bne.n	800328e <_printf_i+0x2e>
 800328c:	e08e      	b.n	80033ac <_printf_i+0x14c>
 800328e:	0025      	movs	r5, r4
 8003290:	3542      	adds	r5, #66	@ 0x42
 8003292:	702a      	strb	r2, [r5, #0]
 8003294:	e022      	b.n	80032dc <_printf_i+0x7c>
 8003296:	0010      	movs	r0, r2
 8003298:	3863      	subs	r0, #99	@ 0x63
 800329a:	2815      	cmp	r0, #21
 800329c:	d8f7      	bhi.n	800328e <_printf_i+0x2e>
 800329e:	f7fc ff0f 	bl	80000c0 <__gnu_thumb1_case_shi>
 80032a2:	0016      	.short	0x0016
 80032a4:	fff6001f 	.word	0xfff6001f
 80032a8:	fff6fff6 	.word	0xfff6fff6
 80032ac:	001ffff6 	.word	0x001ffff6
 80032b0:	fff6fff6 	.word	0xfff6fff6
 80032b4:	fff6fff6 	.word	0xfff6fff6
 80032b8:	0036009f 	.word	0x0036009f
 80032bc:	fff6007e 	.word	0xfff6007e
 80032c0:	00b0fff6 	.word	0x00b0fff6
 80032c4:	0036fff6 	.word	0x0036fff6
 80032c8:	fff6fff6 	.word	0xfff6fff6
 80032cc:	0082      	.short	0x0082
 80032ce:	0025      	movs	r5, r4
 80032d0:	681a      	ldr	r2, [r3, #0]
 80032d2:	3542      	adds	r5, #66	@ 0x42
 80032d4:	1d11      	adds	r1, r2, #4
 80032d6:	6019      	str	r1, [r3, #0]
 80032d8:	6813      	ldr	r3, [r2, #0]
 80032da:	702b      	strb	r3, [r5, #0]
 80032dc:	2301      	movs	r3, #1
 80032de:	e09e      	b.n	800341e <_printf_i+0x1be>
 80032e0:	6818      	ldr	r0, [r3, #0]
 80032e2:	6809      	ldr	r1, [r1, #0]
 80032e4:	1d02      	adds	r2, r0, #4
 80032e6:	060d      	lsls	r5, r1, #24
 80032e8:	d50b      	bpl.n	8003302 <_printf_i+0xa2>
 80032ea:	6806      	ldr	r6, [r0, #0]
 80032ec:	601a      	str	r2, [r3, #0]
 80032ee:	2e00      	cmp	r6, #0
 80032f0:	da03      	bge.n	80032fa <_printf_i+0x9a>
 80032f2:	232d      	movs	r3, #45	@ 0x2d
 80032f4:	9a03      	ldr	r2, [sp, #12]
 80032f6:	4276      	negs	r6, r6
 80032f8:	7013      	strb	r3, [r2, #0]
 80032fa:	4b5d      	ldr	r3, [pc, #372]	@ (8003470 <_printf_i+0x210>)
 80032fc:	270a      	movs	r7, #10
 80032fe:	9304      	str	r3, [sp, #16]
 8003300:	e018      	b.n	8003334 <_printf_i+0xd4>
 8003302:	6806      	ldr	r6, [r0, #0]
 8003304:	601a      	str	r2, [r3, #0]
 8003306:	0649      	lsls	r1, r1, #25
 8003308:	d5f1      	bpl.n	80032ee <_printf_i+0x8e>
 800330a:	b236      	sxth	r6, r6
 800330c:	e7ef      	b.n	80032ee <_printf_i+0x8e>
 800330e:	6808      	ldr	r0, [r1, #0]
 8003310:	6819      	ldr	r1, [r3, #0]
 8003312:	c940      	ldmia	r1!, {r6}
 8003314:	0605      	lsls	r5, r0, #24
 8003316:	d402      	bmi.n	800331e <_printf_i+0xbe>
 8003318:	0640      	lsls	r0, r0, #25
 800331a:	d500      	bpl.n	800331e <_printf_i+0xbe>
 800331c:	b2b6      	uxth	r6, r6
 800331e:	6019      	str	r1, [r3, #0]
 8003320:	4b53      	ldr	r3, [pc, #332]	@ (8003470 <_printf_i+0x210>)
 8003322:	270a      	movs	r7, #10
 8003324:	9304      	str	r3, [sp, #16]
 8003326:	2a6f      	cmp	r2, #111	@ 0x6f
 8003328:	d100      	bne.n	800332c <_printf_i+0xcc>
 800332a:	3f02      	subs	r7, #2
 800332c:	0023      	movs	r3, r4
 800332e:	2200      	movs	r2, #0
 8003330:	3343      	adds	r3, #67	@ 0x43
 8003332:	701a      	strb	r2, [r3, #0]
 8003334:	6863      	ldr	r3, [r4, #4]
 8003336:	60a3      	str	r3, [r4, #8]
 8003338:	2b00      	cmp	r3, #0
 800333a:	db06      	blt.n	800334a <_printf_i+0xea>
 800333c:	2104      	movs	r1, #4
 800333e:	6822      	ldr	r2, [r4, #0]
 8003340:	9d03      	ldr	r5, [sp, #12]
 8003342:	438a      	bics	r2, r1
 8003344:	6022      	str	r2, [r4, #0]
 8003346:	4333      	orrs	r3, r6
 8003348:	d00c      	beq.n	8003364 <_printf_i+0x104>
 800334a:	9d03      	ldr	r5, [sp, #12]
 800334c:	0030      	movs	r0, r6
 800334e:	0039      	movs	r1, r7
 8003350:	f7fc ff46 	bl	80001e0 <__aeabi_uidivmod>
 8003354:	9b04      	ldr	r3, [sp, #16]
 8003356:	3d01      	subs	r5, #1
 8003358:	5c5b      	ldrb	r3, [r3, r1]
 800335a:	702b      	strb	r3, [r5, #0]
 800335c:	0033      	movs	r3, r6
 800335e:	0006      	movs	r6, r0
 8003360:	429f      	cmp	r7, r3
 8003362:	d9f3      	bls.n	800334c <_printf_i+0xec>
 8003364:	2f08      	cmp	r7, #8
 8003366:	d109      	bne.n	800337c <_printf_i+0x11c>
 8003368:	6823      	ldr	r3, [r4, #0]
 800336a:	07db      	lsls	r3, r3, #31
 800336c:	d506      	bpl.n	800337c <_printf_i+0x11c>
 800336e:	6862      	ldr	r2, [r4, #4]
 8003370:	6923      	ldr	r3, [r4, #16]
 8003372:	429a      	cmp	r2, r3
 8003374:	dc02      	bgt.n	800337c <_printf_i+0x11c>
 8003376:	2330      	movs	r3, #48	@ 0x30
 8003378:	3d01      	subs	r5, #1
 800337a:	702b      	strb	r3, [r5, #0]
 800337c:	9b03      	ldr	r3, [sp, #12]
 800337e:	1b5b      	subs	r3, r3, r5
 8003380:	6123      	str	r3, [r4, #16]
 8003382:	9b07      	ldr	r3, [sp, #28]
 8003384:	0021      	movs	r1, r4
 8003386:	9300      	str	r3, [sp, #0]
 8003388:	9805      	ldr	r0, [sp, #20]
 800338a:	9b06      	ldr	r3, [sp, #24]
 800338c:	aa09      	add	r2, sp, #36	@ 0x24
 800338e:	f7ff fef7 	bl	8003180 <_printf_common>
 8003392:	3001      	adds	r0, #1
 8003394:	d148      	bne.n	8003428 <_printf_i+0x1c8>
 8003396:	2001      	movs	r0, #1
 8003398:	4240      	negs	r0, r0
 800339a:	b00b      	add	sp, #44	@ 0x2c
 800339c:	bdf0      	pop	{r4, r5, r6, r7, pc}
 800339e:	2220      	movs	r2, #32
 80033a0:	6809      	ldr	r1, [r1, #0]
 80033a2:	430a      	orrs	r2, r1
 80033a4:	6022      	str	r2, [r4, #0]
 80033a6:	2278      	movs	r2, #120	@ 0x78
 80033a8:	4932      	ldr	r1, [pc, #200]	@ (8003474 <_printf_i+0x214>)
 80033aa:	9104      	str	r1, [sp, #16]
 80033ac:	0021      	movs	r1, r4
 80033ae:	3145      	adds	r1, #69	@ 0x45
 80033b0:	700a      	strb	r2, [r1, #0]
 80033b2:	6819      	ldr	r1, [r3, #0]
 80033b4:	6822      	ldr	r2, [r4, #0]
 80033b6:	c940      	ldmia	r1!, {r6}
 80033b8:	0610      	lsls	r0, r2, #24
 80033ba:	d402      	bmi.n	80033c2 <_printf_i+0x162>
 80033bc:	0650      	lsls	r0, r2, #25
 80033be:	d500      	bpl.n	80033c2 <_printf_i+0x162>
 80033c0:	b2b6      	uxth	r6, r6
 80033c2:	6019      	str	r1, [r3, #0]
 80033c4:	07d3      	lsls	r3, r2, #31
 80033c6:	d502      	bpl.n	80033ce <_printf_i+0x16e>
 80033c8:	2320      	movs	r3, #32
 80033ca:	4313      	orrs	r3, r2
 80033cc:	6023      	str	r3, [r4, #0]
 80033ce:	2e00      	cmp	r6, #0
 80033d0:	d001      	beq.n	80033d6 <_printf_i+0x176>
 80033d2:	2710      	movs	r7, #16
 80033d4:	e7aa      	b.n	800332c <_printf_i+0xcc>
 80033d6:	2220      	movs	r2, #32
 80033d8:	6823      	ldr	r3, [r4, #0]
 80033da:	4393      	bics	r3, r2
 80033dc:	6023      	str	r3, [r4, #0]
 80033de:	e7f8      	b.n	80033d2 <_printf_i+0x172>
 80033e0:	681a      	ldr	r2, [r3, #0]
 80033e2:	680d      	ldr	r5, [r1, #0]
 80033e4:	1d10      	adds	r0, r2, #4
 80033e6:	6949      	ldr	r1, [r1, #20]
 80033e8:	6018      	str	r0, [r3, #0]
 80033ea:	6813      	ldr	r3, [r2, #0]
 80033ec:	062e      	lsls	r6, r5, #24
 80033ee:	d501      	bpl.n	80033f4 <_printf_i+0x194>
 80033f0:	6019      	str	r1, [r3, #0]
 80033f2:	e002      	b.n	80033fa <_printf_i+0x19a>
 80033f4:	066d      	lsls	r5, r5, #25
 80033f6:	d5fb      	bpl.n	80033f0 <_printf_i+0x190>
 80033f8:	8019      	strh	r1, [r3, #0]
 80033fa:	2300      	movs	r3, #0
 80033fc:	9d03      	ldr	r5, [sp, #12]
 80033fe:	6123      	str	r3, [r4, #16]
 8003400:	e7bf      	b.n	8003382 <_printf_i+0x122>
 8003402:	681a      	ldr	r2, [r3, #0]
 8003404:	1d11      	adds	r1, r2, #4
 8003406:	6019      	str	r1, [r3, #0]
 8003408:	6815      	ldr	r5, [r2, #0]
 800340a:	2100      	movs	r1, #0
 800340c:	0028      	movs	r0, r5
 800340e:	6862      	ldr	r2, [r4, #4]
 8003410:	f000 f982 	bl	8003718 <memchr>
 8003414:	2800      	cmp	r0, #0
 8003416:	d001      	beq.n	800341c <_printf_i+0x1bc>
 8003418:	1b40      	subs	r0, r0, r5
 800341a:	6060      	str	r0, [r4, #4]
 800341c:	6863      	ldr	r3, [r4, #4]
 800341e:	6123      	str	r3, [r4, #16]
 8003420:	2300      	movs	r3, #0
 8003422:	9a03      	ldr	r2, [sp, #12]
 8003424:	7013      	strb	r3, [r2, #0]
 8003426:	e7ac      	b.n	8003382 <_printf_i+0x122>
 8003428:	002a      	movs	r2, r5
 800342a:	6923      	ldr	r3, [r4, #16]
 800342c:	9906      	ldr	r1, [sp, #24]
 800342e:	9805      	ldr	r0, [sp, #20]
 8003430:	9d07      	ldr	r5, [sp, #28]
 8003432:	47a8      	blx	r5
 8003434:	3001      	adds	r0, #1
 8003436:	d0ae      	beq.n	8003396 <_printf_i+0x136>
 8003438:	6823      	ldr	r3, [r4, #0]
 800343a:	079b      	lsls	r3, r3, #30
 800343c:	d415      	bmi.n	800346a <_printf_i+0x20a>
 800343e:	9b09      	ldr	r3, [sp, #36]	@ 0x24
 8003440:	68e0      	ldr	r0, [r4, #12]
 8003442:	4298      	cmp	r0, r3
 8003444:	daa9      	bge.n	800339a <_printf_i+0x13a>
 8003446:	0018      	movs	r0, r3
 8003448:	e7a7      	b.n	800339a <_printf_i+0x13a>
 800344a:	0022      	movs	r2, r4
 800344c:	2301      	movs	r3, #1
 800344e:	9906      	ldr	r1, [sp, #24]
 8003450:	9805      	ldr	r0, [sp, #20]
 8003452:	9e07      	ldr	r6, [sp, #28]
 8003454:	3219      	adds	r2, #25
 8003456:	47b0      	blx	r6
 8003458:	3001      	adds	r0, #1
 800345a:	d09c      	beq.n	8003396 <_printf_i+0x136>
 800345c:	3501      	adds	r5, #1
 800345e:	68e3      	ldr	r3, [r4, #12]
 8003460:	9a09      	ldr	r2, [sp, #36]	@ 0x24
 8003462:	1a9b      	subs	r3, r3, r2
 8003464:	42ab      	cmp	r3, r5
 8003466:	dcf0      	bgt.n	800344a <_printf_i+0x1ea>
 8003468:	e7e9      	b.n	800343e <_printf_i+0x1de>
 800346a:	2500      	movs	r5, #0
 800346c:	e7f7      	b.n	800345e <_printf_i+0x1fe>
 800346e:	46c0      	nop			@ (mov r8, r8)
 8003470:	08003a15 	.word	0x08003a15
 8003474:	08003a26 	.word	0x08003a26

08003478 <__sflush_r>:
 8003478:	b5f7      	push	{r0, r1, r2, r4, r5, r6, r7, lr}
 800347a:	220c      	movs	r2, #12
 800347c:	5e8b      	ldrsh	r3, [r1, r2]
 800347e:	0005      	movs	r5, r0
 8003480:	000c      	movs	r4, r1
 8003482:	071a      	lsls	r2, r3, #28
 8003484:	d45a      	bmi.n	800353c <__sflush_r+0xc4>
 8003486:	684a      	ldr	r2, [r1, #4]
 8003488:	2a00      	cmp	r2, #0
 800348a:	dc02      	bgt.n	8003492 <__sflush_r+0x1a>
 800348c:	6c0a      	ldr	r2, [r1, #64]	@ 0x40
 800348e:	2a00      	cmp	r2, #0
 8003490:	dd4f      	ble.n	8003532 <__sflush_r+0xba>
 8003492:	6ae7      	ldr	r7, [r4, #44]	@ 0x2c
 8003494:	2f00      	cmp	r7, #0
 8003496:	d04c      	beq.n	8003532 <__sflush_r+0xba>
 8003498:	2200      	movs	r2, #0
 800349a:	2180      	movs	r1, #128	@ 0x80
 800349c:	682e      	ldr	r6, [r5, #0]
 800349e:	602a      	str	r2, [r5, #0]
 80034a0:	001a      	movs	r2, r3
 80034a2:	0149      	lsls	r1, r1, #5
 80034a4:	400a      	ands	r2, r1
 80034a6:	420b      	tst	r3, r1
 80034a8:	d034      	beq.n	8003514 <__sflush_r+0x9c>
 80034aa:	6d62      	ldr	r2, [r4, #84]	@ 0x54
 80034ac:	89a3      	ldrh	r3, [r4, #12]
 80034ae:	075b      	lsls	r3, r3, #29
 80034b0:	d506      	bpl.n	80034c0 <__sflush_r+0x48>
 80034b2:	6863      	ldr	r3, [r4, #4]
 80034b4:	1ad2      	subs	r2, r2, r3
 80034b6:	6b63      	ldr	r3, [r4, #52]	@ 0x34
 80034b8:	2b00      	cmp	r3, #0
 80034ba:	d001      	beq.n	80034c0 <__sflush_r+0x48>
 80034bc:	6c23      	ldr	r3, [r4, #64]	@ 0x40
 80034be:	1ad2      	subs	r2, r2, r3
 80034c0:	2300      	movs	r3, #0
 80034c2:	0028      	movs	r0, r5
 80034c4:	6ae7      	ldr	r7, [r4, #44]	@ 0x2c
 80034c6:	6a21      	ldr	r1, [r4, #32]
 80034c8:	47b8      	blx	r7
 80034ca:	230c      	movs	r3, #12
 80034cc:	5ee2      	ldrsh	r2, [r4, r3]
 80034ce:	1c43      	adds	r3, r0, #1
 80034d0:	d106      	bne.n	80034e0 <__sflush_r+0x68>
 80034d2:	6829      	ldr	r1, [r5, #0]
 80034d4:	291d      	cmp	r1, #29
 80034d6:	d82e      	bhi.n	8003536 <__sflush_r+0xbe>
 80034d8:	4b2b      	ldr	r3, [pc, #172]	@ (8003588 <__sflush_r+0x110>)
 80034da:	40cb      	lsrs	r3, r1
 80034dc:	07db      	lsls	r3, r3, #31
 80034de:	d52a      	bpl.n	8003536 <__sflush_r+0xbe>
 80034e0:	2300      	movs	r3, #0
 80034e2:	6063      	str	r3, [r4, #4]
 80034e4:	6923      	ldr	r3, [r4, #16]
 80034e6:	6023      	str	r3, [r4, #0]
 80034e8:	04d2      	lsls	r2, r2, #19
 80034ea:	d505      	bpl.n	80034f8 <__sflush_r+0x80>
 80034ec:	1c43      	adds	r3, r0, #1
 80034ee:	d102      	bne.n	80034f6 <__sflush_r+0x7e>
 80034f0:	682b      	ldr	r3, [r5, #0]
 80034f2:	2b00      	cmp	r3, #0
 80034f4:	d100      	bne.n	80034f8 <__sflush_r+0x80>
 80034f6:	6560      	str	r0, [r4, #84]	@ 0x54
 80034f8:	6b61      	ldr	r1, [r4, #52]	@ 0x34
 80034fa:	602e      	str	r6, [r5, #0]
 80034fc:	2900      	cmp	r1, #0
 80034fe:	d018      	beq.n	8003532 <__sflush_r+0xba>
 8003500:	0023      	movs	r3, r4
 8003502:	3344      	adds	r3, #68	@ 0x44
 8003504:	4299      	cmp	r1, r3
 8003506:	d002      	beq.n	800350e <__sflush_r+0x96>
 8003508:	0028      	movs	r0, r5
 800350a:	f7ff fbf5 	bl	8002cf8 <_free_r>
 800350e:	2300      	movs	r3, #0
 8003510:	6363      	str	r3, [r4, #52]	@ 0x34
 8003512:	e00e      	b.n	8003532 <__sflush_r+0xba>
 8003514:	2301      	movs	r3, #1
 8003516:	0028      	movs	r0, r5
 8003518:	6a21      	ldr	r1, [r4, #32]
 800351a:	47b8      	blx	r7
 800351c:	0002      	movs	r2, r0
 800351e:	1c43      	adds	r3, r0, #1
 8003520:	d1c4      	bne.n	80034ac <__sflush_r+0x34>
 8003522:	682b      	ldr	r3, [r5, #0]
 8003524:	2b00      	cmp	r3, #0
 8003526:	d0c1      	beq.n	80034ac <__sflush_r+0x34>
 8003528:	2b1d      	cmp	r3, #29
 800352a:	d001      	beq.n	8003530 <__sflush_r+0xb8>
 800352c:	2b16      	cmp	r3, #22
 800352e:	d11d      	bne.n	800356c <__sflush_r+0xf4>
 8003530:	602e      	str	r6, [r5, #0]
 8003532:	2000      	movs	r0, #0
 8003534:	e021      	b.n	800357a <__sflush_r+0x102>
 8003536:	2340      	movs	r3, #64	@ 0x40
 8003538:	4313      	orrs	r3, r2
 800353a:	e01b      	b.n	8003574 <__sflush_r+0xfc>
 800353c:	690e      	ldr	r6, [r1, #16]
 800353e:	2e00      	cmp	r6, #0
 8003540:	d0f7      	beq.n	8003532 <__sflush_r+0xba>
 8003542:	680f      	ldr	r7, [r1, #0]
 8003544:	600e      	str	r6, [r1, #0]
 8003546:	1bba      	subs	r2, r7, r6
 8003548:	9201      	str	r2, [sp, #4]
 800354a:	2200      	movs	r2, #0
 800354c:	079b      	lsls	r3, r3, #30
 800354e:	d100      	bne.n	8003552 <__sflush_r+0xda>
 8003550:	694a      	ldr	r2, [r1, #20]
 8003552:	60a2      	str	r2, [r4, #8]
 8003554:	9b01      	ldr	r3, [sp, #4]
 8003556:	2b00      	cmp	r3, #0
 8003558:	ddeb      	ble.n	8003532 <__sflush_r+0xba>
 800355a:	6aa3      	ldr	r3, [r4, #40]	@ 0x28
 800355c:	0032      	movs	r2, r6
 800355e:	001f      	movs	r7, r3
 8003560:	0028      	movs	r0, r5
 8003562:	9b01      	ldr	r3, [sp, #4]
 8003564:	6a21      	ldr	r1, [r4, #32]
 8003566:	47b8      	blx	r7
 8003568:	2800      	cmp	r0, #0
 800356a:	dc07      	bgt.n	800357c <__sflush_r+0x104>
 800356c:	2340      	movs	r3, #64	@ 0x40
 800356e:	89a2      	ldrh	r2, [r4, #12]
 8003570:	4313      	orrs	r3, r2
 8003572:	b21b      	sxth	r3, r3
 8003574:	2001      	movs	r0, #1
 8003576:	81a3      	strh	r3, [r4, #12]
 8003578:	4240      	negs	r0, r0
 800357a:	bdfe      	pop	{r1, r2, r3, r4, r5, r6, r7, pc}
 800357c:	9b01      	ldr	r3, [sp, #4]
 800357e:	1836      	adds	r6, r6, r0
 8003580:	1a1b      	subs	r3, r3, r0
 8003582:	9301      	str	r3, [sp, #4]
 8003584:	e7e6      	b.n	8003554 <__sflush_r+0xdc>
 8003586:	46c0      	nop			@ (mov r8, r8)
 8003588:	20400001 	.word	0x20400001

0800358c <_fflush_r>:
 800358c:	690b      	ldr	r3, [r1, #16]
 800358e:	b570      	push	{r4, r5, r6, lr}
 8003590:	0005      	movs	r5, r0
 8003592:	000c      	movs	r4, r1
 8003594:	2b00      	cmp	r3, #0
 8003596:	d102      	bne.n	800359e <_fflush_r+0x12>
 8003598:	2500      	movs	r5, #0
 800359a:	0028      	movs	r0, r5
 800359c:	bd70      	pop	{r4, r5, r6, pc}
 800359e:	2800      	cmp	r0, #0
 80035a0:	d004      	beq.n	80035ac <_fflush_r+0x20>
 80035a2:	6a03      	ldr	r3, [r0, #32]
 80035a4:	2b00      	cmp	r3, #0
 80035a6:	d101      	bne.n	80035ac <_fflush_r+0x20>
 80035a8:	f7ff f98e 	bl	80028c8 <__sinit>
 80035ac:	220c      	movs	r2, #12
 80035ae:	5ea3      	ldrsh	r3, [r4, r2]
 80035b0:	2b00      	cmp	r3, #0
 80035b2:	d0f1      	beq.n	8003598 <_fflush_r+0xc>
 80035b4:	6e62      	ldr	r2, [r4, #100]	@ 0x64
 80035b6:	07d2      	lsls	r2, r2, #31
 80035b8:	d404      	bmi.n	80035c4 <_fflush_r+0x38>
 80035ba:	059b      	lsls	r3, r3, #22
 80035bc:	d402      	bmi.n	80035c4 <_fflush_r+0x38>
 80035be:	6da0      	ldr	r0, [r4, #88]	@ 0x58
 80035c0:	f7ff fb8f 	bl	8002ce2 <__retarget_lock_acquire_recursive>
 80035c4:	0028      	movs	r0, r5
 80035c6:	0021      	movs	r1, r4
 80035c8:	f7ff ff56 	bl	8003478 <__sflush_r>
 80035cc:	6e63      	ldr	r3, [r4, #100]	@ 0x64
 80035ce:	0005      	movs	r5, r0
 80035d0:	07db      	lsls	r3, r3, #31
 80035d2:	d4e2      	bmi.n	800359a <_fflush_r+0xe>
 80035d4:	89a3      	ldrh	r3, [r4, #12]
 80035d6:	059b      	lsls	r3, r3, #22
 80035d8:	d4df      	bmi.n	800359a <_fflush_r+0xe>
 80035da:	6da0      	ldr	r0, [r4, #88]	@ 0x58
 80035dc:	f7ff fb82 	bl	8002ce4 <__retarget_lock_release_recursive>
 80035e0:	e7db      	b.n	800359a <_fflush_r+0xe>
	...

080035e4 <__swhatbuf_r>:
 80035e4:	b5f0      	push	{r4, r5, r6, r7, lr}
 80035e6:	000e      	movs	r6, r1
 80035e8:	001d      	movs	r5, r3
 80035ea:	230e      	movs	r3, #14
 80035ec:	5ec9      	ldrsh	r1, [r1, r3]
 80035ee:	0014      	movs	r4, r2
 80035f0:	b097      	sub	sp, #92	@ 0x5c
 80035f2:	2900      	cmp	r1, #0
 80035f4:	da0c      	bge.n	8003610 <__swhatbuf_r+0x2c>
 80035f6:	89b2      	ldrh	r2, [r6, #12]
 80035f8:	2380      	movs	r3, #128	@ 0x80
 80035fa:	0011      	movs	r1, r2
 80035fc:	4019      	ands	r1, r3
 80035fe:	421a      	tst	r2, r3
 8003600:	d114      	bne.n	800362c <__swhatbuf_r+0x48>
 8003602:	2380      	movs	r3, #128	@ 0x80
 8003604:	00db      	lsls	r3, r3, #3
 8003606:	2000      	movs	r0, #0
 8003608:	6029      	str	r1, [r5, #0]
 800360a:	6023      	str	r3, [r4, #0]
 800360c:	b017      	add	sp, #92	@ 0x5c
 800360e:	bdf0      	pop	{r4, r5, r6, r7, pc}
 8003610:	466a      	mov	r2, sp
 8003612:	f000 f84b 	bl	80036ac <_fstat_r>
 8003616:	2800      	cmp	r0, #0
 8003618:	dbed      	blt.n	80035f6 <__swhatbuf_r+0x12>
 800361a:	23f0      	movs	r3, #240	@ 0xf0
 800361c:	9901      	ldr	r1, [sp, #4]
 800361e:	021b      	lsls	r3, r3, #8
 8003620:	4019      	ands	r1, r3
 8003622:	4b04      	ldr	r3, [pc, #16]	@ (8003634 <__swhatbuf_r+0x50>)
 8003624:	18c9      	adds	r1, r1, r3
 8003626:	424b      	negs	r3, r1
 8003628:	4159      	adcs	r1, r3
 800362a:	e7ea      	b.n	8003602 <__swhatbuf_r+0x1e>
 800362c:	2100      	movs	r1, #0
 800362e:	2340      	movs	r3, #64	@ 0x40
 8003630:	e7e9      	b.n	8003606 <__swhatbuf_r+0x22>
 8003632:	46c0      	nop			@ (mov r8, r8)
 8003634:	ffffe000 	.word	0xffffe000

08003638 <__smakebuf_r>:
 8003638:	b5f7      	push	{r0, r1, r2, r4, r5, r6, r7, lr}
 800363a:	2602      	movs	r6, #2
 800363c:	898b      	ldrh	r3, [r1, #12]
 800363e:	0005      	movs	r5, r0
 8003640:	000c      	movs	r4, r1
 8003642:	4233      	tst	r3, r6
 8003644:	d006      	beq.n	8003654 <__smakebuf_r+0x1c>
 8003646:	0023      	movs	r3, r4
 8003648:	3347      	adds	r3, #71	@ 0x47
 800364a:	6023      	str	r3, [r4, #0]
 800364c:	6123      	str	r3, [r4, #16]
 800364e:	2301      	movs	r3, #1
 8003650:	6163      	str	r3, [r4, #20]
 8003652:	bdf7      	pop	{r0, r1, r2, r4, r5, r6, r7, pc}
 8003654:	466a      	mov	r2, sp
 8003656:	ab01      	add	r3, sp, #4
 8003658:	f7ff ffc4 	bl	80035e4 <__swhatbuf_r>
 800365c:	9f00      	ldr	r7, [sp, #0]
 800365e:	0028      	movs	r0, r5
 8003660:	0039      	movs	r1, r7
 8003662:	f7ff fbb5 	bl	8002dd0 <_malloc_r>
 8003666:	220c      	movs	r2, #12
 8003668:	5ea3      	ldrsh	r3, [r4, r2]
 800366a:	2800      	cmp	r0, #0
 800366c:	d106      	bne.n	800367c <__smakebuf_r+0x44>
 800366e:	059a      	lsls	r2, r3, #22
 8003670:	d4ef      	bmi.n	8003652 <__smakebuf_r+0x1a>
 8003672:	2203      	movs	r2, #3
 8003674:	4393      	bics	r3, r2
 8003676:	431e      	orrs	r6, r3
 8003678:	81a6      	strh	r6, [r4, #12]
 800367a:	e7e4      	b.n	8003646 <__smakebuf_r+0xe>
 800367c:	2280      	movs	r2, #128	@ 0x80
 800367e:	4313      	orrs	r3, r2
 8003680:	81a3      	strh	r3, [r4, #12]
 8003682:	9b01      	ldr	r3, [sp, #4]
 8003684:	6020      	str	r0, [r4, #0]
 8003686:	6120      	str	r0, [r4, #16]
 8003688:	6167      	str	r7, [r4, #20]
 800368a:	2b00      	cmp	r3, #0
 800368c:	d0e1      	beq.n	8003652 <__smakebuf_r+0x1a>
 800368e:	0028      	movs	r0, r5
 8003690:	230e      	movs	r3, #14
 8003692:	5ee1      	ldrsh	r1, [r4, r3]
 8003694:	f000 f81c 	bl	80036d0 <_isatty_r>
 8003698:	2800      	cmp	r0, #0
 800369a:	d0da      	beq.n	8003652 <__smakebuf_r+0x1a>
 800369c:	2303      	movs	r3, #3
 800369e:	89a2      	ldrh	r2, [r4, #12]
 80036a0:	439a      	bics	r2, r3
 80036a2:	3b02      	subs	r3, #2
 80036a4:	4313      	orrs	r3, r2
 80036a6:	81a3      	strh	r3, [r4, #12]
 80036a8:	e7d3      	b.n	8003652 <__smakebuf_r+0x1a>
	...

080036ac <_fstat_r>:
 80036ac:	2300      	movs	r3, #0
 80036ae:	b570      	push	{r4, r5, r6, lr}
 80036b0:	4d06      	ldr	r5, [pc, #24]	@ (80036cc <_fstat_r+0x20>)
 80036b2:	0004      	movs	r4, r0
 80036b4:	0008      	movs	r0, r1
 80036b6:	0011      	movs	r1, r2
 80036b8:	602b      	str	r3, [r5, #0]
 80036ba:	f7fe ff5d 	bl	8002578 <_fstat>
 80036be:	1c43      	adds	r3, r0, #1
 80036c0:	d103      	bne.n	80036ca <_fstat_r+0x1e>
 80036c2:	682b      	ldr	r3, [r5, #0]
 80036c4:	2b00      	cmp	r3, #0
 80036c6:	d000      	beq.n	80036ca <_fstat_r+0x1e>
 80036c8:	6023      	str	r3, [r4, #0]
 80036ca:	bd70      	pop	{r4, r5, r6, pc}
 80036cc:	2000034c 	.word	0x2000034c

080036d0 <_isatty_r>:
 80036d0:	2300      	movs	r3, #0
 80036d2:	b570      	push	{r4, r5, r6, lr}
 80036d4:	4d06      	ldr	r5, [pc, #24]	@ (80036f0 <_isatty_r+0x20>)
 80036d6:	0004      	movs	r4, r0
 80036d8:	0008      	movs	r0, r1
 80036da:	602b      	str	r3, [r5, #0]
 80036dc:	f7fe ff51 	bl	8002582 <_isatty>
 80036e0:	1c43      	adds	r3, r0, #1
 80036e2:	d103      	bne.n	80036ec <_isatty_r+0x1c>
 80036e4:	682b      	ldr	r3, [r5, #0]
 80036e6:	2b00      	cmp	r3, #0
 80036e8:	d000      	beq.n	80036ec <_isatty_r+0x1c>
 80036ea:	6023      	str	r3, [r4, #0]
 80036ec:	bd70      	pop	{r4, r5, r6, pc}
 80036ee:	46c0      	nop			@ (mov r8, r8)
 80036f0:	2000034c 	.word	0x2000034c

080036f4 <_sbrk_r>:
 80036f4:	2300      	movs	r3, #0
 80036f6:	b570      	push	{r4, r5, r6, lr}
 80036f8:	4d06      	ldr	r5, [pc, #24]	@ (8003714 <_sbrk_r+0x20>)
 80036fa:	0004      	movs	r4, r0
 80036fc:	0008      	movs	r0, r1
 80036fe:	602b      	str	r3, [r5, #0]
 8003700:	f7fe ff44 	bl	800258c <_sbrk>
 8003704:	1c43      	adds	r3, r0, #1
 8003706:	d103      	bne.n	8003710 <_sbrk_r+0x1c>
 8003708:	682b      	ldr	r3, [r5, #0]
 800370a:	2b00      	cmp	r3, #0
 800370c:	d000      	beq.n	8003710 <_sbrk_r+0x1c>
 800370e:	6023      	str	r3, [r4, #0]
 8003710:	bd70      	pop	{r4, r5, r6, pc}
 8003712:	46c0      	nop			@ (mov r8, r8)
 8003714:	2000034c 	.word	0x2000034c

08003718 <memchr>:
 8003718:	b2c9      	uxtb	r1, r1
 800371a:	1882      	adds	r2, r0, r2
 800371c:	4290      	cmp	r0, r2
 800371e:	d101      	bne.n	8003724 <memchr+0xc>
 8003720:	2000      	movs	r0, #0
 8003722:	4770      	bx	lr
 8003724:	7803      	ldrb	r3, [r0, #0]
 8003726:	428b      	cmp	r3, r1
 8003728:	d0fb      	beq.n	8003722 <memchr+0xa>
 800372a:	3001      	adds	r0, #1
 800372c:	e7f6      	b.n	800371c <memchr+0x4>
	...

08003730 <__eqsf2>:
 8003730:	b570      	push	{r4, r5, r6, lr}
 8003732:	0042      	lsls	r2, r0, #1
 8003734:	024e      	lsls	r6, r1, #9
 8003736:	004c      	lsls	r4, r1, #1
 8003738:	0245      	lsls	r5, r0, #9
 800373a:	0a6d      	lsrs	r5, r5, #9
 800373c:	0e12      	lsrs	r2, r2, #24
 800373e:	0fc3      	lsrs	r3, r0, #31
 8003740:	0a76      	lsrs	r6, r6, #9
 8003742:	0e24      	lsrs	r4, r4, #24
 8003744:	0fc9      	lsrs	r1, r1, #31
 8003746:	2aff      	cmp	r2, #255	@ 0xff
 8003748:	d010      	beq.n	800376c <__eqsf2+0x3c>
 800374a:	2cff      	cmp	r4, #255	@ 0xff
 800374c:	d00c      	beq.n	8003768 <__eqsf2+0x38>
 800374e:	2001      	movs	r0, #1
 8003750:	42a2      	cmp	r2, r4
 8003752:	d10a      	bne.n	800376a <__eqsf2+0x3a>
 8003754:	42b5      	cmp	r5, r6
 8003756:	d108      	bne.n	800376a <__eqsf2+0x3a>
 8003758:	428b      	cmp	r3, r1
 800375a:	d00f      	beq.n	800377c <__eqsf2+0x4c>
 800375c:	2a00      	cmp	r2, #0
 800375e:	d104      	bne.n	800376a <__eqsf2+0x3a>
 8003760:	0028      	movs	r0, r5
 8003762:	1e43      	subs	r3, r0, #1
 8003764:	4198      	sbcs	r0, r3
 8003766:	e000      	b.n	800376a <__eqsf2+0x3a>
 8003768:	2001      	movs	r0, #1
 800376a:	bd70      	pop	{r4, r5, r6, pc}
 800376c:	2001      	movs	r0, #1
 800376e:	2cff      	cmp	r4, #255	@ 0xff
 8003770:	d1fb      	bne.n	800376a <__eqsf2+0x3a>
 8003772:	4335      	orrs	r5, r6
 8003774:	d1f9      	bne.n	800376a <__eqsf2+0x3a>
 8003776:	404b      	eors	r3, r1
 8003778:	0018      	movs	r0, r3
 800377a:	e7f6      	b.n	800376a <__eqsf2+0x3a>
 800377c:	2000      	movs	r0, #0
 800377e:	e7f4      	b.n	800376a <__eqsf2+0x3a>

08003780 <__gesf2>:
 8003780:	b530      	push	{r4, r5, lr}
 8003782:	0042      	lsls	r2, r0, #1
 8003784:	0244      	lsls	r4, r0, #9
 8003786:	024d      	lsls	r5, r1, #9
 8003788:	0fc3      	lsrs	r3, r0, #31
 800378a:	0048      	lsls	r0, r1, #1
 800378c:	0a64      	lsrs	r4, r4, #9
 800378e:	0e12      	lsrs	r2, r2, #24
 8003790:	0a6d      	lsrs	r5, r5, #9
 8003792:	0e00      	lsrs	r0, r0, #24
 8003794:	0fc9      	lsrs	r1, r1, #31
 8003796:	2aff      	cmp	r2, #255	@ 0xff
 8003798:	d018      	beq.n	80037cc <__gesf2+0x4c>
 800379a:	28ff      	cmp	r0, #255	@ 0xff
 800379c:	d00a      	beq.n	80037b4 <__gesf2+0x34>
 800379e:	2a00      	cmp	r2, #0
 80037a0:	d11e      	bne.n	80037e0 <__gesf2+0x60>
 80037a2:	2800      	cmp	r0, #0
 80037a4:	d10a      	bne.n	80037bc <__gesf2+0x3c>
 80037a6:	2d00      	cmp	r5, #0
 80037a8:	d029      	beq.n	80037fe <__gesf2+0x7e>
 80037aa:	2c00      	cmp	r4, #0
 80037ac:	d12d      	bne.n	800380a <__gesf2+0x8a>
 80037ae:	0048      	lsls	r0, r1, #1
 80037b0:	3801      	subs	r0, #1
 80037b2:	bd30      	pop	{r4, r5, pc}
 80037b4:	2d00      	cmp	r5, #0
 80037b6:	d125      	bne.n	8003804 <__gesf2+0x84>
 80037b8:	2a00      	cmp	r2, #0
 80037ba:	d101      	bne.n	80037c0 <__gesf2+0x40>
 80037bc:	2c00      	cmp	r4, #0
 80037be:	d0f6      	beq.n	80037ae <__gesf2+0x2e>
 80037c0:	428b      	cmp	r3, r1
 80037c2:	d019      	beq.n	80037f8 <__gesf2+0x78>
 80037c4:	2001      	movs	r0, #1
 80037c6:	425b      	negs	r3, r3
 80037c8:	4318      	orrs	r0, r3
 80037ca:	e7f2      	b.n	80037b2 <__gesf2+0x32>
 80037cc:	2c00      	cmp	r4, #0
 80037ce:	d119      	bne.n	8003804 <__gesf2+0x84>
 80037d0:	28ff      	cmp	r0, #255	@ 0xff
 80037d2:	d1f7      	bne.n	80037c4 <__gesf2+0x44>
 80037d4:	2d00      	cmp	r5, #0
 80037d6:	d115      	bne.n	8003804 <__gesf2+0x84>
 80037d8:	2000      	movs	r0, #0
 80037da:	428b      	cmp	r3, r1
 80037dc:	d1f2      	bne.n	80037c4 <__gesf2+0x44>
 80037de:	e7e8      	b.n	80037b2 <__gesf2+0x32>
 80037e0:	2800      	cmp	r0, #0
 80037e2:	d0ef      	beq.n	80037c4 <__gesf2+0x44>
 80037e4:	428b      	cmp	r3, r1
 80037e6:	d1ed      	bne.n	80037c4 <__gesf2+0x44>
 80037e8:	4282      	cmp	r2, r0
 80037ea:	dceb      	bgt.n	80037c4 <__gesf2+0x44>
 80037ec:	db04      	blt.n	80037f8 <__gesf2+0x78>
 80037ee:	42ac      	cmp	r4, r5
 80037f0:	d8e8      	bhi.n	80037c4 <__gesf2+0x44>
 80037f2:	2000      	movs	r0, #0
 80037f4:	42ac      	cmp	r4, r5
 80037f6:	d2dc      	bcs.n	80037b2 <__gesf2+0x32>
 80037f8:	0058      	lsls	r0, r3, #1
 80037fa:	3801      	subs	r0, #1
 80037fc:	e7d9      	b.n	80037b2 <__gesf2+0x32>
 80037fe:	2c00      	cmp	r4, #0
 8003800:	d0d7      	beq.n	80037b2 <__gesf2+0x32>
 8003802:	e7df      	b.n	80037c4 <__gesf2+0x44>
 8003804:	2002      	movs	r0, #2
 8003806:	4240      	negs	r0, r0
 8003808:	e7d3      	b.n	80037b2 <__gesf2+0x32>
 800380a:	428b      	cmp	r3, r1
 800380c:	d1da      	bne.n	80037c4 <__gesf2+0x44>
 800380e:	e7ee      	b.n	80037ee <__gesf2+0x6e>

08003810 <__lesf2>:
 8003810:	b530      	push	{r4, r5, lr}
 8003812:	0042      	lsls	r2, r0, #1
 8003814:	0244      	lsls	r4, r0, #9
 8003816:	024d      	lsls	r5, r1, #9
 8003818:	0fc3      	lsrs	r3, r0, #31
 800381a:	0048      	lsls	r0, r1, #1
 800381c:	0a64      	lsrs	r4, r4, #9
 800381e:	0e12      	lsrs	r2, r2, #24
 8003820:	0a6d      	lsrs	r5, r5, #9
 8003822:	0e00      	lsrs	r0, r0, #24
 8003824:	0fc9      	lsrs	r1, r1, #31
 8003826:	2aff      	cmp	r2, #255	@ 0xff
 8003828:	d017      	beq.n	800385a <__lesf2+0x4a>
 800382a:	28ff      	cmp	r0, #255	@ 0xff
 800382c:	d00a      	beq.n	8003844 <__lesf2+0x34>
 800382e:	2a00      	cmp	r2, #0
 8003830:	d11b      	bne.n	800386a <__lesf2+0x5a>
 8003832:	2800      	cmp	r0, #0
 8003834:	d10a      	bne.n	800384c <__lesf2+0x3c>
 8003836:	2d00      	cmp	r5, #0
 8003838:	d01d      	beq.n	8003876 <__lesf2+0x66>
 800383a:	2c00      	cmp	r4, #0
 800383c:	d12d      	bne.n	800389a <__lesf2+0x8a>
 800383e:	0048      	lsls	r0, r1, #1
 8003840:	3801      	subs	r0, #1
 8003842:	e011      	b.n	8003868 <__lesf2+0x58>
 8003844:	2d00      	cmp	r5, #0
 8003846:	d10e      	bne.n	8003866 <__lesf2+0x56>
 8003848:	2a00      	cmp	r2, #0
 800384a:	d101      	bne.n	8003850 <__lesf2+0x40>
 800384c:	2c00      	cmp	r4, #0
 800384e:	d0f6      	beq.n	800383e <__lesf2+0x2e>
 8003850:	428b      	cmp	r3, r1
 8003852:	d10c      	bne.n	800386e <__lesf2+0x5e>
 8003854:	0058      	lsls	r0, r3, #1
 8003856:	3801      	subs	r0, #1
 8003858:	e006      	b.n	8003868 <__lesf2+0x58>
 800385a:	2c00      	cmp	r4, #0
 800385c:	d103      	bne.n	8003866 <__lesf2+0x56>
 800385e:	28ff      	cmp	r0, #255	@ 0xff
 8003860:	d105      	bne.n	800386e <__lesf2+0x5e>
 8003862:	2d00      	cmp	r5, #0
 8003864:	d015      	beq.n	8003892 <__lesf2+0x82>
 8003866:	2002      	movs	r0, #2
 8003868:	bd30      	pop	{r4, r5, pc}
 800386a:	2800      	cmp	r0, #0
 800386c:	d106      	bne.n	800387c <__lesf2+0x6c>
 800386e:	2001      	movs	r0, #1
 8003870:	425b      	negs	r3, r3
 8003872:	4318      	orrs	r0, r3
 8003874:	e7f8      	b.n	8003868 <__lesf2+0x58>
 8003876:	2c00      	cmp	r4, #0
 8003878:	d0f6      	beq.n	8003868 <__lesf2+0x58>
 800387a:	e7f8      	b.n	800386e <__lesf2+0x5e>
 800387c:	428b      	cmp	r3, r1
 800387e:	d1f6      	bne.n	800386e <__lesf2+0x5e>
 8003880:	4282      	cmp	r2, r0
 8003882:	dcf4      	bgt.n	800386e <__lesf2+0x5e>
 8003884:	dbe6      	blt.n	8003854 <__lesf2+0x44>
 8003886:	42ac      	cmp	r4, r5
 8003888:	d8f1      	bhi.n	800386e <__lesf2+0x5e>
 800388a:	2000      	movs	r0, #0
 800388c:	42ac      	cmp	r4, r5
 800388e:	d2eb      	bcs.n	8003868 <__lesf2+0x58>
 8003890:	e7e0      	b.n	8003854 <__lesf2+0x44>
 8003892:	2000      	movs	r0, #0
 8003894:	428b      	cmp	r3, r1
 8003896:	d1ea      	bne.n	800386e <__lesf2+0x5e>
 8003898:	e7e6      	b.n	8003868 <__lesf2+0x58>
 800389a:	428b      	cmp	r3, r1
 800389c:	d1e7      	bne.n	800386e <__lesf2+0x5e>
 800389e:	e7f2      	b.n	8003886 <__lesf2+0x76>

080038a0 <_init>:
 80038a0:	b5f8      	push	{r3, r4, r5, r6, r7, lr}
 80038a2:	46c0      	nop			@ (mov r8, r8)
 80038a4:	bcf8      	pop	{r3, r4, r5, r6, r7}
 80038a6:	bc08      	pop	{r3}
 80038a8:	469e      	mov	lr, r3
 80038aa:	4770      	bx	lr

080038ac <_fini>:
 80038ac:	b5f8      	push	{r3, r4, r5, r6, r7, lr}
 80038ae:	46c0      	nop			@ (mov r8, r8)
 80038b0:	bcf8      	pop	{r3, r4, r5, r6, r7}
 80038b2:	bc08      	pop	{r3}
 80038b4:	469e      	mov	lr, r3
 80038b6:	4770      	bx	lr
